<?xml version="1.0" encoding="UTF-8"?>
<Broker>
<!--DEV-->
<com.eems.inflight.EEMS_PriorityCachePoller_MF intServ="EEMSIIB_GPS_COMMON_CONFIG" env="dev" override="SchemaName">ELECELIG</com.eems.inflight.EEMS_PriorityCachePoller_MF>
<com.eems.inflight.EEMS_PriorityCachePoller_MF intServ="EEMSIIB_GPS_COMMON_CONFIG" env="dev" override="PriorityMap">EEMS_Priority_Map</com.eems.inflight.EEMS_PriorityCachePoller_MF>
<com.eems.inflight.EEMS_PriorityCachePoller_MF intServ="EEMSIIB_GPS_COMMON_CONFIG" env="dev" override="PriorityKey">INFLIGHT_CACHE</com.eems.inflight.EEMS_PriorityCachePoller_MF>
<com.eems.inflight.EEMS_PriorityCachePoller_MF intServ="EEMSIIB_GPS_COMMON_CONFIG" env="dev" override="BrkConfigKey">BRK_CONFIG</com.eems.inflight.EEMS_PriorityCachePoller_MF>
<com.eems.inflight.EEMS_PriorityCachePoller_MF intServ="EEMSIIB_GPS_COMMON_CONFIG" env="dev" override="varGCMapName">BE128_Common_Map</com.eems.inflight.EEMS_PriorityCachePoller_MF>
<com.eems.inflight.EEMS_PriorityCachePoller_MF intServ="EEMSIIB_GPS_COMMON_CONFIG" env="dev" override="IIB_PriorityList.outputDirectory">/iib/scripts/</com.eems.inflight.EEMS_PriorityCachePoller_MF>
<com.eems.inflight.EEMS_PriorityCachePoller_MF intServ="EEMSIIB_GPS_COMMON_CONFIG" env="dev" override="IIB_PriorityList.outputFilename">InflightList.priority</com.eems.inflight.EEMS_PriorityCachePoller_MF>
<com.eems.inflight.EEMS_PriorityCachePoller_MF intServ="EEMSIIB_GPS_COMMON_CONFIG" env="dev" override="IIB_PriorityList.fileFtp">yes</com.eems.inflight.EEMS_PriorityCachePoller_MF>
<com.eems.inflight.EEMS_PriorityCachePoller_MF intServ="EEMSIIB_GPS_COMMON_CONFIG" env="dev" override="IIB_PriorityList.remoteTransferType">SFTP</com.eems.inflight.EEMS_PriorityCachePoller_MF>
<com.eems.inflight.EEMS_PriorityCachePoller_MF intServ="EEMSIIB_GPS_COMMON_CONFIG" env="dev" override="IIB_PriorityList.fileFtpUser">SFTP_IIB_TO_GW</com.eems.inflight.EEMS_PriorityCachePoller_MF>
<com.eems.inflight.EEMS_PriorityCachePoller_MF intServ="EEMSIIB_GPS_COMMON_CONFIG" env="dev" override="IIB_PriorityList.fileFtpServer">apsrd6920.uhc.com:22</com.eems.inflight.EEMS_PriorityCachePoller_MF>
<com.eems.inflight.EEMS_PriorityCachePoller_MF intServ="EEMSIIB_GPS_COMMON_CONFIG" env="dev" override="IIB_PriorityList.fileFtpDirectory">/e3be085/</com.eems.inflight.EEMS_PriorityCachePoller_MF>
<com.eems.inflight.EEMS_PriorityCachePoller_MF intServ="EEMSIIB_GPS_COMMON_CONFIG" env="dev" override="IIB_PriorityList.fileFtpRetainAfterPut">true</com.eems.inflight.EEMS_PriorityCachePoller_MF>
<com.eems.inflight.EEMS_PriorityCachePoller_MF intServ="EEMSIIB_GPS_COMMON_CONFIG" env="dev" override="Poll_Inflight_Trigger.uniqueIdentifier">INFLIGHT</com.eems.inflight.EEMS_PriorityCachePoller_MF>
<com.eems.inflight.EEMS_PriorityCachePoller_MF intServ="EEMSIIB_GPS_COMMON_CONFIG" env="dev" override="Poll_Inflight_Trigger.timeoutInterval">60</com.eems.inflight.EEMS_PriorityCachePoller_MF>
<com.eems.inflight.EEMS_PriorityCachePoller_MF intServ="EEMSIIB_GPS_COMMON_CONFIG" env="dev" override="INFLIGHT_TRIGGER_IN.inputDirectory">/eems/iib/common/inflight/input</com.eems.inflight.EEMS_PriorityCachePoller_MF>
<com.eems.inflight.EEMS_PriorityCachePoller_MF intServ="EEMSIIB_GPS_COMMON_CONFIG" env="dev" override="INFLIGHT_TRIGGER_IN.filenamePattern">CDB_GPS.*</com.eems.inflight.EEMS_PriorityCachePoller_MF>
<com.eems.inflight.EEMS_PriorityCachePoller_MF intServ="EEMSIIB_GPS_COMMON_CONFIG" env="dev" override="ProjNumber">1</com.eems.inflight.EEMS_PriorityCachePoller_MF>
<com.eems.inflight.EEMS_PriorityCachePoller_MF intServ="EEMSIIB_GPS_COMMON_CONFIG" env="dev" override="BECode">128</com.eems.inflight.EEMS_PriorityCachePoller_MF>
<com.eems.inflight.EEMS_PriorityCachePoller_MF intServ="EEMSIIB_GPS_COMMON_CONFIG" env="dev" override="DataSource">EEMS_DB</com.eems.inflight.EEMS_PriorityCachePoller_MF>
<com.eems.inflight.EEMS_PriorityCachePoller_MF intServ="EEMSIIB_GPS_COMMON_CONFIG" env="dev" override="EEMSIIB.ERRORMESSAGE_DATA.queueName">EEMSIIB.ERRORMESSAGE_DATA</com.eems.inflight.EEMS_PriorityCachePoller_MF>
<com.eems.inflight.EEMS_PriorityCachePoller_MF intServ="EEMSIIB_GPS_COMMON_CONFIG" env="dev" override="Common_AuditInMessage_SF.queueName">EEMSIIB.COMMON_AUDITMESSAGE_DATA</com.eems.inflight.EEMS_PriorityCachePoller_MF>
<com.eems.inflight.EEMS_PriorityCachePoller_MF intServ="EEMSIIB_GPS_COMMON_CONFIG" env="dev" override="QueueBrowse">EEMSIIB.INFLIGHT_QUEUEBROWSE_TRIGGER_IN</com.eems.inflight.EEMS_PriorityCachePoller_MF>
<com.eems.inflight.EEMS_PriorityCachePoller_MF intServ="EEMSIIB_GPS_COMMON_CONFIG" env="dev" override="UpdatesTriggerON">false</com.eems.inflight.EEMS_PriorityCachePoller_MF>
<com.eems.inflight.EEMS_PriorityCachePoller_MF intServ="EEMSIIB_GPS_COMMON_CONFIG" env="dev" override="TriggerAllQueue">false</com.eems.inflight.EEMS_PriorityCachePoller_MF>

<!--SIT -->
<com.eems.inflight.EEMS_PriorityCachePoller_MF intServ="EEMSIIB_GPS_COMMON_CONFIG" env="test" override="SchemaName">ELECELIG</com.eems.inflight.EEMS_PriorityCachePoller_MF>
<com.eems.inflight.EEMS_PriorityCachePoller_MF intServ="EEMSIIB_GPS_COMMON_CONFIG" env="test" override="PriorityMap">EEMS_Priority_Map</com.eems.inflight.EEMS_PriorityCachePoller_MF>
<com.eems.inflight.EEMS_PriorityCachePoller_MF intServ="EEMSIIB_GPS_COMMON_CONFIG" env="test" override="PriorityKey">INFLIGHT_CACHE</com.eems.inflight.EEMS_PriorityCachePoller_MF>
<com.eems.inflight.EEMS_PriorityCachePoller_MF intServ="EEMSIIB_GPS_COMMON_CONFIG" env="test" override="BrkConfigKey">BRK_CONFIG</com.eems.inflight.EEMS_PriorityCachePoller_MF>
<com.eems.inflight.EEMS_PriorityCachePoller_MF intServ="EEMSIIB_GPS_COMMON_CONFIG" env="test" override="varGCMapName">BE128_Common_Map</com.eems.inflight.EEMS_PriorityCachePoller_MF>
<com.eems.inflight.EEMS_PriorityCachePoller_MF intServ="EEMSIIB_GPS_COMMON_CONFIG" env="test" override="IIB_PriorityList.outputDirectory">/iib/scripts/</com.eems.inflight.EEMS_PriorityCachePoller_MF>
<com.eems.inflight.EEMS_PriorityCachePoller_MF intServ="EEMSIIB_GPS_COMMON_CONFIG" env="test" override="IIB_PriorityList.outputFilename">InflightList.priority</com.eems.inflight.EEMS_PriorityCachePoller_MF>
<com.eems.inflight.EEMS_PriorityCachePoller_MF intServ="EEMSIIB_GPS_COMMON_CONFIG" env="test" override="IIB_PriorityList.fileFtp">yes</com.eems.inflight.EEMS_PriorityCachePoller_MF>
<com.eems.inflight.EEMS_PriorityCachePoller_MF intServ="EEMSIIB_GPS_COMMON_CONFIG" env="test" override="IIB_PriorityList.remoteTransferType">SFTP</com.eems.inflight.EEMS_PriorityCachePoller_MF>
<com.eems.inflight.EEMS_PriorityCachePoller_MF intServ="EEMSIIB_GPS_COMMON_CONFIG" env="test" override="IIB_PriorityList.fileFtpUser">SFTP_IIB_TO_GW</com.eems.inflight.EEMS_PriorityCachePoller_MF>
<com.eems.inflight.EEMS_PriorityCachePoller_MF intServ="EEMSIIB_GPS_COMMON_CONFIG" env="test" override="IIB_PriorityList.fileFtpServer">apsrt2957.uhc.com:22</com.eems.inflight.EEMS_PriorityCachePoller_MF>
<com.eems.inflight.EEMS_PriorityCachePoller_MF intServ="EEMSIIB_GPS_COMMON_CONFIG" env="test" override="IIB_PriorityList.fileFtpDirectory">/e3be085/</com.eems.inflight.EEMS_PriorityCachePoller_MF>
<com.eems.inflight.EEMS_PriorityCachePoller_MF intServ="EEMSIIB_GPS_COMMON_CONFIG" env="test" override="IIB_PriorityList.fileFtpRetainAfterPut">true</com.eems.inflight.EEMS_PriorityCachePoller_MF>
<com.eems.inflight.EEMS_PriorityCachePoller_MF intServ="EEMSIIB_GPS_COMMON_CONFIG" env="test" override="Poll_Inflight_Trigger.uniqueIdentifier">INFLIGHT</com.eems.inflight.EEMS_PriorityCachePoller_MF>
<com.eems.inflight.EEMS_PriorityCachePoller_MF intServ="EEMSIIB_GPS_COMMON_CONFIG" env="test" override="Poll_Inflight_Trigger.timeoutInterval">60</com.eems.inflight.EEMS_PriorityCachePoller_MF>
<com.eems.inflight.EEMS_PriorityCachePoller_MF intServ="EEMSIIB_GPS_COMMON_CONFIG" env="test" override="INFLIGHT_TRIGGER_IN.inputDirectory">/eems/iib/common/inflight/input</com.eems.inflight.EEMS_PriorityCachePoller_MF>
<com.eems.inflight.EEMS_PriorityCachePoller_MF intServ="EEMSIIB_GPS_COMMON_CONFIG" env="test" override="INFLIGHT_TRIGGER_IN.filenamePattern">CDB_GPS.*</com.eems.inflight.EEMS_PriorityCachePoller_MF>
<com.eems.inflight.EEMS_PriorityCachePoller_MF intServ="EEMSIIB_GPS_COMMON_CONFIG" env="test" override="ProjNumber">1</com.eems.inflight.EEMS_PriorityCachePoller_MF>
<com.eems.inflight.EEMS_PriorityCachePoller_MF intServ="EEMSIIB_GPS_COMMON_CONFIG" env="test" override="BECode">128</com.eems.inflight.EEMS_PriorityCachePoller_MF>
<com.eems.inflight.EEMS_PriorityCachePoller_MF intServ="EEMSIIB_GPS_COMMON_CONFIG" env="test" override="DataSource">EEMS_DB</com.eems.inflight.EEMS_PriorityCachePoller_MF>
<com.eems.inflight.EEMS_PriorityCachePoller_MF intServ="EEMSIIB_GPS_COMMON_CONFIG" env="test" override="EEMSIIB.ERRORMESSAGE_DATA.queueName">EEMSIIB.ERRORMESSAGE_DATA</com.eems.inflight.EEMS_PriorityCachePoller_MF>
<com.eems.inflight.EEMS_PriorityCachePoller_MF intServ="EEMSIIB_GPS_COMMON_CONFIG" env="test" override="Common_AuditInMessage_SF.queueName">EEMSIIB.COMMON_AUDITMESSAGE_DATA</com.eems.inflight.EEMS_PriorityCachePoller_MF>
<com.eems.inflight.EEMS_PriorityCachePoller_MF intServ="EEMSIIB_GPS_COMMON_CONFIG" env="test" override="QueueBrowse">EEMSIIB.INFLIGHT_QUEUEBROWSE_TRIGGER_IN</com.eems.inflight.EEMS_PriorityCachePoller_MF>
<com.eems.inflight.EEMS_PriorityCachePoller_MF intServ="EEMSIIB_GPS_COMMON_CONFIG" env="test" override="UpdatesTriggerON">false</com.eems.inflight.EEMS_PriorityCachePoller_MF>
<com.eems.inflight.EEMS_PriorityCachePoller_MF intServ="EEMSIIB_GPS_COMMON_CONFIG" env="test" override="TriggerAllQueue">false</com.eems.inflight.EEMS_PriorityCachePoller_MF>

<!--SIT Bravo-->
<com.eems.inflight.EEMS_PriorityCachePoller_MF intServ="EEMSIIB_GPS_COMMON_CONFIG" env="test2" override="SchemaName">ELECELIG</com.eems.inflight.EEMS_PriorityCachePoller_MF>
<com.eems.inflight.EEMS_PriorityCachePoller_MF intServ="EEMSIIB_GPS_COMMON_CONFIG" env="test2" override="PriorityMap">EEMS_Priority_Map</com.eems.inflight.EEMS_PriorityCachePoller_MF>
<com.eems.inflight.EEMS_PriorityCachePoller_MF intServ="EEMSIIB_GPS_COMMON_CONFIG" env="test2" override="PriorityKey">INFLIGHT_CACHE</com.eems.inflight.EEMS_PriorityCachePoller_MF>
<com.eems.inflight.EEMS_PriorityCachePoller_MF intServ="EEMSIIB_GPS_COMMON_CONFIG" env="test2" override="BrkConfigKey">BRK_CONFIG</com.eems.inflight.EEMS_PriorityCachePoller_MF>
<com.eems.inflight.EEMS_PriorityCachePoller_MF intServ="EEMSIIB_GPS_COMMON_CONFIG" env="test2" override="varGCMapName">BE128_Common_Map</com.eems.inflight.EEMS_PriorityCachePoller_MF>
<com.eems.inflight.EEMS_PriorityCachePoller_MF intServ="EEMSIIB_GPS_COMMON_CONFIG" env="test2" override="IIB_PriorityList.outputDirectory">/iib/scripts/</com.eems.inflight.EEMS_PriorityCachePoller_MF>
<com.eems.inflight.EEMS_PriorityCachePoller_MF intServ="EEMSIIB_GPS_COMMON_CONFIG" env="test2" override="IIB_PriorityList.outputFilename">InflightList.priority</com.eems.inflight.EEMS_PriorityCachePoller_MF>
<com.eems.inflight.EEMS_PriorityCachePoller_MF intServ="EEMSIIB_GPS_COMMON_CONFIG" env="test2" override="IIB_PriorityList.fileFtp">yes</com.eems.inflight.EEMS_PriorityCachePoller_MF>
<com.eems.inflight.EEMS_PriorityCachePoller_MF intServ="EEMSIIB_GPS_COMMON_CONFIG" env="test2" override="IIB_PriorityList.remoteTransferType">SFTP</com.eems.inflight.EEMS_PriorityCachePoller_MF>
<com.eems.inflight.EEMS_PriorityCachePoller_MF intServ="EEMSIIB_GPS_COMMON_CONFIG" env="test2" override="IIB_PriorityList.fileFtpUser">SFTP_IIB_TO_GW</com.eems.inflight.EEMS_PriorityCachePoller_MF>
<com.eems.inflight.EEMS_PriorityCachePoller_MF intServ="EEMSIIB_GPS_COMMON_CONFIG" env="test2" override="IIB_PriorityList.fileFtpServer">apsrt3044.uhc.com:22</com.eems.inflight.EEMS_PriorityCachePoller_MF>
<com.eems.inflight.EEMS_PriorityCachePoller_MF intServ="EEMSIIB_GPS_COMMON_CONFIG" env="test2" override="IIB_PriorityList.fileFtpDirectory">/e3be085/</com.eems.inflight.EEMS_PriorityCachePoller_MF>
<com.eems.inflight.EEMS_PriorityCachePoller_MF intServ="EEMSIIB_GPS_COMMON_CONFIG" env="test2" override="IIB_PriorityList.fileFtpRetainAfterPut">true</com.eems.inflight.EEMS_PriorityCachePoller_MF>
<com.eems.inflight.EEMS_PriorityCachePoller_MF intServ="EEMSIIB_GPS_COMMON_CONFIG" env="test2" override="Poll_Inflight_Trigger.uniqueIdentifier">INFLIGHT</com.eems.inflight.EEMS_PriorityCachePoller_MF>
<com.eems.inflight.EEMS_PriorityCachePoller_MF intServ="EEMSIIB_GPS_COMMON_CONFIG" env="test2" override="Poll_Inflight_Trigger.timeoutInterval">60</com.eems.inflight.EEMS_PriorityCachePoller_MF>
<com.eems.inflight.EEMS_PriorityCachePoller_MF intServ="EEMSIIB_GPS_COMMON_CONFIG" env="test2" override="INFLIGHT_TRIGGER_IN.inputDirectory">/eems/iib/common/inflight/input</com.eems.inflight.EEMS_PriorityCachePoller_MF>
<com.eems.inflight.EEMS_PriorityCachePoller_MF intServ="EEMSIIB_GPS_COMMON_CONFIG" env="test2" override="INFLIGHT_TRIGGER_IN.filenamePattern">CDB_GPS.*</com.eems.inflight.EEMS_PriorityCachePoller_MF>
<com.eems.inflight.EEMS_PriorityCachePoller_MF intServ="EEMSIIB_GPS_COMMON_CONFIG" env="test2" override="ProjNumber">1</com.eems.inflight.EEMS_PriorityCachePoller_MF>
<com.eems.inflight.EEMS_PriorityCachePoller_MF intServ="EEMSIIB_GPS_COMMON_CONFIG" env="test2" override="BECode">128</com.eems.inflight.EEMS_PriorityCachePoller_MF>
<com.eems.inflight.EEMS_PriorityCachePoller_MF intServ="EEMSIIB_GPS_COMMON_CONFIG" env="test2" override="DataSource">EEMS_DB</com.eems.inflight.EEMS_PriorityCachePoller_MF>
<com.eems.inflight.EEMS_PriorityCachePoller_MF intServ="EEMSIIB_GPS_COMMON_CONFIG" env="test2" override="EEMSIIB.ERRORMESSAGE_DATA.queueName">EEMSIIB.ERRORMESSAGE_DATA</com.eems.inflight.EEMS_PriorityCachePoller_MF>
<com.eems.inflight.EEMS_PriorityCachePoller_MF intServ="EEMSIIB_GPS_COMMON_CONFIG" env="test2" override="Common_AuditInMessage_SF.queueName">EEMSIIB.COMMON_AUDITMESSAGE_DATA</com.eems.inflight.EEMS_PriorityCachePoller_MF>
<com.eems.inflight.EEMS_PriorityCachePoller_MF intServ="EEMSIIB_GPS_COMMON_CONFIG" env="test2" override="QueueBrowse">EEMSIIB.INFLIGHT_QUEUEBROWSE_TRIGGER_IN</com.eems.inflight.EEMS_PriorityCachePoller_MF>
<com.eems.inflight.EEMS_PriorityCachePoller_MF intServ="EEMSIIB_GPS_COMMON_CONFIG" env="test2" override="UpdatesTriggerON">false</com.eems.inflight.EEMS_PriorityCachePoller_MF>
<com.eems.inflight.EEMS_PriorityCachePoller_MF intServ="EEMSIIB_GPS_COMMON_CONFIG" env="test2" override="TriggerAllQueue">false</com.eems.inflight.EEMS_PriorityCachePoller_MF>

<!--UAT -->
<com.eems.inflight.EEMS_PriorityCachePoller_MF intServ="EEMSIIB_GPS_COMMON_CONFIG" env="uat" override="SchemaName">ELECELIG</com.eems.inflight.EEMS_PriorityCachePoller_MF>
<com.eems.inflight.EEMS_PriorityCachePoller_MF intServ="EEMSIIB_GPS_COMMON_CONFIG" env="uat" override="PriorityMap">EEMS_Priority_Map</com.eems.inflight.EEMS_PriorityCachePoller_MF>
<com.eems.inflight.EEMS_PriorityCachePoller_MF intServ="EEMSIIB_GPS_COMMON_CONFIG" env="uat" override="PriorityKey">INFLIGHT_CACHE</com.eems.inflight.EEMS_PriorityCachePoller_MF>
<com.eems.inflight.EEMS_PriorityCachePoller_MF intServ="EEMSIIB_GPS_COMMON_CONFIG" env="uat" override="BrkConfigKey">BRK_CONFIG</com.eems.inflight.EEMS_PriorityCachePoller_MF>
<com.eems.inflight.EEMS_PriorityCachePoller_MF intServ="EEMSIIB_GPS_COMMON_CONFIG" env="uat" override="varGCMapName">BE128_Common_Map</com.eems.inflight.EEMS_PriorityCachePoller_MF>
<com.eems.inflight.EEMS_PriorityCachePoller_MF intServ="EEMSIIB_GPS_COMMON_CONFIG" env="uat" override="IIB_PriorityList.outputDirectory">/iib/scripts/</com.eems.inflight.EEMS_PriorityCachePoller_MF>
<com.eems.inflight.EEMS_PriorityCachePoller_MF intServ="EEMSIIB_GPS_COMMON_CONFIG" env="uat" override="IIB_PriorityList.outputFilename">InflightList.priority</com.eems.inflight.EEMS_PriorityCachePoller_MF>
<com.eems.inflight.EEMS_PriorityCachePoller_MF intServ="EEMSIIB_GPS_COMMON_CONFIG" env="uat" override="IIB_PriorityList.fileFtp">yes</com.eems.inflight.EEMS_PriorityCachePoller_MF>
<com.eems.inflight.EEMS_PriorityCachePoller_MF intServ="EEMSIIB_GPS_COMMON_CONFIG" env="uat" override="IIB_PriorityList.remoteTransferType">SFTP</com.eems.inflight.EEMS_PriorityCachePoller_MF>
<com.eems.inflight.EEMS_PriorityCachePoller_MF intServ="EEMSIIB_GPS_COMMON_CONFIG" env="uat" override="IIB_PriorityList.fileFtpUser">SFTP_IIB_TO_GW</com.eems.inflight.EEMS_PriorityCachePoller_MF>
<com.eems.inflight.EEMS_PriorityCachePoller_MF intServ="EEMSIIB_GPS_COMMON_CONFIG" env="uat" override="IIB_PriorityList.fileFtpServer">apsrt3039.uhc.com:22</com.eems.inflight.EEMS_PriorityCachePoller_MF>
<com.eems.inflight.EEMS_PriorityCachePoller_MF intServ="EEMSIIB_GPS_COMMON_CONFIG" env="uat" override="IIB_PriorityList.fileFtpDirectory">/e3be085/</com.eems.inflight.EEMS_PriorityCachePoller_MF>
<com.eems.inflight.EEMS_PriorityCachePoller_MF intServ="EEMSIIB_GPS_COMMON_CONFIG" env="uat" override="IIB_PriorityList.fileFtpRetainAfterPut">true</com.eems.inflight.EEMS_PriorityCachePoller_MF>
<com.eems.inflight.EEMS_PriorityCachePoller_MF intServ="EEMSIIB_GPS_COMMON_CONFIG" env="uat" override="Poll_Inflight_Trigger.uniqueIdentifier">INFLIGHT</com.eems.inflight.EEMS_PriorityCachePoller_MF>
<com.eems.inflight.EEMS_PriorityCachePoller_MF intServ="EEMSIIB_GPS_COMMON_CONFIG" env="uat" override="Poll_Inflight_Trigger.timeoutInterval">60</com.eems.inflight.EEMS_PriorityCachePoller_MF>
<com.eems.inflight.EEMS_PriorityCachePoller_MF intServ="EEMSIIB_GPS_COMMON_CONFIG" env="uat" override="INFLIGHT_TRIGGER_IN.inputDirectory">/eems/iib/common/inflight/input</com.eems.inflight.EEMS_PriorityCachePoller_MF>
<com.eems.inflight.EEMS_PriorityCachePoller_MF intServ="EEMSIIB_GPS_COMMON_CONFIG" env="uat" override="INFLIGHT_TRIGGER_IN.filenamePattern">CDB_GPS.*</com.eems.inflight.EEMS_PriorityCachePoller_MF>
<com.eems.inflight.EEMS_PriorityCachePoller_MF intServ="EEMSIIB_GPS_COMMON_CONFIG" env="uat" override="ProjNumber">1</com.eems.inflight.EEMS_PriorityCachePoller_MF>
<com.eems.inflight.EEMS_PriorityCachePoller_MF intServ="EEMSIIB_GPS_COMMON_CONFIG" env="uat" override="BECode">128</com.eems.inflight.EEMS_PriorityCachePoller_MF>
<com.eems.inflight.EEMS_PriorityCachePoller_MF intServ="EEMSIIB_GPS_COMMON_CONFIG" env="uat" override="DataSource">EEMS_DB</com.eems.inflight.EEMS_PriorityCachePoller_MF>
<com.eems.inflight.EEMS_PriorityCachePoller_MF intServ="EEMSIIB_GPS_COMMON_CONFIG" env="uat" override="EEMSIIB.ERRORMESSAGE_DATA.queueName">EEMSIIB.ERRORMESSAGE_DATA</com.eems.inflight.EEMS_PriorityCachePoller_MF>
<com.eems.inflight.EEMS_PriorityCachePoller_MF intServ="EEMSIIB_GPS_COMMON_CONFIG" env="uat" override="Common_AuditInMessage_SF.queueName">EEMSIIB.COMMON_AUDITMESSAGE_DATA</com.eems.inflight.EEMS_PriorityCachePoller_MF>
<com.eems.inflight.EEMS_PriorityCachePoller_MF intServ="EEMSIIB_GPS_COMMON_CONFIG" env="uat" override="QueueBrowse">EEMSIIB.INFLIGHT_QUEUEBROWSE_TRIGGER_IN</com.eems.inflight.EEMS_PriorityCachePoller_MF>
<com.eems.inflight.EEMS_PriorityCachePoller_MF intServ="EEMSIIB_GPS_COMMON_CONFIG" env="uat" override="UpdatesTriggerON">false</com.eems.inflight.EEMS_PriorityCachePoller_MF>
<com.eems.inflight.EEMS_PriorityCachePoller_MF intServ="EEMSIIB_GPS_COMMON_CONFIG" env="uat" override="TriggerAllQueue">false</com.eems.inflight.EEMS_PriorityCachePoller_MF>

<!--UAT Bravo -->
<com.eems.inflight.EEMS_PriorityCachePoller_MF intServ="EEMSIIB_GPS_COMMON_CONFIG" env="uat-bravo" override="SchemaName">ELECELIG</com.eems.inflight.EEMS_PriorityCachePoller_MF>
<com.eems.inflight.EEMS_PriorityCachePoller_MF intServ="EEMSIIB_GPS_COMMON_CONFIG" env="uat-bravo" override="PriorityMap">EEMS_Priority_Map</com.eems.inflight.EEMS_PriorityCachePoller_MF>
<com.eems.inflight.EEMS_PriorityCachePoller_MF intServ="EEMSIIB_GPS_COMMON_CONFIG" env="uat-bravo" override="PriorityKey">INFLIGHT_CACHE</com.eems.inflight.EEMS_PriorityCachePoller_MF>
<com.eems.inflight.EEMS_PriorityCachePoller_MF intServ="EEMSIIB_GPS_COMMON_CONFIG" env="uat-bravo" override="BrkConfigKey">BRK_CONFIG</com.eems.inflight.EEMS_PriorityCachePoller_MF>
<com.eems.inflight.EEMS_PriorityCachePoller_MF intServ="EEMSIIB_GPS_COMMON_CONFIG" env="uat-bravo" override="varGCMapName">BE128_Common_Map</com.eems.inflight.EEMS_PriorityCachePoller_MF>
<com.eems.inflight.EEMS_PriorityCachePoller_MF intServ="EEMSIIB_GPS_COMMON_CONFIG" env="uat-bravo" override="IIB_PriorityList.outputDirectory">/iib/scripts/</com.eems.inflight.EEMS_PriorityCachePoller_MF>
<com.eems.inflight.EEMS_PriorityCachePoller_MF intServ="EEMSIIB_GPS_COMMON_CONFIG" env="uat-bravo" override="IIB_PriorityList.outputFilename">InflightList.priority</com.eems.inflight.EEMS_PriorityCachePoller_MF>
<com.eems.inflight.EEMS_PriorityCachePoller_MF intServ="EEMSIIB_GPS_COMMON_CONFIG" env="uat-bravo" override="IIB_PriorityList.fileFtp">yes</com.eems.inflight.EEMS_PriorityCachePoller_MF>
<com.eems.inflight.EEMS_PriorityCachePoller_MF intServ="EEMSIIB_GPS_COMMON_CONFIG" env="uat-bravo" override="IIB_PriorityList.remoteTransferType">SFTP</com.eems.inflight.EEMS_PriorityCachePoller_MF>
<com.eems.inflight.EEMS_PriorityCachePoller_MF intServ="EEMSIIB_GPS_COMMON_CONFIG" env="uat-bravo" override="IIB_PriorityList.fileFtpUser">SFTP_IIB_TO_GW</com.eems.inflight.EEMS_PriorityCachePoller_MF>
<com.eems.inflight.EEMS_PriorityCachePoller_MF intServ="EEMSIIB_GPS_COMMON_CONFIG" env="uat-bravo" override="IIB_PriorityList.fileFtpServer">apsrt3363.uhc.com:22</com.eems.inflight.EEMS_PriorityCachePoller_MF>
<com.eems.inflight.EEMS_PriorityCachePoller_MF intServ="EEMSIIB_GPS_COMMON_CONFIG" env="uat-bravo" override="IIB_PriorityList.fileFtpDirectory">/e3be085/</com.eems.inflight.EEMS_PriorityCachePoller_MF>
<com.eems.inflight.EEMS_PriorityCachePoller_MF intServ="EEMSIIB_GPS_COMMON_CONFIG" env="uat-bravo" override="IIB_PriorityList.fileFtpRetainAfterPut">true</com.eems.inflight.EEMS_PriorityCachePoller_MF>
<com.eems.inflight.EEMS_PriorityCachePoller_MF intServ="EEMSIIB_GPS_COMMON_CONFIG" env="uat-bravo" override="Poll_Inflight_Trigger.uniqueIdentifier">INFLIGHT</com.eems.inflight.EEMS_PriorityCachePoller_MF>
<com.eems.inflight.EEMS_PriorityCachePoller_MF intServ="EEMSIIB_GPS_COMMON_CONFIG" env="uat-bravo" override="Poll_Inflight_Trigger.timeoutInterval">60</com.eems.inflight.EEMS_PriorityCachePoller_MF>
<com.eems.inflight.EEMS_PriorityCachePoller_MF intServ="EEMSIIB_GPS_COMMON_CONFIG" env="uat-bravo" override="INFLIGHT_TRIGGER_IN.inputDirectory">/eems/iib/common/inflight/input</com.eems.inflight.EEMS_PriorityCachePoller_MF>
<com.eems.inflight.EEMS_PriorityCachePoller_MF intServ="EEMSIIB_GPS_COMMON_CONFIG" env="uat-bravo" override="INFLIGHT_TRIGGER_IN.filenamePattern">CDB_GPS.*</com.eems.inflight.EEMS_PriorityCachePoller_MF>
<com.eems.inflight.EEMS_PriorityCachePoller_MF intServ="EEMSIIB_GPS_COMMON_CONFIG" env="uat-bravo" override="ProjNumber">1</com.eems.inflight.EEMS_PriorityCachePoller_MF>
<com.eems.inflight.EEMS_PriorityCachePoller_MF intServ="EEMSIIB_GPS_COMMON_CONFIG" env="uat-bravo" override="BECode">128</com.eems.inflight.EEMS_PriorityCachePoller_MF>
<com.eems.inflight.EEMS_PriorityCachePoller_MF intServ="EEMSIIB_GPS_COMMON_CONFIG" env="uat-bravo" override="DataSource">EEMS_DB</com.eems.inflight.EEMS_PriorityCachePoller_MF>
<com.eems.inflight.EEMS_PriorityCachePoller_MF intServ="EEMSIIB_GPS_COMMON_CONFIG" env="uat-bravo" override="EEMSIIB.ERRORMESSAGE_DATA.queueName">EEMSIIB.ERRORMESSAGE_DATA</com.eems.inflight.EEMS_PriorityCachePoller_MF>
<com.eems.inflight.EEMS_PriorityCachePoller_MF intServ="EEMSIIB_GPS_COMMON_CONFIG" env="uat-bravo" override="Common_AuditInMessage_SF.queueName">EEMSIIB.COMMON_AUDITMESSAGE_DATA</com.eems.inflight.EEMS_PriorityCachePoller_MF>
<com.eems.inflight.EEMS_PriorityCachePoller_MF intServ="EEMSIIB_GPS_COMMON_CONFIG" env="uat-bravo" override="QueueBrowse">EEMSIIB.INFLIGHT_QUEUEBROWSE_TRIGGER_IN</com.eems.inflight.EEMS_PriorityCachePoller_MF>
<com.eems.inflight.EEMS_PriorityCachePoller_MF intServ="EEMSIIB_GPS_COMMON_CONFIG" env="uat-bravo" override="UpdatesTriggerON">false</com.eems.inflight.EEMS_PriorityCachePoller_MF>
<com.eems.inflight.EEMS_PriorityCachePoller_MF intServ="EEMSIIB_GPS_COMMON_CONFIG" env="uat-bravo" override="TriggerAllQueue">false</com.eems.inflight.EEMS_PriorityCachePoller_MF>

<!--Stage -->
<com.eems.inflight.EEMS_PriorityCachePoller_MF intServ="EEMSIIB_GPS_COMMON_CONFIG" env="stage" override="SchemaName">ELECELIG</com.eems.inflight.EEMS_PriorityCachePoller_MF>
<com.eems.inflight.EEMS_PriorityCachePoller_MF intServ="EEMSIIB_GPS_COMMON_CONFIG" env="stage" override="PriorityMap">EEMS_Priority_Map</com.eems.inflight.EEMS_PriorityCachePoller_MF>
<com.eems.inflight.EEMS_PriorityCachePoller_MF intServ="EEMSIIB_GPS_COMMON_CONFIG" env="stage" override="PriorityKey">INFLIGHT_CACHE</com.eems.inflight.EEMS_PriorityCachePoller_MF>
<com.eems.inflight.EEMS_PriorityCachePoller_MF intServ="EEMSIIB_GPS_COMMON_CONFIG" env="stage" override="BrkConfigKey">BRK_CONFIG</com.eems.inflight.EEMS_PriorityCachePoller_MF>
<com.eems.inflight.EEMS_PriorityCachePoller_MF intServ="EEMSIIB_GPS_COMMON_CONFIG" env="stage" override="varGCMapName">BE128_Common_Map</com.eems.inflight.EEMS_PriorityCachePoller_MF>
<com.eems.inflight.EEMS_PriorityCachePoller_MF intServ="EEMSIIB_GPS_COMMON_CONFIG" env="stage" override="IIB_PriorityList.outputDirectory">/iib/scripts/</com.eems.inflight.EEMS_PriorityCachePoller_MF>
<com.eems.inflight.EEMS_PriorityCachePoller_MF intServ="EEMSIIB_GPS_COMMON_CONFIG" env="stage" override="IIB_PriorityList.outputFilename">InflightList.priority</com.eems.inflight.EEMS_PriorityCachePoller_MF>
<com.eems.inflight.EEMS_PriorityCachePoller_MF intServ="EEMSIIB_GPS_COMMON_CONFIG" env="stage" override="IIB_PriorityList.fileFtp">yes</com.eems.inflight.EEMS_PriorityCachePoller_MF>
<com.eems.inflight.EEMS_PriorityCachePoller_MF intServ="EEMSIIB_GPS_COMMON_CONFIG" env="stage" override="IIB_PriorityList.remoteTransferType">SFTP</com.eems.inflight.EEMS_PriorityCachePoller_MF>
<com.eems.inflight.EEMS_PriorityCachePoller_MF intServ="EEMSIIB_GPS_COMMON_CONFIG" env="stage" override="IIB_PriorityList.fileFtpUser">SFTP_IIB_TO_GW</com.eems.inflight.EEMS_PriorityCachePoller_MF>
<com.eems.inflight.EEMS_PriorityCachePoller_MF intServ="EEMSIIB_GPS_COMMON_CONFIG" env="stage" override="IIB_PriorityList.fileFtpServer">apsrs4508.uhc.com:22</com.eems.inflight.EEMS_PriorityCachePoller_MF>
<com.eems.inflight.EEMS_PriorityCachePoller_MF intServ="EEMSIIB_GPS_COMMON_CONFIG" env="stage" override="IIB_PriorityList.fileFtpDirectory">/e3be085/</com.eems.inflight.EEMS_PriorityCachePoller_MF>
<com.eems.inflight.EEMS_PriorityCachePoller_MF intServ="EEMSIIB_GPS_COMMON_CONFIG" env="stage" override="IIB_PriorityList.fileFtpRetainAfterPut">true</com.eems.inflight.EEMS_PriorityCachePoller_MF>
<com.eems.inflight.EEMS_PriorityCachePoller_MF intServ="EEMSIIB_GPS_COMMON_CONFIG" env="stage" override="Poll_Inflight_Trigger.uniqueIdentifier">INFLIGHT</com.eems.inflight.EEMS_PriorityCachePoller_MF>
<com.eems.inflight.EEMS_PriorityCachePoller_MF intServ="EEMSIIB_GPS_COMMON_CONFIG" env="stage" override="Poll_Inflight_Trigger.timeoutInterval">60</com.eems.inflight.EEMS_PriorityCachePoller_MF>
<com.eems.inflight.EEMS_PriorityCachePoller_MF intServ="EEMSIIB_GPS_COMMON_CONFIG" env="stage" override="INFLIGHT_TRIGGER_IN.inputDirectory">/eems/iib/common/inflight/input</com.eems.inflight.EEMS_PriorityCachePoller_MF>
<com.eems.inflight.EEMS_PriorityCachePoller_MF intServ="EEMSIIB_GPS_COMMON_CONFIG" env="stage" override="INFLIGHT_TRIGGER_IN.filenamePattern">CDB_GPS.*</com.eems.inflight.EEMS_PriorityCachePoller_MF>
<com.eems.inflight.EEMS_PriorityCachePoller_MF intServ="EEMSIIB_GPS_COMMON_CONFIG" env="stage" override="ProjNumber">1</com.eems.inflight.EEMS_PriorityCachePoller_MF>
<com.eems.inflight.EEMS_PriorityCachePoller_MF intServ="EEMSIIB_GPS_COMMON_CONFIG" env="stage" override="BECode">128</com.eems.inflight.EEMS_PriorityCachePoller_MF>
<com.eems.inflight.EEMS_PriorityCachePoller_MF intServ="EEMSIIB_GPS_COMMON_CONFIG" env="stage" override="DataSource">EEMS_DB</com.eems.inflight.EEMS_PriorityCachePoller_MF>
<com.eems.inflight.EEMS_PriorityCachePoller_MF intServ="EEMSIIB_GPS_COMMON_CONFIG" env="stage" override="EEMSIIB.ERRORMESSAGE_DATA.queueName">EEMSIIB.ERRORMESSAGE_DATA</com.eems.inflight.EEMS_PriorityCachePoller_MF>
<com.eems.inflight.EEMS_PriorityCachePoller_MF intServ="EEMSIIB_GPS_COMMON_CONFIG" env="stage" override="Common_AuditInMessage_SF.queueName">EEMSIIB.COMMON_AUDITMESSAGE_DATA</com.eems.inflight.EEMS_PriorityCachePoller_MF>
<com.eems.inflight.EEMS_PriorityCachePoller_MF intServ="EEMSIIB_GPS_COMMON_CONFIG" env="stage" override="QueueBrowse">EEMSIIB.INFLIGHT_QUEUEBROWSE_TRIGGER_IN</com.eems.inflight.EEMS_PriorityCachePoller_MF>
<com.eems.inflight.EEMS_PriorityCachePoller_MF intServ="EEMSIIB_GPS_COMMON_CONFIG" env="stage" override="UpdatesTriggerON">false</com.eems.inflight.EEMS_PriorityCachePoller_MF>
<com.eems.inflight.EEMS_PriorityCachePoller_MF intServ="EEMSIIB_GPS_COMMON_CONFIG" env="stage" override="TriggerAllQueue">false</com.eems.inflight.EEMS_PriorityCachePoller_MF>

<!--Adopt -->

<com.eems.inflight.EEMS_PriorityCachePoller_MF intServ="EEMSIIB_GPS_COMMON_CONFIG" env="adopt" override="SchemaName">ELECELIG</com.eems.inflight.EEMS_PriorityCachePoller_MF>
<com.eems.inflight.EEMS_PriorityCachePoller_MF intServ="EEMSIIB_GPS_COMMON_CONFIG" env="adopt" override="PriorityMap">EEMS_Priority_Map</com.eems.inflight.EEMS_PriorityCachePoller_MF>
<com.eems.inflight.EEMS_PriorityCachePoller_MF intServ="EEMSIIB_GPS_COMMON_CONFIG" env="adopt" override="PriorityKey">INFLIGHT_CACHE</com.eems.inflight.EEMS_PriorityCachePoller_MF>
<com.eems.inflight.EEMS_PriorityCachePoller_MF intServ="EEMSIIB_GPS_COMMON_CONFIG" env="adopt" override="BrkConfigKey">BRK_CONFIG</com.eems.inflight.EEMS_PriorityCachePoller_MF>
<com.eems.inflight.EEMS_PriorityCachePoller_MF intServ="EEMSIIB_GPS_COMMON_CONFIG" env="adopt" override="varGCMapName">BE128_Common_Map</com.eems.inflight.EEMS_PriorityCachePoller_MF>
<com.eems.inflight.EEMS_PriorityCachePoller_MF intServ="EEMSIIB_GPS_COMMON_CONFIG" env="adopt" override="IIB_PriorityList.outputDirectory">/iib/scripts/</com.eems.inflight.EEMS_PriorityCachePoller_MF>
<com.eems.inflight.EEMS_PriorityCachePoller_MF intServ="EEMSIIB_GPS_COMMON_CONFIG" env="adopt" override="IIB_PriorityList.outputFilename">InflightList.priority</com.eems.inflight.EEMS_PriorityCachePoller_MF>
<com.eems.inflight.EEMS_PriorityCachePoller_MF intServ="EEMSIIB_GPS_COMMON_CONFIG" env="adopt" override="IIB_PriorityList.fileFtp">yes</com.eems.inflight.EEMS_PriorityCachePoller_MF>
<com.eems.inflight.EEMS_PriorityCachePoller_MF intServ="EEMSIIB_GPS_COMMON_CONFIG" env="adopt" override="IIB_PriorityList.remoteTransferType">SFTP</com.eems.inflight.EEMS_PriorityCachePoller_MF>
<com.eems.inflight.EEMS_PriorityCachePoller_MF intServ="EEMSIIB_GPS_COMMON_CONFIG" env="adopt" override="IIB_PriorityList.fileFtpUser">SFTP_IIB_TO_GW</com.eems.inflight.EEMS_PriorityCachePoller_MF>
<com.eems.inflight.EEMS_PriorityCachePoller_MF intServ="EEMSIIB_GPS_COMMON_CONFIG" env="adopt" override="IIB_PriorityList.fileFtpServer">apsrp8495.uhc.com:22</com.eems.inflight.EEMS_PriorityCachePoller_MF>
<com.eems.inflight.EEMS_PriorityCachePoller_MF intServ="EEMSIIB_GPS_COMMON_CONFIG" env="adopt" override="IIB_PriorityList.fileFtpDirectory">/e3be085/</com.eems.inflight.EEMS_PriorityCachePoller_MF>
<com.eems.inflight.EEMS_PriorityCachePoller_MF intServ="EEMSIIB_GPS_COMMON_CONFIG" env="adopt" override="IIB_PriorityList.fileFtpRetainAfterPut">true</com.eems.inflight.EEMS_PriorityCachePoller_MF>
<com.eems.inflight.EEMS_PriorityCachePoller_MF intServ="EEMSIIB_GPS_COMMON_CONFIG" env="adopt" override="Poll_Inflight_Trigger.uniqueIdentifier">INFLIGHT</com.eems.inflight.EEMS_PriorityCachePoller_MF>
<com.eems.inflight.EEMS_PriorityCachePoller_MF intServ="EEMSIIB_GPS_COMMON_CONFIG" env="adopt" override="Poll_Inflight_Trigger.timeoutInterval">60</com.eems.inflight.EEMS_PriorityCachePoller_MF>
<com.eems.inflight.EEMS_PriorityCachePoller_MF intServ="EEMSIIB_GPS_COMMON_CONFIG" env="adopt" override="INFLIGHT_TRIGGER_IN.inputDirectory">/eems/iib/common/inflight/input</com.eems.inflight.EEMS_PriorityCachePoller_MF>
<com.eems.inflight.EEMS_PriorityCachePoller_MF intServ="EEMSIIB_GPS_COMMON_CONFIG" env="adopt" override="INFLIGHT_TRIGGER_IN.filenamePattern">CDB_GPS.*</com.eems.inflight.EEMS_PriorityCachePoller_MF>
<com.eems.inflight.EEMS_PriorityCachePoller_MF intServ="EEMSIIB_GPS_COMMON_CONFIG" env="adopt" override="ProjNumber">1</com.eems.inflight.EEMS_PriorityCachePoller_MF>
<com.eems.inflight.EEMS_PriorityCachePoller_MF intServ="EEMSIIB_GPS_COMMON_CONFIG" env="adopt" override="BECode">128</com.eems.inflight.EEMS_PriorityCachePoller_MF>
<com.eems.inflight.EEMS_PriorityCachePoller_MF intServ="EEMSIIB_GPS_COMMON_CONFIG" env="adopt" override="DataSource">EEMS_DB</com.eems.inflight.EEMS_PriorityCachePoller_MF>
<com.eems.inflight.EEMS_PriorityCachePoller_MF intServ="EEMSIIB_GPS_COMMON_CONFIG" env="adopt" override="EEMSIIB.ERRORMESSAGE_DATA.queueName">EEMSIIB.ADP.ERRORMESSAGE_DATA</com.eems.inflight.EEMS_PriorityCachePoller_MF>
<com.eems.inflight.EEMS_PriorityCachePoller_MF intServ="EEMSIIB_GPS_COMMON_CONFIG" env="adopt" override="Common_AuditInMessage_SF.queueName">EEMSIIB.ADP.COMMON_AUDITMESSAGE_DATA</com.eems.inflight.EEMS_PriorityCachePoller_MF>
<com.eems.inflight.EEMS_PriorityCachePoller_MF intServ="EEMSIIB_GPS_COMMON_CONFIG" env="adopt" override="QueueBrowse">EEMSIIB.ADP.INFLIGHT_QUEUEBROWSE_TRIGGER_IN</com.eems.inflight.EEMS_PriorityCachePoller_MF>
<com.eems.inflight.EEMS_PriorityCachePoller_MF intServ="EEMSIIB_GPS_COMMON_CONFIG" env="adopt" override="UpdatesTriggerON">false</com.eems.inflight.EEMS_PriorityCachePoller_MF>
<com.eems.inflight.EEMS_PriorityCachePoller_MF intServ="EEMSIIB_GPS_COMMON_CONFIG" env="adopt" override="TriggerAllQueue">false</com.eems.inflight.EEMS_PriorityCachePoller_MF>

<!--Prod -->
<com.eems.inflight.EEMS_PriorityCachePoller_MF intServ="EEMSIIB_GPS_COMMON_CONFIG" env="prod" override="SchemaName">ELECELIG</com.eems.inflight.EEMS_PriorityCachePoller_MF>
<com.eems.inflight.EEMS_PriorityCachePoller_MF intServ="EEMSIIB_GPS_COMMON_CONFIG" env="prod" override="PriorityMap">EEMS_Priority_Map</com.eems.inflight.EEMS_PriorityCachePoller_MF>
<com.eems.inflight.EEMS_PriorityCachePoller_MF intServ="EEMSIIB_GPS_COMMON_CONFIG" env="prod" override="PriorityKey">INFLIGHT_CACHE</com.eems.inflight.EEMS_PriorityCachePoller_MF>
<com.eems.inflight.EEMS_PriorityCachePoller_MF intServ="EEMSIIB_GPS_COMMON_CONFIG" env="prod" override="BrkConfigKey">BRK_CONFIG</com.eems.inflight.EEMS_PriorityCachePoller_MF>
<com.eems.inflight.EEMS_PriorityCachePoller_MF intServ="EEMSIIB_GPS_COMMON_CONFIG" env="prod" override="varGCMapName">BE128_Common_Map</com.eems.inflight.EEMS_PriorityCachePoller_MF>
<com.eems.inflight.EEMS_PriorityCachePoller_MF intServ="EEMSIIB_GPS_COMMON_CONFIG" env="prod" override="IIB_PriorityList.outputDirectory">/iib/scripts/</com.eems.inflight.EEMS_PriorityCachePoller_MF>
<com.eems.inflight.EEMS_PriorityCachePoller_MF intServ="EEMSIIB_GPS_COMMON_CONFIG" env="prod" override="IIB_PriorityList.outputFilename">InflightList.priority</com.eems.inflight.EEMS_PriorityCachePoller_MF>
<com.eems.inflight.EEMS_PriorityCachePoller_MF intServ="EEMSIIB_GPS_COMMON_CONFIG" env="prod" override="IIB_PriorityList.fileFtp">yes</com.eems.inflight.EEMS_PriorityCachePoller_MF>
<com.eems.inflight.EEMS_PriorityCachePoller_MF intServ="EEMSIIB_GPS_COMMON_CONFIG" env="prod" override="IIB_PriorityList.remoteTransferType">SFTP</com.eems.inflight.EEMS_PriorityCachePoller_MF>
<com.eems.inflight.EEMS_PriorityCachePoller_MF intServ="EEMSIIB_GPS_COMMON_CONFIG" env="prod" override="IIB_PriorityList.fileFtpUser">SFTP_IIB_TO_GW</com.eems.inflight.EEMS_PriorityCachePoller_MF>
<com.eems.inflight.EEMS_PriorityCachePoller_MF intServ="EEMSIIB_GPS_COMMON_CONFIG" env="prod" override="IIB_PriorityList.fileFtpServer">apsrp8497.uhc.com:22</com.eems.inflight.EEMS_PriorityCachePoller_MF>
<com.eems.inflight.EEMS_PriorityCachePoller_MF intServ="EEMSIIB_GPS_COMMON_CONFIG" env="prod" override="IIB_PriorityList.fileFtpDirectory">/e3be085/</com.eems.inflight.EEMS_PriorityCachePoller_MF>
<com.eems.inflight.EEMS_PriorityCachePoller_MF intServ="EEMSIIB_GPS_COMMON_CONFIG" env="prod" override="IIB_PriorityList.fileFtpRetainAfterPut">true</com.eems.inflight.EEMS_PriorityCachePoller_MF>
<com.eems.inflight.EEMS_PriorityCachePoller_MF intServ="EEMSIIB_GPS_COMMON_CONFIG" env="prod" override="Poll_Inflight_Trigger.uniqueIdentifier">INFLIGHT</com.eems.inflight.EEMS_PriorityCachePoller_MF>
<com.eems.inflight.EEMS_PriorityCachePoller_MF intServ="EEMSIIB_GPS_COMMON_CONFIG" env="prod" override="Poll_Inflight_Trigger.timeoutInterval">60</com.eems.inflight.EEMS_PriorityCachePoller_MF>
<com.eems.inflight.EEMS_PriorityCachePoller_MF intServ="EEMSIIB_GPS_COMMON_CONFIG" env="prod" override="INFLIGHT_TRIGGER_IN.inputDirectory">/eems/iib/common/inflight/input</com.eems.inflight.EEMS_PriorityCachePoller_MF>
<com.eems.inflight.EEMS_PriorityCachePoller_MF intServ="EEMSIIB_GPS_COMMON_CONFIG" env="prod" override="INFLIGHT_TRIGGER_IN.filenamePattern">CDB_GPS.*</com.eems.inflight.EEMS_PriorityCachePoller_MF>
<com.eems.inflight.EEMS_PriorityCachePoller_MF intServ="EEMSIIB_GPS_COMMON_CONFIG" env="prod" override="ProjNumber">1</com.eems.inflight.EEMS_PriorityCachePoller_MF>
<com.eems.inflight.EEMS_PriorityCachePoller_MF intServ="EEMSIIB_GPS_COMMON_CONFIG" env="prod" override="BECode">128</com.eems.inflight.EEMS_PriorityCachePoller_MF>
<com.eems.inflight.EEMS_PriorityCachePoller_MF intServ="EEMSIIB_GPS_COMMON_CONFIG" env="prod" override="DataSource">EEMS_DB</com.eems.inflight.EEMS_PriorityCachePoller_MF>
<com.eems.inflight.EEMS_PriorityCachePoller_MF intServ="EEMSIIB_GPS_COMMON_CONFIG" env="prod" override="EEMSIIB.ERRORMESSAGE_DATA.queueName">EEMSIIB.ERRORMESSAGE_DATA</com.eems.inflight.EEMS_PriorityCachePoller_MF>
<com.eems.inflight.EEMS_PriorityCachePoller_MF intServ="EEMSIIB_GPS_COMMON_CONFIG" env="prod" override="Common_AuditInMessage_SF.queueName">EEMSIIB.COMMON_AUDITMESSAGE_DATA</com.eems.inflight.EEMS_PriorityCachePoller_MF>
<com.eems.inflight.EEMS_PriorityCachePoller_MF intServ="EEMSIIB_GPS_COMMON_CONFIG" env="prod" override="QueueBrowse">EEMSIIB.INFLIGHT_QUEUEBROWSE_TRIGGER_IN</com.eems.inflight.EEMS_PriorityCachePoller_MF>
<com.eems.inflight.EEMS_PriorityCachePoller_MF intServ="EEMSIIB_GPS_COMMON_CONFIG" env="prod" override="UpdatesTriggerON">false</com.eems.inflight.EEMS_PriorityCachePoller_MF>
<com.eems.inflight.EEMS_PriorityCachePoller_MF intServ="EEMSIIB_GPS_COMMON_CONFIG" env="prod" override="TriggerAllQueue">false</com.eems.inflight.EEMS_PriorityCachePoller_MF>

</Broker>
