<?xml version="1.0" encoding="UTF-8"?>
<Broker>
    <!-- DEV -->
	<com.prime.isReadyToProcess.PRIME_IsReadyToProcess_MF intServ="EEMSIIB_PRIME_COMMON_APPLICATIONS" env="dev" override="additionalInstances">0</com.prime.isReadyToProcess.PRIME_IsReadyToProcess_MF>
	<com.prime.isReadyToProcess.PRIME_IsReadyToProcess_MF intServ="EEMSIIB_PRIME_COMMON_APPLICATIONS" env="dev" override="PayloadFlag">TRUE</com.prime.isReadyToProcess.PRIME_IsReadyToProcess_MF>
	<com.prime.isReadyToProcess.PRIME_IsReadyToProcess_MF intServ="EEMSIIB_PRIME_COMMON_APPLICATIONS" env="dev" override="BECode">800</com.prime.isReadyToProcess.PRIME_IsReadyToProcess_MF>
	<com.prime.isReadyToProcess.PRIME_IsReadyToProcess_MF intServ="EEMSIIB_PRIME_COMMON_APPLICATIONS" env="dev" override="ProjNumber">3</com.prime.isReadyToProcess.PRIME_IsReadyToProcess_MF>
	<com.prime.isReadyToProcess.PRIME_IsReadyToProcess_MF intServ="EEMSIIB_PRIME_COMMON_APPLICATIONS" env="dev" override="RetryNoOfTimes">3</com.prime.isReadyToProcess.PRIME_IsReadyToProcess_MF>
	<com.prime.isReadyToProcess.PRIME_IsReadyToProcess_MF intServ="EEMSIIB_PRIME_COMMON_APPLICATIONS" env="dev" override="WaitInterval">1000</com.prime.isReadyToProcess.PRIME_IsReadyToProcess_MF>
	<com.prime.isReadyToProcess.PRIME_IsReadyToProcess_MF intServ="EEMSIIB_PRIME_COMMON_APPLICATIONS" env="dev" override="PRIME_READY_IN.queueName">EEMSIIB.PRIME_ISREADYTOPROCESS_IN</com.prime.isReadyToProcess.PRIME_IsReadyToProcess_MF>
	<com.prime.isReadyToProcess.PRIME_IsReadyToProcess_MF intServ="EEMSIIB_PRIME_COMMON_APPLICATIONS" env="dev" override="PRIME_PFG_OUT.queueName">EEMSIIB.EBILL_BE128_NTFY_ISREADYTOPROCESS_DATA</com.prime.isReadyToProcess.PRIME_IsReadyToProcess_MF>
	<com.prime.isReadyToProcess.PRIME_IsReadyToProcess_MF intServ="EEMSIIB_PRIME_COMMON_APPLICATIONS" env="dev" override="PRIME_UpdateReadyToProcessTable.dataSource">EEMS_DB</com.prime.isReadyToProcess.PRIME_IsReadyToProcess_MF>
	<com.prime.isReadyToProcess.PRIME_IsReadyToProcess_MF intServ="EEMSIIB_PRIME_COMMON_APPLICATIONS" env="dev" override="PRIME_ERRORMESSAGE.queueName">EEMSIIB.PRIME_ERRORMESSAGE_DATA</com.prime.isReadyToProcess.PRIME_IsReadyToProcess_MF>
	<com.prime.isReadyToProcess.PRIME_IsReadyToProcess_MF intServ="EEMSIIB_PRIME_COMMON_APPLICATIONS" env="dev" override="PRIME_AuditFailMessage.dataSource">EEMS_DB</com.prime.isReadyToProcess.PRIME_IsReadyToProcess_MF>
	<com.prime.isReadyToProcess.PRIME_IsReadyToProcess_MF intServ="EEMSIIB_PRIME_COMMON_APPLICATIONS" env="dev" override="BrkConfigKey">BRK_CONFIG</com.prime.isReadyToProcess.PRIME_IsReadyToProcess_MF>
	<com.prime.isReadyToProcess.PRIME_IsReadyToProcess_MF intServ="EEMSIIB_PRIME_COMMON_APPLICATIONS" env="dev" override="SCHEMA_NAME">ELECELIG</com.prime.isReadyToProcess.PRIME_IsReadyToProcess_MF>
	<com.prime.isReadyToProcess.PRIME_IsReadyToProcess_MF intServ="EEMSIIB_PRIME_COMMON_APPLICATIONS" env="dev" override="varGCMapName">PRIME_Common_Map</com.prime.isReadyToProcess.PRIME_IsReadyToProcess_MF>
	<com.prime.isReadyToProcess.PRIME_IsReadyToProcess_MF intServ="EEMSIIB_PRIME_COMMON_APPLICATIONS" env="dev" override="CommonCache">PRIME_Common_Map</com.prime.isReadyToProcess.PRIME_IsReadyToProcess_MF>
	<com.prime.isReadyToProcess.PRIME_IsReadyToProcess_MF intServ="EEMSIIB_PRIME_COMMON_APPLICATIONS" env="dev" override="brkrList">BKMBT11</com.prime.isReadyToProcess.PRIME_IsReadyToProcess_MF>
	<com.prime.isReadyToProcess.PRIME_IsReadyToProcess_MF intServ="EEMSIIB_PRIME_COMMON_APPLICATIONS" env="dev" override="brkrCount">1</com.prime.isReadyToProcess.PRIME_IsReadyToProcess_MF>
	<com.prime.isReadyToProcess.PRIME_IsReadyToProcess_MF intServ="EEMSIIB_PRIME_COMMON_APPLICATIONS" env="dev" override="srcMapName">PRIME_Source_Map</com.prime.isReadyToProcess.PRIME_IsReadyToProcess_MF>
	<com.prime.isReadyToProcess.PRIME_IsReadyToProcess_MF intServ="EEMSIIB_PRIME_COMMON_APPLICATIONS" env="dev" override="custProfMapName">CustomerProfile_Map</com.prime.isReadyToProcess.PRIME_IsReadyToProcess_MF>
	<com.prime.isReadyToProcess.PRIME_IsReadyToProcess_MF intServ="EEMSIIB_PRIME_COMMON_APPLICATIONS" env="dev" override="thresholdcount">0</com.prime.isReadyToProcess.PRIME_IsReadyToProcess_MF>
	<com.prime.isReadyToProcess.PRIME_IsReadyToProcess_MF intServ="EEMSIIB_PRIME_COMMON_APPLICATIONS" env="dev" override="Common_AuditInMessage_SF.queueName">EEMSIIB.PRIME_COMMON_AUDITMESSAGE_DATA</com.prime.isReadyToProcess.PRIME_IsReadyToProcess_MF>

	<!-- SIT -->
	<com.prime.isReadyToProcess.PRIME_IsReadyToProcess_MF intServ="EEMSIIB_PRIME_COMMON_APPLICATIONS" env="test" override="additionalInstances">0</com.prime.isReadyToProcess.PRIME_IsReadyToProcess_MF>
	<com.prime.isReadyToProcess.PRIME_IsReadyToProcess_MF intServ="EEMSIIB_PRIME_COMMON_APPLICATIONS" env="test" override="PayloadFlag">TRUE</com.prime.isReadyToProcess.PRIME_IsReadyToProcess_MF>
	<com.prime.isReadyToProcess.PRIME_IsReadyToProcess_MF intServ="EEMSIIB_PRIME_COMMON_APPLICATIONS" env="test" override="BECode">800</com.prime.isReadyToProcess.PRIME_IsReadyToProcess_MF>
	<com.prime.isReadyToProcess.PRIME_IsReadyToProcess_MF intServ="EEMSIIB_PRIME_COMMON_APPLICATIONS" env="test" override="ProjNumber">3</com.prime.isReadyToProcess.PRIME_IsReadyToProcess_MF>
	<com.prime.isReadyToProcess.PRIME_IsReadyToProcess_MF intServ="EEMSIIB_PRIME_COMMON_APPLICATIONS" env="test" override="RetryNoOfTimes">3</com.prime.isReadyToProcess.PRIME_IsReadyToProcess_MF>
	<com.prime.isReadyToProcess.PRIME_IsReadyToProcess_MF intServ="EEMSIIB_PRIME_COMMON_APPLICATIONS" env="test" override="WaitInterval">1000</com.prime.isReadyToProcess.PRIME_IsReadyToProcess_MF>
	<com.prime.isReadyToProcess.PRIME_IsReadyToProcess_MF intServ="EEMSIIB_PRIME_COMMON_APPLICATIONS" env="test" override="PRIME_READY_IN.queueName">EEMSIIB.PRIME_ISREADYTOPROCESS_IN</com.prime.isReadyToProcess.PRIME_IsReadyToProcess_MF>
	<com.prime.isReadyToProcess.PRIME_IsReadyToProcess_MF intServ="EEMSIIB_PRIME_COMMON_APPLICATIONS" env="test" override="PRIME_PFG_OUT.queueName">EEMSIIB.EBILL_BE128_NTFY_ISREADYTOPROCESS_DATA</com.prime.isReadyToProcess.PRIME_IsReadyToProcess_MF>
	<com.prime.isReadyToProcess.PRIME_IsReadyToProcess_MF intServ="EEMSIIB_PRIME_COMMON_APPLICATIONS" env="test" override="PRIME_UpdateReadyToProcessTable.dataSource">EEMS_DB</com.prime.isReadyToProcess.PRIME_IsReadyToProcess_MF>
	<com.prime.isReadyToProcess.PRIME_IsReadyToProcess_MF intServ="EEMSIIB_PRIME_COMMON_APPLICATIONS" env="test" override="PRIME_ERRORMESSAGE.queueName">EEMSIIB.PRIME_ERRORMESSAGE_DATA</com.prime.isReadyToProcess.PRIME_IsReadyToProcess_MF>
	<com.prime.isReadyToProcess.PRIME_IsReadyToProcess_MF intServ="EEMSIIB_PRIME_COMMON_APPLICATIONS" env="test" override="PRIME_AuditFailMessage.dataSource">EEMS_DB</com.prime.isReadyToProcess.PRIME_IsReadyToProcess_MF>
	<com.prime.isReadyToProcess.PRIME_IsReadyToProcess_MF intServ="EEMSIIB_PRIME_COMMON_APPLICATIONS" env="test" override="BrkConfigKey">BRK_CONFIG</com.prime.isReadyToProcess.PRIME_IsReadyToProcess_MF>
	<com.prime.isReadyToProcess.PRIME_IsReadyToProcess_MF intServ="EEMSIIB_PRIME_COMMON_APPLICATIONS" env="test" override="SCHEMA_NAME">ELECELIG</com.prime.isReadyToProcess.PRIME_IsReadyToProcess_MF>
	<com.prime.isReadyToProcess.PRIME_IsReadyToProcess_MF intServ="EEMSIIB_PRIME_COMMON_APPLICATIONS" env="test" override="varGCMapName">PRIME_Common_Map</com.prime.isReadyToProcess.PRIME_IsReadyToProcess_MF>
	<com.prime.isReadyToProcess.PRIME_IsReadyToProcess_MF intServ="EEMSIIB_PRIME_COMMON_APPLICATIONS" env="test" override="CommonCache">PRIME_Common_Map</com.prime.isReadyToProcess.PRIME_IsReadyToProcess_MF>
	<com.prime.isReadyToProcess.PRIME_IsReadyToProcess_MF intServ="EEMSIIB_PRIME_COMMON_APPLICATIONS" env="test" override="brkrList">BKMBS11</com.prime.isReadyToProcess.PRIME_IsReadyToProcess_MF>
	<com.prime.isReadyToProcess.PRIME_IsReadyToProcess_MF intServ="EEMSIIB_PRIME_COMMON_APPLICATIONS" env="test" override="brkrCount">1</com.prime.isReadyToProcess.PRIME_IsReadyToProcess_MF>
	<com.prime.isReadyToProcess.PRIME_IsReadyToProcess_MF intServ="EEMSIIB_PRIME_COMMON_APPLICATIONS" env="test" override="srcMapName">PRIME_Source_Map</com.prime.isReadyToProcess.PRIME_IsReadyToProcess_MF>
	<com.prime.isReadyToProcess.PRIME_IsReadyToProcess_MF intServ="EEMSIIB_PRIME_COMMON_APPLICATIONS" env="test" override="custProfMapName">CustomerProfile_Map</com.prime.isReadyToProcess.PRIME_IsReadyToProcess_MF>
	<com.prime.isReadyToProcess.PRIME_IsReadyToProcess_MF intServ="EEMSIIB_PRIME_COMMON_APPLICATIONS" env="test" override="thresholdcount">0</com.prime.isReadyToProcess.PRIME_IsReadyToProcess_MF>
	<com.prime.isReadyToProcess.PRIME_IsReadyToProcess_MF intServ="EEMSIIB_PRIME_COMMON_APPLICATIONS" env="test" override="Common_AuditInMessage_SF.queueName">EEMSIIB.PRIME_COMMON_AUDITMESSAGE_DATA</com.prime.isReadyToProcess.PRIME_IsReadyToProcess_MF>

	<!-- SIT Bravo-->
	<com.prime.isReadyToProcess.PRIME_IsReadyToProcess_MF intServ="EEMSIIB_PRIME_COMMON_APPLICATIONS" env="test2" override="additionalInstances">0</com.prime.isReadyToProcess.PRIME_IsReadyToProcess_MF>
	<com.prime.isReadyToProcess.PRIME_IsReadyToProcess_MF intServ="EEMSIIB_PRIME_COMMON_APPLICATIONS" env="test2" override="PayloadFlag">TRUE</com.prime.isReadyToProcess.PRIME_IsReadyToProcess_MF>
	<com.prime.isReadyToProcess.PRIME_IsReadyToProcess_MF intServ="EEMSIIB_PRIME_COMMON_APPLICATIONS" env="test2" override="BECode">800</com.prime.isReadyToProcess.PRIME_IsReadyToProcess_MF>
	<com.prime.isReadyToProcess.PRIME_IsReadyToProcess_MF intServ="EEMSIIB_PRIME_COMMON_APPLICATIONS" env="test2" override="ProjNumber">3</com.prime.isReadyToProcess.PRIME_IsReadyToProcess_MF>
	<com.prime.isReadyToProcess.PRIME_IsReadyToProcess_MF intServ="EEMSIIB_PRIME_COMMON_APPLICATIONS" env="test2" override="RetryNoOfTimes">3</com.prime.isReadyToProcess.PRIME_IsReadyToProcess_MF>
	<com.prime.isReadyToProcess.PRIME_IsReadyToProcess_MF intServ="EEMSIIB_PRIME_COMMON_APPLICATIONS" env="test2" override="WaitInterval">1000</com.prime.isReadyToProcess.PRIME_IsReadyToProcess_MF>
	<com.prime.isReadyToProcess.PRIME_IsReadyToProcess_MF intServ="EEMSIIB_PRIME_COMMON_APPLICATIONS" env="test2" override="PRIME_READY_IN.queueName">EEMSIIB.PRIME_ISREADYTOPROCESS_IN</com.prime.isReadyToProcess.PRIME_IsReadyToProcess_MF>
	<com.prime.isReadyToProcess.PRIME_IsReadyToProcess_MF intServ="EEMSIIB_PRIME_COMMON_APPLICATIONS" env="test2" override="PRIME_PFG_OUT.queueName">EEMSIIB.EBILL_BE128_NTFY_ISREADYTOPROCESS_DATA</com.prime.isReadyToProcess.PRIME_IsReadyToProcess_MF>
	<com.prime.isReadyToProcess.PRIME_IsReadyToProcess_MF intServ="EEMSIIB_PRIME_COMMON_APPLICATIONS" env="test2" override="PRIME_UpdateReadyToProcessTable.dataSource">EEMS_DB</com.prime.isReadyToProcess.PRIME_IsReadyToProcess_MF>
	<com.prime.isReadyToProcess.PRIME_IsReadyToProcess_MF intServ="EEMSIIB_PRIME_COMMON_APPLICATIONS" env="test2" override="PRIME_ERRORMESSAGE.queueName">EEMSIIB.PRIME_ERRORMESSAGE_DATA</com.prime.isReadyToProcess.PRIME_IsReadyToProcess_MF>
	<com.prime.isReadyToProcess.PRIME_IsReadyToProcess_MF intServ="EEMSIIB_PRIME_COMMON_APPLICATIONS" env="test2" override="PRIME_AuditFailMessage.dataSource">EEMS_DB</com.prime.isReadyToProcess.PRIME_IsReadyToProcess_MF>
	<com.prime.isReadyToProcess.PRIME_IsReadyToProcess_MF intServ="EEMSIIB_PRIME_COMMON_APPLICATIONS" env="test2" override="BrkConfigKey">BRK_CONFIG</com.prime.isReadyToProcess.PRIME_IsReadyToProcess_MF>
	<com.prime.isReadyToProcess.PRIME_IsReadyToProcess_MF intServ="EEMSIIB_PRIME_COMMON_APPLICATIONS" env="test2" override="SCHEMA_NAME">ELECELIG</com.prime.isReadyToProcess.PRIME_IsReadyToProcess_MF>
	<com.prime.isReadyToProcess.PRIME_IsReadyToProcess_MF intServ="EEMSIIB_PRIME_COMMON_APPLICATIONS" env="test2" override="varGCMapName">PRIME_Common_Map</com.prime.isReadyToProcess.PRIME_IsReadyToProcess_MF>
	<com.prime.isReadyToProcess.PRIME_IsReadyToProcess_MF intServ="EEMSIIB_PRIME_COMMON_APPLICATIONS" env="test2" override="CommonCache">PRIME_Common_Map</com.prime.isReadyToProcess.PRIME_IsReadyToProcess_MF>
	<com.prime.isReadyToProcess.PRIME_IsReadyToProcess_MF intServ="EEMSIIB_PRIME_COMMON_APPLICATIONS" env="test2" override="brkrList">BKMBS12</com.prime.isReadyToProcess.PRIME_IsReadyToProcess_MF>
	<com.prime.isReadyToProcess.PRIME_IsReadyToProcess_MF intServ="EEMSIIB_PRIME_COMMON_APPLICATIONS" env="test2" override="brkrCount">1</com.prime.isReadyToProcess.PRIME_IsReadyToProcess_MF>
	<com.prime.isReadyToProcess.PRIME_IsReadyToProcess_MF intServ="EEMSIIB_PRIME_COMMON_APPLICATIONS" env="test2" override="srcMapName">PRIME_Source_Map</com.prime.isReadyToProcess.PRIME_IsReadyToProcess_MF>
	<com.prime.isReadyToProcess.PRIME_IsReadyToProcess_MF intServ="EEMSIIB_PRIME_COMMON_APPLICATIONS" env="test2" override="custProfMapName">CustomerProfile_Map</com.prime.isReadyToProcess.PRIME_IsReadyToProcess_MF>
	<com.prime.isReadyToProcess.PRIME_IsReadyToProcess_MF intServ="EEMSIIB_PRIME_COMMON_APPLICATIONS" env="test2" override="thresholdcount">0</com.prime.isReadyToProcess.PRIME_IsReadyToProcess_MF>
	<com.prime.isReadyToProcess.PRIME_IsReadyToProcess_MF intServ="EEMSIIB_PRIME_COMMON_APPLICATIONS" env="test2" override="Common_AuditInMessage_SF.queueName">EEMSIIB.PRIME_COMMON_AUDITMESSAGE_DATA</com.prime.isReadyToProcess.PRIME_IsReadyToProcess_MF>

	<!-- UAT -->
	<com.prime.isReadyToProcess.PRIME_IsReadyToProcess_MF intServ="EEMSIIB_PRIME_COMMON_APPLICATIONS" env="uat" override="additionalInstances">0</com.prime.isReadyToProcess.PRIME_IsReadyToProcess_MF>
	<com.prime.isReadyToProcess.PRIME_IsReadyToProcess_MF intServ="EEMSIIB_PRIME_COMMON_APPLICATIONS" env="uat" override="PayloadFlag">TRUE</com.prime.isReadyToProcess.PRIME_IsReadyToProcess_MF>
	<com.prime.isReadyToProcess.PRIME_IsReadyToProcess_MF intServ="EEMSIIB_PRIME_COMMON_APPLICATIONS" env="uat" override="BECode">800</com.prime.isReadyToProcess.PRIME_IsReadyToProcess_MF>
	<com.prime.isReadyToProcess.PRIME_IsReadyToProcess_MF intServ="EEMSIIB_PRIME_COMMON_APPLICATIONS" env="uat" override="ProjNumber">3</com.prime.isReadyToProcess.PRIME_IsReadyToProcess_MF>
	<com.prime.isReadyToProcess.PRIME_IsReadyToProcess_MF intServ="EEMSIIB_PRIME_COMMON_APPLICATIONS" env="uat" override="RetryNoOfTimes">3</com.prime.isReadyToProcess.PRIME_IsReadyToProcess_MF>
	<com.prime.isReadyToProcess.PRIME_IsReadyToProcess_MF intServ="EEMSIIB_PRIME_COMMON_APPLICATIONS" env="uat" override="WaitInterval">1000</com.prime.isReadyToProcess.PRIME_IsReadyToProcess_MF>
	<com.prime.isReadyToProcess.PRIME_IsReadyToProcess_MF intServ="EEMSIIB_PRIME_COMMON_APPLICATIONS" env="uat" override="PRIME_READY_IN.queueName">EEMSIIB.PRIME_ISREADYTOPROCESS_IN</com.prime.isReadyToProcess.PRIME_IsReadyToProcess_MF>
	<com.prime.isReadyToProcess.PRIME_IsReadyToProcess_MF intServ="EEMSIIB_PRIME_COMMON_APPLICATIONS" env="uat" override="PRIME_PFG_OUT.queueName">EEMSIIB.EBILL_BE128_NTFY_ISREADYTOPROCESS_DATA</com.prime.isReadyToProcess.PRIME_IsReadyToProcess_MF>
	<com.prime.isReadyToProcess.PRIME_IsReadyToProcess_MF intServ="EEMSIIB_PRIME_COMMON_APPLICATIONS" env="uat" override="PRIME_UpdateReadyToProcessTable.dataSource">EEMS_DB</com.prime.isReadyToProcess.PRIME_IsReadyToProcess_MF>
	<com.prime.isReadyToProcess.PRIME_IsReadyToProcess_MF intServ="EEMSIIB_PRIME_COMMON_APPLICATIONS" env="uat" override="PRIME_ERRORMESSAGE.queueName">EEMSIIB.PRIME_ERRORMESSAGE_DATA</com.prime.isReadyToProcess.PRIME_IsReadyToProcess_MF>
	<com.prime.isReadyToProcess.PRIME_IsReadyToProcess_MF intServ="EEMSIIB_PRIME_COMMON_APPLICATIONS" env="uat" override="PRIME_AuditFailMessage.dataSource">EEMS_DB</com.prime.isReadyToProcess.PRIME_IsReadyToProcess_MF>
	<com.prime.isReadyToProcess.PRIME_IsReadyToProcess_MF intServ="EEMSIIB_PRIME_COMMON_APPLICATIONS" env="uat" override="BrkConfigKey">BRK_CONFIG</com.prime.isReadyToProcess.PRIME_IsReadyToProcess_MF>
	<com.prime.isReadyToProcess.PRIME_IsReadyToProcess_MF intServ="EEMSIIB_PRIME_COMMON_APPLICATIONS" env="uat" override="SCHEMA_NAME">ELECELIG</com.prime.isReadyToProcess.PRIME_IsReadyToProcess_MF>
	<com.prime.isReadyToProcess.PRIME_IsReadyToProcess_MF intServ="EEMSIIB_PRIME_COMMON_APPLICATIONS" env="uat" override="varGCMapName">PRIME_Common_Map</com.prime.isReadyToProcess.PRIME_IsReadyToProcess_MF>
	<com.prime.isReadyToProcess.PRIME_IsReadyToProcess_MF intServ="EEMSIIB_PRIME_COMMON_APPLICATIONS" env="uat" override="CommonCache">PRIME_Common_Map</com.prime.isReadyToProcess.PRIME_IsReadyToProcess_MF>
	<com.prime.isReadyToProcess.PRIME_IsReadyToProcess_MF intServ="EEMSIIB_PRIME_COMMON_APPLICATIONS" env="uat" override="brkrList">BKMBRA11</com.prime.isReadyToProcess.PRIME_IsReadyToProcess_MF>
	<com.prime.isReadyToProcess.PRIME_IsReadyToProcess_MF intServ="EEMSIIB_PRIME_COMMON_APPLICATIONS" env="uat" override="brkrCount">1</com.prime.isReadyToProcess.PRIME_IsReadyToProcess_MF>
	<com.prime.isReadyToProcess.PRIME_IsReadyToProcess_MF intServ="EEMSIIB_PRIME_COMMON_APPLICATIONS" env="uat" override="srcMapName">PRIME_Source_Map</com.prime.isReadyToProcess.PRIME_IsReadyToProcess_MF>
	<com.prime.isReadyToProcess.PRIME_IsReadyToProcess_MF intServ="EEMSIIB_PRIME_COMMON_APPLICATIONS" env="uat" override="custProfMapName">CustomerProfile_Map</com.prime.isReadyToProcess.PRIME_IsReadyToProcess_MF>
	<com.prime.isReadyToProcess.PRIME_IsReadyToProcess_MF intServ="EEMSIIB_PRIME_COMMON_APPLICATIONS" env="uat" override="thresholdcount">0</com.prime.isReadyToProcess.PRIME_IsReadyToProcess_MF>
	<com.prime.isReadyToProcess.PRIME_IsReadyToProcess_MF intServ="EEMSIIB_PRIME_COMMON_APPLICATIONS" env="uat" override="Common_AuditInMessage_SF.queueName">EEMSIIB.PRIME_COMMON_AUDITMESSAGE_DATA</com.prime.isReadyToProcess.PRIME_IsReadyToProcess_MF>

	<!-- UAT Bravo -->
	<com.prime.isReadyToProcess.PRIME_IsReadyToProcess_MF intServ="EEMSIIB_PRIME_COMMON_APPLICATIONS" env="uat-bravo" override="additionalInstances">0</com.prime.isReadyToProcess.PRIME_IsReadyToProcess_MF>
	<com.prime.isReadyToProcess.PRIME_IsReadyToProcess_MF intServ="EEMSIIB_PRIME_COMMON_APPLICATIONS" env="uat-bravo" override="PayloadFlag">TRUE</com.prime.isReadyToProcess.PRIME_IsReadyToProcess_MF>
	<com.prime.isReadyToProcess.PRIME_IsReadyToProcess_MF intServ="EEMSIIB_PRIME_COMMON_APPLICATIONS" env="uat-bravo" override="BECode">800</com.prime.isReadyToProcess.PRIME_IsReadyToProcess_MF>
	<com.prime.isReadyToProcess.PRIME_IsReadyToProcess_MF intServ="EEMSIIB_PRIME_COMMON_APPLICATIONS" env="uat-bravo" override="ProjNumber">3</com.prime.isReadyToProcess.PRIME_IsReadyToProcess_MF>
	<com.prime.isReadyToProcess.PRIME_IsReadyToProcess_MF intServ="EEMSIIB_PRIME_COMMON_APPLICATIONS" env="uat-bravo" override="RetryNoOfTimes">3</com.prime.isReadyToProcess.PRIME_IsReadyToProcess_MF>
	<com.prime.isReadyToProcess.PRIME_IsReadyToProcess_MF intServ="EEMSIIB_PRIME_COMMON_APPLICATIONS" env="uat-bravo" override="WaitInterval">1000</com.prime.isReadyToProcess.PRIME_IsReadyToProcess_MF>
	<com.prime.isReadyToProcess.PRIME_IsReadyToProcess_MF intServ="EEMSIIB_PRIME_COMMON_APPLICATIONS" env="uat-bravo" override="PRIME_READY_IN.queueName">EEMSIIB.PRIME_ISREADYTOPROCESS_IN</com.prime.isReadyToProcess.PRIME_IsReadyToProcess_MF>
	<com.prime.isReadyToProcess.PRIME_IsReadyToProcess_MF intServ="EEMSIIB_PRIME_COMMON_APPLICATIONS" env="uat-bravo" override="PRIME_PFG_OUT.queueName">EEMSIIB.EBILL_BE128_NTFY_ISREADYTOPROCESS_DATA</com.prime.isReadyToProcess.PRIME_IsReadyToProcess_MF>
	<com.prime.isReadyToProcess.PRIME_IsReadyToProcess_MF intServ="EEMSIIB_PRIME_COMMON_APPLICATIONS" env="uat-bravo" override="PRIME_UpdateReadyToProcessTable.dataSource">EEMS_DB</com.prime.isReadyToProcess.PRIME_IsReadyToProcess_MF>
	<com.prime.isReadyToProcess.PRIME_IsReadyToProcess_MF intServ="EEMSIIB_PRIME_COMMON_APPLICATIONS" env="uat-bravo" override="PRIME_ERRORMESSAGE.queueName">EEMSIIB.PRIME_ERRORMESSAGE_DATA</com.prime.isReadyToProcess.PRIME_IsReadyToProcess_MF>
	<com.prime.isReadyToProcess.PRIME_IsReadyToProcess_MF intServ="EEMSIIB_PRIME_COMMON_APPLICATIONS" env="uat-bravo" override="PRIME_AuditFailMessage.dataSource">EEMS_DB</com.prime.isReadyToProcess.PRIME_IsReadyToProcess_MF>
	<com.prime.isReadyToProcess.PRIME_IsReadyToProcess_MF intServ="EEMSIIB_PRIME_COMMON_APPLICATIONS" env="uat-bravo" override="BrkConfigKey">BRK_CONFIG</com.prime.isReadyToProcess.PRIME_IsReadyToProcess_MF>
	<com.prime.isReadyToProcess.PRIME_IsReadyToProcess_MF intServ="EEMSIIB_PRIME_COMMON_APPLICATIONS" env="uat-bravo" override="SCHEMA_NAME">ELECELIG</com.prime.isReadyToProcess.PRIME_IsReadyToProcess_MF>
	<com.prime.isReadyToProcess.PRIME_IsReadyToProcess_MF intServ="EEMSIIB_PRIME_COMMON_APPLICATIONS" env="uat-bravo" override="varGCMapName">PRIME_Common_Map</com.prime.isReadyToProcess.PRIME_IsReadyToProcess_MF>
	<com.prime.isReadyToProcess.PRIME_IsReadyToProcess_MF intServ="EEMSIIB_PRIME_COMMON_APPLICATIONS" env="uat-bravo" override="CommonCache">PRIME_Common_Map</com.prime.isReadyToProcess.PRIME_IsReadyToProcess_MF>
	<com.prime.isReadyToProcess.PRIME_IsReadyToProcess_MF intServ="EEMSIIB_PRIME_COMMON_APPLICATIONS" env="uat-bravo" override="brkrList">BKMBRB11</com.prime.isReadyToProcess.PRIME_IsReadyToProcess_MF>
	<com.prime.isReadyToProcess.PRIME_IsReadyToProcess_MF intServ="EEMSIIB_PRIME_COMMON_APPLICATIONS" env="uat-bravo" override="brkrCount">1</com.prime.isReadyToProcess.PRIME_IsReadyToProcess_MF>
	<com.prime.isReadyToProcess.PRIME_IsReadyToProcess_MF intServ="EEMSIIB_PRIME_COMMON_APPLICATIONS" env="uat-bravo" override="srcMapName">PRIME_Source_Map</com.prime.isReadyToProcess.PRIME_IsReadyToProcess_MF>
	<com.prime.isReadyToProcess.PRIME_IsReadyToProcess_MF intServ="EEMSIIB_PRIME_COMMON_APPLICATIONS" env="uat-bravo" override="custProfMapName">CustomerProfile_Map</com.prime.isReadyToProcess.PRIME_IsReadyToProcess_MF>
	<com.prime.isReadyToProcess.PRIME_IsReadyToProcess_MF intServ="EEMSIIB_PRIME_COMMON_APPLICATIONS" env="uat-bravo" override="thresholdcount">0</com.prime.isReadyToProcess.PRIME_IsReadyToProcess_MF>
	<com.prime.isReadyToProcess.PRIME_IsReadyToProcess_MF intServ="EEMSIIB_PRIME_COMMON_APPLICATIONS" env="uat-bravo" override="Common_AuditInMessage_SF.queueName">EEMSIIB.PRIME_COMMON_AUDITMESSAGE_DATA</com.prime.isReadyToProcess.PRIME_IsReadyToProcess_MF>

	<!-- stage -->
	<com.prime.isReadyToProcess.PRIME_IsReadyToProcess_MF intServ="EEMSIIB_PRIME_COMMON_APPLICATIONS" env="stage" override="additionalInstances">0</com.prime.isReadyToProcess.PRIME_IsReadyToProcess_MF>
	<com.prime.isReadyToProcess.PRIME_IsReadyToProcess_MF intServ="EEMSIIB_PRIME_COMMON_APPLICATIONS" env="stage" override="PayloadFlag">TRUE</com.prime.isReadyToProcess.PRIME_IsReadyToProcess_MF>
	<com.prime.isReadyToProcess.PRIME_IsReadyToProcess_MF intServ="EEMSIIB_PRIME_COMMON_APPLICATIONS" env="stage" override="BECode">800</com.prime.isReadyToProcess.PRIME_IsReadyToProcess_MF>
	<com.prime.isReadyToProcess.PRIME_IsReadyToProcess_MF intServ="EEMSIIB_PRIME_COMMON_APPLICATIONS" env="stage" override="ProjNumber">3</com.prime.isReadyToProcess.PRIME_IsReadyToProcess_MF>
	<com.prime.isReadyToProcess.PRIME_IsReadyToProcess_MF intServ="EEMSIIB_PRIME_COMMON_APPLICATIONS" env="stage" override="RetryNoOfTimes">3</com.prime.isReadyToProcess.PRIME_IsReadyToProcess_MF>
	<com.prime.isReadyToProcess.PRIME_IsReadyToProcess_MF intServ="EEMSIIB_PRIME_COMMON_APPLICATIONS" env="stage" override="WaitInterval">1000</com.prime.isReadyToProcess.PRIME_IsReadyToProcess_MF>
	<com.prime.isReadyToProcess.PRIME_IsReadyToProcess_MF intServ="EEMSIIB_PRIME_COMMON_APPLICATIONS" env="stage" override="PRIME_READY_IN.queueName">EEMSIIB.PRIME_ISREADYTOPROCESS_IN</com.prime.isReadyToProcess.PRIME_IsReadyToProcess_MF>
	<com.prime.isReadyToProcess.PRIME_IsReadyToProcess_MF intServ="EEMSIIB_PRIME_COMMON_APPLICATIONS" env="stage" override="PRIME_PFG_OUT.queueName">EEMSIIB.EBILL_BE128_NTFY_ISREADYTOPROCESS_DATA</com.prime.isReadyToProcess.PRIME_IsReadyToProcess_MF>
	<com.prime.isReadyToProcess.PRIME_IsReadyToProcess_MF intServ="EEMSIIB_PRIME_COMMON_APPLICATIONS" env="stage" override="PRIME_UpdateReadyToProcessTable.dataSource">EEMS_DB</com.prime.isReadyToProcess.PRIME_IsReadyToProcess_MF>
	<com.prime.isReadyToProcess.PRIME_IsReadyToProcess_MF intServ="EEMSIIB_PRIME_COMMON_APPLICATIONS" env="stage" override="PRIME_ERRORMESSAGE.queueName">EEMSIIB.PRIME_ERRORMESSAGE_DATA</com.prime.isReadyToProcess.PRIME_IsReadyToProcess_MF>
	<com.prime.isReadyToProcess.PRIME_IsReadyToProcess_MF intServ="EEMSIIB_PRIME_COMMON_APPLICATIONS" env="stage" override="PRIME_AuditFailMessage.dataSource">EEMS_DB</com.prime.isReadyToProcess.PRIME_IsReadyToProcess_MF>
	<com.prime.isReadyToProcess.PRIME_IsReadyToProcess_MF intServ="EEMSIIB_PRIME_COMMON_APPLICATIONS" env="stage" override="BrkConfigKey">BRK_CONFIG</com.prime.isReadyToProcess.PRIME_IsReadyToProcess_MF>
	<com.prime.isReadyToProcess.PRIME_IsReadyToProcess_MF intServ="EEMSIIB_PRIME_COMMON_APPLICATIONS" env="stage" override="SCHEMA_NAME">ELECELIG</com.prime.isReadyToProcess.PRIME_IsReadyToProcess_MF>
	<com.prime.isReadyToProcess.PRIME_IsReadyToProcess_MF intServ="EEMSIIB_PRIME_COMMON_APPLICATIONS" env="stage" override="varGCMapName">PRIME_Common_Map</com.prime.isReadyToProcess.PRIME_IsReadyToProcess_MF>
	<com.prime.isReadyToProcess.PRIME_IsReadyToProcess_MF intServ="EEMSIIB_PRIME_COMMON_APPLICATIONS" env="stage" override="CommonCache">PRIME_Common_Map</com.prime.isReadyToProcess.PRIME_IsReadyToProcess_MF>
	<com.prime.isReadyToProcess.PRIME_IsReadyToProcess_MF intServ="EEMSIIB_PRIME_COMMON_APPLICATIONS" env="stage" override="brkrList">BKMBRM11_BKMBRM12_BKMBRM13</com.prime.isReadyToProcess.PRIME_IsReadyToProcess_MF>
	<com.prime.isReadyToProcess.PRIME_IsReadyToProcess_MF intServ="EEMSIIB_PRIME_COMMON_APPLICATIONS" env="stage" override="brkrCount">3</com.prime.isReadyToProcess.PRIME_IsReadyToProcess_MF>
	<com.prime.isReadyToProcess.PRIME_IsReadyToProcess_MF intServ="EEMSIIB_PRIME_COMMON_APPLICATIONS" env="stage" override="srcMapName">PRIME_Source_Map</com.prime.isReadyToProcess.PRIME_IsReadyToProcess_MF>
	<com.prime.isReadyToProcess.PRIME_IsReadyToProcess_MF intServ="EEMSIIB_PRIME_COMMON_APPLICATIONS" env="stage" override="custProfMapName">CustomerProfile_Map</com.prime.isReadyToProcess.PRIME_IsReadyToProcess_MF>
	<com.prime.isReadyToProcess.PRIME_IsReadyToProcess_MF intServ="EEMSIIB_PRIME_COMMON_APPLICATIONS" env="stage" override="thresholdcount">0</com.prime.isReadyToProcess.PRIME_IsReadyToProcess_MF>
	<com.prime.isReadyToProcess.PRIME_IsReadyToProcess_MF intServ="EEMSIIB_PRIME_COMMON_APPLICATIONS" env="stage" override="Common_AuditInMessage_SF.queueName">EEMSIIB.PRIME_COMMON_AUDITMESSAGE_DATA</com.prime.isReadyToProcess.PRIME_IsReadyToProcess_MF>

	<!-- adopt -->
	<com.prime.isReadyToProcess.PRIME_IsReadyToProcess_MF intServ="EEMSIIB_PRIME_COMMON_APPLICATIONS" env="adopt" override="additionalInstances">0</com.prime.isReadyToProcess.PRIME_IsReadyToProcess_MF>
	<com.prime.isReadyToProcess.PRIME_IsReadyToProcess_MF intServ="EEMSIIB_PRIME_COMMON_APPLICATIONS" env="adopt" override="PayloadFlag">TRUE</com.prime.isReadyToProcess.PRIME_IsReadyToProcess_MF>
	<com.prime.isReadyToProcess.PRIME_IsReadyToProcess_MF intServ="EEMSIIB_PRIME_COMMON_APPLICATIONS" env="adopt" override="BECode">800</com.prime.isReadyToProcess.PRIME_IsReadyToProcess_MF>
	<com.prime.isReadyToProcess.PRIME_IsReadyToProcess_MF intServ="EEMSIIB_PRIME_COMMON_APPLICATIONS" env="adopt" override="ProjNumber">3</com.prime.isReadyToProcess.PRIME_IsReadyToProcess_MF>
	<com.prime.isReadyToProcess.PRIME_IsReadyToProcess_MF intServ="EEMSIIB_PRIME_COMMON_APPLICATIONS" env="adopt" override="RetryNoOfTimes">3</com.prime.isReadyToProcess.PRIME_IsReadyToProcess_MF>
	<com.prime.isReadyToProcess.PRIME_IsReadyToProcess_MF intServ="EEMSIIB_PRIME_COMMON_APPLICATIONS" env="adopt" override="WaitInterval">1000</com.prime.isReadyToProcess.PRIME_IsReadyToProcess_MF>
	<com.prime.isReadyToProcess.PRIME_IsReadyToProcess_MF intServ="EEMSIIB_PRIME_COMMON_APPLICATIONS" env="adopt" override="PRIME_READY_IN.queueName">EEMSIIB.ADP.PRIME_ISREADYTOPROCESS_IN</com.prime.isReadyToProcess.PRIME_IsReadyToProcess_MF>
	<com.prime.isReadyToProcess.PRIME_IsReadyToProcess_MF intServ="EEMSIIB_PRIME_COMMON_APPLICATIONS" env="adopt" override="PRIME_PFG_OUT.queueName">EEMSIIB.EBILL_BE128_NTFY_ISREADYTOPROCESS_DATA</com.prime.isReadyToProcess.PRIME_IsReadyToProcess_MF>
	<com.prime.isReadyToProcess.PRIME_IsReadyToProcess_MF intServ="EEMSIIB_PRIME_COMMON_APPLICATIONS" env="adopt" override="PRIME_UpdateReadyToProcessTable.dataSource">EEMS_DB</com.prime.isReadyToProcess.PRIME_IsReadyToProcess_MF>
	<com.prime.isReadyToProcess.PRIME_IsReadyToProcess_MF intServ="EEMSIIB_PRIME_COMMON_APPLICATIONS" env="adopt" override="PRIME_ERRORMESSAGE.queueName">EEMSIIB.ADP.PRIME_ERRORMESSAGE_DATA</com.prime.isReadyToProcess.PRIME_IsReadyToProcess_MF>
	<com.prime.isReadyToProcess.PRIME_IsReadyToProcess_MF intServ="EEMSIIB_PRIME_COMMON_APPLICATIONS" env="adopt" override="PRIME_AuditFailMessage.dataSource">EEMS_DB</com.prime.isReadyToProcess.PRIME_IsReadyToProcess_MF>
	<com.prime.isReadyToProcess.PRIME_IsReadyToProcess_MF intServ="EEMSIIB_PRIME_COMMON_APPLICATIONS" env="adopt" override="BrkConfigKey">BRK_CONFIG</com.prime.isReadyToProcess.PRIME_IsReadyToProcess_MF>
	<com.prime.isReadyToProcess.PRIME_IsReadyToProcess_MF intServ="EEMSIIB_PRIME_COMMON_APPLICATIONS" env="adopt" override="SCHEMA_NAME">ELECELIG</com.prime.isReadyToProcess.PRIME_IsReadyToProcess_MF>
	<com.prime.isReadyToProcess.PRIME_IsReadyToProcess_MF intServ="EEMSIIB_PRIME_COMMON_APPLICATIONS" env="adopt" override="varGCMapName">PRIME_Common_Map</com.prime.isReadyToProcess.PRIME_IsReadyToProcess_MF>
	<com.prime.isReadyToProcess.PRIME_IsReadyToProcess_MF intServ="EEMSIIB_PRIME_COMMON_APPLICATIONS" env="adopt" override="CommonCache">PRIME_Common_Map</com.prime.isReadyToProcess.PRIME_IsReadyToProcess_MF>
	<com.prime.isReadyToProcess.PRIME_IsReadyToProcess_MF intServ="EEMSIIB_PRIME_COMMON_APPLICATIONS" env="adopt" override="brkrList">BKMBPD07_BKMBPD08</com.prime.isReadyToProcess.PRIME_IsReadyToProcess_MF>
	<com.prime.isReadyToProcess.PRIME_IsReadyToProcess_MF intServ="EEMSIIB_PRIME_COMMON_APPLICATIONS" env="adopt" override="brkrCount">2</com.prime.isReadyToProcess.PRIME_IsReadyToProcess_MF>
	<com.prime.isReadyToProcess.PRIME_IsReadyToProcess_MF intServ="EEMSIIB_PRIME_COMMON_APPLICATIONS" env="adopt" override="srcMapName">PRIME_Source_Map</com.prime.isReadyToProcess.PRIME_IsReadyToProcess_MF>
	<com.prime.isReadyToProcess.PRIME_IsReadyToProcess_MF intServ="EEMSIIB_PRIME_COMMON_APPLICATIONS" env="adopt" override="custProfMapName">CustomerProfile_Map</com.prime.isReadyToProcess.PRIME_IsReadyToProcess_MF>
	<com.prime.isReadyToProcess.PRIME_IsReadyToProcess_MF intServ="EEMSIIB_PRIME_COMMON_APPLICATIONS" env="adopt" override="thresholdcount">0</com.prime.isReadyToProcess.PRIME_IsReadyToProcess_MF>
	<com.prime.isReadyToProcess.PRIME_IsReadyToProcess_MF intServ="EEMSIIB_PRIME_COMMON_APPLICATIONS" env="adopt" override="Common_AuditInMessage_SF.queueName">EEMSIIB.ADP.PRIME_COMMON_AUDITMESSAGE_DATA</com.prime.isReadyToProcess.PRIME_IsReadyToProcess_MF>

	<!-- prod -->
	<com.prime.isReadyToProcess.PRIME_IsReadyToProcess_MF intServ="EEMSIIB_PRIME_COMMON_APPLICATIONS" env="prod" override="additionalInstances">0</com.prime.isReadyToProcess.PRIME_IsReadyToProcess_MF>
	<com.prime.isReadyToProcess.PRIME_IsReadyToProcess_MF intServ="EEMSIIB_PRIME_COMMON_APPLICATIONS" env="prod" override="PayloadFlag">TRUE</com.prime.isReadyToProcess.PRIME_IsReadyToProcess_MF>
	<com.prime.isReadyToProcess.PRIME_IsReadyToProcess_MF intServ="EEMSIIB_PRIME_COMMON_APPLICATIONS" env="prod" override="BECode">800</com.prime.isReadyToProcess.PRIME_IsReadyToProcess_MF>
	<com.prime.isReadyToProcess.PRIME_IsReadyToProcess_MF intServ="EEMSIIB_PRIME_COMMON_APPLICATIONS" env="prod" override="ProjNumber">3</com.prime.isReadyToProcess.PRIME_IsReadyToProcess_MF>
	<com.prime.isReadyToProcess.PRIME_IsReadyToProcess_MF intServ="EEMSIIB_PRIME_COMMON_APPLICATIONS" env="prod" override="RetryNoOfTimes">3</com.prime.isReadyToProcess.PRIME_IsReadyToProcess_MF>
	<com.prime.isReadyToProcess.PRIME_IsReadyToProcess_MF intServ="EEMSIIB_PRIME_COMMON_APPLICATIONS" env="prod" override="WaitInterval">1000</com.prime.isReadyToProcess.PRIME_IsReadyToProcess_MF>
	<com.prime.isReadyToProcess.PRIME_IsReadyToProcess_MF intServ="EEMSIIB_PRIME_COMMON_APPLICATIONS" env="prod" override="PRIME_READY_IN.queueName">EEMSIIB.PRIME_ISREADYTOPROCESS_IN</com.prime.isReadyToProcess.PRIME_IsReadyToProcess_MF>
	<com.prime.isReadyToProcess.PRIME_IsReadyToProcess_MF intServ="EEMSIIB_PRIME_COMMON_APPLICATIONS" env="prod" override="PRIME_PFG_OUT.queueName">EEMSIIB.EBILL_BE128_NTFY_ISREADYTOPROCESS_DATA</com.prime.isReadyToProcess.PRIME_IsReadyToProcess_MF>
	<com.prime.isReadyToProcess.PRIME_IsReadyToProcess_MF intServ="EEMSIIB_PRIME_COMMON_APPLICATIONS" env="prod" override="PRIME_UpdateReadyToProcessTable.dataSource">EEMS_DB</com.prime.isReadyToProcess.PRIME_IsReadyToProcess_MF>
	<com.prime.isReadyToProcess.PRIME_IsReadyToProcess_MF intServ="EEMSIIB_PRIME_COMMON_APPLICATIONS" env="prod" override="PRIME_ERRORMESSAGE.queueName">EEMSIIB.PRIME_ERRORMESSAGE_DATA</com.prime.isReadyToProcess.PRIME_IsReadyToProcess_MF>
	<com.prime.isReadyToProcess.PRIME_IsReadyToProcess_MF intServ="EEMSIIB_PRIME_COMMON_APPLICATIONS" env="prod" override="PRIME_AuditFailMessage.dataSource">EEMS_DB</com.prime.isReadyToProcess.PRIME_IsReadyToProcess_MF>
	<com.prime.isReadyToProcess.PRIME_IsReadyToProcess_MF intServ="EEMSIIB_PRIME_COMMON_APPLICATIONS" env="prod" override="BrkConfigKey">BRK_CONFIG</com.prime.isReadyToProcess.PRIME_IsReadyToProcess_MF>
	<com.prime.isReadyToProcess.PRIME_IsReadyToProcess_MF intServ="EEMSIIB_PRIME_COMMON_APPLICATIONS" env="prod" override="SCHEMA_NAME">ELECELIG</com.prime.isReadyToProcess.PRIME_IsReadyToProcess_MF>
	<com.prime.isReadyToProcess.PRIME_IsReadyToProcess_MF intServ="EEMSIIB_PRIME_COMMON_APPLICATIONS" env="prod" override="varGCMapName">PRIME_Common_Map</com.prime.isReadyToProcess.PRIME_IsReadyToProcess_MF>
	<com.prime.isReadyToProcess.PRIME_IsReadyToProcess_MF intServ="EEMSIIB_PRIME_COMMON_APPLICATIONS" env="prod" override="CommonCache">PRIME_Common_Map</com.prime.isReadyToProcess.PRIME_IsReadyToProcess_MF>
	<com.prime.isReadyToProcess.PRIME_IsReadyToProcess_MF intServ="EEMSIIB_PRIME_COMMON_APPLICATIONS" env="prod" override="brkrList">BKMBPD15_BKMBPD16_BKMBPD30_BKMBPD31</com.prime.isReadyToProcess.PRIME_IsReadyToProcess_MF>
	<com.prime.isReadyToProcess.PRIME_IsReadyToProcess_MF intServ="EEMSIIB_PRIME_COMMON_APPLICATIONS" env="prod" override="brkrCount">4</com.prime.isReadyToProcess.PRIME_IsReadyToProcess_MF>
	<com.prime.isReadyToProcess.PRIME_IsReadyToProcess_MF intServ="EEMSIIB_PRIME_COMMON_APPLICATIONS" env="prod" override="srcMapName">PRIME_Source_Map</com.prime.isReadyToProcess.PRIME_IsReadyToProcess_MF>
	<com.prime.isReadyToProcess.PRIME_IsReadyToProcess_MF intServ="EEMSIIB_PRIME_COMMON_APPLICATIONS" env="prod" override="custProfMapName">CustomerProfile_Map</com.prime.isReadyToProcess.PRIME_IsReadyToProcess_MF>
	<com.prime.isReadyToProcess.PRIME_IsReadyToProcess_MF intServ="EEMSIIB_PRIME_COMMON_APPLICATIONS" env="prod" override="thresholdcount">0</com.prime.isReadyToProcess.PRIME_IsReadyToProcess_MF>
	<com.prime.isReadyToProcess.PRIME_IsReadyToProcess_MF intServ="EEMSIIB_PRIME_COMMON_APPLICATIONS" env="prod" override="Common_AuditInMessage_SF.queueName">EEMSIIB.PRIME_COMMON_AUDITMESSAGE_DATA</com.prime.isReadyToProcess.PRIME_IsReadyToProcess_MF>

</Broker>
