{
  "swagger" : "2.0",
  "info" : {
    "title" : "MerchantManagement",
    "version" : "2.0.0",
    "description" : "MerchantManagement"
  },
  "paths" : {
    "/getAllMerchants" : {
      "get" : {
        "operationId" : "getAllMerchants",
        "responses" : {
          "200" : {
            "description" : "The operation was successful.",
            "schema" : {
              "$ref" : "#/definitions/getAllMerchantsResponse"
            }
          }
        },
        "produces" : [ "application/json" ],
        "description" : "Retrieve getAllMerchants",
        "parameters" : [ {
          "name" : "password",
          "in" : "query",
          "type" : "string"
        }, {
          "name" : "realm",
          "in" : "query",
          "type" : "string"
        }, {
          "name" : "username",
          "in" : "query",
          "type" : "string"
        } ]
      }
    },
    "/getMerchantDetails" : {
      "get" : {
        "operationId" : "getMerchantDetails",
        "responses" : {
          "200" : {
            "description" : "The operation was successful.",
            "schema" : {
              "$ref" : "#/definitions/getMerchantDetailsResponse"
            }
          }
        },
        "produces" : [ "application/json" ],
        "description" : "Retrieve getMerchantDetails",
        "parameters" : [ {
          "name" : "MerchantID",
          "in" : "query",
          "type" : "string"
        } ]
      }
    },
    "/getMerchantDeposit" : {
      "get" : {
        "operationId" : "getMerchantDeposit",
        "responses" : {
          "200" : {
            "description" : "The operation was successful.",
            "schema" : {
              "$ref" : "#/definitions/getMerchantDepositResponse"
            }
          }
        },
        "produces" : [ "application/json" ],
        "description" : "Retrieve getMerchantDeposit",
        "parameters" : [ {
          "name" : "MerchantID",
          "in" : "query",
          "type" : "integer"
        } ]
      }
    },
    "/getMerchantThreshold" : {
      "get" : {
        "operationId" : "getMerchantThreshold",
        "responses" : {
          "200" : {
            "description" : "The operation was successful.",
            "schema" : {
              "$ref" : "#/definitions/getMerchantThresholdResponse"
            }
          }
        },
        "produces" : [ "application/json" ],
        "description" : "Retrieve getMerchantThreshold",
        "parameters" : [ {
          "name" : "merchantId",
          "in" : "query",
          "type" : "string"
        }, {
          "name" : "password",
          "in" : "query",
          "type" : "string"
        }, {
          "name" : "realm",
          "in" : "query",
          "type" : "string"
        }, {
          "name" : "username",
          "in" : "query",
          "type" : "string"
        } ]
      }
    }
  },
  "basePath" : "/merchantmanagement/v1",
  "definitions" : {
    "getAllMerchantsResponse" : {
      "type" : "object",
      "properties" : {
        "resultStatus" : {
          "type" : "object",
          "properties" : {
            "resultCode" : {
              "type" : "integer"
            },
            "resultMessage" : {
              "type" : "string"
            },
            "results" : {
              "type" : "object",
              "properties" : {
                "merchantId" : {
                  "type" : "integer"
                },
                "fullName" : {
                  "type" : "string"
                }
              }
            }
          }
        }
      }
    },
    "getMerchantDepositResponse" : {
      "type" : "object",
      "properties" : {
        "resultStatus" : {
          "type" : "object",
          "properties" : {
            "resultCode" : {
              "type" : "integer"
            },
            "resultMessage" : {
              "type" : "string"
            }
          }
        },
        "result" : {
          "type" : "object",
          "properties" : {
            "currency" : {
              "type" : "string"
            },
            "deposit" : {
              "type" : "number"
            }
          }
        }
      }
    },
    "getMerchantDetailsResponse" : {
      "type" : "object",
      "properties" : {
        "resultStatus" : {
          "type" : "object",
          "properties" : {
            "resultCode" : {
              "type" : "integer"
            },
            "resultMessage" : {
              "type" : "string"
            }
          }
        },
        "result" : {
          "type" : "object",
          "properties" : {
            "merchantId" : {
              "type" : "integer"
            },
            "name" : {
              "type" : "string"
            },
            "address" : {
              "type" : "string"
            },
            "deposit" : {
              "type" : "number"
            },
            "depositCurrency" : {
              "type" : "string"
            },
            "threshold_amount" : {
              "type" : "number"
            },
            "currency" : {
              "type" : "string"
            },
            "originalDeposit" : {
              "type" : "number"
            },
            "MerchantVendorID" : {
              "type" : "string"
            }
          }
        }
      }
    },
    "getMerchantThresholdResponse" : {
      "type" : "object",
      "properties" : {
        "resultStatus" : {
          "type" : "object",
          "properties" : {
            "resultCode" : {
              "type" : "integer"
            },
            "resultMessage" : {
              "type" : "string"
            }
          }
        },
        "results" : {
          "type" : "object",
          "properties" : {
            "threshold" : {
              "type" : "number"
            }
          }
        }
      }
    },
    "UpdateMerchantRequest" : {
      "type" : "object",
      "properties" : {
        "authentication" : {
          "type" : "object",
          "properties" : {
            "username" : {
              "type" : "string"
            },
            "password" : {
              "type" : "string"
            },
            "realm" : {
              "type" : "string"
            }
          },
          "required" : [ "username", "password", "realm" ]
        },
        "merchant" : {
          "type" : "object",
          "properties" : {
            "newThresHold" : {
              "type" : "string"
            },
            "notificationThreshold" : {
              "type" : "string"
            },
            "Email" : {
              "type" : "string"
            },
            "merchantSapId" : {
              "type" : "string"
            }
          },
          "required" : [ "newThresHold", "merchantSapId" ]
        }
      }
    },
    "UpdateMerchantResponse" : {
      "type" : "object",
      "properties" : {
        "resultStatus" : {
          "type" : "object",
          "properties" : {
            "resultCode" : {
              "type" : "integer"
            },
            "resultMessage" : {
              "type" : "string"
            }
          }
        }
      }
    }
  }
}