{
  "swagger" : "2.0",
  "info" : {
    "title" : "Payments",
    "version" : "2.0.0",
    "description" : "Payments"
  },
  "paths" : {
    "/searchAccount" : {
      "get" : {
        "operationId" : "getSearchAccount",
        "responses" : {
          "200" : {
            "description" : "The operation was successful.",
            "schema" : {
              "$ref" : "#/definitions/getSearchAccountssResponse"
            }
          }
        },
        "produces" : [ "application/json" ],
        "description" : "Retrieve searchAccount",
        "parameters" : [ {
          "name" : "username",
          "in" : "query",
          "type" : "string"
        }, {
          "name" : "password",
          "in" : "query",
          "type" : "string"
        }, {
          "name" : "accountNr",
          "in" : "query",
          "type" : "string"
        }, {
          "name" : "invoiceNumber",
          "in" : "query",
          "type" : "string"
        }, {
          "name" : "CompanyName",
          "in" : "query",
          "type" : "string"
        } ]
      }
    },
    "/getContractCreditChecks" : {
      "get" : {
        "operationId" : "getContractCreditChecks",
        "responses" : {
          "200" : {
            "description" : "The operation was successful.",
            "schema" : {
              "$ref" : "#/definitions/getContractCreditChecksResponse"
            }
          }
        },
        "produces" : [ "application/json" ],
        "description" : "Retrieve getContractCreditChecks",
        "parameters" : [ {
          "name" : "realm",
          "in" : "query",
          "type" : "string",
          "required" : false
        }, {
          "name" : "contractNr",
          "in" : "query",
          "type" : "string"
        }, {
          "name" : "source",
          "in" : "query",
          "type" : "string",
          "required" : false
        }, {
          "name" : "password",
          "in" : "query",
          "type" : "string",
          "required" : false
        }, {
          "name" : "username",
          "in" : "query",
          "type" : "string",
          "required" : false
        } ]
      }
    },
    "/getContractServices" : {
      "get" : {
        "operationId" : "getContractServices",
        "responses" : {
          "200" : {
            "description" : "The operation was successful.",
            "schema" : {
              "$ref" : "#/definitions/getContractserviceResponse"
            }
          }
        },
        "produces" : [ "application/json" ],
        "description" : "Retrieve getContractServices",
        "parameters" : [ {
          "name" : "realm",
          "in" : "query",
          "type" : "string"
        }, {
          "name" : "contractNr",
          "in" : "query",
          "type" : "string"
        }, {
          "name" : "username",
          "in" : "query",
          "type" : "string"
        }, {
          "name" : "password",
          "in" : "query",
          "type" : "string"
        } ]
      }
    },
    "/getAccountPayments" : {
      "get" : {
        "operationId" : "getAccountPayments",
        "responses" : {
          "200" : {
            "description" : "The operation was successful.",
            "schema" : {
              "$ref" : "#/definitions/getAccountPaymentsResponse"
            }
          }
        },
        "produces" : [ "application/json" ],
        "description" : "Retrieve getAccountPayments",
        "parameters" : [ {
          "name" : "accountNr",
          "in" : "query",
          "type" : "string",
          "required" : true
        }, {
          "name" : "source",
          "in" : "query",
          "type" : "string",
          "required" : false
        }, {
          "name" : "password",
          "in" : "query",
          "type" : "string",
          "required" : false
        }, {
          "name" : "realm",
          "in" : "query",
          "type" : "string"
        }, {
          "name" : "username",
          "in" : "query",
          "type" : "string"
        } ]
      }
    },
    "/getAccountInvoices" : {
      "get" : {
        "operationId" : "getAccountInvoices",
        "responses" : {
          "200" : {
            "description" : "The operation was successful.",
            "schema" : {
              "$ref" : "#/definitions/getAccountInvoicesResponse"
            }
          }
        },
        "produces" : [ "application/json" ],
        "description" : "Retrieve getAccountInvoices",
        "parameters" : [ {
          "name" : "accountNr",
          "in" : "query",
          "type" : "string",
          "required" : true
        }, {
          "name" : "source",
          "in" : "query",
          "type" : "string",
          "required" : true
        }, {
          "name" : "password",
          "in" : "query",
          "type" : "string"
        }, {
          "name" : "realm",
          "in" : "query",
          "type" : "string"
        }, {
          "name" : "username",
          "in" : "header",
          "type" : "string"
        } ]
      }
    },
    "/reversePayments" : {
      "post" : {
        "operationId" : "postReversePayments",
        "responses" : {
          "200" : {
            "description" : "The operation was successful.",
            "schema" : {
              "$ref" : "#/definitions/reversePaymentsResponse"
            }
          }
        },
        "consumes" : [ "application/json" ],
        "produces" : [ "application/json" ],
        "description" : "Insert a reversePayments",
        "parameters" : [ {
          "name" : "body",
          "in" : "body",
          "schema" : {
            "$ref" : "#/definitions/reversePaymentsRequest"
          },
          "description" : "The request body for the operation",
          "required" : true
        } ]
      }
    },
    "/generatePaymentToken" : {
      "get" : {
        "operationId" : "getGeneratePaymentToken",
        "responses" : {
          "200" : {
            "description" : "The operation was successful.",
            "schema" : {
              "type" : "string"
            }
          }
        },
        "produces" : [ "application/json" ],
        "description" : "Retrieve generatePaymentToken"
      }
    },
    "/payAccount" : {
      "post" : {
        "operationId" : "postPayAccount",
        "responses" : {
          "200" : {
            "description" : "The operation was successful.",
            "schema" : {
              "$ref" : "#/definitions/postPayAccountResponse"
            }
          }
        },
        "consumes" : [ "application/json" ],
        "produces" : [ "application/json" ],
        "description" : "Insert a PayAccount",
        "parameters" : [ {
          "name" : "body",
          "in" : "body",
          "schema" : {
            "$ref" : "#/definitions/payAccountRequest"
          },
          "description" : "The request body for the operation",
          "required" : true
        } ]
      }
    },
    "/payInvoices" : {
      "post" : {
        "operationId" : "postPayInvoices",
        "responses" : {
          "200" : {
            "description" : "The operation was successful.",
            "schema" : {
              "$ref" : "#/definitions/postPayInvoicesResponse"
            }
          }
        },
        "consumes" : [ "application/json" ],
        "produces" : [ "application/json" ],
        "description" : "Insert a payInvoices",
        "parameters" : [ {
          "name" : "body",
          "in" : "body",
          "schema" : {
            "$ref" : "#/definitions/payInvoiceRequest"
          },
          "description" : "The request body for the operation",
          "required" : true
        } ]
      }
    }
  },
  "basePath" : "/payments/v1",
  "definitions" : {
    "getSearchAccountssResponse" : {
      "type" : "object",
      "properties" : {
        "resultStatus" : {
          "type" : "object",
          "properties" : {
            "resultCode" : {
              "type" : "integer"
            },
            "resultMessage" : {
              "type" : "string"
            }
          }
        },
        "results" : {
          "type" : "object",
          "properties" : {
            "accountNr" : {
              "type" : "string"
            },
            "firstName" : {
              "type" : "string"
            },
            "lastName" : {
              "type" : "string"
            },
            "address" : {
              "type" : "string"
            },
            "source" : {
              "type" : "string"
            },
            "outstandingBalance" : {
              "type" : "number"
            },
            "currency" : {
              "type" : "string"
            }
          }
        }
      }
    },
    "getContractserviceResponse" : {
      "type" : "object",
      "properties" : {
        "resultStatus" : {
          "type" : "object",
          "properties" : {
            "resultCode" : {
              "type" : "string"
            },
            "resultMessage" : {
              "type" : "string"
            }
          }
        },
        "results" : {
          "type" : "object",
          "properties" : {
            "serviceNr" : {
              "type" : "string"
            },
            "firstName" : {
              "type" : "string"
            },
            "lastName" : {
              "type" : "string"
            },
            "address" : {
              "type" : "string"
            },
            "customerType" : {
              "type" : "string"
            },
            "subscriberStatus" : {
              "type" : "string"
            },
            "source" : {
              "type" : "string"
            },
            "serviceCategoryId" : {
              "type" : "string"
            },
            "paymentType" : {
              "type" : "string"
            }
          }
        }
      }
    },
    "getContractCreditChecksResponse" : {
      "type" : "object",
      "properties" : {
        "resultStatus" : {
          "type" : "object",
          "properties" : {
            "resultMessage" : {
              "type" : "string"
            },
            "resultCode" : {
              "type" : "string"
            }
          }
        },
        "results" : {
          "type" : "object",
          "properties" : {
            "contractNr" : {
              "type" : "string"
            },
            "currency" : {
              "type" : "string"
            },
            "balance" : {
              "type" : "string"
            },
            "source" : {
              "type" : "string"
            },
            "fromSplitAccount" : {
              "type" : "string"
            }
          }
        }
      }
    },
    "getAccountPaymentsResponse" : {
      "type" : "object",
      "properties" : {
        "resultStatus" : {
          "type" : "object",
          "properties" : {
            "resultCode" : {
              "type" : "integer"
            },
            "resultMessage" : {
              "type" : "string",
              "format" : "string"
            }
          }
        },
        "results" : {
          "type" : "object",
          "properties" : {
            "accountNr" : {
              "type" : "string"
            },
            "transactionDate" : {
              "type" : "string"
            },
            "transactionId" : {
              "type" : "string"
            },
            "currency" : {
              "type" : "string"
            },
            "amount" : {
              "type" : "number"
            },
            "payMethod" : {
              "type" : "string"
            },
            "description" : {
              "type" : "string"
            },
            "source" : {
              "type" : "string"
            },
            "paymentSource" : {
              "type" : "string"
            },
            "invoiceNumber" : {
              "type" : "integer"
            },
            "reversed" : {
              "type" : "integer"
            },
            "reversePymtCSRName" : {
              "type" : "string"
            },
            "reversePymtTransDate" : {
              "type" : "string"
            },
            "reversePymtTransId" : {
              "type" : "string"
            },
            "MerchandID" : {
              "type" : "integer"
            }
          }
        }
      }
    },
    "getAccountInvoicesResponse" : {
      "type" : "object",
      "properties" : {
        "resultStatus" : {
          "type" : "object",
          "properties" : {
            "resultCode" : {
              "type" : "integer"
            },
            "resultMessage" : {
              "type" : "string"
            }
          }
        },
        "results" : {
          "type" : "object",
          "properties" : {
            "invoiceNumber" : {
              "type" : "string"
            },
            "invoiceDate" : {
              "type" : "string"
            },
            "invoiceDueDate" : {
              "type" : "string"
            },
            "invoiceAmount" : {
              "type" : "number"
            },
            "balanceDue" : {
              "type" : "number"
            },
            "currency" : {
              "type" : "string"
            },
            "invoiceStatus" : {
              "type" : "string"
            },
            "source" : {
              "type" : "string"
            },
            "internalAccountId" : {
              "type" : "string"
            }
          }
        }
      }
    },
    "payAccountRequest" : {
      "type" : "object",
      "properties" : {
        "username" : {
          "type" : "string"
        },
        "password" : {
          "type" : "string"
        },
        "realm" : {
          "type" : "string"
        },
        "Payment" : {
          "type" : "object",
          "properties" : {
            "accountNr" : {
              "type" : "string"
            },
            "amountToPay" : {
              "type" : "number"
            },
            "paymentMethod" : {
              "type" : "string"
            },
            "datasource" : {
              "type" : "string"
            },
            "currency" : {
              "type" : "string"
            },
            "paymentToken" : {
              "type" : "string"
            },
            "MerchantName" : {
              "type" : "string"
            },
            "UserName" : {
              "type" : "string"
            },
            "MerchantLocation" : {
              "type" : "string"
            },
            "AccountPreviousBalance" : {
              "type" : "number"
            },
            "AccountNewBalance" : {
              "type" : "number"
            },
            "TransactionDate" : {
              "type" : "string"
            },
            "merchantID" : {
              "type" : "string"
            }
          }
        }
      }
    },
    "payInvoiceRequest" : {
      "type" : "object",
      "properties" : {
        "Payment" : {
          "type" : "object",
          "properties" : {
            "accountNr" : {
              "type" : "string"
            },
            "amountToPay" : {
              "type" : "number"
            },
            "paymentMethod" : {
              "type" : "string"
            },
            "datasource" : {
              "type" : "string"
            },
            "currency" : {
              "type" : "string"
            },
            "paymentToken" : {
              "type" : "string"
            },
            "MerchantName" : {
              "type" : "string"
            },
            "UserName" : {
              "type" : "string"
            },
            "MerchantLocation" : {
              "type" : "string"
            },
            "TransactionDate" : {
              "type" : "string"
            },
            "Invoice" : {
              "type" : "object",
              "properties" : {
                "InvoiceNo" : {
                  "type" : "string"
                },
                "InvoiceAmount" : {
                  "type" : "string"
                },
                "InovicePreviousBalance" : {
                  "type" : "string"
                },
                "InoviceNewBalance" : {
                  "type" : "string"
                }
              }
            },
            "merchantID" : {
              "type" : "string"
            }
          }
        },
        "username" : {
          "type" : "string"
        },
        "password" : {
          "type" : "string"
        },
        "realm" : {
          "type" : "string"
        }
      }
    },
    "postPayInvoicesResponse" : {
      "type" : "object",
      "properties" : {
        "resultStatus" : {
          "type" : "object",
          "properties" : {
            "resultCode" : {
              "type" : "string"
            },
            "resultMessage" : {
              "type" : "string"
            }
          }
        },
        "results" : {
          "type" : "object",
          "properties" : {
            "Invoices" : {
              "type" : "object",
              "properties" : {
                "transactionId" : {
                  "type" : "string"
                },
                "invoiceNumber" : {
                  "type" : "string"
                },
                "INVOICEBALANCE" : {
                  "type" : "string"
                },
                "Currency" : {
                  "type" : "string"
                },
                "Status" : {
                  "type" : "string"
                }
              }
            }
          }
        }
      }
    },
    "reversePaymentsRequest" : {
      "type" : "object",
      "properties" : {
        "authentication" : {
          "type" : "object",
          "properties" : {
            "username" : {
              "type" : "string"
            },
            "password" : {
              "type" : "string"
            },
            "realm" : {
              "type" : "string"
            }
          }
        },
        "payment" : {
          "type" : "object",
          "properties" : {
            "transactionId" : {
              "type" : "string"
            },
            "source" : {
              "type" : "string"
            },
            "paymentMethod" : {
              "type" : "string"
            },
            "currency" : {
              "type" : "string"
            },
            "contractNr" : {
              "type" : "string"
            },
            "amountPaid" : {
              "type" : "string"
            },
            "invoiceNumber" : {
              "type" : "string"
            },
            "paymentDate" : {
              "type" : "string"
            }
          }
        }
      }
    },
    "reversePaymentsResponse" : {
      "type" : "object",
      "properties" : {
        "resultStatus" : {
          "type" : "object",
          "properties" : {
            "resultCode" : {
              "type" : "string"
            },
            "resultMessage" : {
              "type" : "string"
            }
          }
        }
      }
    },
    "postPayAccountResponse" : {
      "type" : "object",
      "properties" : {
        "resultStatus" : {
          "type" : "object",
          "properties" : {
            "resultCode" : {
              "type" : "string"
            },
            "resultMessage" : {
              "type" : "string"
            }
          }
        },
        "results" : {
          "type" : "object",
          "properties" : {
            "transactionId" : {
              "type" : "string"
            },
            "AcctBalanceDue" : {
              "type" : "string"
            },
            "Currency" : {
              "type" : "string"
            },
            "Status" : {
              "type" : "string"
            }
          }
        }
      }
    }
  }
}