<?xml version="1.0" encoding="UTF-8" ?> 
<Broker>
<!-- DEV -->
<com.gps.Inquiry.GPS_SourceInquiry_MF intServ="EEMSIIB_GPS_SRC_INQUIRY" env="dev" override="additionalInstances">30</com.gps.Inquiry.GPS_SourceInquiry_MF>
<com.gps.Inquiry.GPS_SourceInquiry_MF intServ="EEMSIIB_GPS_SRC_INQUIRY" env="dev" override="BrkConfigKey">BRK_CONFIG</com.gps.Inquiry.GPS_SourceInquiry_MF>
<com.gps.Inquiry.GPS_SourceInquiry_MF intServ="EEMSIIB_GPS_SRC_INQUIRY" env="dev" override="SchemaName">ELECELIG</com.gps.Inquiry.GPS_SourceInquiry_MF>
<com.gps.Inquiry.GPS_SourceInquiry_MF intServ="EEMSIIB_GPS_SRC_INQUIRY" env="dev" override="GlobalCacheMap">GPS_Common_Map</com.gps.Inquiry.GPS_SourceInquiry_MF>
<com.gps.Inquiry.GPS_SourceInquiry_MF intServ="EEMSIIB_GPS_SRC_INQUIRY" env="dev" override="RetryNoOfTimes">3</com.gps.Inquiry.GPS_SourceInquiry_MF>
<com.gps.Inquiry.GPS_SourceInquiry_MF intServ="EEMSIIB_GPS_SRC_INQUIRY" env="dev" override="sleepInterval">5000</com.gps.Inquiry.GPS_SourceInquiry_MF>
<com.gps.Inquiry.GPS_SourceInquiry_MF intServ="EEMSIIB_GPS_SRC_INQUIRY" env="dev" override="Source_Inq_in">EEMSIIB.GPS_SOURCE_CO_INQ_IN</com.gps.Inquiry.GPS_SourceInquiry_MF>
<com.gps.Inquiry.GPS_SourceInquiry_MF intServ="EEMSIIB_GPS_SRC_INQUIRY" env="dev" override="TRANSFORM_IN">EEMSIIB.GPS_SOURCE_POSTPROC_IN</com.gps.Inquiry.GPS_SourceInquiry_MF>
<com.gps.Inquiry.GPS_SourceInquiry_MF intServ="EEMSIIB_GPS_SRC_INQUIRY" env="dev" override="AuditQName">EEMSIIB.GPS_COMMON_AUDITMESSAGE_DATA</com.gps.Inquiry.GPS_SourceInquiry_MF>
<com.gps.Inquiry.GPS_SourceInquiry_MF intServ="EEMSIIB_GPS_SRC_INQUIRY" env="dev" override="includeApplicationData">true</com.gps.Inquiry.GPS_SourceInquiry_MF>
<com.gps.Inquiry.GPS_SourceInquiry_MF intServ="EEMSIIB_GPS_SRC_INQUIRY" env="dev" override="includePlanData">true</com.gps.Inquiry.GPS_SourceInquiry_MF>
<com.gps.Inquiry.GPS_SourceInquiry_MF intServ="EEMSIIB_GPS_SRC_INQUIRY" env="dev" override="Username">upmeeetest</com.gps.Inquiry.GPS_SourceInquiry_MF>
<com.gps.Inquiry.GPS_SourceInquiry_MF intServ="EEMSIIB_GPS_SRC_INQUIRY" env="dev" override="Password">hy8iKHHS</com.gps.Inquiry.GPS_SourceInquiry_MF>
<com.gps.Inquiry.GPS_SourceInquiry_MF intServ="EEMSIIB_GPS_SRC_INQUIRY" env="dev" override="BECode">600</com.gps.Inquiry.GPS_SourceInquiry_MF>
<com.gps.Inquiry.GPS_SourceInquiry_MF intServ="EEMSIIB_GPS_SRC_INQUIRY" env="dev" override="ProjNumber">3</com.gps.Inquiry.GPS_SourceInquiry_MF>
<com.gps.Inquiry.GPS_SourceInquiry_MF intServ="EEMSIIB_GPS_SRC_INQUIRY" env="dev" override="Build_GPSRequest.dataSource">EEMS_DB</com.gps.Inquiry.GPS_SourceInquiry_MF>
<com.gps.Inquiry.GPS_SourceInquiry_MF intServ="EEMSIIB_GPS_SRC_INQUIRY" env="dev" override="EEMSIIB.GPS_ERRORMESSAGE_DATA.queueName">EEMSIIB.GPS_ERRORMESSAGE_DATA</com.gps.Inquiry.GPS_SourceInquiry_MF>
<com.gps.Inquiry.GPS_SourceInquiry_MF intServ="EEMSIIB_GPS_SRC_INQUIRY" env="dev" override="GPS_Custom_XML_from_Initial.componentLevel">node</com.gps.Inquiry.GPS_SourceInquiry_MF>
<com.gps.Inquiry.GPS_SourceInquiry_MF intServ="EEMSIIB_GPS_SRC_INQUIRY" env="dev" override="GPS_Custom_XML_from_Initial.additionalInstances">30</com.gps.Inquiry.GPS_SourceInquiry_MF>
<com.gps.Inquiry.GPS_SourceInquiry_MF intServ="EEMSIIB_GPS_SRC_INQUIRY" env="dev" override="MemberInq_ProcessException.dataSource">EEMS_DB</com.gps.Inquiry.GPS_SourceInquiry_MF>
<com.gps.Inquiry.GPS_SourceInquiry_MF intServ="EEMSIIB_GPS_SRC_INQUIRY" env="dev" override="PriorityMap">EEMS_Priority_Map</com.gps.Inquiry.GPS_SourceInquiry_MF>
<com.gps.Inquiry.GPS_SourceInquiry_MF intServ="EEMSIIB_GPS_SRC_INQUIRY" env="dev" override="PriorityKey">INFLIGHT_CACHE</com.gps.Inquiry.GPS_SourceInquiry_MF>
<com.gps.Inquiry.Webservice_SubFlow intServ="EEMSIIB_GPS_SRC_INQUIRY" env="dev" override="webServiceURL">https://aesystestproxy-vm.uhc.com:22443/upm4/soap/ovationsmember/ReadOvationsMemberEligibilityV10</com.gps.Inquiry.Webservice_SubFlow>
<com.gps.Inquiry.Webservice_SubFlow intServ="EEMSIIB_GPS_SRC_INQUIRY" env="dev" override="Request.sslProtocol">TLSv1.2</com.gps.Inquiry.Webservice_SubFlow>
<com.gps.Inquiry.Webservice_SubFlow intServ="EEMSIIB_GPS_SRC_INQUIRY" env="dev" override="Request.validateMaster">none</com.gps.Inquiry.Webservice_SubFlow>

<com.gps.Inquiry.GPS_SourceInquiry_MF intServ="EEMSIIB_GPS_SRC_PRIORITY" env="dev" override="additionalInstances">30</com.gps.Inquiry.GPS_SourceInquiry_MF>
<com.gps.Inquiry.GPS_SourceInquiry_MF intServ="EEMSIIB_GPS_SRC_PRIORITY" env="dev" override="BrkConfigKey">BRK_CONFIG</com.gps.Inquiry.GPS_SourceInquiry_MF>
<com.gps.Inquiry.GPS_SourceInquiry_MF intServ="EEMSIIB_GPS_SRC_PRIORITY" env="dev" override="SchemaName">ELECELIG</com.gps.Inquiry.GPS_SourceInquiry_MF>
<com.gps.Inquiry.GPS_SourceInquiry_MF intServ="EEMSIIB_GPS_SRC_PRIORITY" env="dev" override="GlobalCacheMap">GPS_Common_Map</com.gps.Inquiry.GPS_SourceInquiry_MF>
<com.gps.Inquiry.GPS_SourceInquiry_MF intServ="EEMSIIB_GPS_SRC_PRIORITY" env="dev" override="RetryNoOfTimes">3</com.gps.Inquiry.GPS_SourceInquiry_MF>
<com.gps.Inquiry.GPS_SourceInquiry_MF intServ="EEMSIIB_GPS_SRC_PRIORITY" env="dev" override="sleepInterval">5000</com.gps.Inquiry.GPS_SourceInquiry_MF>
<com.gps.Inquiry.GPS_SourceInquiry_MF intServ="EEMSIIB_GPS_SRC_PRIORITY" env="dev" override="Source_Inq_in">EEMSIIB.GPS_SOURCE_PRTY_CO_INQ_IN</com.gps.Inquiry.GPS_SourceInquiry_MF>
<com.gps.Inquiry.GPS_SourceInquiry_MF intServ="EEMSIIB_GPS_SRC_PRIORITY" env="dev" override="TRANSFORM_IN">EEMSIIB.GPS_SOURCE_PRTY_POSTPROC_IN</com.gps.Inquiry.GPS_SourceInquiry_MF>
<com.gps.Inquiry.GPS_SourceInquiry_MF intServ="EEMSIIB_GPS_SRC_PRIORITY" env="dev" override="AuditQName">EEMSIIB.GPS_COMMON_AUDITMESSAGE_DATA</com.gps.Inquiry.GPS_SourceInquiry_MF>
<com.gps.Inquiry.GPS_SourceInquiry_MF intServ="EEMSIIB_GPS_SRC_PRIORITY" env="dev" override="includeApplicationData">true</com.gps.Inquiry.GPS_SourceInquiry_MF>
<com.gps.Inquiry.GPS_SourceInquiry_MF intServ="EEMSIIB_GPS_SRC_PRIORITY" env="dev" override="includePlanData">true</com.gps.Inquiry.GPS_SourceInquiry_MF>
<com.gps.Inquiry.GPS_SourceInquiry_MF intServ="EEMSIIB_GPS_SRC_PRIORITY" env="dev" override="Username">upmeeetest</com.gps.Inquiry.GPS_SourceInquiry_MF>
<com.gps.Inquiry.GPS_SourceInquiry_MF intServ="EEMSIIB_GPS_SRC_PRIORITY" env="dev" override="Password">hy8iKHHS</com.gps.Inquiry.GPS_SourceInquiry_MF>
<com.gps.Inquiry.GPS_SourceInquiry_MF intServ="EEMSIIB_GPS_SRC_PRIORITY" env="dev" override="BECode">600</com.gps.Inquiry.GPS_SourceInquiry_MF>
<com.gps.Inquiry.GPS_SourceInquiry_MF intServ="EEMSIIB_GPS_SRC_PRIORITY" env="dev" override="ProjNumber">3</com.gps.Inquiry.GPS_SourceInquiry_MF>
<com.gps.Inquiry.GPS_SourceInquiry_MF intServ="EEMSIIB_GPS_SRC_PRIORITY" env="dev" override="Build_GPSRequest.dataSource">EEMS_DB</com.gps.Inquiry.GPS_SourceInquiry_MF>
<com.gps.Inquiry.GPS_SourceInquiry_MF intServ="EEMSIIB_GPS_SRC_PRIORITY" env="dev" override="EEMSIIB.GPS_ERRORMESSAGE_DATA.queueName">EEMSIIB.GPS_ERRORMESSAGE_DATA</com.gps.Inquiry.GPS_SourceInquiry_MF>
<com.gps.Inquiry.GPS_SourceInquiry_MF intServ="EEMSIIB_GPS_SRC_PRIORITY" env="dev" override="GPS_Custom_XML_from_Initial.componentLevel">node</com.gps.Inquiry.GPS_SourceInquiry_MF>
<com.gps.Inquiry.GPS_SourceInquiry_MF intServ="EEMSIIB_GPS_SRC_PRIORITY" env="dev" override="GPS_Custom_XML_from_Initial.additionalInstances">30</com.gps.Inquiry.GPS_SourceInquiry_MF>
<com.gps.Inquiry.GPS_SourceInquiry_MF intServ="EEMSIIB_GPS_SRC_PRIORITY" env="dev" override="MemberInq_ProcessException.dataSource">EEMS_DB</com.gps.Inquiry.GPS_SourceInquiry_MF>
<com.gps.Inquiry.GPS_SourceInquiry_MF intServ="EEMSIIB_GPS_SRC_PRIORITY" env="dev" override="PriorityMap">EEMS_Priority_Map</com.gps.Inquiry.GPS_SourceInquiry_MF>
<com.gps.Inquiry.GPS_SourceInquiry_MF intServ="EEMSIIB_GPS_SRC_PRIORITY" env="dev" override="PriorityKey">INFLIGHT_CACHE</com.gps.Inquiry.GPS_SourceInquiry_MF>
<com.gps.Inquiry.Webservice_SubFlow intServ="EEMSIIB_GPS_SRC_PRIORITY" env="dev" override="webServiceURL">https://aesystestproxy-vm.uhc.com:22443/upm4/soap/ovationsmember/ReadOvationsMemberEligibilityV10</com.gps.Inquiry.Webservice_SubFlow>
<com.gps.Inquiry.Webservice_SubFlow intServ="EEMSIIB_GPS_SRC_PRIORITY" env="dev" override="Request.sslProtocol">TLSv1.2</com.gps.Inquiry.Webservice_SubFlow>
<com.gps.Inquiry.Webservice_SubFlow intServ="EEMSIIB_GPS_SRC_PRIORITY" env="dev" override="Request.validateMaster">none</com.gps.Inquiry.Webservice_SubFlow>

<!-- SIT -->
<com.gps.Inquiry.GPS_SourceInquiry_MF intServ="EEMSIIB_GPS_SRC_INQUIRY" env="test" override="additionalInstances">30</com.gps.Inquiry.GPS_SourceInquiry_MF>
<com.gps.Inquiry.GPS_SourceInquiry_MF intServ="EEMSIIB_GPS_SRC_INQUIRY" env="test" override="BrkConfigKey">BRK_CONFIG</com.gps.Inquiry.GPS_SourceInquiry_MF>
<com.gps.Inquiry.GPS_SourceInquiry_MF intServ="EEMSIIB_GPS_SRC_INQUIRY" env="test" override="SchemaName">ELECELIG</com.gps.Inquiry.GPS_SourceInquiry_MF>
<com.gps.Inquiry.GPS_SourceInquiry_MF intServ="EEMSIIB_GPS_SRC_INQUIRY" env="test" override="GlobalCacheMap">GPS_Common_Map</com.gps.Inquiry.GPS_SourceInquiry_MF>
<com.gps.Inquiry.GPS_SourceInquiry_MF intServ="EEMSIIB_GPS_SRC_INQUIRY" env="test" override="RetryNoOfTimes">3</com.gps.Inquiry.GPS_SourceInquiry_MF>
<com.gps.Inquiry.GPS_SourceInquiry_MF intServ="EEMSIIB_GPS_SRC_INQUIRY" env="test" override="sleepInterval">5000</com.gps.Inquiry.GPS_SourceInquiry_MF>
<com.gps.Inquiry.GPS_SourceInquiry_MF intServ="EEMSIIB_GPS_SRC_INQUIRY" env="test" override="Source_Inq_in">EEMSIIB.GPS_SOURCE_CO_INQ_IN</com.gps.Inquiry.GPS_SourceInquiry_MF>
<com.gps.Inquiry.GPS_SourceInquiry_MF intServ="EEMSIIB_GPS_SRC_INQUIRY" env="test" override="TRANSFORM_IN">EEMSIIB.GPS_SOURCE_POSTPROC_IN</com.gps.Inquiry.GPS_SourceInquiry_MF>
<com.gps.Inquiry.GPS_SourceInquiry_MF intServ="EEMSIIB_GPS_SRC_INQUIRY" env="test" override="AuditQName">EEMSIIB.GPS_COMMON_AUDITMESSAGE_DATA</com.gps.Inquiry.GPS_SourceInquiry_MF>
<com.gps.Inquiry.GPS_SourceInquiry_MF intServ="EEMSIIB_GPS_SRC_INQUIRY" env="test" override="includeApplicationData">true</com.gps.Inquiry.GPS_SourceInquiry_MF>
<com.gps.Inquiry.GPS_SourceInquiry_MF intServ="EEMSIIB_GPS_SRC_INQUIRY" env="test" override="includePlanData">true</com.gps.Inquiry.GPS_SourceInquiry_MF>
<com.gps.Inquiry.GPS_SourceInquiry_MF intServ="EEMSIIB_GPS_SRC_INQUIRY" env="test" override="Username">upmeeetest</com.gps.Inquiry.GPS_SourceInquiry_MF>
<com.gps.Inquiry.GPS_SourceInquiry_MF intServ="EEMSIIB_GPS_SRC_INQUIRY" env="test" override="Password">hy8iKHHS</com.gps.Inquiry.GPS_SourceInquiry_MF>
<com.gps.Inquiry.GPS_SourceInquiry_MF intServ="EEMSIIB_GPS_SRC_INQUIRY" env="test" override="BECode">600</com.gps.Inquiry.GPS_SourceInquiry_MF>
<com.gps.Inquiry.GPS_SourceInquiry_MF intServ="EEMSIIB_GPS_SRC_INQUIRY" env="test" override="ProjNumber">3</com.gps.Inquiry.GPS_SourceInquiry_MF>
<com.gps.Inquiry.GPS_SourceInquiry_MF intServ="EEMSIIB_GPS_SRC_INQUIRY" env="test" override="Build_GPSRequest.dataSource">EEMS_DB</com.gps.Inquiry.GPS_SourceInquiry_MF>
<com.gps.Inquiry.GPS_SourceInquiry_MF intServ="EEMSIIB_GPS_SRC_INQUIRY" env="test" override="EEMSIIB.GPS_ERRORMESSAGE_DATA.queueName">EEMSIIB.GPS_ERRORMESSAGE_DATA</com.gps.Inquiry.GPS_SourceInquiry_MF>
<com.gps.Inquiry.GPS_SourceInquiry_MF intServ="EEMSIIB_GPS_SRC_INQUIRY" env="test" override="GPS_Custom_XML_from_Initial.componentLevel">node</com.gps.Inquiry.GPS_SourceInquiry_MF>
<com.gps.Inquiry.GPS_SourceInquiry_MF intServ="EEMSIIB_GPS_SRC_INQUIRY" env="test" override="GPS_Custom_XML_from_Initial.additionalInstances">30</com.gps.Inquiry.GPS_SourceInquiry_MF>
<com.gps.Inquiry.GPS_SourceInquiry_MF intServ="EEMSIIB_GPS_SRC_INQUIRY" env="test" override="MemberInq_ProcessException.dataSource">EEMS_DB</com.gps.Inquiry.GPS_SourceInquiry_MF>
<com.gps.Inquiry.GPS_SourceInquiry_MF intServ="EEMSIIB_GPS_SRC_INQUIRY" env="test" override="PriorityMap">EEMS_Priority_Map</com.gps.Inquiry.GPS_SourceInquiry_MF>
<com.gps.Inquiry.GPS_SourceInquiry_MF intServ="EEMSIIB_GPS_SRC_INQUIRY" env="test" override="PriorityKey">INFLIGHT_CACHE</com.gps.Inquiry.GPS_SourceInquiry_MF>
<com.gps.Inquiry.Webservice_SubFlow intServ="EEMSIIB_GPS_SRC_INQUIRY" env="test" override="webServiceURL">https://aesystestproxy-vm.uhc.com:22443/upm4/soap/ovationsmember/ReadOvationsMemberEligibilityV10</com.gps.Inquiry.Webservice_SubFlow>
<com.gps.Inquiry.Webservice_SubFlow intServ="EEMSIIB_GPS_SRC_INQUIRY" env="test" override="Request.sslProtocol">TLSv1.2</com.gps.Inquiry.Webservice_SubFlow>
<com.gps.Inquiry.Webservice_SubFlow intServ="EEMSIIB_GPS_SRC_INQUIRY" env="test" override="Request.validateMaster">none</com.gps.Inquiry.Webservice_SubFlow>

<com.gps.Inquiry.GPS_SourceInquiry_MF intServ="EEMSIIB_GPS_SRC_PRIORITY" env="test" override="additionalInstances">30</com.gps.Inquiry.GPS_SourceInquiry_MF>
<com.gps.Inquiry.GPS_SourceInquiry_MF intServ="EEMSIIB_GPS_SRC_PRIORITY" env="test" override="BrkConfigKey">BRK_CONFIG</com.gps.Inquiry.GPS_SourceInquiry_MF>
<com.gps.Inquiry.GPS_SourceInquiry_MF intServ="EEMSIIB_GPS_SRC_PRIORITY" env="test" override="SchemaName">ELECELIG</com.gps.Inquiry.GPS_SourceInquiry_MF>
<com.gps.Inquiry.GPS_SourceInquiry_MF intServ="EEMSIIB_GPS_SRC_PRIORITY" env="test" override="GlobalCacheMap">GPS_Common_Map</com.gps.Inquiry.GPS_SourceInquiry_MF>
<com.gps.Inquiry.GPS_SourceInquiry_MF intServ="EEMSIIB_GPS_SRC_PRIORITY" env="test" override="RetryNoOfTimes">3</com.gps.Inquiry.GPS_SourceInquiry_MF>
<com.gps.Inquiry.GPS_SourceInquiry_MF intServ="EEMSIIB_GPS_SRC_PRIORITY" env="test" override="sleepInterval">5000</com.gps.Inquiry.GPS_SourceInquiry_MF>
<com.gps.Inquiry.GPS_SourceInquiry_MF intServ="EEMSIIB_GPS_SRC_PRIORITY" env="test" override="Source_Inq_in">EEMSIIB.GPS_SOURCE_PRTY_CO_INQ_IN</com.gps.Inquiry.GPS_SourceInquiry_MF>
<com.gps.Inquiry.GPS_SourceInquiry_MF intServ="EEMSIIB_GPS_SRC_PRIORITY" env="test" override="TRANSFORM_IN">EEMSIIB.GPS_SOURCE_PRTY_POSTPROC_IN</com.gps.Inquiry.GPS_SourceInquiry_MF>
<com.gps.Inquiry.GPS_SourceInquiry_MF intServ="EEMSIIB_GPS_SRC_PRIORITY" env="test" override="AuditQName">EEMSIIB.GPS_COMMON_AUDITMESSAGE_DATA</com.gps.Inquiry.GPS_SourceInquiry_MF>
<com.gps.Inquiry.GPS_SourceInquiry_MF intServ="EEMSIIB_GPS_SRC_PRIORITY" env="test" override="includeApplicationData">true</com.gps.Inquiry.GPS_SourceInquiry_MF>
<com.gps.Inquiry.GPS_SourceInquiry_MF intServ="EEMSIIB_GPS_SRC_PRIORITY" env="test" override="includePlanData">true</com.gps.Inquiry.GPS_SourceInquiry_MF>
<com.gps.Inquiry.GPS_SourceInquiry_MF intServ="EEMSIIB_GPS_SRC_PRIORITY" env="test" override="Username">upmeeetest</com.gps.Inquiry.GPS_SourceInquiry_MF>
<com.gps.Inquiry.GPS_SourceInquiry_MF intServ="EEMSIIB_GPS_SRC_PRIORITY" env="test" override="Password">hy8iKHHS</com.gps.Inquiry.GPS_SourceInquiry_MF>
<com.gps.Inquiry.GPS_SourceInquiry_MF intServ="EEMSIIB_GPS_SRC_PRIORITY" env="test" override="BECode">600</com.gps.Inquiry.GPS_SourceInquiry_MF>
<com.gps.Inquiry.GPS_SourceInquiry_MF intServ="EEMSIIB_GPS_SRC_PRIORITY" env="test" override="ProjNumber">3</com.gps.Inquiry.GPS_SourceInquiry_MF>
<com.gps.Inquiry.GPS_SourceInquiry_MF intServ="EEMSIIB_GPS_SRC_PRIORITY" env="test" override="Build_GPSRequest.dataSource">EEMS_DB</com.gps.Inquiry.GPS_SourceInquiry_MF>
<com.gps.Inquiry.GPS_SourceInquiry_MF intServ="EEMSIIB_GPS_SRC_PRIORITY" env="test" override="EEMSIIB.GPS_ERRORMESSAGE_DATA.queueName">EEMSIIB.GPS_ERRORMESSAGE_DATA</com.gps.Inquiry.GPS_SourceInquiry_MF>
<com.gps.Inquiry.GPS_SourceInquiry_MF intServ="EEMSIIB_GPS_SRC_PRIORITY" env="test" override="GPS_Custom_XML_from_Initial.componentLevel">node</com.gps.Inquiry.GPS_SourceInquiry_MF>
<com.gps.Inquiry.GPS_SourceInquiry_MF intServ="EEMSIIB_GPS_SRC_PRIORITY" env="test" override="GPS_Custom_XML_from_Initial.additionalInstances">30</com.gps.Inquiry.GPS_SourceInquiry_MF>
<com.gps.Inquiry.GPS_SourceInquiry_MF intServ="EEMSIIB_GPS_SRC_PRIORITY" env="test" override="MemberInq_ProcessException.dataSource">EEMS_DB</com.gps.Inquiry.GPS_SourceInquiry_MF>
<com.gps.Inquiry.GPS_SourceInquiry_MF intServ="EEMSIIB_GPS_SRC_PRIORITY" env="test" override="PriorityMap">EEMS_Priority_Map</com.gps.Inquiry.GPS_SourceInquiry_MF>
<com.gps.Inquiry.GPS_SourceInquiry_MF intServ="EEMSIIB_GPS_SRC_PRIORITY" env="test" override="PriorityKey">INFLIGHT_CACHE</com.gps.Inquiry.GPS_SourceInquiry_MF>
<com.gps.Inquiry.Webservice_SubFlow intServ="EEMSIIB_GPS_SRC_PRIORITY" env="test" override="webServiceURL">https://aesystestproxy-vm.uhc.com:22443/upm4/soap/ovationsmember/ReadOvationsMemberEligibilityV10</com.gps.Inquiry.Webservice_SubFlow>
<com.gps.Inquiry.Webservice_SubFlow intServ="EEMSIIB_GPS_SRC_PRIORITY" env="test" override="Request.sslProtocol">TLSv1.2</com.gps.Inquiry.Webservice_SubFlow>
<com.gps.Inquiry.Webservice_SubFlow intServ="EEMSIIB_GPS_SRC_PRIORITY" env="test" override="Request.validateMaster">none</com.gps.Inquiry.Webservice_SubFlow>

<!-- SIT-Bravo -->
<com.gps.Inquiry.GPS_SourceInquiry_MF intServ="EEMSIIB_GPS_SRC_INQUIRY" env="test2" override="additionalInstances">30</com.gps.Inquiry.GPS_SourceInquiry_MF>
<com.gps.Inquiry.GPS_SourceInquiry_MF intServ="EEMSIIB_GPS_SRC_INQUIRY" env="test2" override="BrkConfigKey">BRK_CONFIG</com.gps.Inquiry.GPS_SourceInquiry_MF>
<com.gps.Inquiry.GPS_SourceInquiry_MF intServ="EEMSIIB_GPS_SRC_INQUIRY" env="test2" override="SchemaName">ELECELIG</com.gps.Inquiry.GPS_SourceInquiry_MF>
<com.gps.Inquiry.GPS_SourceInquiry_MF intServ="EEMSIIB_GPS_SRC_INQUIRY" env="test2" override="GlobalCacheMap">GPS_Common_Map</com.gps.Inquiry.GPS_SourceInquiry_MF>
<com.gps.Inquiry.GPS_SourceInquiry_MF intServ="EEMSIIB_GPS_SRC_INQUIRY" env="test2" override="RetryNoOfTimes">3</com.gps.Inquiry.GPS_SourceInquiry_MF>
<com.gps.Inquiry.GPS_SourceInquiry_MF intServ="EEMSIIB_GPS_SRC_INQUIRY" env="test2" override="sleepInterval">5000</com.gps.Inquiry.GPS_SourceInquiry_MF>
<com.gps.Inquiry.GPS_SourceInquiry_MF intServ="EEMSIIB_GPS_SRC_INQUIRY" env="test2" override="Source_Inq_in">EEMSIIB.GPS_SOURCE_CO_INQ_IN</com.gps.Inquiry.GPS_SourceInquiry_MF>
<com.gps.Inquiry.GPS_SourceInquiry_MF intServ="EEMSIIB_GPS_SRC_INQUIRY" env="test2" override="TRANSFORM_IN">EEMSIIB.GPS_SOURCE_POSTPROC_IN</com.gps.Inquiry.GPS_SourceInquiry_MF>
<com.gps.Inquiry.GPS_SourceInquiry_MF intServ="EEMSIIB_GPS_SRC_INQUIRY" env="test2" override="AuditQName">EEMSIIB.GPS_COMMON_AUDITMESSAGE_DATA</com.gps.Inquiry.GPS_SourceInquiry_MF>
<com.gps.Inquiry.GPS_SourceInquiry_MF intServ="EEMSIIB_GPS_SRC_INQUIRY" env="test2" override="includeApplicationData">true</com.gps.Inquiry.GPS_SourceInquiry_MF>
<com.gps.Inquiry.GPS_SourceInquiry_MF intServ="EEMSIIB_GPS_SRC_INQUIRY" env="test2" override="includePlanData">true</com.gps.Inquiry.GPS_SourceInquiry_MF>
<com.gps.Inquiry.GPS_SourceInquiry_MF intServ="EEMSIIB_GPS_SRC_INQUIRY" env="test2" override="Username">upmeeetest2</com.gps.Inquiry.GPS_SourceInquiry_MF>
<com.gps.Inquiry.GPS_SourceInquiry_MF intServ="EEMSIIB_GPS_SRC_INQUIRY" env="test2" override="Password">hy8iKHHS</com.gps.Inquiry.GPS_SourceInquiry_MF>
<com.gps.Inquiry.GPS_SourceInquiry_MF intServ="EEMSIIB_GPS_SRC_INQUIRY" env="test2" override="BECode">600</com.gps.Inquiry.GPS_SourceInquiry_MF>
<com.gps.Inquiry.GPS_SourceInquiry_MF intServ="EEMSIIB_GPS_SRC_INQUIRY" env="test2" override="ProjNumber">3</com.gps.Inquiry.GPS_SourceInquiry_MF>
<com.gps.Inquiry.GPS_SourceInquiry_MF intServ="EEMSIIB_GPS_SRC_INQUIRY" env="test2" override="Build_GPSRequest.dataSource">EEMS_DB</com.gps.Inquiry.GPS_SourceInquiry_MF>
<com.gps.Inquiry.GPS_SourceInquiry_MF intServ="EEMSIIB_GPS_SRC_INQUIRY" env="test2" override="EEMSIIB.GPS_ERRORMESSAGE_DATA.queueName">EEMSIIB.GPS_ERRORMESSAGE_DATA</com.gps.Inquiry.GPS_SourceInquiry_MF>
<com.gps.Inquiry.GPS_SourceInquiry_MF intServ="EEMSIIB_GPS_SRC_INQUIRY" env="test2" override="GPS_Custom_XML_from_Initial.componentLevel">node</com.gps.Inquiry.GPS_SourceInquiry_MF>
<com.gps.Inquiry.GPS_SourceInquiry_MF intServ="EEMSIIB_GPS_SRC_INQUIRY" env="test2" override="GPS_Custom_XML_from_Initial.additionalInstances">30</com.gps.Inquiry.GPS_SourceInquiry_MF>
<com.gps.Inquiry.GPS_SourceInquiry_MF intServ="EEMSIIB_GPS_SRC_INQUIRY" env="test2" override="MemberInq_ProcessException.dataSource">EEMS_DB</com.gps.Inquiry.GPS_SourceInquiry_MF>
<com.gps.Inquiry.GPS_SourceInquiry_MF intServ="EEMSIIB_GPS_SRC_INQUIRY" env="test2" override="PriorityMap">EEMS_Priority_Map</com.gps.Inquiry.GPS_SourceInquiry_MF>
<com.gps.Inquiry.GPS_SourceInquiry_MF intServ="EEMSIIB_GPS_SRC_INQUIRY" env="test2" override="PriorityKey">INFLIGHT_CACHE</com.gps.Inquiry.GPS_SourceInquiry_MF>
<com.gps.Inquiry.Webservice_SubFlow intServ="EEMSIIB_GPS_SRC_INQUIRY" env="test2" override="webServiceURL">https://aesystestproxy-vm.uhc.com:22443/upm4/soap/ovationsmember/ReadOvationsMemberEligibilityV10</com.gps.Inquiry.Webservice_SubFlow>
<com.gps.Inquiry.Webservice_SubFlow intServ="EEMSIIB_GPS_SRC_INQUIRY" env="test2" override="Request.sslProtocol">TLSv1.2</com.gps.Inquiry.Webservice_SubFlow>
<com.gps.Inquiry.Webservice_SubFlow intServ="EEMSIIB_GPS_SRC_INQUIRY" env="test2" override="Request.validateMaster">none</com.gps.Inquiry.Webservice_SubFlow>

<com.gps.Inquiry.GPS_SourceInquiry_MF intServ="EEMSIIB_GPS_SRC_PRIORITY" env="test2" override="additionalInstances">30</com.gps.Inquiry.GPS_SourceInquiry_MF>
<com.gps.Inquiry.GPS_SourceInquiry_MF intServ="EEMSIIB_GPS_SRC_PRIORITY" env="test2" override="BrkConfigKey">BRK_CONFIG</com.gps.Inquiry.GPS_SourceInquiry_MF>
<com.gps.Inquiry.GPS_SourceInquiry_MF intServ="EEMSIIB_GPS_SRC_PRIORITY" env="test2" override="SchemaName">ELECELIG</com.gps.Inquiry.GPS_SourceInquiry_MF>
<com.gps.Inquiry.GPS_SourceInquiry_MF intServ="EEMSIIB_GPS_SRC_PRIORITY" env="test2" override="GlobalCacheMap">GPS_Common_Map</com.gps.Inquiry.GPS_SourceInquiry_MF>
<com.gps.Inquiry.GPS_SourceInquiry_MF intServ="EEMSIIB_GPS_SRC_PRIORITY" env="test2" override="RetryNoOfTimes">3</com.gps.Inquiry.GPS_SourceInquiry_MF>
<com.gps.Inquiry.GPS_SourceInquiry_MF intServ="EEMSIIB_GPS_SRC_PRIORITY" env="test2" override="sleepInterval">5000</com.gps.Inquiry.GPS_SourceInquiry_MF>
<com.gps.Inquiry.GPS_SourceInquiry_MF intServ="EEMSIIB_GPS_SRC_PRIORITY" env="test2" override="Source_Inq_in">EEMSIIB.GPS_SOURCE_PRTY_CO_INQ_IN</com.gps.Inquiry.GPS_SourceInquiry_MF>
<com.gps.Inquiry.GPS_SourceInquiry_MF intServ="EEMSIIB_GPS_SRC_PRIORITY" env="test2" override="TRANSFORM_IN">EEMSIIB.GPS_SOURCE_PRTY_POSTPROC_IN</com.gps.Inquiry.GPS_SourceInquiry_MF>
<com.gps.Inquiry.GPS_SourceInquiry_MF intServ="EEMSIIB_GPS_SRC_PRIORITY" env="test2" override="AuditQName">EEMSIIB.GPS_COMMON_AUDITMESSAGE_DATA</com.gps.Inquiry.GPS_SourceInquiry_MF>
<com.gps.Inquiry.GPS_SourceInquiry_MF intServ="EEMSIIB_GPS_SRC_PRIORITY" env="test2" override="includeApplicationData">true</com.gps.Inquiry.GPS_SourceInquiry_MF>
<com.gps.Inquiry.GPS_SourceInquiry_MF intServ="EEMSIIB_GPS_SRC_PRIORITY" env="test2" override="includePlanData">true</com.gps.Inquiry.GPS_SourceInquiry_MF>
<com.gps.Inquiry.GPS_SourceInquiry_MF intServ="EEMSIIB_GPS_SRC_PRIORITY" env="test2" override="Username">upmeeetest2</com.gps.Inquiry.GPS_SourceInquiry_MF>
<com.gps.Inquiry.GPS_SourceInquiry_MF intServ="EEMSIIB_GPS_SRC_PRIORITY" env="test2" override="Password">hy8iKHHS</com.gps.Inquiry.GPS_SourceInquiry_MF>
<com.gps.Inquiry.GPS_SourceInquiry_MF intServ="EEMSIIB_GPS_SRC_PRIORITY" env="test2" override="BECode">600</com.gps.Inquiry.GPS_SourceInquiry_MF>
<com.gps.Inquiry.GPS_SourceInquiry_MF intServ="EEMSIIB_GPS_SRC_PRIORITY" env="test2" override="ProjNumber">3</com.gps.Inquiry.GPS_SourceInquiry_MF>
<com.gps.Inquiry.GPS_SourceInquiry_MF intServ="EEMSIIB_GPS_SRC_PRIORITY" env="test2" override="Build_GPSRequest.dataSource">EEMS_DB</com.gps.Inquiry.GPS_SourceInquiry_MF>
<com.gps.Inquiry.GPS_SourceInquiry_MF intServ="EEMSIIB_GPS_SRC_PRIORITY" env="test2" override="EEMSIIB.GPS_ERRORMESSAGE_DATA.queueName">EEMSIIB.GPS_ERRORMESSAGE_DATA</com.gps.Inquiry.GPS_SourceInquiry_MF>
<com.gps.Inquiry.GPS_SourceInquiry_MF intServ="EEMSIIB_GPS_SRC_PRIORITY" env="test2" override="GPS_Custom_XML_from_Initial.componentLevel">node</com.gps.Inquiry.GPS_SourceInquiry_MF>
<com.gps.Inquiry.GPS_SourceInquiry_MF intServ="EEMSIIB_GPS_SRC_PRIORITY" env="test2" override="GPS_Custom_XML_from_Initial.additionalInstances">30</com.gps.Inquiry.GPS_SourceInquiry_MF>
<com.gps.Inquiry.GPS_SourceInquiry_MF intServ="EEMSIIB_GPS_SRC_PRIORITY" env="test2" override="MemberInq_ProcessException.dataSource">EEMS_DB</com.gps.Inquiry.GPS_SourceInquiry_MF>
<com.gps.Inquiry.GPS_SourceInquiry_MF intServ="EEMSIIB_GPS_SRC_PRIORITY" env="test2" override="PriorityMap">EEMS_Priority_Map</com.gps.Inquiry.GPS_SourceInquiry_MF>
<com.gps.Inquiry.GPS_SourceInquiry_MF intServ="EEMSIIB_GPS_SRC_PRIORITY" env="test2" override="PriorityKey">INFLIGHT_CACHE</com.gps.Inquiry.GPS_SourceInquiry_MF>
<com.gps.Inquiry.Webservice_SubFlow intServ="EEMSIIB_GPS_SRC_PRIORITY" env="test2" override="webServiceURL">https://aesystestproxy-vm.uhc.com:22443/upm4/soap/ovationsmember/ReadOvationsMemberEligibilityV10</com.gps.Inquiry.Webservice_SubFlow>
<com.gps.Inquiry.Webservice_SubFlow intServ="EEMSIIB_GPS_SRC_PRIORITY" env="test2" override="Request.sslProtocol">TLSv1.2</com.gps.Inquiry.Webservice_SubFlow>
<com.gps.Inquiry.Webservice_SubFlow intServ="EEMSIIB_GPS_SRC_PRIORITY" env="test2" override="Request.validateMaster">none</com.gps.Inquiry.Webservice_SubFlow>

<!-- UAT -->
<com.gps.Inquiry.GPS_SourceInquiry_MF intServ="EEMSIIB_GPS_SRC_INQUIRY" env="uat" override="additionalInstances">30</com.gps.Inquiry.GPS_SourceInquiry_MF>
<com.gps.Inquiry.GPS_SourceInquiry_MF intServ="EEMSIIB_GPS_SRC_INQUIRY" env="uat" override="BrkConfigKey">BRK_CONFIG</com.gps.Inquiry.GPS_SourceInquiry_MF>
<com.gps.Inquiry.GPS_SourceInquiry_MF intServ="EEMSIIB_GPS_SRC_INQUIRY" env="uat" override="SchemaName">ELECELIG</com.gps.Inquiry.GPS_SourceInquiry_MF>
<com.gps.Inquiry.GPS_SourceInquiry_MF intServ="EEMSIIB_GPS_SRC_INQUIRY" env="uat" override="GlobalCacheMap">GPS_Common_Map</com.gps.Inquiry.GPS_SourceInquiry_MF>
<com.gps.Inquiry.GPS_SourceInquiry_MF intServ="EEMSIIB_GPS_SRC_INQUIRY" env="uat" override="RetryNoOfTimes">3</com.gps.Inquiry.GPS_SourceInquiry_MF>
<com.gps.Inquiry.GPS_SourceInquiry_MF intServ="EEMSIIB_GPS_SRC_INQUIRY" env="uat" override="sleepInterval">5000</com.gps.Inquiry.GPS_SourceInquiry_MF>
<com.gps.Inquiry.GPS_SourceInquiry_MF intServ="EEMSIIB_GPS_SRC_INQUIRY" env="uat" override="Source_Inq_in">EEMSIIB.GPS_SOURCE_CO_INQ_IN</com.gps.Inquiry.GPS_SourceInquiry_MF>
<com.gps.Inquiry.GPS_SourceInquiry_MF intServ="EEMSIIB_GPS_SRC_INQUIRY" env="uat" override="TRANSFORM_IN">EEMSIIB.GPS_SOURCE_POSTPROC_IN</com.gps.Inquiry.GPS_SourceInquiry_MF>
<com.gps.Inquiry.GPS_SourceInquiry_MF intServ="EEMSIIB_GPS_SRC_INQUIRY" env="uat" override="AuditQName">EEMSIIB.GPS_COMMON_AUDITMESSAGE_DATA</com.gps.Inquiry.GPS_SourceInquiry_MF>
<com.gps.Inquiry.GPS_SourceInquiry_MF intServ="EEMSIIB_GPS_SRC_INQUIRY" env="uat" override="includeApplicationData">true</com.gps.Inquiry.GPS_SourceInquiry_MF>
<com.gps.Inquiry.GPS_SourceInquiry_MF intServ="EEMSIIB_GPS_SRC_INQUIRY" env="uat" override="includePlanData">true</com.gps.Inquiry.GPS_SourceInquiry_MF>
<com.gps.Inquiry.GPS_SourceInquiry_MF intServ="EEMSIIB_GPS_SRC_INQUIRY" env="uat" override="Username">upmeeetest</com.gps.Inquiry.GPS_SourceInquiry_MF>
<com.gps.Inquiry.GPS_SourceInquiry_MF intServ="EEMSIIB_GPS_SRC_INQUIRY" env="uat" override="Password">hy8iKHHS</com.gps.Inquiry.GPS_SourceInquiry_MF>
<com.gps.Inquiry.GPS_SourceInquiry_MF intServ="EEMSIIB_GPS_SRC_INQUIRY" env="uat" override="BECode">600</com.gps.Inquiry.GPS_SourceInquiry_MF>
<com.gps.Inquiry.GPS_SourceInquiry_MF intServ="EEMSIIB_GPS_SRC_INQUIRY" env="uat" override="ProjNumber">3</com.gps.Inquiry.GPS_SourceInquiry_MF>
<com.gps.Inquiry.GPS_SourceInquiry_MF intServ="EEMSIIB_GPS_SRC_INQUIRY" env="uat" override="Build_GPSRequest.dataSource">EEMS_DB</com.gps.Inquiry.GPS_SourceInquiry_MF>
<com.gps.Inquiry.GPS_SourceInquiry_MF intServ="EEMSIIB_GPS_SRC_INQUIRY" env="uat" override="EEMSIIB.GPS_ERRORMESSAGE_DATA.queueName">EEMSIIB.GPS_ERRORMESSAGE_DATA</com.gps.Inquiry.GPS_SourceInquiry_MF>
<com.gps.Inquiry.GPS_SourceInquiry_MF intServ="EEMSIIB_GPS_SRC_INQUIRY" env="uat" override="GPS_Custom_XML_from_Initial.componentLevel">node</com.gps.Inquiry.GPS_SourceInquiry_MF>
<com.gps.Inquiry.GPS_SourceInquiry_MF intServ="EEMSIIB_GPS_SRC_INQUIRY" env="uat" override="GPS_Custom_XML_from_Initial.additionalInstances">30</com.gps.Inquiry.GPS_SourceInquiry_MF>
<com.gps.Inquiry.GPS_SourceInquiry_MF intServ="EEMSIIB_GPS_SRC_INQUIRY" env="uat" override="MemberInq_ProcessException.dataSource">EEMS_DB</com.gps.Inquiry.GPS_SourceInquiry_MF>
<com.gps.Inquiry.GPS_SourceInquiry_MF intServ="EEMSIIB_GPS_SRC_INQUIRY" env="uat" override="PriorityMap">EEMS_Priority_Map</com.gps.Inquiry.GPS_SourceInquiry_MF>
<com.gps.Inquiry.GPS_SourceInquiry_MF intServ="EEMSIIB_GPS_SRC_INQUIRY" env="uat" override="PriorityKey">INFLIGHT_CACHE</com.gps.Inquiry.GPS_SourceInquiry_MF>
<com.gps.Inquiry.Webservice_SubFlow intServ="EEMSIIB_GPS_SRC_INQUIRY" env="uat" override="webServiceURL">https://aesystestproxy-vm.uhc.com:22443/upm4/soap/ovationsmember/ReadOvationsMemberEligibilityV10</com.gps.Inquiry.Webservice_SubFlow>
<com.gps.Inquiry.Webservice_SubFlow intServ="EEMSIIB_GPS_SRC_INQUIRY" env="uat" override="Request.sslProtocol">TLSv1.2</com.gps.Inquiry.Webservice_SubFlow>
<com.gps.Inquiry.Webservice_SubFlow intServ="EEMSIIB_GPS_SRC_INQUIRY" env="uat" override="Request.validateMaster">none</com.gps.Inquiry.Webservice_SubFlow>

<com.gps.Inquiry.GPS_SourceInquiry_MF intServ="EEMSIIB_GPS_SRC_PRIORITY" env="uat" override="additionalInstances">30</com.gps.Inquiry.GPS_SourceInquiry_MF>
<com.gps.Inquiry.GPS_SourceInquiry_MF intServ="EEMSIIB_GPS_SRC_PRIORITY" env="uat" override="BrkConfigKey">BRK_CONFIG</com.gps.Inquiry.GPS_SourceInquiry_MF>
<com.gps.Inquiry.GPS_SourceInquiry_MF intServ="EEMSIIB_GPS_SRC_PRIORITY" env="uat" override="SchemaName">ELECELIG</com.gps.Inquiry.GPS_SourceInquiry_MF>
<com.gps.Inquiry.GPS_SourceInquiry_MF intServ="EEMSIIB_GPS_SRC_PRIORITY" env="uat" override="GlobalCacheMap">GPS_Common_Map</com.gps.Inquiry.GPS_SourceInquiry_MF>
<com.gps.Inquiry.GPS_SourceInquiry_MF intServ="EEMSIIB_GPS_SRC_PRIORITY" env="uat" override="RetryNoOfTimes">3</com.gps.Inquiry.GPS_SourceInquiry_MF>
<com.gps.Inquiry.GPS_SourceInquiry_MF intServ="EEMSIIB_GPS_SRC_PRIORITY" env="uat" override="sleepInterval">5000</com.gps.Inquiry.GPS_SourceInquiry_MF>
<com.gps.Inquiry.GPS_SourceInquiry_MF intServ="EEMSIIB_GPS_SRC_PRIORITY" env="uat" override="Source_Inq_in">EEMSIIB.GPS_SOURCE_PRTY_CO_INQ_IN</com.gps.Inquiry.GPS_SourceInquiry_MF>
<com.gps.Inquiry.GPS_SourceInquiry_MF intServ="EEMSIIB_GPS_SRC_PRIORITY" env="uat" override="TRANSFORM_IN">EEMSIIB.GPS_SOURCE_PRTY_POSTPROC_IN</com.gps.Inquiry.GPS_SourceInquiry_MF>
<com.gps.Inquiry.GPS_SourceInquiry_MF intServ="EEMSIIB_GPS_SRC_PRIORITY" env="uat" override="AuditQName">EEMSIIB.GPS_COMMON_AUDITMESSAGE_DATA</com.gps.Inquiry.GPS_SourceInquiry_MF>
<com.gps.Inquiry.GPS_SourceInquiry_MF intServ="EEMSIIB_GPS_SRC_PRIORITY" env="uat" override="includeApplicationData">true</com.gps.Inquiry.GPS_SourceInquiry_MF>
<com.gps.Inquiry.GPS_SourceInquiry_MF intServ="EEMSIIB_GPS_SRC_PRIORITY" env="uat" override="includePlanData">true</com.gps.Inquiry.GPS_SourceInquiry_MF>
<com.gps.Inquiry.GPS_SourceInquiry_MF intServ="EEMSIIB_GPS_SRC_PRIORITY" env="uat" override="Username">upmeeetest</com.gps.Inquiry.GPS_SourceInquiry_MF>
<com.gps.Inquiry.GPS_SourceInquiry_MF intServ="EEMSIIB_GPS_SRC_PRIORITY" env="uat" override="Password">hy8iKHHS</com.gps.Inquiry.GPS_SourceInquiry_MF>
<com.gps.Inquiry.GPS_SourceInquiry_MF intServ="EEMSIIB_GPS_SRC_PRIORITY" env="uat" override="BECode">600</com.gps.Inquiry.GPS_SourceInquiry_MF>
<com.gps.Inquiry.GPS_SourceInquiry_MF intServ="EEMSIIB_GPS_SRC_PRIORITY" env="uat" override="ProjNumber">3</com.gps.Inquiry.GPS_SourceInquiry_MF>
<com.gps.Inquiry.GPS_SourceInquiry_MF intServ="EEMSIIB_GPS_SRC_PRIORITY" env="uat" override="Build_GPSRequest.dataSource">EEMS_DB</com.gps.Inquiry.GPS_SourceInquiry_MF>
<com.gps.Inquiry.GPS_SourceInquiry_MF intServ="EEMSIIB_GPS_SRC_PRIORITY" env="uat" override="EEMSIIB.GPS_ERRORMESSAGE_DATA.queueName">EEMSIIB.GPS_ERRORMESSAGE_DATA</com.gps.Inquiry.GPS_SourceInquiry_MF>
<com.gps.Inquiry.GPS_SourceInquiry_MF intServ="EEMSIIB_GPS_SRC_PRIORITY" env="uat" override="GPS_Custom_XML_from_Initial.componentLevel">node</com.gps.Inquiry.GPS_SourceInquiry_MF>
<com.gps.Inquiry.GPS_SourceInquiry_MF intServ="EEMSIIB_GPS_SRC_PRIORITY" env="uat" override="GPS_Custom_XML_from_Initial.additionalInstances">30</com.gps.Inquiry.GPS_SourceInquiry_MF>
<com.gps.Inquiry.GPS_SourceInquiry_MF intServ="EEMSIIB_GPS_SRC_PRIORITY" env="uat" override="MemberInq_ProcessException.dataSource">EEMS_DB</com.gps.Inquiry.GPS_SourceInquiry_MF>
<com.gps.Inquiry.GPS_SourceInquiry_MF intServ="EEMSIIB_GPS_SRC_PRIORITY" env="uat" override="PriorityMap">EEMS_Priority_Map</com.gps.Inquiry.GPS_SourceInquiry_MF>
<com.gps.Inquiry.GPS_SourceInquiry_MF intServ="EEMSIIB_GPS_SRC_PRIORITY" env="uat" override="PriorityKey">INFLIGHT_CACHE</com.gps.Inquiry.GPS_SourceInquiry_MF>
<com.gps.Inquiry.Webservice_SubFlow intServ="EEMSIIB_GPS_SRC_PRIORITY" env="uat" override="webServiceURL">https://aesystestproxy-vm.uhc.com:22443/upm4/soap/ovationsmember/ReadOvationsMemberEligibilityV10</com.gps.Inquiry.Webservice_SubFlow>
<com.gps.Inquiry.Webservice_SubFlow intServ="EEMSIIB_GPS_SRC_PRIORITY" env="uat" override="Request.sslProtocol">TLSv1.2</com.gps.Inquiry.Webservice_SubFlow>
<com.gps.Inquiry.Webservice_SubFlow intServ="EEMSIIB_GPS_SRC_PRIORITY" env="uat" override="Request.validateMaster">none</com.gps.Inquiry.Webservice_SubFlow>

<!-- uat-bravo -->
<com.gps.Inquiry.GPS_SourceInquiry_MF intServ="EEMSIIB_GPS_SRC_INQUIRY" env="uat-bravo" override="additionalInstances">30</com.gps.Inquiry.GPS_SourceInquiry_MF>
<com.gps.Inquiry.GPS_SourceInquiry_MF intServ="EEMSIIB_GPS_SRC_INQUIRY" env="uat-bravo" override="BrkConfigKey">BRK_CONFIG</com.gps.Inquiry.GPS_SourceInquiry_MF>
<com.gps.Inquiry.GPS_SourceInquiry_MF intServ="EEMSIIB_GPS_SRC_INQUIRY" env="uat-bravo" override="SchemaName">ELECELIG</com.gps.Inquiry.GPS_SourceInquiry_MF>
<com.gps.Inquiry.GPS_SourceInquiry_MF intServ="EEMSIIB_GPS_SRC_INQUIRY" env="uat-bravo" override="GlobalCacheMap">GPS_Common_Map</com.gps.Inquiry.GPS_SourceInquiry_MF>
<com.gps.Inquiry.GPS_SourceInquiry_MF intServ="EEMSIIB_GPS_SRC_INQUIRY" env="uat-bravo" override="RetryNoOfTimes">3</com.gps.Inquiry.GPS_SourceInquiry_MF>
<com.gps.Inquiry.GPS_SourceInquiry_MF intServ="EEMSIIB_GPS_SRC_INQUIRY" env="uat-bravo" override="sleepInterval">5000</com.gps.Inquiry.GPS_SourceInquiry_MF>
<com.gps.Inquiry.GPS_SourceInquiry_MF intServ="EEMSIIB_GPS_SRC_INQUIRY" env="uat-bravo" override="Source_Inq_in">EEMSIIB.GPS_SOURCE_CO_INQ_IN</com.gps.Inquiry.GPS_SourceInquiry_MF>
<com.gps.Inquiry.GPS_SourceInquiry_MF intServ="EEMSIIB_GPS_SRC_INQUIRY" env="uat-bravo" override="TRANSFORM_IN">EEMSIIB.GPS_SOURCE_POSTPROC_IN</com.gps.Inquiry.GPS_SourceInquiry_MF>
<com.gps.Inquiry.GPS_SourceInquiry_MF intServ="EEMSIIB_GPS_SRC_INQUIRY" env="uat-bravo" override="AuditQName">EEMSIIB.GPS_COMMON_AUDITMESSAGE_DATA</com.gps.Inquiry.GPS_SourceInquiry_MF>
<com.gps.Inquiry.GPS_SourceInquiry_MF intServ="EEMSIIB_GPS_SRC_INQUIRY" env="uat-bravo" override="includeApplicationData">true</com.gps.Inquiry.GPS_SourceInquiry_MF>
<com.gps.Inquiry.GPS_SourceInquiry_MF intServ="EEMSIIB_GPS_SRC_INQUIRY" env="uat-bravo" override="includePlanData">true</com.gps.Inquiry.GPS_SourceInquiry_MF>
<com.gps.Inquiry.GPS_SourceInquiry_MF intServ="EEMSIIB_GPS_SRC_INQUIRY" env="uat-bravo" override="Username">upmeeetest</com.gps.Inquiry.GPS_SourceInquiry_MF>
<com.gps.Inquiry.GPS_SourceInquiry_MF intServ="EEMSIIB_GPS_SRC_INQUIRY" env="uat-bravo" override="Password">hy8iKHHS</com.gps.Inquiry.GPS_SourceInquiry_MF>
<com.gps.Inquiry.GPS_SourceInquiry_MF intServ="EEMSIIB_GPS_SRC_INQUIRY" env="uat-bravo" override="BECode">600</com.gps.Inquiry.GPS_SourceInquiry_MF>
<com.gps.Inquiry.GPS_SourceInquiry_MF intServ="EEMSIIB_GPS_SRC_INQUIRY" env="uat-bravo" override="ProjNumber">3</com.gps.Inquiry.GPS_SourceInquiry_MF>
<com.gps.Inquiry.GPS_SourceInquiry_MF intServ="EEMSIIB_GPS_SRC_INQUIRY" env="uat-bravo" override="Build_GPSRequest.dataSource">EEMS_DB</com.gps.Inquiry.GPS_SourceInquiry_MF>
<com.gps.Inquiry.GPS_SourceInquiry_MF intServ="EEMSIIB_GPS_SRC_INQUIRY" env="uat-bravo" override="EEMSIIB.GPS_ERRORMESSAGE_DATA.queueName">EEMSIIB.GPS_ERRORMESSAGE_DATA</com.gps.Inquiry.GPS_SourceInquiry_MF>
<com.gps.Inquiry.GPS_SourceInquiry_MF intServ="EEMSIIB_GPS_SRC_INQUIRY" env="uat-bravo" override="GPS_Custom_XML_from_Initial.componentLevel">node</com.gps.Inquiry.GPS_SourceInquiry_MF>
<com.gps.Inquiry.GPS_SourceInquiry_MF intServ="EEMSIIB_GPS_SRC_INQUIRY" env="uat-bravo" override="GPS_Custom_XML_from_Initial.additionalInstances">30</com.gps.Inquiry.GPS_SourceInquiry_MF>
<com.gps.Inquiry.GPS_SourceInquiry_MF intServ="EEMSIIB_GPS_SRC_INQUIRY" env="uat-bravo" override="MemberInq_ProcessException.dataSource">EEMS_DB</com.gps.Inquiry.GPS_SourceInquiry_MF>
<com.gps.Inquiry.GPS_SourceInquiry_MF intServ="EEMSIIB_GPS_SRC_INQUIRY" env="uat-bravo" override="PriorityMap">EEMS_Priority_Map</com.gps.Inquiry.GPS_SourceInquiry_MF>
<com.gps.Inquiry.GPS_SourceInquiry_MF intServ="EEMSIIB_GPS_SRC_INQUIRY" env="uat-bravo" override="PriorityKey">INFLIGHT_CACHE</com.gps.Inquiry.GPS_SourceInquiry_MF>
<com.gps.Inquiry.Webservice_SubFlow intServ="EEMSIIB_GPS_SRC_INQUIRY" env="uat-bravo" override="webServiceURL">https://aesystestproxy-vm.uhc.com:22443/upm4/soap/ovationsmember/ReadOvationsMemberEligibilityV10</com.gps.Inquiry.Webservice_SubFlow>
<com.gps.Inquiry.Webservice_SubFlow intServ="EEMSIIB_GPS_SRC_INQUIRY" env="uat-bravo" override="Request.sslProtocol">TLSv1.2</com.gps.Inquiry.Webservice_SubFlow>
<com.gps.Inquiry.Webservice_SubFlow intServ="EEMSIIB_GPS_SRC_INQUIRY" env="uat-bravo" override="Request.validateMaster">none</com.gps.Inquiry.Webservice_SubFlow>

<com.gps.Inquiry.GPS_SourceInquiry_MF intServ="EEMSIIB_GPS_SRC_PRIORITY" env="uat-bravo" override="additionalInstances">30</com.gps.Inquiry.GPS_SourceInquiry_MF>
<com.gps.Inquiry.GPS_SourceInquiry_MF intServ="EEMSIIB_GPS_SRC_PRIORITY" env="uat-bravo" override="BrkConfigKey">BRK_CONFIG</com.gps.Inquiry.GPS_SourceInquiry_MF>
<com.gps.Inquiry.GPS_SourceInquiry_MF intServ="EEMSIIB_GPS_SRC_PRIORITY" env="uat-bravo" override="SchemaName">ELECELIG</com.gps.Inquiry.GPS_SourceInquiry_MF>
<com.gps.Inquiry.GPS_SourceInquiry_MF intServ="EEMSIIB_GPS_SRC_PRIORITY" env="uat-bravo" override="GlobalCacheMap">GPS_Common_Map</com.gps.Inquiry.GPS_SourceInquiry_MF>
<com.gps.Inquiry.GPS_SourceInquiry_MF intServ="EEMSIIB_GPS_SRC_PRIORITY" env="uat-bravo" override="RetryNoOfTimes">3</com.gps.Inquiry.GPS_SourceInquiry_MF>
<com.gps.Inquiry.GPS_SourceInquiry_MF intServ="EEMSIIB_GPS_SRC_PRIORITY" env="uat-bravo" override="sleepInterval">5000</com.gps.Inquiry.GPS_SourceInquiry_MF>
<com.gps.Inquiry.GPS_SourceInquiry_MF intServ="EEMSIIB_GPS_SRC_PRIORITY" env="uat-bravo" override="Source_Inq_in">EEMSIIB.GPS_SOURCE_PRTY_CO_INQ_IN</com.gps.Inquiry.GPS_SourceInquiry_MF>
<com.gps.Inquiry.GPS_SourceInquiry_MF intServ="EEMSIIB_GPS_SRC_PRIORITY" env="uat-bravo" override="TRANSFORM_IN">EEMSIIB.GPS_SOURCE_PRTY_POSTPROC_IN</com.gps.Inquiry.GPS_SourceInquiry_MF>
<com.gps.Inquiry.GPS_SourceInquiry_MF intServ="EEMSIIB_GPS_SRC_PRIORITY" env="uat-bravo" override="AuditQName">EEMSIIB.GPS_COMMON_AUDITMESSAGE_DATA</com.gps.Inquiry.GPS_SourceInquiry_MF>
<com.gps.Inquiry.GPS_SourceInquiry_MF intServ="EEMSIIB_GPS_SRC_PRIORITY" env="uat-bravo" override="includeApplicationData">true</com.gps.Inquiry.GPS_SourceInquiry_MF>
<com.gps.Inquiry.GPS_SourceInquiry_MF intServ="EEMSIIB_GPS_SRC_PRIORITY" env="uat-bravo" override="includePlanData">true</com.gps.Inquiry.GPS_SourceInquiry_MF>
<com.gps.Inquiry.GPS_SourceInquiry_MF intServ="EEMSIIB_GPS_SRC_PRIORITY" env="uat-bravo" override="Username">upmeeetest</com.gps.Inquiry.GPS_SourceInquiry_MF>
<com.gps.Inquiry.GPS_SourceInquiry_MF intServ="EEMSIIB_GPS_SRC_PRIORITY" env="uat-bravo" override="Password">hy8iKHHS</com.gps.Inquiry.GPS_SourceInquiry_MF>
<com.gps.Inquiry.GPS_SourceInquiry_MF intServ="EEMSIIB_GPS_SRC_PRIORITY" env="uat-bravo" override="BECode">600</com.gps.Inquiry.GPS_SourceInquiry_MF>
<com.gps.Inquiry.GPS_SourceInquiry_MF intServ="EEMSIIB_GPS_SRC_PRIORITY" env="uat-bravo" override="ProjNumber">3</com.gps.Inquiry.GPS_SourceInquiry_MF>
<com.gps.Inquiry.GPS_SourceInquiry_MF intServ="EEMSIIB_GPS_SRC_PRIORITY" env="uat-bravo" override="Build_GPSRequest.dataSource">EEMS_DB</com.gps.Inquiry.GPS_SourceInquiry_MF>
<com.gps.Inquiry.GPS_SourceInquiry_MF intServ="EEMSIIB_GPS_SRC_PRIORITY" env="uat-bravo" override="EEMSIIB.GPS_ERRORMESSAGE_DATA.queueName">EEMSIIB.GPS_ERRORMESSAGE_DATA</com.gps.Inquiry.GPS_SourceInquiry_MF>
<com.gps.Inquiry.GPS_SourceInquiry_MF intServ="EEMSIIB_GPS_SRC_PRIORITY" env="uat-bravo" override="GPS_Custom_XML_from_Initial.componentLevel">node</com.gps.Inquiry.GPS_SourceInquiry_MF>
<com.gps.Inquiry.GPS_SourceInquiry_MF intServ="EEMSIIB_GPS_SRC_PRIORITY" env="uat-bravo" override="GPS_Custom_XML_from_Initial.additionalInstances">30</com.gps.Inquiry.GPS_SourceInquiry_MF>
<com.gps.Inquiry.GPS_SourceInquiry_MF intServ="EEMSIIB_GPS_SRC_PRIORITY" env="uat-bravo" override="MemberInq_ProcessException.dataSource">EEMS_DB</com.gps.Inquiry.GPS_SourceInquiry_MF>
<com.gps.Inquiry.GPS_SourceInquiry_MF intServ="EEMSIIB_GPS_SRC_PRIORITY" env="uat-bravo" override="PriorityMap">EEMS_Priority_Map</com.gps.Inquiry.GPS_SourceInquiry_MF>
<com.gps.Inquiry.GPS_SourceInquiry_MF intServ="EEMSIIB_GPS_SRC_PRIORITY" env="uat-bravo" override="PriorityKey">INFLIGHT_CACHE</com.gps.Inquiry.GPS_SourceInquiry_MF>
<com.gps.Inquiry.Webservice_SubFlow intServ="EEMSIIB_GPS_SRC_PRIORITY" env="uat-bravo" override="webServiceURL">https://aesystestproxy-vm.uhc.com:33443/upm4/ovationsmember/readovationsmembereligibilityv10</com.gps.Inquiry.Webservice_SubFlow>
<com.gps.Inquiry.Webservice_SubFlow intServ="EEMSIIB_GPS_SRC_PRIORITY" env="uat-bravo" override="Request.sslProtocol">TLSv1.2</com.gps.Inquiry.Webservice_SubFlow>
<com.gps.Inquiry.Webservice_SubFlow intServ="EEMSIIB_GPS_SRC_PRIORITY" env="uat-bravo" override="Request.validateMaster">none</com.gps.Inquiry.Webservice_SubFlow>

<!-- STAGE -->
<com.gps.Inquiry.GPS_SourceInquiry_MF intServ="EEMSIIB_GPS_SRC_INQUIRY" env="stage" override="additionalInstances">30</com.gps.Inquiry.GPS_SourceInquiry_MF>
<com.gps.Inquiry.GPS_SourceInquiry_MF intServ="EEMSIIB_GPS_SRC_INQUIRY" env="stage" override="BrkConfigKey">BRK_CONFIG</com.gps.Inquiry.GPS_SourceInquiry_MF>
<com.gps.Inquiry.GPS_SourceInquiry_MF intServ="EEMSIIB_GPS_SRC_INQUIRY" env="stage" override="SchemaName">ELECELIG</com.gps.Inquiry.GPS_SourceInquiry_MF>
<com.gps.Inquiry.GPS_SourceInquiry_MF intServ="EEMSIIB_GPS_SRC_INQUIRY" env="stage" override="GlobalCacheMap">GPS_Common_Map</com.gps.Inquiry.GPS_SourceInquiry_MF>
<com.gps.Inquiry.GPS_SourceInquiry_MF intServ="EEMSIIB_GPS_SRC_INQUIRY" env="stage" override="RetryNoOfTimes">3</com.gps.Inquiry.GPS_SourceInquiry_MF>
<com.gps.Inquiry.GPS_SourceInquiry_MF intServ="EEMSIIB_GPS_SRC_INQUIRY" env="stage" override="sleepInterval">5000</com.gps.Inquiry.GPS_SourceInquiry_MF>
<com.gps.Inquiry.GPS_SourceInquiry_MF intServ="EEMSIIB_GPS_SRC_INQUIRY" env="stage" override="Source_Inq_in">EEMSIIB.GPS_SOURCE_CO_INQ_IN</com.gps.Inquiry.GPS_SourceInquiry_MF>
<com.gps.Inquiry.GPS_SourceInquiry_MF intServ="EEMSIIB_GPS_SRC_INQUIRY" env="stage" override="TRANSFORM_IN">EEMSIIB.GPS_SOURCE_POSTPROC_IN</com.gps.Inquiry.GPS_SourceInquiry_MF>
<com.gps.Inquiry.GPS_SourceInquiry_MF intServ="EEMSIIB_GPS_SRC_INQUIRY" env="stage" override="AuditQName">EEMSIIB.GPS_COMMON_AUDITMESSAGE_DATA</com.gps.Inquiry.GPS_SourceInquiry_MF>
<com.gps.Inquiry.GPS_SourceInquiry_MF intServ="EEMSIIB_GPS_SRC_INQUIRY" env="stage" override="includeApplicationData">true</com.gps.Inquiry.GPS_SourceInquiry_MF>
<com.gps.Inquiry.GPS_SourceInquiry_MF intServ="EEMSIIB_GPS_SRC_INQUIRY" env="stage" override="includePlanData">true</com.gps.Inquiry.GPS_SourceInquiry_MF>
<com.gps.Inquiry.GPS_SourceInquiry_MF intServ="EEMSIIB_GPS_SRC_INQUIRY" env="stage" override="Username">upmeeetest</com.gps.Inquiry.GPS_SourceInquiry_MF>
<com.gps.Inquiry.GPS_SourceInquiry_MF intServ="EEMSIIB_GPS_SRC_INQUIRY" env="stage" override="Password">hy8iKHHS</com.gps.Inquiry.GPS_SourceInquiry_MF>
<com.gps.Inquiry.GPS_SourceInquiry_MF intServ="EEMSIIB_GPS_SRC_INQUIRY" env="stage" override="BECode">600</com.gps.Inquiry.GPS_SourceInquiry_MF>
<com.gps.Inquiry.GPS_SourceInquiry_MF intServ="EEMSIIB_GPS_SRC_INQUIRY" env="stage" override="ProjNumber">3</com.gps.Inquiry.GPS_SourceInquiry_MF>
<com.gps.Inquiry.GPS_SourceInquiry_MF intServ="EEMSIIB_GPS_SRC_INQUIRY" env="stage" override="Build_GPSRequest.dataSource">EEMS_DB</com.gps.Inquiry.GPS_SourceInquiry_MF>
<com.gps.Inquiry.GPS_SourceInquiry_MF intServ="EEMSIIB_GPS_SRC_INQUIRY" env="stage" override="EEMSIIB.GPS_ERRORMESSAGE_DATA.queueName">EEMSIIB.GPS_ERRORMESSAGE_DATA</com.gps.Inquiry.GPS_SourceInquiry_MF>
<com.gps.Inquiry.GPS_SourceInquiry_MF intServ="EEMSIIB_GPS_SRC_INQUIRY" env="stage" override="GPS_Custom_XML_from_Initial.componentLevel">node</com.gps.Inquiry.GPS_SourceInquiry_MF>
<com.gps.Inquiry.GPS_SourceInquiry_MF intServ="EEMSIIB_GPS_SRC_INQUIRY" env="stage" override="GPS_Custom_XML_from_Initial.additionalInstances">30</com.gps.Inquiry.GPS_SourceInquiry_MF>
<com.gps.Inquiry.GPS_SourceInquiry_MF intServ="EEMSIIB_GPS_SRC_INQUIRY" env="stage" override="MemberInq_ProcessException.dataSource">EEMS_DB</com.gps.Inquiry.GPS_SourceInquiry_MF>
<com.gps.Inquiry.GPS_SourceInquiry_MF intServ="EEMSIIB_GPS_SRC_INQUIRY" env="stage" override="PriorityMap">EEMS_Priority_Map</com.gps.Inquiry.GPS_SourceInquiry_MF>
<com.gps.Inquiry.GPS_SourceInquiry_MF intServ="EEMSIIB_GPS_SRC_INQUIRY" env="stage" override="PriorityKey">INFLIGHT_CACHE</com.gps.Inquiry.GPS_SourceInquiry_MF>
<com.gps.Inquiry.Webservice_SubFlow intServ="EEMSIIB_GPS_SRC_INQUIRY" env="stage" override="webServiceURL">https://aestageproxy.uhc.com/upm4/soap/ovationsmember/ReadOvationsMemberEligibilityV10</com.gps.Inquiry.Webservice_SubFlow>
<com.gps.Inquiry.Webservice_SubFlow intServ="EEMSIIB_GPS_SRC_INQUIRY" env="stage" override="Request.sslProtocol">TLSv1.2</com.gps.Inquiry.Webservice_SubFlow>
<com.gps.Inquiry.Webservice_SubFlow intServ="EEMSIIB_GPS_SRC_INQUIRY" env="stage" override="Request.validateMaster">none</com.gps.Inquiry.Webservice_SubFlow>

<com.gps.Inquiry.GPS_SourceInquiry_MF intServ="EEMSIIB_GPS_SRC_PRIORITY" env="stage" override="additionalInstances">30</com.gps.Inquiry.GPS_SourceInquiry_MF>
<com.gps.Inquiry.GPS_SourceInquiry_MF intServ="EEMSIIB_GPS_SRC_PRIORITY" env="stage" override="BrkConfigKey">BRK_CONFIG</com.gps.Inquiry.GPS_SourceInquiry_MF>
<com.gps.Inquiry.GPS_SourceInquiry_MF intServ="EEMSIIB_GPS_SRC_PRIORITY" env="stage" override="SchemaName">ELECELIG</com.gps.Inquiry.GPS_SourceInquiry_MF>
<com.gps.Inquiry.GPS_SourceInquiry_MF intServ="EEMSIIB_GPS_SRC_PRIORITY" env="stage" override="GlobalCacheMap">GPS_Common_Map</com.gps.Inquiry.GPS_SourceInquiry_MF>
<com.gps.Inquiry.GPS_SourceInquiry_MF intServ="EEMSIIB_GPS_SRC_PRIORITY" env="stage" override="RetryNoOfTimes">3</com.gps.Inquiry.GPS_SourceInquiry_MF>
<com.gps.Inquiry.GPS_SourceInquiry_MF intServ="EEMSIIB_GPS_SRC_PRIORITY" env="stage" override="sleepInterval">5000</com.gps.Inquiry.GPS_SourceInquiry_MF>
<com.gps.Inquiry.GPS_SourceInquiry_MF intServ="EEMSIIB_GPS_SRC_PRIORITY" env="stage" override="Source_Inq_in">EEMSIIB.GPS_SOURCE_PRTY_CO_INQ_IN</com.gps.Inquiry.GPS_SourceInquiry_MF>
<com.gps.Inquiry.GPS_SourceInquiry_MF intServ="EEMSIIB_GPS_SRC_PRIORITY" env="stage" override="TRANSFORM_IN">EEMSIIB.GPS_SOURCE_PRTY_POSTPROC_IN</com.gps.Inquiry.GPS_SourceInquiry_MF>
<com.gps.Inquiry.GPS_SourceInquiry_MF intServ="EEMSIIB_GPS_SRC_PRIORITY" env="stage" override="AuditQName">EEMSIIB.GPS_COMMON_AUDITMESSAGE_DATA</com.gps.Inquiry.GPS_SourceInquiry_MF>
<com.gps.Inquiry.GPS_SourceInquiry_MF intServ="EEMSIIB_GPS_SRC_PRIORITY" env="stage" override="includeApplicationData">true</com.gps.Inquiry.GPS_SourceInquiry_MF>
<com.gps.Inquiry.GPS_SourceInquiry_MF intServ="EEMSIIB_GPS_SRC_PRIORITY" env="stage" override="includePlanData">true</com.gps.Inquiry.GPS_SourceInquiry_MF>
<com.gps.Inquiry.GPS_SourceInquiry_MF intServ="EEMSIIB_GPS_SRC_PRIORITY" env="stage" override="Username">upmeeetest</com.gps.Inquiry.GPS_SourceInquiry_MF>
<com.gps.Inquiry.GPS_SourceInquiry_MF intServ="EEMSIIB_GPS_SRC_PRIORITY" env="stage" override="Password">hy8iKHHS</com.gps.Inquiry.GPS_SourceInquiry_MF>
<com.gps.Inquiry.GPS_SourceInquiry_MF intServ="EEMSIIB_GPS_SRC_PRIORITY" env="stage" override="BECode">600</com.gps.Inquiry.GPS_SourceInquiry_MF>
<com.gps.Inquiry.GPS_SourceInquiry_MF intServ="EEMSIIB_GPS_SRC_PRIORITY" env="stage" override="ProjNumber">3</com.gps.Inquiry.GPS_SourceInquiry_MF>
<com.gps.Inquiry.GPS_SourceInquiry_MF intServ="EEMSIIB_GPS_SRC_PRIORITY" env="stage" override="Build_GPSRequest.dataSource">EEMS_DB</com.gps.Inquiry.GPS_SourceInquiry_MF>
<com.gps.Inquiry.GPS_SourceInquiry_MF intServ="EEMSIIB_GPS_SRC_PRIORITY" env="stage" override="EEMSIIB.GPS_ERRORMESSAGE_DATA.queueName">EEMSIIB.GPS_ERRORMESSAGE_DATA</com.gps.Inquiry.GPS_SourceInquiry_MF>
<com.gps.Inquiry.GPS_SourceInquiry_MF intServ="EEMSIIB_GPS_SRC_PRIORITY" env="stage" override="GPS_Custom_XML_from_Initial.componentLevel">node</com.gps.Inquiry.GPS_SourceInquiry_MF>
<com.gps.Inquiry.GPS_SourceInquiry_MF intServ="EEMSIIB_GPS_SRC_PRIORITY" env="stage" override="GPS_Custom_XML_from_Initial.additionalInstances">30</com.gps.Inquiry.GPS_SourceInquiry_MF>
<com.gps.Inquiry.GPS_SourceInquiry_MF intServ="EEMSIIB_GPS_SRC_PRIORITY" env="stage" override="MemberInq_ProcessException.dataSource">EEMS_DB</com.gps.Inquiry.GPS_SourceInquiry_MF>
<com.gps.Inquiry.GPS_SourceInquiry_MF intServ="EEMSIIB_GPS_SRC_PRIORITY" env="stage" override="PriorityMap">EEMS_Priority_Map</com.gps.Inquiry.GPS_SourceInquiry_MF>
<com.gps.Inquiry.GPS_SourceInquiry_MF intServ="EEMSIIB_GPS_SRC_PRIORITY" env="stage" override="PriorityKey">INFLIGHT_CACHE</com.gps.Inquiry.GPS_SourceInquiry_MF>
<com.gps.Inquiry.Webservice_SubFlow intServ="EEMSIIB_GPS_SRC_PRIORITY" env="stage" override="webServiceURL">https://aestageproxy.uhc.com/upm4/soap/ovationsmember/ReadOvationsMemberEligibilityV10</com.gps.Inquiry.Webservice_SubFlow>
<com.gps.Inquiry.Webservice_SubFlow intServ="EEMSIIB_GPS_SRC_PRIORITY" env="stage" override="Request.sslProtocol">TLSv1.2</com.gps.Inquiry.Webservice_SubFlow>
<com.gps.Inquiry.Webservice_SubFlow intServ="EEMSIIB_GPS_SRC_PRIORITY" env="stage" override="Request.validateMaster">none</com.gps.Inquiry.Webservice_SubFlow>

<!-- ADOPT -->

<com.gps.Inquiry.GPS_SourceInquiry_MF intServ="EEMSIIB_GPS_SRC_INQUIRY" env="adopt" override="additionalInstances">30</com.gps.Inquiry.GPS_SourceInquiry_MF>
<com.gps.Inquiry.GPS_SourceInquiry_MF intServ="EEMSIIB_GPS_SRC_INQUIRY" env="adopt" override="BrkConfigKey">BRK_CONFIG</com.gps.Inquiry.GPS_SourceInquiry_MF>
<com.gps.Inquiry.GPS_SourceInquiry_MF intServ="EEMSIIB_GPS_SRC_INQUIRY" env="adopt" override="SchemaName">ELECELIG</com.gps.Inquiry.GPS_SourceInquiry_MF>
<com.gps.Inquiry.GPS_SourceInquiry_MF intServ="EEMSIIB_GPS_SRC_INQUIRY" env="adopt" override="GlobalCacheMap">GPS_Common_Map</com.gps.Inquiry.GPS_SourceInquiry_MF>
<com.gps.Inquiry.GPS_SourceInquiry_MF intServ="EEMSIIB_GPS_SRC_INQUIRY" env="adopt" override="RetryNoOfTimes">3</com.gps.Inquiry.GPS_SourceInquiry_MF>
<com.gps.Inquiry.GPS_SourceInquiry_MF intServ="EEMSIIB_GPS_SRC_INQUIRY" env="adopt" override="sleepInterval">5000</com.gps.Inquiry.GPS_SourceInquiry_MF>
<com.gps.Inquiry.GPS_SourceInquiry_MF intServ="EEMSIIB_GPS_SRC_INQUIRY" env="adopt" override="Source_Inq_in">EEMSIIB.ADP.GPS_SOURCE_CO_INQ_IN</com.gps.Inquiry.GPS_SourceInquiry_MF>
<com.gps.Inquiry.GPS_SourceInquiry_MF intServ="EEMSIIB_GPS_SRC_INQUIRY" env="adopt" override="TRANSFORM_IN">EEMSIIB.ADP.GPS_SOURCE_POSTPROC_IN</com.gps.Inquiry.GPS_SourceInquiry_MF>
<com.gps.Inquiry.GPS_SourceInquiry_MF intServ="EEMSIIB_GPS_SRC_INQUIRY" env="adopt" override="AuditQName">EEMSIIB.ADP.GPS_COMMON_AUDITMESSAGE_DATA</com.gps.Inquiry.GPS_SourceInquiry_MF>
<com.gps.Inquiry.GPS_SourceInquiry_MF intServ="EEMSIIB_GPS_SRC_INQUIRY" env="adopt" override="includeApplicationData">true</com.gps.Inquiry.GPS_SourceInquiry_MF>
<com.gps.Inquiry.GPS_SourceInquiry_MF intServ="EEMSIIB_GPS_SRC_INQUIRY" env="adopt" override="includePlanData">true</com.gps.Inquiry.GPS_SourceInquiry_MF>
<com.gps.Inquiry.GPS_SourceInquiry_MF intServ="EEMSIIB_GPS_SRC_INQUIRY" env="adopt" override="Username">upmeeeprod</com.gps.Inquiry.GPS_SourceInquiry_MF>
<com.gps.Inquiry.GPS_SourceInquiry_MF intServ="EEMSIIB_GPS_SRC_INQUIRY" env="adopt" override="Password">ymdY3yh3</com.gps.Inquiry.GPS_SourceInquiry_MF>
<com.gps.Inquiry.GPS_SourceInquiry_MF intServ="EEMSIIB_GPS_SRC_INQUIRY" env="adopt" override="BECode">600</com.gps.Inquiry.GPS_SourceInquiry_MF>
<com.gps.Inquiry.GPS_SourceInquiry_MF intServ="EEMSIIB_GPS_SRC_INQUIRY" env="adopt" override="ProjNumber">3</com.gps.Inquiry.GPS_SourceInquiry_MF>
<com.gps.Inquiry.GPS_SourceInquiry_MF intServ="EEMSIIB_GPS_SRC_INQUIRY" env="adopt" override="Build_GPSRequest.dataSource">EEMS_DB</com.gps.Inquiry.GPS_SourceInquiry_MF>
<com.gps.Inquiry.GPS_SourceInquiry_MF intServ="EEMSIIB_GPS_SRC_INQUIRY" env="adopt" override="EEMSIIB.GPS_ERRORMESSAGE_DATA.queueName">EEMSIIB.ADP.GPS_ERRORMESSAGE_DATA</com.gps.Inquiry.GPS_SourceInquiry_MF>
<com.gps.Inquiry.GPS_SourceInquiry_MF intServ="EEMSIIB_GPS_SRC_INQUIRY" env="adopt" override="GPS_Custom_XML_from_Initial.componentLevel">node</com.gps.Inquiry.GPS_SourceInquiry_MF>
<com.gps.Inquiry.GPS_SourceInquiry_MF intServ="EEMSIIB_GPS_SRC_INQUIRY" env="adopt" override="GPS_Custom_XML_from_Initial.additionalInstances">30</com.gps.Inquiry.GPS_SourceInquiry_MF>
<com.gps.Inquiry.GPS_SourceInquiry_MF intServ="EEMSIIB_GPS_SRC_INQUIRY" env="adopt" override="MemberInq_ProcessException.dataSource">EEMS_DB</com.gps.Inquiry.GPS_SourceInquiry_MF>
<com.gps.Inquiry.GPS_SourceInquiry_MF intServ="EEMSIIB_GPS_SRC_INQUIRY" env="adopt" override="PriorityMap">EEMS_Priority_Map</com.gps.Inquiry.GPS_SourceInquiry_MF>
<com.gps.Inquiry.GPS_SourceInquiry_MF intServ="EEMSIIB_GPS_SRC_INQUIRY" env="adopt" override="PriorityKey">INFLIGHT_CACHE</com.gps.Inquiry.GPS_SourceInquiry_MF>
<com.gps.Inquiry.Webservice_SubFlow intServ="EEMSIIB_GPS_SRC_INQUIRY" env="adopt" override="webServiceURL">https://aeprodproxy.uhc.com/upm4/soap/ovationsmember/ReadOvationsMemberEligibilityV10</com.gps.Inquiry.Webservice_SubFlow>
<com.gps.Inquiry.Webservice_SubFlow intServ="EEMSIIB_GPS_SRC_INQUIRY" env="adopt" override="Request.sslProtocol">TLSv1.2</com.gps.Inquiry.Webservice_SubFlow>
<com.gps.Inquiry.Webservice_SubFlow intServ="EEMSIIB_GPS_SRC_INQUIRY" env="adopt" override="Request.validateMaster">none</com.gps.Inquiry.Webservice_SubFlow>

<com.gps.Inquiry.GPS_SourceInquiry_MF intServ="EEMSIIB_GPS_SRC_PRIORITY" env="adopt" override="additionalInstances">30</com.gps.Inquiry.GPS_SourceInquiry_MF>
<com.gps.Inquiry.GPS_SourceInquiry_MF intServ="EEMSIIB_GPS_SRC_PRIORITY" env="adopt" override="BrkConfigKey">BRK_CONFIG</com.gps.Inquiry.GPS_SourceInquiry_MF>
<com.gps.Inquiry.GPS_SourceInquiry_MF intServ="EEMSIIB_GPS_SRC_PRIORITY" env="adopt" override="SchemaName">ELECELIG</com.gps.Inquiry.GPS_SourceInquiry_MF>
<com.gps.Inquiry.GPS_SourceInquiry_MF intServ="EEMSIIB_GPS_SRC_PRIORITY" env="adopt" override="GlobalCacheMap">GPS_Common_Map</com.gps.Inquiry.GPS_SourceInquiry_MF>
<com.gps.Inquiry.GPS_SourceInquiry_MF intServ="EEMSIIB_GPS_SRC_PRIORITY" env="adopt" override="RetryNoOfTimes">3</com.gps.Inquiry.GPS_SourceInquiry_MF>
<com.gps.Inquiry.GPS_SourceInquiry_MF intServ="EEMSIIB_GPS_SRC_PRIORITY" env="adopt" override="sleepInterval">5000</com.gps.Inquiry.GPS_SourceInquiry_MF>
<com.gps.Inquiry.GPS_SourceInquiry_MF intServ="EEMSIIB_GPS_SRC_PRIORITY" env="adopt" override="Source_Inq_in">EEMSIIB.ADP.GPS_SOURCE_PRTY_CO_INQ_IN</com.gps.Inquiry.GPS_SourceInquiry_MF>
<com.gps.Inquiry.GPS_SourceInquiry_MF intServ="EEMSIIB_GPS_SRC_PRIORITY" env="adopt" override="TRANSFORM_IN">EEMSIIB.ADP.GPS_SOURCE_PRTY_POSTPROC_IN</com.gps.Inquiry.GPS_SourceInquiry_MF>
<com.gps.Inquiry.GPS_SourceInquiry_MF intServ="EEMSIIB_GPS_SRC_PRIORITY" env="adopt" override="AuditQName">EEMSIIB.ADP.GPS_COMMON_AUDITMESSAGE_DATA</com.gps.Inquiry.GPS_SourceInquiry_MF>
<com.gps.Inquiry.GPS_SourceInquiry_MF intServ="EEMSIIB_GPS_SRC_PRIORITY" env="adopt" override="includeApplicationData">true</com.gps.Inquiry.GPS_SourceInquiry_MF>
<com.gps.Inquiry.GPS_SourceInquiry_MF intServ="EEMSIIB_GPS_SRC_PRIORITY" env="adopt" override="includePlanData">true</com.gps.Inquiry.GPS_SourceInquiry_MF>
<com.gps.Inquiry.GPS_SourceInquiry_MF intServ="EEMSIIB_GPS_SRC_PRIORITY" env="adopt" override="Username">upmeeeprod</com.gps.Inquiry.GPS_SourceInquiry_MF>
<com.gps.Inquiry.GPS_SourceInquiry_MF intServ="EEMSIIB_GPS_SRC_PRIORITY" env="adopt" override="Password">ymdY3yh3</com.gps.Inquiry.GPS_SourceInquiry_MF>
<com.gps.Inquiry.GPS_SourceInquiry_MF intServ="EEMSIIB_GPS_SRC_PRIORITY" env="adopt" override="BECode">600</com.gps.Inquiry.GPS_SourceInquiry_MF>
<com.gps.Inquiry.GPS_SourceInquiry_MF intServ="EEMSIIB_GPS_SRC_PRIORITY" env="adopt" override="ProjNumber">3</com.gps.Inquiry.GPS_SourceInquiry_MF>
<com.gps.Inquiry.GPS_SourceInquiry_MF intServ="EEMSIIB_GPS_SRC_PRIORITY" env="adopt" override="Build_GPSRequest.dataSource">EEMS_DB</com.gps.Inquiry.GPS_SourceInquiry_MF>
<com.gps.Inquiry.GPS_SourceInquiry_MF intServ="EEMSIIB_GPS_SRC_PRIORITY" env="adopt" override="EEMSIIB.GPS_ERRORMESSAGE_DATA.queueName">EEMSIIB.ADP.GPS_ERRORMESSAGE_DATA</com.gps.Inquiry.GPS_SourceInquiry_MF>
<com.gps.Inquiry.GPS_SourceInquiry_MF intServ="EEMSIIB_GPS_SRC_PRIORITY" env="adopt" override="GPS_Custom_XML_from_Initial.componentLevel">node</com.gps.Inquiry.GPS_SourceInquiry_MF>
<com.gps.Inquiry.GPS_SourceInquiry_MF intServ="EEMSIIB_GPS_SRC_PRIORITY" env="adopt" override="GPS_Custom_XML_from_Initial.additionalInstances">30</com.gps.Inquiry.GPS_SourceInquiry_MF>
<com.gps.Inquiry.GPS_SourceInquiry_MF intServ="EEMSIIB_GPS_SRC_PRIORITY" env="adopt" override="MemberInq_ProcessException.dataSource">EEMS_DB</com.gps.Inquiry.GPS_SourceInquiry_MF>
<com.gps.Inquiry.GPS_SourceInquiry_MF intServ="EEMSIIB_GPS_SRC_PRIORITY" env="adopt" override="PriorityMap">EEMS_Priority_Map</com.gps.Inquiry.GPS_SourceInquiry_MF>
<com.gps.Inquiry.GPS_SourceInquiry_MF intServ="EEMSIIB_GPS_SRC_PRIORITY" env="adopt" override="PriorityKey">INFLIGHT_CACHE</com.gps.Inquiry.GPS_SourceInquiry_MF>
<com.gps.Inquiry.Webservice_SubFlow intServ="EEMSIIB_GPS_SRC_PRIORITY" env="adopt" override="webServiceURL">https://aeprodproxy.uhc.com/upm4/soap/ovationsmember/ReadOvationsMemberEligibilityV10</com.gps.Inquiry.Webservice_SubFlow>
<com.gps.Inquiry.Webservice_SubFlow intServ="EEMSIIB_GPS_SRC_PRIORITY" env="adopt" override="Request.sslProtocol">TLSv1.2</com.gps.Inquiry.Webservice_SubFlow>
<com.gps.Inquiry.Webservice_SubFlow intServ="EEMSIIB_GPS_SRC_PRIORITY" env="adopt" override="Request.validateMaster">none</com.gps.Inquiry.Webservice_SubFlow>

<!-- PROD -->

<com.gps.Inquiry.GPS_SourceInquiry_MF intServ="EEMSIIB_GPS_SRC_INQUIRY" env="prod" override="additionalInstances">30</com.gps.Inquiry.GPS_SourceInquiry_MF>
<com.gps.Inquiry.GPS_SourceInquiry_MF intServ="EEMSIIB_GPS_SRC_INQUIRY" env="prod" override="BrkConfigKey">BRK_CONFIG</com.gps.Inquiry.GPS_SourceInquiry_MF>
<com.gps.Inquiry.GPS_SourceInquiry_MF intServ="EEMSIIB_GPS_SRC_INQUIRY" env="prod" override="SchemaName">ELECELIG</com.gps.Inquiry.GPS_SourceInquiry_MF>
<com.gps.Inquiry.GPS_SourceInquiry_MF intServ="EEMSIIB_GPS_SRC_INQUIRY" env="prod" override="GlobalCacheMap">GPS_Common_Map</com.gps.Inquiry.GPS_SourceInquiry_MF>
<com.gps.Inquiry.GPS_SourceInquiry_MF intServ="EEMSIIB_GPS_SRC_INQUIRY" env="prod" override="RetryNoOfTimes">3</com.gps.Inquiry.GPS_SourceInquiry_MF>
<com.gps.Inquiry.GPS_SourceInquiry_MF intServ="EEMSIIB_GPS_SRC_INQUIRY" env="prod" override="sleepInterval">5000</com.gps.Inquiry.GPS_SourceInquiry_MF>
<com.gps.Inquiry.GPS_SourceInquiry_MF intServ="EEMSIIB_GPS_SRC_INQUIRY" env="prod" override="Source_Inq_in">EEMSIIB.GPS_SOURCE_CO_INQ_IN</com.gps.Inquiry.GPS_SourceInquiry_MF>
<com.gps.Inquiry.GPS_SourceInquiry_MF intServ="EEMSIIB_GPS_SRC_INQUIRY" env="prod" override="TRANSFORM_IN">EEMSIIB.GPS_SOURCE_POSTPROC_IN</com.gps.Inquiry.GPS_SourceInquiry_MF>
<com.gps.Inquiry.GPS_SourceInquiry_MF intServ="EEMSIIB_GPS_SRC_INQUIRY" env="prod" override="AuditQName">EEMSIIB.GPS_COMMON_AUDITMESSAGE_DATA</com.gps.Inquiry.GPS_SourceInquiry_MF>
<com.gps.Inquiry.GPS_SourceInquiry_MF intServ="EEMSIIB_GPS_SRC_INQUIRY" env="prod" override="includeApplicationData">true</com.gps.Inquiry.GPS_SourceInquiry_MF>
<com.gps.Inquiry.GPS_SourceInquiry_MF intServ="EEMSIIB_GPS_SRC_INQUIRY" env="prod" override="includePlanData">true</com.gps.Inquiry.GPS_SourceInquiry_MF>
<com.gps.Inquiry.GPS_SourceInquiry_MF intServ="EEMSIIB_GPS_SRC_INQUIRY" env="prod" override="Username">upmeeeprod</com.gps.Inquiry.GPS_SourceInquiry_MF>
<com.gps.Inquiry.GPS_SourceInquiry_MF intServ="EEMSIIB_GPS_SRC_INQUIRY" env="prod" override="Password">ymdY3yh3</com.gps.Inquiry.GPS_SourceInquiry_MF>
<com.gps.Inquiry.GPS_SourceInquiry_MF intServ="EEMSIIB_GPS_SRC_INQUIRY" env="prod" override="BECode">600</com.gps.Inquiry.GPS_SourceInquiry_MF>
<com.gps.Inquiry.GPS_SourceInquiry_MF intServ="EEMSIIB_GPS_SRC_INQUIRY" env="prod" override="ProjNumber">3</com.gps.Inquiry.GPS_SourceInquiry_MF>
<com.gps.Inquiry.GPS_SourceInquiry_MF intServ="EEMSIIB_GPS_SRC_INQUIRY" env="prod" override="Build_GPSRequest.dataSource">EEMS_DB</com.gps.Inquiry.GPS_SourceInquiry_MF>
<com.gps.Inquiry.GPS_SourceInquiry_MF intServ="EEMSIIB_GPS_SRC_INQUIRY" env="prod" override="EEMSIIB.GPS_ERRORMESSAGE_DATA.queueName">EEMSIIB.GPS_ERRORMESSAGE_DATA</com.gps.Inquiry.GPS_SourceInquiry_MF>
<com.gps.Inquiry.GPS_SourceInquiry_MF intServ="EEMSIIB_GPS_SRC_INQUIRY" env="prod" override="GPS_Custom_XML_from_Initial.componentLevel">node</com.gps.Inquiry.GPS_SourceInquiry_MF>
<com.gps.Inquiry.GPS_SourceInquiry_MF intServ="EEMSIIB_GPS_SRC_INQUIRY" env="prod" override="GPS_Custom_XML_from_Initial.additionalInstances">30</com.gps.Inquiry.GPS_SourceInquiry_MF>
<com.gps.Inquiry.GPS_SourceInquiry_MF intServ="EEMSIIB_GPS_SRC_INQUIRY" env="prod" override="MemberInq_ProcessException.dataSource">EEMS_DB</com.gps.Inquiry.GPS_SourceInquiry_MF>
<com.gps.Inquiry.GPS_SourceInquiry_MF intServ="EEMSIIB_GPS_SRC_INQUIRY" env="prod" override="PriorityMap">EEMS_Priority_Map</com.gps.Inquiry.GPS_SourceInquiry_MF>
<com.gps.Inquiry.GPS_SourceInquiry_MF intServ="EEMSIIB_GPS_SRC_INQUIRY" env="prod" override="PriorityKey">INFLIGHT_CACHE</com.gps.Inquiry.GPS_SourceInquiry_MF>
<com.gps.Inquiry.Webservice_SubFlow intServ="EEMSIIB_GPS_SRC_INQUIRY" env="prod" override="webServiceURL">https://aeprodproxy.uhc.com/upm4/soap/ovationsmember/ReadOvationsMemberEligibilityV10</com.gps.Inquiry.Webservice_SubFlow>
<com.gps.Inquiry.Webservice_SubFlow intServ="EEMSIIB_GPS_SRC_INQUIRY" env="prod" override="Request.sslProtocol">TLSv1.2</com.gps.Inquiry.Webservice_SubFlow>
<com.gps.Inquiry.Webservice_SubFlow intServ="EEMSIIB_GPS_SRC_INQUIRY" env="prod" override="Request.validateMaster">none</com.gps.Inquiry.Webservice_SubFlow>

<com.gps.Inquiry.GPS_SourceInquiry_MF intServ="EEMSIIB_GPS_SRC_PRIORITY" env="prod" override="additionalInstances">30</com.gps.Inquiry.GPS_SourceInquiry_MF>
<com.gps.Inquiry.GPS_SourceInquiry_MF intServ="EEMSIIB_GPS_SRC_PRIORITY" env="prod" override="BrkConfigKey">BRK_CONFIG</com.gps.Inquiry.GPS_SourceInquiry_MF>
<com.gps.Inquiry.GPS_SourceInquiry_MF intServ="EEMSIIB_GPS_SRC_PRIORITY" env="prod" override="SchemaName">ELECELIG</com.gps.Inquiry.GPS_SourceInquiry_MF>
<com.gps.Inquiry.GPS_SourceInquiry_MF intServ="EEMSIIB_GPS_SRC_PRIORITY" env="prod" override="GlobalCacheMap">GPS_Common_Map</com.gps.Inquiry.GPS_SourceInquiry_MF>
<com.gps.Inquiry.GPS_SourceInquiry_MF intServ="EEMSIIB_GPS_SRC_PRIORITY" env="prod" override="RetryNoOfTimes">3</com.gps.Inquiry.GPS_SourceInquiry_MF>
<com.gps.Inquiry.GPS_SourceInquiry_MF intServ="EEMSIIB_GPS_SRC_PRIORITY" env="prod" override="sleepInterval">5000</com.gps.Inquiry.GPS_SourceInquiry_MF>
<com.gps.Inquiry.GPS_SourceInquiry_MF intServ="EEMSIIB_GPS_SRC_PRIORITY" env="prod" override="Source_Inq_in">EEMSIIB.GPS_SOURCE_PRTY_CO_INQ_IN</com.gps.Inquiry.GPS_SourceInquiry_MF>
<com.gps.Inquiry.GPS_SourceInquiry_MF intServ="EEMSIIB_GPS_SRC_PRIORITY" env="prod" override="TRANSFORM_IN">EEMSIIB.GPS_SOURCE_PRTY_POSTPROC_IN</com.gps.Inquiry.GPS_SourceInquiry_MF>
<com.gps.Inquiry.GPS_SourceInquiry_MF intServ="EEMSIIB_GPS_SRC_PRIORITY" env="prod" override="AuditQName">EEMSIIB.GPS_COMMON_AUDITMESSAGE_DATA</com.gps.Inquiry.GPS_SourceInquiry_MF>
<com.gps.Inquiry.GPS_SourceInquiry_MF intServ="EEMSIIB_GPS_SRC_PRIORITY" env="prod" override="includeApplicationData">true</com.gps.Inquiry.GPS_SourceInquiry_MF>
<com.gps.Inquiry.GPS_SourceInquiry_MF intServ="EEMSIIB_GPS_SRC_PRIORITY" env="prod" override="includePlanData">true</com.gps.Inquiry.GPS_SourceInquiry_MF>
<com.gps.Inquiry.GPS_SourceInquiry_MF intServ="EEMSIIB_GPS_SRC_PRIORITY" env="prod" override="Username">upmeeeprod</com.gps.Inquiry.GPS_SourceInquiry_MF>
<com.gps.Inquiry.GPS_SourceInquiry_MF intServ="EEMSIIB_GPS_SRC_PRIORITY" env="prod" override="Password">ymdY3yh3</com.gps.Inquiry.GPS_SourceInquiry_MF>
<com.gps.Inquiry.GPS_SourceInquiry_MF intServ="EEMSIIB_GPS_SRC_PRIORITY" env="prod" override="BECode">600</com.gps.Inquiry.GPS_SourceInquiry_MF>
<com.gps.Inquiry.GPS_SourceInquiry_MF intServ="EEMSIIB_GPS_SRC_PRIORITY" env="prod" override="ProjNumber">3</com.gps.Inquiry.GPS_SourceInquiry_MF>
<com.gps.Inquiry.GPS_SourceInquiry_MF intServ="EEMSIIB_GPS_SRC_PRIORITY" env="prod" override="Build_GPSRequest.dataSource">EEMS_DB</com.gps.Inquiry.GPS_SourceInquiry_MF>
<com.gps.Inquiry.GPS_SourceInquiry_MF intServ="EEMSIIB_GPS_SRC_PRIORITY" env="prod" override="EEMSIIB.GPS_ERRORMESSAGE_DATA.queueName">EEMSIIB.GPS_ERRORMESSAGE_DATA</com.gps.Inquiry.GPS_SourceInquiry_MF>
<com.gps.Inquiry.GPS_SourceInquiry_MF intServ="EEMSIIB_GPS_SRC_PRIORITY" env="prod" override="GPS_Custom_XML_from_Initial.componentLevel">node</com.gps.Inquiry.GPS_SourceInquiry_MF>
<com.gps.Inquiry.GPS_SourceInquiry_MF intServ="EEMSIIB_GPS_SRC_PRIORITY" env="prod" override="GPS_Custom_XML_from_Initial.additionalInstances">30</com.gps.Inquiry.GPS_SourceInquiry_MF>
<com.gps.Inquiry.GPS_SourceInquiry_MF intServ="EEMSIIB_GPS_SRC_PRIORITY" env="prod" override="MemberInq_ProcessException.dataSource">EEMS_DB</com.gps.Inquiry.GPS_SourceInquiry_MF>
<com.gps.Inquiry.GPS_SourceInquiry_MF intServ="EEMSIIB_GPS_SRC_PRIORITY" env="prod" override="PriorityMap">EEMS_Priority_Map</com.gps.Inquiry.GPS_SourceInquiry_MF>
<com.gps.Inquiry.GPS_SourceInquiry_MF intServ="EEMSIIB_GPS_SRC_PRIORITY" env="prod" override="PriorityKey">INFLIGHT_CACHE</com.gps.Inquiry.GPS_SourceInquiry_MF>
<com.gps.Inquiry.Webservice_SubFlow intServ="EEMSIIB_GPS_SRC_PRIORITY" env="prod" override="webServiceURL">https://aeprodproxy.uhc.com/upm4/soap/ovationsmember/ReadOvationsMemberEligibilityV10</com.gps.Inquiry.Webservice_SubFlow>
<com.gps.Inquiry.Webservice_SubFlow intServ="EEMSIIB_GPS_SRC_PRIORITY" env="prod" override="Request.sslProtocol">TLSv1.2</com.gps.Inquiry.Webservice_SubFlow>
<com.gps.Inquiry.Webservice_SubFlow intServ="EEMSIIB_GPS_SRC_PRIORITY" env="prod" override="Request.validateMaster">none</com.gps.Inquiry.Webservice_SubFlow>

</Broker>