<?xml version="1.0" encoding="UTF-8" ?> 
<Broker>
<!--DEV-->
<com.src.email.Common_Email_Notify_MF intServ="EEMSIIB_PRIME_COMMON_APPLICATIONS" env="dev" override="SMTPHost">mailo2.uhc.com:25</com.src.email.Common_Email_Notify_MF>
<com.src.email.Common_Email_Notify_MF intServ="EEMSIIB_PRIME_COMMON_APPLICATIONS" env="dev" override="Configlogpath">/eems/iib/be128/logs/config/brokerLog.xml</com.src.email.Common_Email_Notify_MF>
<com.src.email.Common_Email_Notify_MF intServ="EEMSIIB_PRIME_COMMON_APPLICATIONS" env="dev" override="LevelLog">DEBUG</com.src.email.Common_Email_Notify_MF>
<com.src.email.Common_Email_Notify_MF intServ="EEMSIIB_PRIME_COMMON_APPLICATIONS" env="dev" override="BrkConfigKey">BRK_CONFIG</com.src.email.Common_Email_Notify_MF>
<com.src.email.Common_Email_Notify_MF intServ="EEMSIIB_PRIME_COMMON_APPLICATIONS" env="dev" override="varGCMapName">GPS_Common_Map</com.src.email.Common_Email_Notify_MF>
<com.src.email.Common_Email_Notify_MF intServ="EEMSIIB_PRIME_COMMON_APPLICATIONS" env="dev" override="CH_DBSchema">ELECELIG</com.src.email.Common_Email_Notify_MF>
<com.src.email.Common_Email_Notify_MF intServ="EEMSIIB_PRIME_COMMON_APPLICATIONS" env="dev" override="NotifyEmail.dataSource">EEMS_DB</com.src.email.Common_Email_Notify_MF>
<com.src.email.Common_Email_Notify_MF intServ="EEMSIIB_PRIME_COMMON_APPLICATIONS" env="dev" override="EEMSIIB.EMAIL_NTFY_IN.queueName">EEMSIIB.EEMS_BE156_GW_IIB_EMAIL_REQ</com.src.email.Common_Email_Notify_MF>
<com.src.email.Common_Email_Notify_MF intServ="EEMSIIB_PRIME_COMMON_APPLICATIONS" env="dev" override="EEMSIIB.PRIME_ERRORMESSAGE_DATA.queueName">EEMSIIB.PRIME_ERRORMESSAGE_DATA</com.src.email.Common_Email_Notify_MF>
<com.src.email.Common_Email_Notify_MF intServ="EEMSIIB_PRIME_COMMON_APPLICATIONS" env="dev" override="Common_ExceptionHandling_SF.BECode">156</com.src.email.Common_Email_Notify_MF>
<com.src.email.Common_Email_Notify_MF intServ="EEMSIIB_PRIME_COMMON_APPLICATIONS" env="dev" override="Common_AuditInMessage_SF.queueName">EEMSIIB.PRIME_COMMON_AUDITMESSAGE_DATA</com.src.email.Common_Email_Notify_MF>

<!--SIT Alpha-->

<com.src.email.Common_Email_Notify_MF intServ="EEMSIIB_PRIME_COMMON_APPLICATIONS" env="test" override="SMTPHost">mailo2.uhc.com:25</com.src.email.Common_Email_Notify_MF>
<com.src.email.Common_Email_Notify_MF intServ="EEMSIIB_PRIME_COMMON_APPLICATIONS" env="test" override="Configlogpath">/eems/iib/be128/logs/config/brokerLog.xml</com.src.email.Common_Email_Notify_MF>
<com.src.email.Common_Email_Notify_MF intServ="EEMSIIB_PRIME_COMMON_APPLICATIONS" env="test" override="LevelLog">DEBUG</com.src.email.Common_Email_Notify_MF>
<com.src.email.Common_Email_Notify_MF intServ="EEMSIIB_PRIME_COMMON_APPLICATIONS" env="test" override="BrkConfigKey">BRK_CONFIG</com.src.email.Common_Email_Notify_MF>
<com.src.email.Common_Email_Notify_MF intServ="EEMSIIB_PRIME_COMMON_APPLICATIONS" env="test" override="varGCMapName">GPS_Common_Map</com.src.email.Common_Email_Notify_MF>
<com.src.email.Common_Email_Notify_MF intServ="EEMSIIB_PRIME_COMMON_APPLICATIONS" env="test" override="CH_DBSchema">ELECELIG</com.src.email.Common_Email_Notify_MF>
<com.src.email.Common_Email_Notify_MF intServ="EEMSIIB_PRIME_COMMON_APPLICATIONS" env="test" override="NotifyEmail.dataSource">EEMS_DB</com.src.email.Common_Email_Notify_MF>
<com.src.email.Common_Email_Notify_MF intServ="EEMSIIB_PRIME_COMMON_APPLICATIONS" env="test" override="EEMSIIB.EMAIL_NTFY_IN.queueName">EEMSIIB.EEMS_BE156_GW_IIB_EMAIL_REQ</com.src.email.Common_Email_Notify_MF>
<com.src.email.Common_Email_Notify_MF intServ="EEMSIIB_PRIME_COMMON_APPLICATIONS" env="test" override="EEMSIIB.PRIME_ERRORMESSAGE_DATA.queueName">EEMSIIB.PRIME_ERRORMESSAGE_DATA</com.src.email.Common_Email_Notify_MF>
<com.src.email.Common_Email_Notify_MF intServ="EEMSIIB_PRIME_COMMON_APPLICATIONS" env="test" override="Common_ExceptionHandling_SF.BECode">156</com.src.email.Common_Email_Notify_MF>
<com.src.email.Common_Email_Notify_MF intServ="EEMSIIB_PRIME_COMMON_APPLICATIONS" env="test" override="Common_AuditInMessage_SF.queueName">EEMSIIB.PRIME_COMMON_AUDITMESSAGE_DATA</com.src.email.Common_Email_Notify_MF>


<!--SIT Bravo-->

<com.src.email.Common_Email_Notify_MF intServ="EEMSIIB_PRIME_COMMON_APPLICATIONS" env="test2" override="SMTPHost">mailo2.uhc.com:25</com.src.email.Common_Email_Notify_MF>
<com.src.email.Common_Email_Notify_MF intServ="EEMSIIB_PRIME_COMMON_APPLICATIONS" env="test2" override="Configlogpath">/eems/iib/be128/logs/config/brokerLog.xml</com.src.email.Common_Email_Notify_MF>
<com.src.email.Common_Email_Notify_MF intServ="EEMSIIB_PRIME_COMMON_APPLICATIONS" env="test2" override="LevelLog">DEBUG</com.src.email.Common_Email_Notify_MF>
<com.src.email.Common_Email_Notify_MF intServ="EEMSIIB_PRIME_COMMON_APPLICATIONS" env="test2" override="BrkConfigKey">BRK_CONFIG</com.src.email.Common_Email_Notify_MF>
<com.src.email.Common_Email_Notify_MF intServ="EEMSIIB_PRIME_COMMON_APPLICATIONS" env="test2" override="varGCMapName">GPS_Common_Map</com.src.email.Common_Email_Notify_MF>
<com.src.email.Common_Email_Notify_MF intServ="EEMSIIB_PRIME_COMMON_APPLICATIONS" env="test2" override="CH_DBSchema">ELECELIG</com.src.email.Common_Email_Notify_MF>
<com.src.email.Common_Email_Notify_MF intServ="EEMSIIB_PRIME_COMMON_APPLICATIONS" env="test2" override="NotifyEmail.dataSource">EEMS_DB</com.src.email.Common_Email_Notify_MF>
<com.src.email.Common_Email_Notify_MF intServ="EEMSIIB_PRIME_COMMON_APPLICATIONS" env="test2" override="EEMSIIB.EMAIL_NTFY_IN.queueName">EEMSIIB.EEMS_BE156_GW_IIB_EMAIL_REQ</com.src.email.Common_Email_Notify_MF>
<com.src.email.Common_Email_Notify_MF intServ="EEMSIIB_PRIME_COMMON_APPLICATIONS" env="test2" override="EEMSIIB.PRIME_ERRORMESSAGE_DATA.queueName">EEMSIIB.PRIME_ERRORMESSAGE_DATA</com.src.email.Common_Email_Notify_MF>
<com.src.email.Common_Email_Notify_MF intServ="EEMSIIB_PRIME_COMMON_APPLICATIONS" env="test2" override="Common_ExceptionHandling_SF.BECode">156</com.src.email.Common_Email_Notify_MF>
<com.src.email.Common_Email_Notify_MF intServ="EEMSIIB_PRIME_COMMON_APPLICATIONS" env="test2" override="Common_AuditInMessage_SF.queueName">EEMSIIB.PRIME_COMMON_AUDITMESSAGE_DATA</com.src.email.Common_Email_Notify_MF>


<!--UAT-->
<com.src.email.Common_Email_Notify_MF intServ="EEMSIIB_PRIME_COMMON_APPLICATIONS" env="uat" override="SMTPHost">mailo2.uhc.com:25</com.src.email.Common_Email_Notify_MF>
<com.src.email.Common_Email_Notify_MF intServ="EEMSIIB_PRIME_COMMON_APPLICATIONS" env="uat" override="Configlogpath">/eems/iib/be128/logs/config/brokerLog.xml</com.src.email.Common_Email_Notify_MF>
<com.src.email.Common_Email_Notify_MF intServ="EEMSIIB_PRIME_COMMON_APPLICATIONS" env="uat" override="LevelLog">DEBUG</com.src.email.Common_Email_Notify_MF>
<com.src.email.Common_Email_Notify_MF intServ="EEMSIIB_PRIME_COMMON_APPLICATIONS" env="uat" override="BrkConfigKey">BRK_CONFIG</com.src.email.Common_Email_Notify_MF>
<com.src.email.Common_Email_Notify_MF intServ="EEMSIIB_PRIME_COMMON_APPLICATIONS" env="uat" override="varGCMapName">GPS_Common_Map</com.src.email.Common_Email_Notify_MF>
<com.src.email.Common_Email_Notify_MF intServ="EEMSIIB_PRIME_COMMON_APPLICATIONS" env="uat" override="CH_DBSchema">ELECELIG</com.src.email.Common_Email_Notify_MF>
<com.src.email.Common_Email_Notify_MF intServ="EEMSIIB_PRIME_COMMON_APPLICATIONS" env="uat" override="NotifyEmail.dataSource">EEMS_DB</com.src.email.Common_Email_Notify_MF>
<com.src.email.Common_Email_Notify_MF intServ="EEMSIIB_PRIME_COMMON_APPLICATIONS" env="uat" override="EEMSIIB.EMAIL_NTFY_IN.queueName">EEMSIIB.EEMS_BE156_GW_IIB_EMAIL_REQ</com.src.email.Common_Email_Notify_MF>
<com.src.email.Common_Email_Notify_MF intServ="EEMSIIB_PRIME_COMMON_APPLICATIONS" env="uat" override="EEMSIIB.PRIME_ERRORMESSAGE_DATA.queueName">EEMSIIB.PRIME_ERRORMESSAGE_DATA</com.src.email.Common_Email_Notify_MF>
<com.src.email.Common_Email_Notify_MF intServ="EEMSIIB_PRIME_COMMON_APPLICATIONS" env="uat" override="Common_ExceptionHandling_SF.BECode">156</com.src.email.Common_Email_Notify_MF>
<com.src.email.Common_Email_Notify_MF intServ="EEMSIIB_PRIME_COMMON_APPLICATIONS" env="uat" override="Common_AuditInMessage_SF.queueName">EEMSIIB.PRIME_COMMON_AUDITMESSAGE_DATA</com.src.email.Common_Email_Notify_MF>

<!-- UAT Bravo 

<com.src.email.Common_Email_Notify_MF intServ="EEMSIIB_PRIME_COMMON_APPLICATIONS" env="test2" override="SMTPHost">mailo2.uhc.com:25</com.src.email.Common_Email_Notify_MF>
<com.src.email.Common_Email_Notify_MF intServ="EEMSIIB_PRIME_COMMON_APPLICATIONS" env="test2" override="Configlogpath">/eems/iib/be128/logs/config/brokerLog.xml</com.src.email.Common_Email_Notify_MF>
<com.src.email.Common_Email_Notify_MF intServ="EEMSIIB_PRIME_COMMON_APPLICATIONS" env="test2" override="LevelLog">DEBUG</com.src.email.Common_Email_Notify_MF>
<com.src.email.Common_Email_Notify_MF intServ="EEMSIIB_PRIME_COMMON_APPLICATIONS" env="test2" override="BrkConfigKey">BRK_CONFIG</com.src.email.Common_Email_Notify_MF>
<com.src.email.Common_Email_Notify_MF intServ="EEMSIIB_PRIME_COMMON_APPLICATIONS" env="test2" override="varGCMapName">GPS_Common_Map</com.src.email.Common_Email_Notify_MF>
<com.src.email.Common_Email_Notify_MF intServ="EEMSIIB_PRIME_COMMON_APPLICATIONS" env="test2" override="CH_DBSchema">ELECELIG</com.src.email.Common_Email_Notify_MF>
<com.src.email.Common_Email_Notify_MF intServ="EEMSIIB_PRIME_COMMON_APPLICATIONS" env="test2" override="NotifyEmail.dataSource">EEMS_DB</com.src.email.Common_Email_Notify_MF>
<com.src.email.Common_Email_Notify_MF intServ="EEMSIIB_PRIME_COMMON_APPLICATIONS" env="test2" override="EEMSIIB.EMAIL_NTFY_IN.queueName">EEMSIIB.EEMS_BE156_GW_IIB_EMAIL_REQ</com.src.email.Common_Email_Notify_MF>
<com.src.email.Common_Email_Notify_MF intServ="EEMSIIB_PRIME_COMMON_APPLICATIONS" env="test2" override="EEMSIIB.PRIME_ERRORMESSAGE_DATA.queueName">EEMSIIB.PRIME_ERRORMESSAGE_DATA</com.src.email.Common_Email_Notify_MF>
<com.src.email.Common_Email_Notify_MF intServ="EEMSIIB_PRIME_COMMON_APPLICATIONS" env="test2" override="Common_ExceptionHandling_SF.BECode">156</com.src.email.Common_Email_Notify_MF>
<com.src.email.Common_Email_Notify_MF intServ="EEMSIIB_PRIME_COMMON_APPLICATIONS" env="test2" override="Common_AuditInMessage_SF.queueName">EEMSIIB.PRIME_COMMON_AUDITMESSAGE_DATA</com.src.email.Common_Email_Notify_MF>
-->
<!--Stage-->
<com.src.email.Common_Email_Notify_MF intServ="EEMSIIB_PRIME_COMMON_APPLICATIONS" env="stage" override="SMTPHost">mailo2.uhc.com:25</com.src.email.Common_Email_Notify_MF>
<com.src.email.Common_Email_Notify_MF intServ="EEMSIIB_PRIME_COMMON_APPLICATIONS" env="stage" override="Configlogpath">/eems/iib/be128/logs/config/brokerLog.xml</com.src.email.Common_Email_Notify_MF>
<com.src.email.Common_Email_Notify_MF intServ="EEMSIIB_PRIME_COMMON_APPLICATIONS" env="stage" override="LevelLog">DEBUG</com.src.email.Common_Email_Notify_MF>
<com.src.email.Common_Email_Notify_MF intServ="EEMSIIB_PRIME_COMMON_APPLICATIONS" env="stage" override="BrkConfigKey">BRK_CONFIG</com.src.email.Common_Email_Notify_MF>
<com.src.email.Common_Email_Notify_MF intServ="EEMSIIB_PRIME_COMMON_APPLICATIONS" env="stage" override="varGCMapName">GPS_Common_Map</com.src.email.Common_Email_Notify_MF>
<com.src.email.Common_Email_Notify_MF intServ="EEMSIIB_PRIME_COMMON_APPLICATIONS" env="stage" override="CH_DBSchema">ELECELIG</com.src.email.Common_Email_Notify_MF>
<com.src.email.Common_Email_Notify_MF intServ="EEMSIIB_PRIME_COMMON_APPLICATIONS" env="stage" override="NotifyEmail.dataSource">EEMS_DB</com.src.email.Common_Email_Notify_MF>
<com.src.email.Common_Email_Notify_MF intServ="EEMSIIB_PRIME_COMMON_APPLICATIONS" env="stage" override="EEMSIIB.EMAIL_NTFY_IN.queueName">EEMSIIB.EEMS_BE156_GW_IIB_EMAIL_REQ</com.src.email.Common_Email_Notify_MF>
<com.src.email.Common_Email_Notify_MF intServ="EEMSIIB_PRIME_COMMON_APPLICATIONS" env="stage" override="EEMSIIB.PRIME_ERRORMESSAGE_DATA.queueName">EEMSIIB.PRIME_ERRORMESSAGE_DATA</com.src.email.Common_Email_Notify_MF>
<com.src.email.Common_Email_Notify_MF intServ="EEMSIIB_PRIME_COMMON_APPLICATIONS" env="stage" override="Common_ExceptionHandling_SF.BECode">156</com.src.email.Common_Email_Notify_MF>
<com.src.email.Common_Email_Notify_MF intServ="EEMSIIB_PRIME_COMMON_APPLICATIONS" env="stage" override="Common_AuditInMessage_SF.queueName">EEMSIIB.PRIME_COMMON_AUDITMESSAGE_DATA</com.src.email.Common_Email_Notify_MF>

<!--
<com.src.email.Common_Email_Notify_MF intServ="EEMSIIB_PRIME_COMMON_APPLICATIONS" env="stage" override="EMAIL_TO">ssimgekar@optum.com;amresh_kosuru@optum.com</com.src.email.Common_Email_Notify_MF>
<com.src.email.Common_Email_Notify_MF intServ="EEMSIIB_PRIME_COMMON_APPLICATIONS" env="stage" override="EMAIL_FROM">IIB_Outgoing@uhc.com</com.src.email.Common_Email_Notify_MF>
<com.src.email.Common_Email_Notify_MF intServ="EEMSIIB_PRIME_COMMON_APPLICATIONS" env="stage" override="SMTPHost">mailo2.uhc.com:25</com.src.email.Common_Email_Notify_MF>
<com.src.email.Common_Email_Notify_MF intServ="EEMSIIB_PRIME_COMMON_APPLICATIONS" env="stage" override="EMAIL_CC">debajit_paul@optum.com;ashok_chintoju@optum.com;nirusha_divyakolu@optum.com</com.src.email.Common_Email_Notify_MF>
<com.src.email.Common_Email_Notify_MF intServ="EEMSIIB_PRIME_COMMON_APPLICATIONS" env="stage" override="BE">700</com.src.email.Common_Email_Notify_MF>
<com.src.email.Common_Email_Notify_MF intServ="EEMSIIB_PRIME_COMMON_APPLICATIONS" env="stage" override="BECNT">2</com.src.email.Common_Email_Notify_MF>
<com.src.email.Common_Email_Notify_MF intServ="EEMSIIB_PRIME_COMMON_APPLICATIONS" env="stage" override="Env">Stage</com.src.email.Common_Email_Notify_MF>
<com.src.email.Common_Email_Notify_MF intServ="EEMSIIB_PRIME_COMMON_APPLICATIONS" env="stage" override="udpSchemaName">E3MISC</com.src.email.Common_Email_Notify_MF>
<com.src.email.Common_Email_Notify_MF intServ="EEMSIIB_PRIME_COMMON_APPLICATIONS" env="stage" override="Configlogpath">/iib/logs/config/brokerLogGPS_stage.xml</com.src.email.Common_Email_Notify_MF>
<com.src.email.Common_Email_Notify_MF intServ="EEMSIIB_PRIME_COMMON_APPLICATIONS" env="stage" override="LevelLog">ERROR</com.src.email.Common_Email_Notify_MF>
<com.src.email.Common_Email_Notify_MF intServ="EEMSIIB_PRIME_COMMON_APPLICATIONS" env="stage" override="RowsCount">1000</com.src.email.Common_Email_Notify_MF>
<com.src.email.Common_Email_Notify_MF intServ="EEMSIIB_PRIME_COMMON_APPLICATIONS" env="stage" override="NotifyEmail_DBUpdate.dataSource">E3CSP_DB</com.src.email.Common_Email_Notify_MF>
<com.src.email.Common_Email_Notify_MF intServ="EEMSIIB_PRIME_COMMON_APPLICATIONS" env="stage" override="Timeout Notification.uniqueIdentifier">GPS</com.src.email.Common_Email_Notify_MF>
<com.src.email.Common_Email_Notify_MF intServ="EEMSIIB_PRIME_COMMON_APPLICATIONS" env="stage" override="Timeout Notification.timeoutInterval">300</com.src.email.Common_Email_Notify_MF>
<com.src.email.Common_email_Insert_DB_MF intServ="EEMSIIB_PRIME_COMMON_APPLICATIONS" env="stage" override="ConfigFileLocation">/iib/logs/config/brokerLogGPS_stage.xml</com.src.email.Common_email_Insert_DB_MF>
<com.src.email.Common_email_Insert_DB_MF intServ="EEMSIIB_PRIME_COMMON_APPLICATIONS" env="stage" override="logLevel">ERROR</com.src.email.Common_email_Insert_DB_MF>
<com.src.email.Common_email_Insert_DB_MF intServ="EEMSIIB_PRIME_COMMON_APPLICATIONS" env="stage" override="SchemaName">E3MISC</com.src.email.Common_email_Insert_DB_MF>
<com.src.email.Common_email_Insert_DB_MF intServ="EEMSIIB_PRIME_COMMON_APPLICATIONS" env="stage" override="DB_Insertion.dataSource">E3CSP_DB</com.src.email.Common_email_Insert_DB_MF>
<com.src.email.Common_email_Insert_DB_MF intServ="EEMSIIB_PRIME_COMMON_APPLICATIONS" env="stage" override="EEMSIIB.ERRORMESSAGE_DATA.queueName">EEMSIIB.GPSCSP_ERRORMESSAGE_DATA</com.src.email.Common_email_Insert_DB_MF>
<com.src.email.Common_email_Insert_DB_MF intServ="EEMSIIB_PRIME_COMMON_APPLICATIONS" env="stage" override="additionalInstances">20</com.src.email.Common_email_Insert_DB_MF>

<com.src.email.Common_Email_Notify_MF intServ="EEMSIIB_COMMON_APPLICATIONS" env="stage" override="EMAIL_TO">yekollu_srikanth@optum.com</com.src.email.Common_Email_Notify_MF>
<com.src.email.Common_Email_Notify_MF intServ="EEMSIIB_COMMON_APPLICATIONS" env="stage" override="EMAIL_FROM">IIB_Outgoing@uhc.com</com.src.email.Common_Email_Notify_MF>
<com.src.email.Common_Email_Notify_MF intServ="EEMSIIB_COMMON_APPLICATIONS" env="stage" override="SMTPHost">mailo2.uhc.com:25</com.src.email.Common_Email_Notify_MF>
<com.src.email.Common_Email_Notify_MF intServ="EEMSIIB_COMMON_APPLICATIONS" env="stage" override="EMAIL_CC"></com.src.email.Common_Email_Notify_MF>
<com.src.email.Common_Email_Notify_MF intServ="EEMSIIB_COMMON_APPLICATIONS" env="stage" override="BE">128,123,85</com.src.email.Common_Email_Notify_MF>
<com.src.email.Common_Email_Notify_MF intServ="EEMSIIB_COMMON_APPLICATIONS" env="stage" override="RowsCount">1000</com.src.email.Common_Email_Notify_MF>
<com.src.email.Common_Email_Notify_MF intServ="EEMSIIB_COMMON_APPLICATIONS" env="stage" override="BECNT">3</com.src.email.Common_Email_Notify_MF>
<com.src.email.Common_Email_Notify_MF intServ="EEMSIIB_COMMON_APPLICATIONS" env="stage" override="Env">Stage</com.src.email.Common_Email_Notify_MF>
<com.src.email.Common_Email_Notify_MF intServ="EEMSIIB_COMMON_APPLICATIONS" env="stage" override="udpSchemaName">E3MISC</com.src.email.Common_Email_Notify_MF>
<com.src.email.Common_Email_Notify_MF intServ="EEMSIIB_COMMON_APPLICATIONS" env="stage" override="Configlogpath">/iib/logs/config/brokerLog_stage.xml</com.src.email.Common_Email_Notify_MF>
<com.src.email.Common_Email_Notify_MF intServ="EEMSIIB_COMMON_APPLICATIONS" env="stage" override="LevelLog">ERROR</com.src.email.Common_Email_Notify_MF>
<com.src.email.Common_Email_Notify_MF intServ="EEMSIIB_COMMON_APPLICATIONS" env="stage" override="NotifyEmail_DBUpdate.dataSource">EEMS_DB</com.src.email.Common_Email_Notify_MF>
<com.src.email.Common_Email_Notify_MF intServ="EEMSIIB_COMMON_APPLICATIONS" env="stage" override="Timeout Notification.uniqueIdentifier">EEMS</com.src.email.Common_Email_Notify_MF>
<com.src.email.Common_Email_Notify_MF intServ="EEMSIIB_COMMON_APPLICATIONS" env="stage" override="Timeout Notification.timeoutInterval">600</com.src.email.Common_Email_Notify_MF>
<com.src.email.Common_email_Insert_DB_MF intServ="EEMSIIB_COMMON_APPLICATIONS" env="stage" override="additionalInstances">4</com.src.email.Common_email_Insert_DB_MF>
<com.src.email.Common_email_Insert_DB_MF intServ="EEMSIIB_COMMON_APPLICATIONS" env="stage" override="ConfigFileLocation">/iib/logs/config/brokerLog_stage.xml</com.src.email.Common_email_Insert_DB_MF>
<com.src.email.Common_email_Insert_DB_MF intServ="EEMSIIB_COMMON_APPLICATIONS" env="stage" override="logLevel">ERROR</com.src.email.Common_email_Insert_DB_MF>
<com.src.email.Common_email_Insert_DB_MF intServ="EEMSIIB_COMMON_APPLICATIONS" env="stage" override="SchemaName">E3MISC</com.src.email.Common_email_Insert_DB_MF>
<com.src.email.Common_email_Insert_DB_MF intServ="EEMSIIB_COMMON_APPLICATIONS" env="stage" override="DB_Insertion.dataSource">EEMS_DB</com.src.email.Common_email_Insert_DB_MF>
<com.src.email.Common_email_Insert_DB_MF intServ="EEMSIIB_COMMON_APPLICATIONS" env="stage" override="EEMSIIB.ERRORMESSAGE_DATA.queueName">EEMSIIB.ERRORMESSAGE_DATA</com.src.email.Common_email_Insert_DB_MF>

<com.src.email.Common_Email_Notify_MF intServ="EEMSIIB_GPS_COMMON_APPLICATIONS" env="stage" override="EMAIL_TO">eems-iib_DL_DL@ds.uhc.com</com.src.email.Common_Email_Notify_MF>
<com.src.email.Common_Email_Notify_MF intServ="EEMSIIB_GPS_COMMON_APPLICATIONS" env="stage" override="EMAIL_FROM">IIB_Outgoing@uhc.com</com.src.email.Common_Email_Notify_MF>
<com.src.email.Common_Email_Notify_MF intServ="EEMSIIB_GPS_COMMON_APPLICATIONS" env="stage" override="SMTPHost">mailo2.uhc.com:25</com.src.email.Common_Email_Notify_MF>
<com.src.email.Common_Email_Notify_MF intServ="EEMSIIB_GPS_COMMON_APPLICATIONS" env="stage" override="EMAIL_CC">ssimgekar@optum.com;amresh_kosuru@optum.com;yekollu_srikanth@optum.com</com.src.email.Common_Email_Notify_MF>
<com.src.email.Common_Email_Notify_MF intServ="EEMSIIB_GPS_COMMON_APPLICATIONS" env="stage" override="BE">600</com.src.email.Common_Email_Notify_MF>
<com.src.email.Common_Email_Notify_MF intServ="EEMSIIB_GPS_COMMON_APPLICATIONS" env="stage" override="RowsCount">1000</com.src.email.Common_Email_Notify_MF>
<com.src.email.Common_Email_Notify_MF intServ="EEMSIIB_GPS_COMMON_APPLICATIONS" env="stage" override="BECNT">1</com.src.email.Common_Email_Notify_MF>
<com.src.email.Common_Email_Notify_MF intServ="EEMSIIB_GPS_COMMON_APPLICATIONS" env="stage" override="Env">Stage</com.src.email.Common_Email_Notify_MF>
<com.src.email.Common_Email_Notify_MF intServ="EEMSIIB_GPS_COMMON_APPLICATIONS" env="stage" override="udpSchemaName">E3MISC</com.src.email.Common_Email_Notify_MF>
<com.src.email.Common_Email_Notify_MF intServ="EEMSIIB_GPS_COMMON_APPLICATIONS" env="stage" override="Configlogpath">/iib/logs/config/brokerLog_stage.xml</com.src.email.Common_Email_Notify_MF>
<com.src.email.Common_Email_Notify_MF intServ="EEMSIIB_GPS_COMMON_APPLICATIONS" env="stage" override="LevelLog">ERROR</com.src.email.Common_Email_Notify_MF>
<com.src.email.Common_Email_Notify_MF intServ="EEMSIIB_GPS_COMMON_APPLICATIONS" env="stage" override="NotifyEmail_DBUpdate.dataSource">EEMS_DB</com.src.email.Common_Email_Notify_MF>
<com.src.email.Common_Email_Notify_MF intServ="EEMSIIB_GPS_COMMON_APPLICATIONS" env="stage" override="Timeout Notification.uniqueIdentifier">GPSERROR</com.src.email.Common_Email_Notify_MF>
<com.src.email.Common_Email_Notify_MF intServ="EEMSIIB_GPS_COMMON_APPLICATIONS" env="stage" override="Timeout Notification.timeoutInterval">600</com.src.email.Common_Email_Notify_MF>
<com.src.email.Common_email_Insert_DB_MF intServ="EEMSIIB_GPS_COMMON_APPLICATIONS" env="stage" override="additionalInstances">4</com.src.email.Common_email_Insert_DB_MF>
<com.src.email.Common_email_Insert_DB_MF intServ="EEMSIIB_GPS_COMMON_APPLICATIONS" env="stage" override="ConfigFileLocation">/iib/logs/config/brokerLog_stage.xml</com.src.email.Common_email_Insert_DB_MF>
<com.src.email.Common_email_Insert_DB_MF intServ="EEMSIIB_GPS_COMMON_APPLICATIONS" env="stage" override="logLevel">ERROR</com.src.email.Common_email_Insert_DB_MF>
<com.src.email.Common_email_Insert_DB_MF intServ="EEMSIIB_GPS_COMMON_APPLICATIONS" env="stage" override="SchemaName">E3MISC</com.src.email.Common_email_Insert_DB_MF>
<com.src.email.Common_email_Insert_DB_MF intServ="EEMSIIB_GPS_COMMON_APPLICATIONS" env="stage" override="DB_Insertion.dataSource">EEMS_DB</com.src.email.Common_email_Insert_DB_MF>
<com.src.email.Common_email_Insert_DB_MF intServ="EEMSIIB_GPS_COMMON_APPLICATIONS" env="stage" override="EEMSIIB.ERRORMESSAGE_DATA.queueName">EEMSIIB.GPS_ERRORMESSAGE_DATA</com.src.email.Common_email_Insert_DB_MF>
-->
<!--Adopt-->
<com.src.email.Common_Email_Notify_MF intServ="EEMSIIB_PRIME_COMMON_APPLICATIONS" env="adopt" override="SMTPHost">mailo2.uhc.com:25</com.src.email.Common_Email_Notify_MF>
<com.src.email.Common_Email_Notify_MF intServ="EEMSIIB_PRIME_COMMON_APPLICATIONS" env="adopt" override="Configlogpath">/eems/iib/be128/logs/config/brokerLog.xml</com.src.email.Common_Email_Notify_MF>
<com.src.email.Common_Email_Notify_MF intServ="EEMSIIB_PRIME_COMMON_APPLICATIONS" env="adopt" override="LevelLog">DEBUG</com.src.email.Common_Email_Notify_MF>
<com.src.email.Common_Email_Notify_MF intServ="EEMSIIB_PRIME_COMMON_APPLICATIONS" env="adopt" override="BrkConfigKey">BRK_CONFIG</com.src.email.Common_Email_Notify_MF>
<com.src.email.Common_Email_Notify_MF intServ="EEMSIIB_PRIME_COMMON_APPLICATIONS" env="adopt" override="varGCMapName">GPS_Common_Map</com.src.email.Common_Email_Notify_MF>
<com.src.email.Common_Email_Notify_MF intServ="EEMSIIB_PRIME_COMMON_APPLICATIONS" env="adopt" override="CH_DBSchema">ELECELIG</com.src.email.Common_Email_Notify_MF>
<com.src.email.Common_Email_Notify_MF intServ="EEMSIIB_PRIME_COMMON_APPLICATIONS" env="adopt" override="NotifyEmail.dataSource">EEMS_DB</com.src.email.Common_Email_Notify_MF>
<com.src.email.Common_Email_Notify_MF intServ="EEMSIIB_PRIME_COMMON_APPLICATIONS" env="adopt" override="EEMSIIB.EMAIL_NTFY_IN.queueName">EEMSIIB.ADP.EEMS_BE156_GW_IIB_EMAIL_REQ</com.src.email.Common_Email_Notify_MF>
<com.src.email.Common_Email_Notify_MF intServ="EEMSIIB_PRIME_COMMON_APPLICATIONS" env="adopt" override="EEMSIIB.PRIME_ERRORMESSAGE_DATA.queueName">EEMSIIB.ADP.PRIME_ERRORMESSAGE_DATA</com.src.email.Common_Email_Notify_MF>
<com.src.email.Common_Email_Notify_MF intServ="EEMSIIB_PRIME_COMMON_APPLICATIONS" env="adopt" override="Common_ExceptionHandling_SF.BECode">156</com.src.email.Common_Email_Notify_MF>
<com.src.email.Common_Email_Notify_MF intServ="EEMSIIB_PRIME_COMMON_APPLICATIONS" env="adopt" override="Common_AuditInMessage_SF.queueName">EEMSIIB.ADP.PRIME_COMMON_AUDITMESSAGE_DATA</com.src.email.Common_Email_Notify_MF>


<!--
<com.src.email.Common_Email_Notify_MF intServ="EEMSIIB_PRIME_COMMON_APPLICATIONS" env="adopt" override="EMAIL_TO">ssimgekar@optum.com;e3IBProductionErrors_DL@ds.uhc.com</com.src.email.Common_Email_Notify_MF>
<com.src.email.Common_Email_Notify_MF intServ="EEMSIIB_PRIME_COMMON_APPLICATIONS" env="adopt" override="EMAIL_FROM">IIB_Outgoing@uhc.com</com.src.email.Common_Email_Notify_MF>
<com.src.email.Common_Email_Notify_MF intServ="EEMSIIB_PRIME_COMMON_APPLICATIONS" env="adopt" override="SMTPHost">mailo2.uhc.com:25</com.src.email.Common_Email_Notify_MF>
<com.src.email.Common_Email_Notify_MF intServ="EEMSIIB_PRIME_COMMON_APPLICATIONS" env="adopt" override="EMAIL_CC"></com.src.email.Common_Email_Notify_MF>
<com.src.email.Common_Email_Notify_MF intServ="EEMSIIB_PRIME_COMMON_APPLICATIONS" env="adopt" override="BE">700</com.src.email.Common_Email_Notify_MF>
<com.src.email.Common_Email_Notify_MF intServ="EEMSIIB_PRIME_COMMON_APPLICATIONS" env="adopt" override="BECNT">2</com.src.email.Common_Email_Notify_MF>
<com.src.email.Common_Email_Notify_MF intServ="EEMSIIB_PRIME_COMMON_APPLICATIONS" env="adopt" override="Env">Adopt</com.src.email.Common_Email_Notify_MF>
<com.src.email.Common_Email_Notify_MF intServ="EEMSIIB_PRIME_COMMON_APPLICATIONS" env="adopt" override="udpSchemaName">E3MISC</com.src.email.Common_Email_Notify_MF>
<com.src.email.Common_Email_Notify_MF intServ="EEMSIIB_PRIME_COMMON_APPLICATIONS" env="adopt" override="Configlogpath">/iib/logs/config/brokerLogGPS_adopt.xml</com.src.email.Common_Email_Notify_MF>
<com.src.email.Common_Email_Notify_MF intServ="EEMSIIB_PRIME_COMMON_APPLICATIONS" env="adopt" override="LevelLog">ERROR</com.src.email.Common_Email_Notify_MF>
<com.src.email.Common_Email_Notify_MF intServ="EEMSIIB_PRIME_COMMON_APPLICATIONS" env="adopt" override="RowsCount">1000</com.src.email.Common_Email_Notify_MF>
<com.src.email.Common_Email_Notify_MF intServ="EEMSIIB_PRIME_COMMON_APPLICATIONS" env="adopt" override="NotifyEmail_DBUpdate.dataSource">E3CSP_DB</com.src.email.Common_Email_Notify_MF>
<com.src.email.Common_Email_Notify_MF intServ="EEMSIIB_PRIME_COMMON_APPLICATIONS" env="adopt" override="Timeout Notification.uniqueIdentifier">GPS</com.src.email.Common_Email_Notify_MF>
<com.src.email.Common_Email_Notify_MF intServ="EEMSIIB_PRIME_COMMON_APPLICATIONS" env="adopt" override="Timeout Notification.timeoutInterval">300</com.src.email.Common_Email_Notify_MF>
<com.src.email.Common_email_Insert_DB_MF intServ="EEMSIIB_PRIME_COMMON_APPLICATIONS" env="adopt" override="ConfigFileLocation">/iib/logs/config/brokerLogGPS_adopt.xml</com.src.email.Common_email_Insert_DB_MF>
<com.src.email.Common_email_Insert_DB_MF intServ="EEMSIIB_PRIME_COMMON_APPLICATIONS" env="adopt" override="logLevel">ERROR</com.src.email.Common_email_Insert_DB_MF>
<com.src.email.Common_email_Insert_DB_MF intServ="EEMSIIB_PRIME_COMMON_APPLICATIONS" env="adopt" override="SchemaName">E3MISC</com.src.email.Common_email_Insert_DB_MF>
<com.src.email.Common_email_Insert_DB_MF intServ="EEMSIIB_PRIME_COMMON_APPLICATIONS" env="adopt" override="DB_Insertion.dataSource">E3CSP_DB</com.src.email.Common_email_Insert_DB_MF>
<com.src.email.Common_email_Insert_DB_MF intServ="EEMSIIB_PRIME_COMMON_APPLICATIONS" env="adopt" override="EEMSIIB.ERRORMESSAGE_DATA.queueName">EEMSIIB.ADP.GPSCSP_ERRORMESSAGE_DATA</com.src.email.Common_email_Insert_DB_MF>
<com.src.email.Common_email_Insert_DB_MF intServ="EEMSIIB_PRIME_COMMON_APPLICATIONS" env="adopt" override="additionalInstances">20</com.src.email.Common_email_Insert_DB_MF>

<com.src.email.Common_Email_Notify_MF intServ="EEMSIIB_COMMON_APPLICATIONS" env="adopt" override="EMAIL_TO">e3IBProductionErrors_DL@ds.uhc.com</com.src.email.Common_Email_Notify_MF>
<com.src.email.Common_Email_Notify_MF intServ="EEMSIIB_COMMON_APPLICATIONS" env="adopt" override="EMAIL_FROM">IIB_Outgoing@uhc.com</com.src.email.Common_Email_Notify_MF>
<com.src.email.Common_Email_Notify_MF intServ="EEMSIIB_COMMON_APPLICATIONS" env="adopt" override="SMTPHost">mailo2.uhc.com:25</com.src.email.Common_Email_Notify_MF>
<com.src.email.Common_Email_Notify_MF intServ="EEMSIIB_COMMON_APPLICATIONS" env="adopt" override="EMAIL_CC"></com.src.email.Common_Email_Notify_MF>
<com.src.email.Common_Email_Notify_MF intServ="EEMSIIB_COMMON_APPLICATIONS" env="adopt" override="BE">128,123,85</com.src.email.Common_Email_Notify_MF>
<com.src.email.Common_Email_Notify_MF intServ="EEMSIIB_COMMON_APPLICATIONS" env="adopt" override="RowsCount">1000</com.src.email.Common_Email_Notify_MF>
<com.src.email.Common_Email_Notify_MF intServ="EEMSIIB_COMMON_APPLICATIONS" env="adopt" override="BECNT">3</com.src.email.Common_Email_Notify_MF>
<com.src.email.Common_Email_Notify_MF intServ="EEMSIIB_COMMON_APPLICATIONS" env="adopt" override="Env">Adopt</com.src.email.Common_Email_Notify_MF>
<com.src.email.Common_Email_Notify_MF intServ="EEMSIIB_COMMON_APPLICATIONS" env="adopt" override="udpSchemaName">E3MISC</com.src.email.Common_Email_Notify_MF>
<com.src.email.Common_Email_Notify_MF intServ="EEMSIIB_COMMON_APPLICATIONS" env="adopt" override="Configlogpath">/iib/logs/config/brokerLog_adopt.xml</com.src.email.Common_Email_Notify_MF>
<com.src.email.Common_Email_Notify_MF intServ="EEMSIIB_COMMON_APPLICATIONS" env="adopt" override="LevelLog">ERROR</com.src.email.Common_Email_Notify_MF>
<com.src.email.Common_Email_Notify_MF intServ="EEMSIIB_COMMON_APPLICATIONS" env="adopt" override="NotifyEmail_DBUpdate.dataSource">EEMS_DB</com.src.email.Common_Email_Notify_MF>
<com.src.email.Common_Email_Notify_MF intServ="EEMSIIB_COMMON_APPLICATIONS" env="adopt" override="Timeout Notification.uniqueIdentifier">EEMS</com.src.email.Common_Email_Notify_MF>
<com.src.email.Common_Email_Notify_MF intServ="EEMSIIB_COMMON_APPLICATIONS" env="adopt" override="Timeout Notification.timeoutInterval">600</com.src.email.Common_Email_Notify_MF>
<com.src.email.Common_email_Insert_DB_MF intServ="EEMSIIB_COMMON_APPLICATIONS" env="adopt" override="additionalInstances">4</com.src.email.Common_email_Insert_DB_MF>
<com.src.email.Common_email_Insert_DB_MF intServ="EEMSIIB_COMMON_APPLICATIONS" env="adopt" override="ConfigFileLocation">/iib/logs/config/brokerLog_adopt.xml</com.src.email.Common_email_Insert_DB_MF>
<com.src.email.Common_email_Insert_DB_MF intServ="EEMSIIB_COMMON_APPLICATIONS" env="adopt" override="logLevel">ERROR</com.src.email.Common_email_Insert_DB_MF>
<com.src.email.Common_email_Insert_DB_MF intServ="EEMSIIB_COMMON_APPLICATIONS" env="adopt" override="SchemaName">E3MISC</com.src.email.Common_email_Insert_DB_MF>
<com.src.email.Common_email_Insert_DB_MF intServ="EEMSIIB_COMMON_APPLICATIONS" env="adopt" override="DB_Insertion.dataSource">EEMS_DB</com.src.email.Common_email_Insert_DB_MF>
<com.src.email.Common_email_Insert_DB_MF intServ="EEMSIIB_COMMON_APPLICATIONS" env="adopt" override="EEMSIIB.ERRORMESSAGE_DATA.queueName">EEMSIIB.ADP.ERRORMESSAGE_DATA</com.src.email.Common_email_Insert_DB_MF>

<com.src.email.Common_Email_Notify_MF intServ="EEMSIIB_GPS_COMMON_APPLICATIONS" env="adopt" override="EMAIL_TO">e3IBProductionErrors_DL@ds.uhc.com</com.src.email.Common_Email_Notify_MF>
<com.src.email.Common_Email_Notify_MF intServ="EEMSIIB_GPS_COMMON_APPLICATIONS" env="adopt" override="EMAIL_FROM">IIB_Outgoing@uhc.com</com.src.email.Common_Email_Notify_MF>
<com.src.email.Common_Email_Notify_MF intServ="EEMSIIB_GPS_COMMON_APPLICATIONS" env="adopt" override="SMTPHost">mailo2.uhc.com:25</com.src.email.Common_Email_Notify_MF>
<com.src.email.Common_Email_Notify_MF intServ="EEMSIIB_GPS_COMMON_APPLICATIONS" env="adopt" override="EMAIL_CC"></com.src.email.Common_Email_Notify_MF>
<com.src.email.Common_Email_Notify_MF intServ="EEMSIIB_GPS_COMMON_APPLICATIONS" env="adopt" override="BE">600</com.src.email.Common_Email_Notify_MF>
<com.src.email.Common_Email_Notify_MF intServ="EEMSIIB_GPS_COMMON_APPLICATIONS" env="adopt" override="RowsCount">1000</com.src.email.Common_Email_Notify_MF>
<com.src.email.Common_Email_Notify_MF intServ="EEMSIIB_GPS_COMMON_APPLICATIONS" env="adopt" override="BECNT">1</com.src.email.Common_Email_Notify_MF>
<com.src.email.Common_Email_Notify_MF intServ="EEMSIIB_GPS_COMMON_APPLICATIONS" env="adopt" override="Env">Adopt</com.src.email.Common_Email_Notify_MF>
<com.src.email.Common_Email_Notify_MF intServ="EEMSIIB_GPS_COMMON_APPLICATIONS" env="adopt" override="udpSchemaName">E3MISC</com.src.email.Common_Email_Notify_MF>
<com.src.email.Common_Email_Notify_MF intServ="EEMSIIB_GPS_COMMON_APPLICATIONS" env="adopt" override="Configlogpath">/iib/logs/config/brokerLog_adopt.xml</com.src.email.Common_Email_Notify_MF>
<com.src.email.Common_Email_Notify_MF intServ="EEMSIIB_GPS_COMMON_APPLICATIONS" env="adopt" override="LevelLog">ERROR</com.src.email.Common_Email_Notify_MF>
<com.src.email.Common_Email_Notify_MF intServ="EEMSIIB_GPS_COMMON_APPLICATIONS" env="adopt" override="NotifyEmail_DBUpdate.dataSource">EEMS_DB</com.src.email.Common_Email_Notify_MF>
<com.src.email.Common_Email_Notify_MF intServ="EEMSIIB_GPS_COMMON_APPLICATIONS" env="adopt" override="Timeout Notification.uniqueIdentifier">GPSERROR</com.src.email.Common_Email_Notify_MF>
<com.src.email.Common_Email_Notify_MF intServ="EEMSIIB_GPS_COMMON_APPLICATIONS" env="adopt" override="Timeout Notification.timeoutInterval">600</com.src.email.Common_Email_Notify_MF>
<com.src.email.Common_email_Insert_DB_MF intServ="EEMSIIB_GPS_COMMON_APPLICATIONS" env="adopt" override="additionalInstances">4</com.src.email.Common_email_Insert_DB_MF>
<com.src.email.Common_email_Insert_DB_MF intServ="EEMSIIB_GPS_COMMON_APPLICATIONS" env="adopt" override="ConfigFileLocation">/iib/logs/config/brokerLog_adopt.xml</com.src.email.Common_email_Insert_DB_MF>
<com.src.email.Common_email_Insert_DB_MF intServ="EEMSIIB_GPS_COMMON_APPLICATIONS" env="adopt" override="logLevel">ERROR</com.src.email.Common_email_Insert_DB_MF>
<com.src.email.Common_email_Insert_DB_MF intServ="EEMSIIB_GPS_COMMON_APPLICATIONS" env="adopt" override="SchemaName">E3MISC</com.src.email.Common_email_Insert_DB_MF>
<com.src.email.Common_email_Insert_DB_MF intServ="EEMSIIB_GPS_COMMON_APPLICATIONS" env="adopt" override="DB_Insertion.dataSource">EEMS_DB</com.src.email.Common_email_Insert_DB_MF>
<com.src.email.Common_email_Insert_DB_MF intServ="EEMSIIB_GPS_COMMON_APPLICATIONS" env="adopt" override="EEMSIIB.ERRORMESSAGE_DATA.queueName">EEMSIIB.ADP.GPS_ERRORMESSAGE_DATA</com.src.email.Common_email_Insert_DB_MF>
-->
<!--PROD-->
<com.src.email.Common_Email_Notify_MF intServ="EEMSIIB_PRIME_COMMON_APPLICATIONS" env="prod" override="SMTPHost">mailo2.uhc.com:25</com.src.email.Common_Email_Notify_MF>
<com.src.email.Common_Email_Notify_MF intServ="EEMSIIB_PRIME_COMMON_APPLICATIONS" env="prod" override="Configlogpath">/eems/iib/be128/logs/config/brokerLog.xml</com.src.email.Common_Email_Notify_MF>
<com.src.email.Common_Email_Notify_MF intServ="EEMSIIB_PRIME_COMMON_APPLICATIONS" env="prod" override="LevelLog">DEBUG</com.src.email.Common_Email_Notify_MF>
<com.src.email.Common_Email_Notify_MF intServ="EEMSIIB_PRIME_COMMON_APPLICATIONS" env="prod" override="BrkConfigKey">BRK_CONFIG</com.src.email.Common_Email_Notify_MF>
<com.src.email.Common_Email_Notify_MF intServ="EEMSIIB_PRIME_COMMON_APPLICATIONS" env="prod" override="varGCMapName">GPS_Common_Map</com.src.email.Common_Email_Notify_MF>
<com.src.email.Common_Email_Notify_MF intServ="EEMSIIB_PRIME_COMMON_APPLICATIONS" env="prod" override="CH_DBSchema">ELECELIG</com.src.email.Common_Email_Notify_MF>
<com.src.email.Common_Email_Notify_MF intServ="EEMSIIB_PRIME_COMMON_APPLICATIONS" env="prod" override="NotifyEmail.dataSource">EEMS_DB</com.src.email.Common_Email_Notify_MF>
<com.src.email.Common_Email_Notify_MF intServ="EEMSIIB_PRIME_COMMON_APPLICATIONS" env="prod" override="EEMSIIB.EMAIL_NTFY_IN.queueName">EEMSIIB.EEMS_BE156_GW_IIB_EMAIL_REQ</com.src.email.Common_Email_Notify_MF>
<com.src.email.Common_Email_Notify_MF intServ="EEMSIIB_PRIME_COMMON_APPLICATIONS" env="prod" override="EEMSIIB.PRIME_ERRORMESSAGE_DATA.queueName">EEMSIIB.PRIME_ERRORMESSAGE_DATA</com.src.email.Common_Email_Notify_MF>
<com.src.email.Common_Email_Notify_MF intServ="EEMSIIB_PRIME_COMMON_APPLICATIONS" env="prod" override="Common_ExceptionHandling_SF.BECode">156</com.src.email.Common_Email_Notify_MF>
<com.src.email.Common_Email_Notify_MF intServ="EEMSIIB_PRIME_COMMON_APPLICATIONS" env="prod" override="Common_AuditInMessage_SF.queueName">EEMSIIB.PRIME_COMMON_AUDITMESSAGE_DATA</com.src.email.Common_Email_Notify_MF>


<!--
<com.src.email.Common_Email_Notify_MF intServ="EEMSIIB_PRIME_COMMON_APPLICATIONS" env="prod" override="EMAIL_TO">ssimgekar@optum.com;e3IBProductionErrors_DL@ds.uhc.com</com.src.email.Common_Email_Notify_MF>
<com.src.email.Common_Email_Notify_MF intServ="EEMSIIB_PRIME_COMMON_APPLICATIONS" env="prod" override="EMAIL_FROM">IIB_Outgoing@uhc.com</com.src.email.Common_Email_Notify_MF>
<com.src.email.Common_Email_Notify_MF intServ="EEMSIIB_PRIME_COMMON_APPLICATIONS" env="prod" override="SMTPHost">mailo2.uhc.com:25</com.src.email.Common_Email_Notify_MF>
<com.src.email.Common_Email_Notify_MF intServ="EEMSIIB_PRIME_COMMON_APPLICATIONS" env="prod" override="EMAIL_CC"></com.src.email.Common_Email_Notify_MF>
<com.src.email.Common_Email_Notify_MF intServ="EEMSIIB_PRIME_COMMON_APPLICATIONS" env="prod" override="BE">700</com.src.email.Common_Email_Notify_MF>
<com.src.email.Common_Email_Notify_MF intServ="EEMSIIB_PRIME_COMMON_APPLICATIONS" env="prod" override="BECNT">2</com.src.email.Common_Email_Notify_MF>
<com.src.email.Common_Email_Notify_MF intServ="EEMSIIB_PRIME_COMMON_APPLICATIONS" env="prod" override="Env">Prod</com.src.email.Common_Email_Notify_MF>
<com.src.email.Common_Email_Notify_MF intServ="EEMSIIB_PRIME_COMMON_APPLICATIONS" env="prod" override="udpSchemaName">E3MISC</com.src.email.Common_Email_Notify_MF>
<com.src.email.Common_Email_Notify_MF intServ="EEMSIIB_PRIME_COMMON_APPLICATIONS" env="prod" override="Configlogpath">/iib/logs/config/brokerLogGPS_prod.xml</com.src.email.Common_Email_Notify_MF>
<com.src.email.Common_Email_Notify_MF intServ="EEMSIIB_PRIME_COMMON_APPLICATIONS" env="prod" override="LevelLog">ERROR</com.src.email.Common_Email_Notify_MF>
<com.src.email.Common_Email_Notify_MF intServ="EEMSIIB_PRIME_COMMON_APPLICATIONS" env="prod" override="RowsCount">1000</com.src.email.Common_Email_Notify_MF>
<com.src.email.Common_Email_Notify_MF intServ="EEMSIIB_PRIME_COMMON_APPLICATIONS" env="prod" override="NotifyEmail_DBUpdate.dataSource">E3CSP_DB</com.src.email.Common_Email_Notify_MF>
<com.src.email.Common_Email_Notify_MF intServ="EEMSIIB_PRIME_COMMON_APPLICATIONS" env="prod" override="Timeout Notification.uniqueIdentifier">GPS</com.src.email.Common_Email_Notify_MF>
<com.src.email.Common_Email_Notify_MF intServ="EEMSIIB_PRIME_COMMON_APPLICATIONS" env="prod" override="Timeout Notification.timeoutInterval">300</com.src.email.Common_Email_Notify_MF>
<com.src.email.Common_email_Insert_DB_MF intServ="EEMSIIB_PRIME_COMMON_APPLICATIONS" env="prod" override="ConfigFileLocation">/iib/logs/config/brokerLogGPS_prod.xml</com.src.email.Common_email_Insert_DB_MF>
<com.src.email.Common_email_Insert_DB_MF intServ="EEMSIIB_PRIME_COMMON_APPLICATIONS" env="prod" override="logLevel">ERROR</com.src.email.Common_email_Insert_DB_MF>
<com.src.email.Common_email_Insert_DB_MF intServ="EEMSIIB_PRIME_COMMON_APPLICATIONS" env="prod" override="SchemaName">E3MISC</com.src.email.Common_email_Insert_DB_MF>
<com.src.email.Common_email_Insert_DB_MF intServ="EEMSIIB_PRIME_COMMON_APPLICATIONS" env="prod" override="DB_Insertion.dataSource">E3CSP_DB</com.src.email.Common_email_Insert_DB_MF>
<com.src.email.Common_email_Insert_DB_MF intServ="EEMSIIB_PRIME_COMMON_APPLICATIONS" env="prod" override="EEMSIIB.ERRORMESSAGE_DATA.queueName">EEMSIIB.GPSCSP_ERRORMESSAGE_DATA</com.src.email.Common_email_Insert_DB_MF>
<com.src.email.Common_email_Insert_DB_MF intServ="EEMSIIB_PRIME_COMMON_APPLICATIONS" env="prod" override="additionalInstances">20</com.src.email.Common_email_Insert_DB_MF>

<com.src.email.Common_Email_Notify_MF intServ="EEMSIIB_COMMON_APPLICATIONS" env="prod" override="EMAIL_TO">e3IBProductionErrors_DL@ds.uhc.com</com.src.email.Common_Email_Notify_MF>
<com.src.email.Common_Email_Notify_MF intServ="EEMSIIB_COMMON_APPLICATIONS" env="prod" override="EMAIL_FROM">IIB_Outgoing@uhc.com</com.src.email.Common_Email_Notify_MF>
<com.src.email.Common_Email_Notify_MF intServ="EEMSIIB_COMMON_APPLICATIONS" env="prod" override="SMTPHost">mailo2.uhc.com:25</com.src.email.Common_Email_Notify_MF>
<com.src.email.Common_Email_Notify_MF intServ="EEMSIIB_COMMON_APPLICATIONS" env="prod" override="EMAIL_CC"></com.src.email.Common_Email_Notify_MF>
<com.src.email.Common_Email_Notify_MF intServ="EEMSIIB_COMMON_APPLICATIONS" env="prod" override="BE">128,123,85</com.src.email.Common_Email_Notify_MF>
<com.src.email.Common_Email_Notify_MF intServ="EEMSIIB_COMMON_APPLICATIONS" env="prod" override="RowsCount">1000</com.src.email.Common_Email_Notify_MF>
<com.src.email.Common_Email_Notify_MF intServ="EEMSIIB_COMMON_APPLICATIONS" env="prod" override="BECNT">3</com.src.email.Common_Email_Notify_MF>
<com.src.email.Common_Email_Notify_MF intServ="EEMSIIB_COMMON_APPLICATIONS" env="prod" override="Env">Prod</com.src.email.Common_Email_Notify_MF>
<com.src.email.Common_Email_Notify_MF intServ="EEMSIIB_COMMON_APPLICATIONS" env="prod" override="udpSchemaName">E3MISC</com.src.email.Common_Email_Notify_MF>
<com.src.email.Common_Email_Notify_MF intServ="EEMSIIB_COMMON_APPLICATIONS" env="prod" override="Configlogpath">/iib/logs/config/brokerLog_prod.xml</com.src.email.Common_Email_Notify_MF>
<com.src.email.Common_Email_Notify_MF intServ="EEMSIIB_COMMON_APPLICATIONS" env="prod" override="LevelLog">ERROR</com.src.email.Common_Email_Notify_MF>
<com.src.email.Common_Email_Notify_MF intServ="EEMSIIB_COMMON_APPLICATIONS" env="prod" override="NotifyEmail_DBUpdate.dataSource">EEMS_DB</com.src.email.Common_Email_Notify_MF>
<com.src.email.Common_Email_Notify_MF intServ="EEMSIIB_COMMON_APPLICATIONS" env="prod" override="Timeout Notification.uniqueIdentifier">EEMS</com.src.email.Common_Email_Notify_MF>
<com.src.email.Common_Email_Notify_MF intServ="EEMSIIB_COMMON_APPLICATIONS" env="prod" override="Timeout Notification.timeoutInterval">600</com.src.email.Common_Email_Notify_MF>
<com.src.email.Common_email_Insert_DB_MF intServ="EEMSIIB_COMMON_APPLICATIONS" env="prod" override="additionalInstances">4</com.src.email.Common_email_Insert_DB_MF>
<com.src.email.Common_email_Insert_DB_MF intServ="EEMSIIB_COMMON_APPLICATIONS" env="prod" override="ConfigFileLocation">/iib/logs/config/brokerLog_prod.xml</com.src.email.Common_email_Insert_DB_MF>
<com.src.email.Common_email_Insert_DB_MF intServ="EEMSIIB_COMMON_APPLICATIONS" env="prod" override="logLevel">ERROR</com.src.email.Common_email_Insert_DB_MF>
<com.src.email.Common_email_Insert_DB_MF intServ="EEMSIIB_COMMON_APPLICATIONS" env="prod" override="SchemaName">E3MISC</com.src.email.Common_email_Insert_DB_MF>
<com.src.email.Common_email_Insert_DB_MF intServ="EEMSIIB_COMMON_APPLICATIONS" env="prod" override="DB_Insertion.dataSource">EEMS_DB</com.src.email.Common_email_Insert_DB_MF>
<com.src.email.Common_email_Insert_DB_MF intServ="EEMSIIB_COMMON_APPLICATIONS" env="prod" override="EEMSIIB.ERRORMESSAGE_DATA.queueName">EEMSIIB.ERRORMESSAGE_DATA</com.src.email.Common_email_Insert_DB_MF>

<com.src.email.Common_Email_Notify_MF intServ="EEMSIIB_GPS_COMMON_APPLICATIONS" env="prod" override="EMAIL_TO">e3IBProductionErrors_DL@ds.uhc.com</com.src.email.Common_Email_Notify_MF>
<com.src.email.Common_Email_Notify_MF intServ="EEMSIIB_GPS_COMMON_APPLICATIONS" env="prod" override="EMAIL_FROM">IIB_Outgoing@uhc.com</com.src.email.Common_Email_Notify_MF>
<com.src.email.Common_Email_Notify_MF intServ="EEMSIIB_GPS_COMMON_APPLICATIONS" env="prod" override="SMTPHost">mailo2.uhc.com:25</com.src.email.Common_Email_Notify_MF>
<com.src.email.Common_Email_Notify_MF intServ="EEMSIIB_GPS_COMMON_APPLICATIONS" env="prod" override="EMAIL_CC"></com.src.email.Common_Email_Notify_MF>
<com.src.email.Common_Email_Notify_MF intServ="EEMSIIB_GPS_COMMON_APPLICATIONS" env="prod" override="BE">600</com.src.email.Common_Email_Notify_MF>
<com.src.email.Common_Email_Notify_MF intServ="EEMSIIB_GPS_COMMON_APPLICATIONS" env="prod" override="RowsCount">1000</com.src.email.Common_Email_Notify_MF>
<com.src.email.Common_Email_Notify_MF intServ="EEMSIIB_GPS_COMMON_APPLICATIONS" env="prod" override="BECNT">1</com.src.email.Common_Email_Notify_MF>
<com.src.email.Common_Email_Notify_MF intServ="EEMSIIB_GPS_COMMON_APPLICATIONS" env="prod" override="Env">Prod</com.src.email.Common_Email_Notify_MF>
<com.src.email.Common_Email_Notify_MF intServ="EEMSIIB_GPS_COMMON_APPLICATIONS" env="prod" override="udpSchemaName">E3MISC</com.src.email.Common_Email_Notify_MF>
<com.src.email.Common_Email_Notify_MF intServ="EEMSIIB_GPS_COMMON_APPLICATIONS" env="prod" override="Configlogpath">/iib/logs/config/brokerLog_prod.xml</com.src.email.Common_Email_Notify_MF>
<com.src.email.Common_Email_Notify_MF intServ="EEMSIIB_GPS_COMMON_APPLICATIONS" env="prod" override="LevelLog">ERROR</com.src.email.Common_Email_Notify_MF>
<com.src.email.Common_Email_Notify_MF intServ="EEMSIIB_GPS_COMMON_APPLICATIONS" env="prod" override="NotifyEmail_DBUpdate.dataSource">EEMS_DB</com.src.email.Common_Email_Notify_MF>
<com.src.email.Common_Email_Notify_MF intServ="EEMSIIB_GPS_COMMON_APPLICATIONS" env="prod" override="Timeout Notification.uniqueIdentifier">GPSERROR</com.src.email.Common_Email_Notify_MF>
<com.src.email.Common_Email_Notify_MF intServ="EEMSIIB_GPS_COMMON_APPLICATIONS" env="prod" override="Timeout Notification.timeoutInterval">600</com.src.email.Common_Email_Notify_MF>
<com.src.email.Common_email_Insert_DB_MF intServ="EEMSIIB_GPS_COMMON_APPLICATIONS" env="prod" override="additionalInstances">4</com.src.email.Common_email_Insert_DB_MF>
<com.src.email.Common_email_Insert_DB_MF intServ="EEMSIIB_GPS_COMMON_APPLICATIONS" env="prod" override="ConfigFileLocation">/iib/logs/config/brokerLog_prod.xml</com.src.email.Common_email_Insert_DB_MF>
<com.src.email.Common_email_Insert_DB_MF intServ="EEMSIIB_GPS_COMMON_APPLICATIONS" env="prod" override="logLevel">ERROR</com.src.email.Common_email_Insert_DB_MF>
<com.src.email.Common_email_Insert_DB_MF intServ="EEMSIIB_GPS_COMMON_APPLICATIONS" env="prod" override="SchemaName">E3MISC</com.src.email.Common_email_Insert_DB_MF>
<com.src.email.Common_email_Insert_DB_MF intServ="EEMSIIB_GPS_COMMON_APPLICATIONS" env="prod" override="DB_Insertion.dataSource">EEMS_DB</com.src.email.Common_email_Insert_DB_MF>
<com.src.email.Common_email_Insert_DB_MF intServ="EEMSIIB_GPS_COMMON_APPLICATIONS" env="prod" override="EEMSIIB.ERRORMESSAGE_DATA.queueName">EEMSIIB.GPS_ERRORMESSAGE_DATA</com.src.email.Common_email_Insert_DB_MF>
-->

</Broker>
