<?xml version="1.0" encoding="UTF-8" ?> 
<Broker>

<!--DEV-->
<com.gpscsp.cob.GPSCSP_GW_To_FILE_MF intServ="EEMSIIB_GPSCSP_BAM" env="dev" override="additionalInstances">5</com.gpscsp.cob.GPSCSP_GW_To_FILE_MF>
<com.gpscsp.cob.GPSCSP_GW_To_FILE_MF intServ="EEMSIIB_GPSCSP_BAM" env="dev" override="timeoutCheck">300</com.gpscsp.cob.GPSCSP_GW_To_FILE_MF>
<com.gpscsp.cob.GPSCSP_GW_To_FILE_MF intServ="EEMSIIB_GPSCSP_BAM" env="dev" override="BrkConfigKey">BRK_CONFIG</com.gpscsp.cob.GPSCSP_GW_To_FILE_MF>
<com.gpscsp.cob.GPSCSP_GW_To_FILE_MF intServ="EEMSIIB_GPSCSP_BAM" env="dev" override="SchemaName">ELECELIG</com.gpscsp.cob.GPSCSP_GW_To_FILE_MF>
<com.gpscsp.cob.GPSCSP_GW_To_FILE_MF intServ="EEMSIIB_GPSCSP_BAM" env="dev" override="GlobalCacheMap">GPSCSP_Common_Map</com.gpscsp.cob.GPSCSP_GW_To_FILE_MF>
<com.gpscsp.cob.GPSCSP_GW_To_FILE_MF intServ="EEMSIIB_GPSCSP_BAM" env="dev" override="RetryCount">3</com.gpscsp.cob.GPSCSP_GW_To_FILE_MF>
<com.gpscsp.cob.GPSCSP_GW_To_FILE_MF intServ="EEMSIIB_GPSCSP_BAM" env="dev" override="sleepTime">10000</com.gpscsp.cob.GPSCSP_GW_To_FILE_MF>
<com.gpscsp.cob.GPSCSP_GW_To_FILE_MF intServ="EEMSIIB_GPSCSP_BAM" env="dev" override="GPSCSP_Source_Map">GPSCSP_Source_Map</com.gpscsp.cob.GPSCSP_GW_To_FILE_MF>
<com.gpscsp.cob.GPSCSP_GW_To_FILE_MF intServ="EEMSIIB_GPSCSP_BAM" env="dev" override="CSPINBOUND">CSPINBOUND</com.gpscsp.cob.GPSCSP_GW_To_FILE_MF>
<com.gpscsp.cob.GPSCSP_GW_To_FILE_MF intServ="EEMSIIB_GPSCSP_BAM" env="dev" override="EEMSIIB.GPSCSP_GW_IIB_COB_NTFY .queueName">EEMSIIB.GPSCSP_GW_IIB_COB_NTFY</com.gpscsp.cob.GPSCSP_GW_To_FILE_MF>
<com.gpscsp.cob.GPSCSP_GW_To_FILE_MF intServ="EEMSIIB_GPSCSP_BAM" env="dev" override="GPSCSP_FetchAndTransform.dataSource">E3CSP_DB</com.gpscsp.cob.GPSCSP_GW_To_FILE_MF>
<com.gpscsp.cob.GPSCSP_GW_To_FILE_MF intServ="EEMSIIB_GPSCSP_BAM" env="dev" override="IIB_COB_FilePath.outputDirectory">/eems/iib/outbound/CSP/COB</com.gpscsp.cob.GPSCSP_GW_To_FILE_MF>
<com.gpscsp.cob.GPSCSP_GW_To_FILE_MF intServ="EEMSIIB_GPSCSP_BAM" env="dev" override="IIB_COB_FilePath.outputFilename">*</com.gpscsp.cob.GPSCSP_GW_To_FILE_MF>
<com.gpscsp.cob.GPSCSP_GW_To_FILE_MF intServ="EEMSIIB_GPSCSP_BAM" env="dev" override="EEMSIIB.GPSCSP_ERRORMESSAGE_DATA.queueName">EEMSIIB.GPSCSP_ERRORMESSAGE_DATA</com.gpscsp.cob.GPSCSP_GW_To_FILE_MF>
<com.gpscsp.cob.GPSCSP_GW_To_FILE_MF intServ="EEMSIIB_GPSCSP_BAM" env="dev" override="Common_AuditInMessage_SF.queueName">EEMSIIB.GPSCSP_COMMON_AUDITMESSAGE_DATA</com.gpscsp.cob.GPSCSP_GW_To_FILE_MF>
<com.gpscsp.cob.GPSCSP_GW_To_FILE_MF intServ="EEMSIIB_GPSCSP_BAM" env="dev" override="Common_ExceptionHandling_SF.BECode">700</com.gpscsp.cob.GPSCSP_GW_To_FILE_MF>
<com.gpscsp.cob.GPSCSP_GW_To_FILE_MF intServ="EEMSIIB_GPSCSP_BAM" env="dev" override="Common_ExceptionHandling_SF.ProjNumber">2</com.gpscsp.cob.GPSCSP_GW_To_FILE_MF>
<com.gpscsp.cob.GPSCSP_GW_To_FILE_MF intServ="EEMSIIB_GPSCSP_BAM" env="dev" override="GW_To_File_OutputQ.queueName">EEMSIIB.GPSCSP_BRC_XWALK_DBLOAD</com.gpscsp.cob.GPSCSP_GW_To_FILE_MF>
<com.gpscsp.cob.GPSCSP_FILE_To_COB_MF intServ="EEMSIIB_GPSCSP_BAM" env="dev" override="additionalInstances">5</com.gpscsp.cob.GPSCSP_FILE_To_COB_MF>
<com.gpscsp.cob.GPSCSP_FILE_To_COB_MF intServ="EEMSIIB_GPSCSP_BAM" env="dev" override="BrkConfigKey1">BRK_CONFIG</com.gpscsp.cob.GPSCSP_FILE_To_COB_MF>
<com.gpscsp.cob.GPSCSP_FILE_To_COB_MF intServ="EEMSIIB_GPSCSP_BAM" env="dev" override="SchemaName1">ELECELIG</com.gpscsp.cob.GPSCSP_FILE_To_COB_MF>
<com.gpscsp.cob.GPSCSP_FILE_To_COB_MF intServ="EEMSIIB_GPSCSP_BAM" env="dev" override="GlobalCacheMap1">GPSCSP_Common_Map</com.gpscsp.cob.GPSCSP_FILE_To_COB_MF>
<com.gpscsp.cob.GPSCSP_FILE_To_COB_MF intServ="EEMSIIB_GPSCSP_BAM" env="dev" override="CH_iib_to_csp_COBFile_xfer">/iib/scripts/CSP/iib_to_csp_COBFile_xfer.sh</com.gpscsp.cob.GPSCSP_FILE_To_COB_MF>
<com.gpscsp.cob.GPSCSP_FILE_To_COB_MF intServ="EEMSIIB_GPSCSP_BAM" env="dev" override="timeoutInSeconds">300</com.gpscsp.cob.GPSCSP_FILE_To_COB_MF>
<com.gpscsp.cob.GPSCSP_FILE_To_COB_MF intServ="EEMSIIB_GPSCSP_BAM" env="dev" override="Invoke_Script.dataSource">E3CSP_DB</com.gpscsp.cob.GPSCSP_FILE_To_COB_MF>
<com.gpscsp.cob.GPSCSP_FILE_To_COB_MF intServ="EEMSIIB_GPSCSP_BAM" env="dev" override="Common_AuditInMessage_SF.queueName">EEMSIIB.GPSCSP_COMMON_AUDITMESSAGE_DATA</com.gpscsp.cob.GPSCSP_FILE_To_COB_MF>
<com.gpscsp.cob.GPSCSP_FILE_To_COB_MF intServ="EEMSIIB_GPSCSP_BAM" env="dev" override="COBScript_ProcessException.dataSource">E3CSP_DB</com.gpscsp.cob.GPSCSP_FILE_To_COB_MF>
<com.gpscsp.cob.GPSCSP_FILE_To_COB_MF intServ="EEMSIIB_GPSCSP_BAM" env="dev" override="Common_ExceptionHandling_SF.BECode">700</com.gpscsp.cob.GPSCSP_FILE_To_COB_MF>
<com.gpscsp.cob.GPSCSP_FILE_To_COB_MF intServ="EEMSIIB_GPSCSP_BAM" env="dev" override="Common_ExceptionHandling_SF.ProjNumber">2</com.gpscsp.cob.GPSCSP_FILE_To_COB_MF>
<com.gpscsp.cob.GPSCSP_FILE_To_COB_MF intServ="EEMSIIB_GPSCSP_BAM" env="dev" override="EEMSIIB.GPSCSP_ERRORMESSAGE_DATA.queueName">EEMSIIB.GPSCSP_ERRORMESSAGE_DATA</com.gpscsp.cob.GPSCSP_FILE_To_COB_MF>
<com.gpscsp.cob.GPSCSP_FILE_To_COB_MF intServ="EEMSIIB_GPSCSP_BAM" env="dev" override="GW_To_File_InputQ.queueName">EEMSIIB.GPSCSP_BRC_XWALK_DBLOAD</com.gpscsp.cob.GPSCSP_FILE_To_COB_MF>

<!--SIT-->
<com.gpscsp.cob.GPSCSP_GW_To_FILE_MF intServ="EEMSIIB_GPSCSP_BAM" env="test" override="additionalInstances">5</com.gpscsp.cob.GPSCSP_GW_To_FILE_MF>
<com.gpscsp.cob.GPSCSP_GW_To_FILE_MF intServ="EEMSIIB_GPSCSP_BAM" env="test" override="timeoutCheck">300</com.gpscsp.cob.GPSCSP_GW_To_FILE_MF>
<com.gpscsp.cob.GPSCSP_GW_To_FILE_MF intServ="EEMSIIB_GPSCSP_BAM" env="test" override="BrkConfigKey">BRK_CONFIG</com.gpscsp.cob.GPSCSP_GW_To_FILE_MF>
<com.gpscsp.cob.GPSCSP_GW_To_FILE_MF intServ="EEMSIIB_GPSCSP_BAM" env="test" override="SchemaName">ELECELIG</com.gpscsp.cob.GPSCSP_GW_To_FILE_MF>
<com.gpscsp.cob.GPSCSP_GW_To_FILE_MF intServ="EEMSIIB_GPSCSP_BAM" env="test" override="GlobalCacheMap">GPSCSP_Common_Map</com.gpscsp.cob.GPSCSP_GW_To_FILE_MF>
<com.gpscsp.cob.GPSCSP_GW_To_FILE_MF intServ="EEMSIIB_GPSCSP_BAM" env="test" override="RetryCount">3</com.gpscsp.cob.GPSCSP_GW_To_FILE_MF>
<com.gpscsp.cob.GPSCSP_GW_To_FILE_MF intServ="EEMSIIB_GPSCSP_BAM" env="test" override="sleepTime">10000</com.gpscsp.cob.GPSCSP_GW_To_FILE_MF>
<com.gpscsp.cob.GPSCSP_GW_To_FILE_MF intServ="EEMSIIB_GPSCSP_BAM" env="test" override="GPSCSP_Source_Map">GPSCSP_Source_Map</com.gpscsp.cob.GPSCSP_GW_To_FILE_MF>
<com.gpscsp.cob.GPSCSP_GW_To_FILE_MF intServ="EEMSIIB_GPSCSP_BAM" env="test" override="CSPINBOUND">CSPINBOUND</com.gpscsp.cob.GPSCSP_GW_To_FILE_MF>
<com.gpscsp.cob.GPSCSP_GW_To_FILE_MF intServ="EEMSIIB_GPSCSP_BAM" env="test" override="EEMSIIB.GPSCSP_GW_IIB_COB_NTFY .queueName">EEMSIIB.GPSCSP_GW_IIB_COB_NTFY</com.gpscsp.cob.GPSCSP_GW_To_FILE_MF>
<com.gpscsp.cob.GPSCSP_GW_To_FILE_MF intServ="EEMSIIB_GPSCSP_BAM" env="test" override="GPSCSP_FetchAndTransform.dataSource">E3CSP_DB</com.gpscsp.cob.GPSCSP_GW_To_FILE_MF>
<com.gpscsp.cob.GPSCSP_GW_To_FILE_MF intServ="EEMSIIB_GPSCSP_BAM" env="test" override="IIB_COB_FilePath.outputDirectory">/eems/iib/outbound/CSP/COB</com.gpscsp.cob.GPSCSP_GW_To_FILE_MF>
<com.gpscsp.cob.GPSCSP_GW_To_FILE_MF intServ="EEMSIIB_GPSCSP_BAM" env="test" override="IIB_COB_FilePath.outputFilename">*</com.gpscsp.cob.GPSCSP_GW_To_FILE_MF>
<com.gpscsp.cob.GPSCSP_GW_To_FILE_MF intServ="EEMSIIB_GPSCSP_BAM" env="test" override="EEMSIIB.GPSCSP_ERRORMESSAGE_DATA.queueName">EEMSIIB.GPSCSP_ERRORMESSAGE_DATA</com.gpscsp.cob.GPSCSP_GW_To_FILE_MF>
<com.gpscsp.cob.GPSCSP_GW_To_FILE_MF intServ="EEMSIIB_GPSCSP_BAM" env="test" override="Common_AuditInMessage_SF.queueName">EEMSIIB.GPSCSP_COMMON_AUDITMESSAGE_DATA</com.gpscsp.cob.GPSCSP_GW_To_FILE_MF>
<com.gpscsp.cob.GPSCSP_GW_To_FILE_MF intServ="EEMSIIB_GPSCSP_BAM" env="test" override="Common_ExceptionHandling_SF.BECode">700</com.gpscsp.cob.GPSCSP_GW_To_FILE_MF>
<com.gpscsp.cob.GPSCSP_GW_To_FILE_MF intServ="EEMSIIB_GPSCSP_BAM" env="test" override="Common_ExceptionHandling_SF.ProjNumber">2</com.gpscsp.cob.GPSCSP_GW_To_FILE_MF>
<com.gpscsp.cob.GPSCSP_GW_To_FILE_MF intServ="EEMSIIB_GPSCSP_BAM" env="test" override="GW_To_File_OutputQ.queueName">EEMSIIB.GPSCSP_BRC_XWALK_DBLOAD</com.gpscsp.cob.GPSCSP_GW_To_FILE_MF>
<com.gpscsp.cob.GPSCSP_FILE_To_COB_MF intServ="EEMSIIB_GPSCSP_BAM" env="test" override="additionalInstances">5</com.gpscsp.cob.GPSCSP_FILE_To_COB_MF>
<com.gpscsp.cob.GPSCSP_FILE_To_COB_MF intServ="EEMSIIB_GPSCSP_BAM" env="test" override="BrkConfigKey1">BRK_CONFIG</com.gpscsp.cob.GPSCSP_FILE_To_COB_MF>
<com.gpscsp.cob.GPSCSP_FILE_To_COB_MF intServ="EEMSIIB_GPSCSP_BAM" env="test" override="SchemaName1">ELECELIG</com.gpscsp.cob.GPSCSP_FILE_To_COB_MF>
<com.gpscsp.cob.GPSCSP_FILE_To_COB_MF intServ="EEMSIIB_GPSCSP_BAM" env="test" override="GlobalCacheMap1">GPSCSP_Common_Map</com.gpscsp.cob.GPSCSP_FILE_To_COB_MF>
<com.gpscsp.cob.GPSCSP_FILE_To_COB_MF intServ="EEMSIIB_GPSCSP_BAM" env="test" override="CH_iib_to_csp_COBFile_xfer">/iib/scripts/CSP/iib_to_csp_COBFile_xfer.sh</com.gpscsp.cob.GPSCSP_FILE_To_COB_MF>
<com.gpscsp.cob.GPSCSP_FILE_To_COB_MF intServ="EEMSIIB_GPSCSP_BAM" env="test" override="timeoutInSeconds">300</com.gpscsp.cob.GPSCSP_FILE_To_COB_MF>
<com.gpscsp.cob.GPSCSP_FILE_To_COB_MF intServ="EEMSIIB_GPSCSP_BAM" env="test" override="Invoke_Script.dataSource">E3CSP_DB</com.gpscsp.cob.GPSCSP_FILE_To_COB_MF>
<com.gpscsp.cob.GPSCSP_FILE_To_COB_MF intServ="EEMSIIB_GPSCSP_BAM" env="test" override="Common_AuditInMessage_SF.queueName">EEMSIIB.GPSCSP_COMMON_AUDITMESSAGE_DATA</com.gpscsp.cob.GPSCSP_FILE_To_COB_MF>
<com.gpscsp.cob.GPSCSP_FILE_To_COB_MF intServ="EEMSIIB_GPSCSP_BAM" env="test" override="COBScript_ProcessException.dataSource">E3CSP_DB</com.gpscsp.cob.GPSCSP_FILE_To_COB_MF>
<com.gpscsp.cob.GPSCSP_FILE_To_COB_MF intServ="EEMSIIB_GPSCSP_BAM" env="test" override="Common_ExceptionHandling_SF.BECode">700</com.gpscsp.cob.GPSCSP_FILE_To_COB_MF>
<com.gpscsp.cob.GPSCSP_FILE_To_COB_MF intServ="EEMSIIB_GPSCSP_BAM" env="test" override="Common_ExceptionHandling_SF.ProjNumber">2</com.gpscsp.cob.GPSCSP_FILE_To_COB_MF>
<com.gpscsp.cob.GPSCSP_FILE_To_COB_MF intServ="EEMSIIB_GPSCSP_BAM" env="test" override="EEMSIIB.GPSCSP_ERRORMESSAGE_DATA.queueName">EEMSIIB.GPSCSP_ERRORMESSAGE_DATA</com.gpscsp.cob.GPSCSP_FILE_To_COB_MF>
<com.gpscsp.cob.GPSCSP_FILE_To_COB_MF intServ="EEMSIIB_GPSCSP_BAM" env="test" override="GW_To_File_InputQ.queueName">EEMSIIB.GPSCSP_BRC_XWALK_DBLOAD</com.gpscsp.cob.GPSCSP_FILE_To_COB_MF>

<!--SIT Charlie-->
<com.gpscsp.cob.GPSCSP_GW_To_FILE_MF intServ="EEMSIIB_GPSCSP_BAM" env="test-charlie" override="additionalInstances">5</com.gpscsp.cob.GPSCSP_GW_To_FILE_MF>
<com.gpscsp.cob.GPSCSP_GW_To_FILE_MF intServ="EEMSIIB_GPSCSP_BAM" env="test-charlie" override="timeoutCheck">300</com.gpscsp.cob.GPSCSP_GW_To_FILE_MF>
<com.gpscsp.cob.GPSCSP_GW_To_FILE_MF intServ="EEMSIIB_GPSCSP_BAM" env="test-charlie" override="BrkConfigKey">BRK_CONFIG</com.gpscsp.cob.GPSCSP_GW_To_FILE_MF>
<com.gpscsp.cob.GPSCSP_GW_To_FILE_MF intServ="EEMSIIB_GPSCSP_BAM" env="test-charlie" override="SchemaName">ELECELIG</com.gpscsp.cob.GPSCSP_GW_To_FILE_MF>
<com.gpscsp.cob.GPSCSP_GW_To_FILE_MF intServ="EEMSIIB_GPSCSP_BAM" env="test-charlie" override="GlobalCacheMap">GPSCSP_Common_Map</com.gpscsp.cob.GPSCSP_GW_To_FILE_MF>
<com.gpscsp.cob.GPSCSP_GW_To_FILE_MF intServ="EEMSIIB_GPSCSP_BAM" env="test-charlie" override="RetryCount">3</com.gpscsp.cob.GPSCSP_GW_To_FILE_MF>
<com.gpscsp.cob.GPSCSP_GW_To_FILE_MF intServ="EEMSIIB_GPSCSP_BAM" env="test-charlie" override="sleepTime">10000</com.gpscsp.cob.GPSCSP_GW_To_FILE_MF>
<com.gpscsp.cob.GPSCSP_GW_To_FILE_MF intServ="EEMSIIB_GPSCSP_BAM" env="test-charlie" override="GPSCSP_Source_Map">GPSCSP_Source_Map</com.gpscsp.cob.GPSCSP_GW_To_FILE_MF>
<com.gpscsp.cob.GPSCSP_GW_To_FILE_MF intServ="EEMSIIB_GPSCSP_BAM" env="test-charlie" override="CSPINBOUND">CSPINBOUND</com.gpscsp.cob.GPSCSP_GW_To_FILE_MF>
<com.gpscsp.cob.GPSCSP_GW_To_FILE_MF intServ="EEMSIIB_GPSCSP_BAM" env="test-charlie" override="EEMSIIB.GPSCSP_GW_IIB_COB_NTFY .queueName">EEMSIIB.GPSCSP_GW_IIB_COB_NTFY</com.gpscsp.cob.GPSCSP_GW_To_FILE_MF>
<com.gpscsp.cob.GPSCSP_GW_To_FILE_MF intServ="EEMSIIB_GPSCSP_BAM" env="test-charlie" override="GPSCSP_FetchAndTransform.dataSource">E3CSP_DB</com.gpscsp.cob.GPSCSP_GW_To_FILE_MF>
<com.gpscsp.cob.GPSCSP_GW_To_FILE_MF intServ="EEMSIIB_GPSCSP_BAM" env="test-charlie" override="IIB_COB_FilePath.outputDirectory">/eems/iib/outbound/CSP/COB</com.gpscsp.cob.GPSCSP_GW_To_FILE_MF>
<com.gpscsp.cob.GPSCSP_GW_To_FILE_MF intServ="EEMSIIB_GPSCSP_BAM" env="test-charlie" override="IIB_COB_FilePath.outputFilename">*</com.gpscsp.cob.GPSCSP_GW_To_FILE_MF>
<com.gpscsp.cob.GPSCSP_GW_To_FILE_MF intServ="EEMSIIB_GPSCSP_BAM" env="test-charlie" override="EEMSIIB.GPSCSP_ERRORMESSAGE_DATA.queueName">EEMSIIB.GPSCSP_ERRORMESSAGE_DATA</com.gpscsp.cob.GPSCSP_GW_To_FILE_MF>
<com.gpscsp.cob.GPSCSP_GW_To_FILE_MF intServ="EEMSIIB_GPSCSP_BAM" env="test-charlie" override="Common_AuditInMessage_SF.queueName">EEMSIIB.GPSCSP_COMMON_AUDITMESSAGE_DATA</com.gpscsp.cob.GPSCSP_GW_To_FILE_MF>
<com.gpscsp.cob.GPSCSP_GW_To_FILE_MF intServ="EEMSIIB_GPSCSP_BAM" env="test-charlie" override="Common_ExceptionHandling_SF.BECode">700</com.gpscsp.cob.GPSCSP_GW_To_FILE_MF>
<com.gpscsp.cob.GPSCSP_GW_To_FILE_MF intServ="EEMSIIB_GPSCSP_BAM" env="test-charlie" override="Common_ExceptionHandling_SF.ProjNumber">2</com.gpscsp.cob.GPSCSP_GW_To_FILE_MF>
<com.gpscsp.cob.GPSCSP_GW_To_FILE_MF intServ="EEMSIIB_GPSCSP_BAM" env="test-charlie" override="GW_To_File_OutputQ.queueName">EEMSIIB.GPSCSP_TESTING_1</com.gpscsp.cob.GPSCSP_GW_To_FILE_MF>
<com.gpscsp.cob.GPSCSP_FILE_To_COB_MF intServ="EEMSIIB_GPSCSP_BAM" env="test-charlie" override="additionalInstances">5</com.gpscsp.cob.GPSCSP_FILE_To_COB_MF>
<com.gpscsp.cob.GPSCSP_FILE_To_COB_MF intServ="EEMSIIB_GPSCSP_BAM" env="test-charlie" override="BrkConfigKey1">BRK_CONFIG</com.gpscsp.cob.GPSCSP_FILE_To_COB_MF>
<com.gpscsp.cob.GPSCSP_FILE_To_COB_MF intServ="EEMSIIB_GPSCSP_BAM" env="test-charlie" override="SchemaName1">ELECELIG</com.gpscsp.cob.GPSCSP_FILE_To_COB_MF>
<com.gpscsp.cob.GPSCSP_FILE_To_COB_MF intServ="EEMSIIB_GPSCSP_BAM" env="test-charlie" override="GlobalCacheMap1">GPSCSP_Common_Map</com.gpscsp.cob.GPSCSP_FILE_To_COB_MF>
<com.gpscsp.cob.GPSCSP_FILE_To_COB_MF intServ="EEMSIIB_GPSCSP_BAM" env="test-charlie" override="CH_iib_to_csp_COBFile_xfer">/iib/scripts/CSP/iib_to_csp_COBFile_xfer.sh</com.gpscsp.cob.GPSCSP_FILE_To_COB_MF>
<com.gpscsp.cob.GPSCSP_FILE_To_COB_MF intServ="EEMSIIB_GPSCSP_BAM" env="test-charlie" override="timeoutInSeconds">300</com.gpscsp.cob.GPSCSP_FILE_To_COB_MF>
<com.gpscsp.cob.GPSCSP_FILE_To_COB_MF intServ="EEMSIIB_GPSCSP_BAM" env="test-charlie" override="Invoke_Script.dataSource">E3CSP_DB</com.gpscsp.cob.GPSCSP_FILE_To_COB_MF>
<com.gpscsp.cob.GPSCSP_FILE_To_COB_MF intServ="EEMSIIB_GPSCSP_BAM" env="test-charlie" override="Common_AuditInMessage_SF.queueName">EEMSIIB.GPSCSP_COMMON_AUDITMESSAGE_DATA</com.gpscsp.cob.GPSCSP_FILE_To_COB_MF>
<com.gpscsp.cob.GPSCSP_FILE_To_COB_MF intServ="EEMSIIB_GPSCSP_BAM" env="test-charlie" override="COBScript_ProcessException.dataSource">E3CSP_DB</com.gpscsp.cob.GPSCSP_FILE_To_COB_MF>
<com.gpscsp.cob.GPSCSP_FILE_To_COB_MF intServ="EEMSIIB_GPSCSP_BAM" env="test-charlie" override="Common_ExceptionHandling_SF.BECode">700</com.gpscsp.cob.GPSCSP_FILE_To_COB_MF>
<com.gpscsp.cob.GPSCSP_FILE_To_COB_MF intServ="EEMSIIB_GPSCSP_BAM" env="test-charlie" override="Common_ExceptionHandling_SF.ProjNumber">2</com.gpscsp.cob.GPSCSP_FILE_To_COB_MF>
<com.gpscsp.cob.GPSCSP_FILE_To_COB_MF intServ="EEMSIIB_GPSCSP_BAM" env="test-charlie" override="EEMSIIB.GPSCSP_ERRORMESSAGE_DATA.queueName">EEMSIIB.GPSCSP_ERRORMESSAGE_DATA</com.gpscsp.cob.GPSCSP_FILE_To_COB_MF>
<com.gpscsp.cob.GPSCSP_FILE_To_COB_MF intServ="EEMSIIB_GPSCSP_BAM" env="test-charlie" override="GW_To_File_InputQ.queueName">EEMSIIB.GPSCSP_TESTING_1</com.gpscsp.cob.GPSCSP_FILE_To_COB_MF>

<!--UAT-->

<com.gpscsp.cob.GPSCSP_GW_To_FILE_MF intServ="EEMSIIB_GPSCSP_BAM" env="uat" override="additionalInstances">5</com.gpscsp.cob.GPSCSP_GW_To_FILE_MF>
<com.gpscsp.cob.GPSCSP_GW_To_FILE_MF intServ="EEMSIIB_GPSCSP_BAM" env="uat" override="timeoutCheck">300</com.gpscsp.cob.GPSCSP_GW_To_FILE_MF>
<com.gpscsp.cob.GPSCSP_GW_To_FILE_MF intServ="EEMSIIB_GPSCSP_BAM" env="uat" override="BrkConfigKey">BRK_CONFIG</com.gpscsp.cob.GPSCSP_GW_To_FILE_MF>
<com.gpscsp.cob.GPSCSP_GW_To_FILE_MF intServ="EEMSIIB_GPSCSP_BAM" env="uat" override="SchemaName">ELECELIG</com.gpscsp.cob.GPSCSP_GW_To_FILE_MF>
<com.gpscsp.cob.GPSCSP_GW_To_FILE_MF intServ="EEMSIIB_GPSCSP_BAM" env="uat" override="GlobalCacheMap">GPSCSP_Common_Map</com.gpscsp.cob.GPSCSP_GW_To_FILE_MF>
<com.gpscsp.cob.GPSCSP_GW_To_FILE_MF intServ="EEMSIIB_GPSCSP_BAM" env="uat" override="RetryCount">3</com.gpscsp.cob.GPSCSP_GW_To_FILE_MF>
<com.gpscsp.cob.GPSCSP_GW_To_FILE_MF intServ="EEMSIIB_GPSCSP_BAM" env="uat" override="sleepTime">10000</com.gpscsp.cob.GPSCSP_GW_To_FILE_MF>
<com.gpscsp.cob.GPSCSP_GW_To_FILE_MF intServ="EEMSIIB_GPSCSP_BAM" env="uat" override="GPSCSP_Source_Map">GPSCSP_Source_Map</com.gpscsp.cob.GPSCSP_GW_To_FILE_MF>
<com.gpscsp.cob.GPSCSP_GW_To_FILE_MF intServ="EEMSIIB_GPSCSP_BAM" env="uat" override="CSPINBOUND">CSPINBOUND</com.gpscsp.cob.GPSCSP_GW_To_FILE_MF>
<com.gpscsp.cob.GPSCSP_GW_To_FILE_MF intServ="EEMSIIB_GPSCSP_BAM" env="uat" override="EEMSIIB.GPSCSP_GW_IIB_COB_NTFY .queueName">EEMSIIB.GPSCSP_GW_IIB_COB_NTFY</com.gpscsp.cob.GPSCSP_GW_To_FILE_MF>
<com.gpscsp.cob.GPSCSP_GW_To_FILE_MF intServ="EEMSIIB_GPSCSP_BAM" env="uat" override="GPSCSP_FetchAndTransform.dataSource">E3CSP_DB</com.gpscsp.cob.GPSCSP_GW_To_FILE_MF>
<com.gpscsp.cob.GPSCSP_GW_To_FILE_MF intServ="EEMSIIB_GPSCSP_BAM" env="uat" override="IIB_COB_FilePath.outputDirectory">/eems/iib/outbound/CSP/COB</com.gpscsp.cob.GPSCSP_GW_To_FILE_MF>
<com.gpscsp.cob.GPSCSP_GW_To_FILE_MF intServ="EEMSIIB_GPSCSP_BAM" env="uat" override="IIB_COB_FilePath.outputFilename">*</com.gpscsp.cob.GPSCSP_GW_To_FILE_MF>
<com.gpscsp.cob.GPSCSP_GW_To_FILE_MF intServ="EEMSIIB_GPSCSP_BAM" env="uat" override="EEMSIIB.GPSCSP_ERRORMESSAGE_DATA.queueName">EEMSIIB.GPSCSP_ERRORMESSAGE_DATA</com.gpscsp.cob.GPSCSP_GW_To_FILE_MF>
<com.gpscsp.cob.GPSCSP_GW_To_FILE_MF intServ="EEMSIIB_GPSCSP_BAM" env="uat" override="Common_AuditInMessage_SF.queueName">EEMSIIB.GPSCSP_COMMON_AUDITMESSAGE_DATA</com.gpscsp.cob.GPSCSP_GW_To_FILE_MF>
<com.gpscsp.cob.GPSCSP_GW_To_FILE_MF intServ="EEMSIIB_GPSCSP_BAM" env="uat" override="Common_ExceptionHandling_SF.BECode">700</com.gpscsp.cob.GPSCSP_GW_To_FILE_MF>
<com.gpscsp.cob.GPSCSP_GW_To_FILE_MF intServ="EEMSIIB_GPSCSP_BAM" env="uat" override="Common_ExceptionHandling_SF.ProjNumber">2</com.gpscsp.cob.GPSCSP_GW_To_FILE_MF>
<com.gpscsp.cob.GPSCSP_GW_To_FILE_MF intServ="EEMSIIB_GPSCSP_BAM" env="uat" override="GW_To_File_OutputQ.queueName">EEMSIIB.GPSCSP_BRC_XWALK_DBLOAD</com.gpscsp.cob.GPSCSP_GW_To_FILE_MF>
<com.gpscsp.cob.GPSCSP_FILE_To_COB_MF intServ="EEMSIIB_GPSCSP_BAM" env="uat" override="additionalInstances">5</com.gpscsp.cob.GPSCSP_FILE_To_COB_MF>
<com.gpscsp.cob.GPSCSP_FILE_To_COB_MF intServ="EEMSIIB_GPSCSP_BAM" env="uat" override="BrkConfigKey1">BRK_CONFIG</com.gpscsp.cob.GPSCSP_FILE_To_COB_MF>
<com.gpscsp.cob.GPSCSP_FILE_To_COB_MF intServ="EEMSIIB_GPSCSP_BAM" env="uat" override="SchemaName1">ELECELIG</com.gpscsp.cob.GPSCSP_FILE_To_COB_MF>
<com.gpscsp.cob.GPSCSP_FILE_To_COB_MF intServ="EEMSIIB_GPSCSP_BAM" env="uat" override="GlobalCacheMap1">GPSCSP_Common_Map</com.gpscsp.cob.GPSCSP_FILE_To_COB_MF>
<com.gpscsp.cob.GPSCSP_FILE_To_COB_MF intServ="EEMSIIB_GPSCSP_BAM" env="uat" override="CH_iib_to_csp_COBFile_xfer">/iib/scripts/CSP/iib_to_csp_COBFile_xfer.sh</com.gpscsp.cob.GPSCSP_FILE_To_COB_MF>
<com.gpscsp.cob.GPSCSP_FILE_To_COB_MF intServ="EEMSIIB_GPSCSP_BAM" env="uat" override="timeoutInSeconds">300</com.gpscsp.cob.GPSCSP_FILE_To_COB_MF>
<com.gpscsp.cob.GPSCSP_FILE_To_COB_MF intServ="EEMSIIB_GPSCSP_BAM" env="uat" override="Invoke_Script.dataSource">E3CSP_DB</com.gpscsp.cob.GPSCSP_FILE_To_COB_MF>
<com.gpscsp.cob.GPSCSP_FILE_To_COB_MF intServ="EEMSIIB_GPSCSP_BAM" env="uat" override="Common_AuditInMessage_SF.queueName">EEMSIIB.GPSCSP_COMMON_AUDITMESSAGE_DATA</com.gpscsp.cob.GPSCSP_FILE_To_COB_MF>
<com.gpscsp.cob.GPSCSP_FILE_To_COB_MF intServ="EEMSIIB_GPSCSP_BAM" env="uat" override="COBScript_ProcessException.dataSource">E3CSP_DB</com.gpscsp.cob.GPSCSP_FILE_To_COB_MF>
<com.gpscsp.cob.GPSCSP_FILE_To_COB_MF intServ="EEMSIIB_GPSCSP_BAM" env="uat" override="Common_ExceptionHandling_SF.BECode">700</com.gpscsp.cob.GPSCSP_FILE_To_COB_MF>
<com.gpscsp.cob.GPSCSP_FILE_To_COB_MF intServ="EEMSIIB_GPSCSP_BAM" env="uat" override="Common_ExceptionHandling_SF.ProjNumber">2</com.gpscsp.cob.GPSCSP_FILE_To_COB_MF>
<com.gpscsp.cob.GPSCSP_FILE_To_COB_MF intServ="EEMSIIB_GPSCSP_BAM" env="uat" override="EEMSIIB.GPSCSP_ERRORMESSAGE_DATA.queueName">EEMSIIB.GPSCSP_ERRORMESSAGE_DATA</com.gpscsp.cob.GPSCSP_FILE_To_COB_MF>
<com.gpscsp.cob.GPSCSP_FILE_To_COB_MF intServ="EEMSIIB_GPSCSP_BAM" env="uat" override="GW_To_File_InputQ.queueName">EEMSIIB.GPSCSP_BRC_XWALK_DBLOAD</com.gpscsp.cob.GPSCSP_FILE_To_COB_MF>

<!--STAGE-->

<com.gpscsp.cob.GPSCSP_GW_To_FILE_MF intServ="EEMSIIB_GPSCSP_BAM" env="stage" override="additionalInstances">5</com.gpscsp.cob.GPSCSP_GW_To_FILE_MF>
<com.gpscsp.cob.GPSCSP_GW_To_FILE_MF intServ="EEMSIIB_GPSCSP_BAM" env="stage" override="timeoutCheck">300</com.gpscsp.cob.GPSCSP_GW_To_FILE_MF>
<com.gpscsp.cob.GPSCSP_GW_To_FILE_MF intServ="EEMSIIB_GPSCSP_BAM" env="stage" override="BrkConfigKey">BRK_CONFIG</com.gpscsp.cob.GPSCSP_GW_To_FILE_MF>
<com.gpscsp.cob.GPSCSP_GW_To_FILE_MF intServ="EEMSIIB_GPSCSP_BAM" env="stage" override="SchemaName">ELECELIG</com.gpscsp.cob.GPSCSP_GW_To_FILE_MF>
<com.gpscsp.cob.GPSCSP_GW_To_FILE_MF intServ="EEMSIIB_GPSCSP_BAM" env="stage" override="GlobalCacheMap">GPSCSP_Common_Map</com.gpscsp.cob.GPSCSP_GW_To_FILE_MF>
<com.gpscsp.cob.GPSCSP_GW_To_FILE_MF intServ="EEMSIIB_GPSCSP_BAM" env="stage" override="RetryCount">3</com.gpscsp.cob.GPSCSP_GW_To_FILE_MF>
<com.gpscsp.cob.GPSCSP_GW_To_FILE_MF intServ="EEMSIIB_GPSCSP_BAM" env="stage" override="sleepTime">10000</com.gpscsp.cob.GPSCSP_GW_To_FILE_MF>
<com.gpscsp.cob.GPSCSP_GW_To_FILE_MF intServ="EEMSIIB_GPSCSP_BAM" env="stage" override="GPSCSP_Source_Map">GPSCSP_Source_Map</com.gpscsp.cob.GPSCSP_GW_To_FILE_MF>
<com.gpscsp.cob.GPSCSP_GW_To_FILE_MF intServ="EEMSIIB_GPSCSP_BAM" env="stage" override="CSPINBOUND">CSPINBOUND</com.gpscsp.cob.GPSCSP_GW_To_FILE_MF>
<com.gpscsp.cob.GPSCSP_GW_To_FILE_MF intServ="EEMSIIB_GPSCSP_BAM" env="stage" override="EEMSIIB.GPSCSP_GW_IIB_COB_NTFY .queueName">EEMSIIB.GPSCSP_GW_IIB_COB_NTFY</com.gpscsp.cob.GPSCSP_GW_To_FILE_MF>
<com.gpscsp.cob.GPSCSP_GW_To_FILE_MF intServ="EEMSIIB_GPSCSP_BAM" env="stage" override="GPSCSP_FetchAndTransform.dataSource">E3CSP_DB</com.gpscsp.cob.GPSCSP_GW_To_FILE_MF>
<com.gpscsp.cob.GPSCSP_GW_To_FILE_MF intServ="EEMSIIB_GPSCSP_BAM" env="stage" override="IIB_COB_FilePath.outputDirectory">/eems/iib/outbound/CSP/COB</com.gpscsp.cob.GPSCSP_GW_To_FILE_MF>
<com.gpscsp.cob.GPSCSP_GW_To_FILE_MF intServ="EEMSIIB_GPSCSP_BAM" env="stage" override="IIB_COB_FilePath.outputFilename">*</com.gpscsp.cob.GPSCSP_GW_To_FILE_MF>
<com.gpscsp.cob.GPSCSP_GW_To_FILE_MF intServ="EEMSIIB_GPSCSP_BAM" env="stage" override="EEMSIIB.GPSCSP_ERRORMESSAGE_DATA.queueName">EEMSIIB.GPSCSP_ERRORMESSAGE_DATA</com.gpscsp.cob.GPSCSP_GW_To_FILE_MF>
<com.gpscsp.cob.GPSCSP_GW_To_FILE_MF intServ="EEMSIIB_GPSCSP_BAM" env="stage" override="Common_AuditInMessage_SF.queueName">EEMSIIB.GPSCSP_COMMON_AUDITMESSAGE_DATA</com.gpscsp.cob.GPSCSP_GW_To_FILE_MF>
<com.gpscsp.cob.GPSCSP_GW_To_FILE_MF intServ="EEMSIIB_GPSCSP_BAM" env="stage" override="Common_ExceptionHandling_SF.BECode">700</com.gpscsp.cob.GPSCSP_GW_To_FILE_MF>
<com.gpscsp.cob.GPSCSP_GW_To_FILE_MF intServ="EEMSIIB_GPSCSP_BAM" env="stage" override="Common_ExceptionHandling_SF.ProjNumber">2</com.gpscsp.cob.GPSCSP_GW_To_FILE_MF>
<com.gpscsp.cob.GPSCSP_GW_To_FILE_MF intServ="EEMSIIB_GPSCSP_BAM" env="stage" override="GW_To_File_OutputQ.queueName">EEMSIIB.GPSCSP_BRC_XWALK_DBLOAD</com.gpscsp.cob.GPSCSP_GW_To_FILE_MF>
<com.gpscsp.cob.GPSCSP_FILE_To_COB_MF intServ="EEMSIIB_GPSCSP_BAM" env="stage" override="additionalInstances">5</com.gpscsp.cob.GPSCSP_FILE_To_COB_MF>
<com.gpscsp.cob.GPSCSP_FILE_To_COB_MF intServ="EEMSIIB_GPSCSP_BAM" env="stage" override="BrkConfigKey1">BRK_CONFIG</com.gpscsp.cob.GPSCSP_FILE_To_COB_MF>
<com.gpscsp.cob.GPSCSP_FILE_To_COB_MF intServ="EEMSIIB_GPSCSP_BAM" env="stage" override="SchemaName1">ELECELIG</com.gpscsp.cob.GPSCSP_FILE_To_COB_MF>
<com.gpscsp.cob.GPSCSP_FILE_To_COB_MF intServ="EEMSIIB_GPSCSP_BAM" env="stage" override="GlobalCacheMap1">GPSCSP_Common_Map</com.gpscsp.cob.GPSCSP_FILE_To_COB_MF>
<com.gpscsp.cob.GPSCSP_FILE_To_COB_MF intServ="EEMSIIB_GPSCSP_BAM" env="stage" override="CH_iib_to_csp_COBFile_xfer">/iib/scripts/CSP/iib_to_csp_COBFile_xfer.sh</com.gpscsp.cob.GPSCSP_FILE_To_COB_MF>
<com.gpscsp.cob.GPSCSP_FILE_To_COB_MF intServ="EEMSIIB_GPSCSP_BAM" env="stage" override="timeoutInSeconds">300</com.gpscsp.cob.GPSCSP_FILE_To_COB_MF>
<com.gpscsp.cob.GPSCSP_FILE_To_COB_MF intServ="EEMSIIB_GPSCSP_BAM" env="stage" override="Invoke_Script.dataSource">E3CSP_DB</com.gpscsp.cob.GPSCSP_FILE_To_COB_MF>
<com.gpscsp.cob.GPSCSP_FILE_To_COB_MF intServ="EEMSIIB_GPSCSP_BAM" env="stage" override="Common_AuditInMessage_SF.queueName">EEMSIIB.GPSCSP_COMMON_AUDITMESSAGE_DATA</com.gpscsp.cob.GPSCSP_FILE_To_COB_MF>
<com.gpscsp.cob.GPSCSP_FILE_To_COB_MF intServ="EEMSIIB_GPSCSP_BAM" env="stage" override="COBScript_ProcessException.dataSource">E3CSP_DB</com.gpscsp.cob.GPSCSP_FILE_To_COB_MF>
<com.gpscsp.cob.GPSCSP_FILE_To_COB_MF intServ="EEMSIIB_GPSCSP_BAM" env="stage" override="Common_ExceptionHandling_SF.BECode">700</com.gpscsp.cob.GPSCSP_FILE_To_COB_MF>
<com.gpscsp.cob.GPSCSP_FILE_To_COB_MF intServ="EEMSIIB_GPSCSP_BAM" env="stage" override="Common_ExceptionHandling_SF.ProjNumber">2</com.gpscsp.cob.GPSCSP_FILE_To_COB_MF>
<com.gpscsp.cob.GPSCSP_FILE_To_COB_MF intServ="EEMSIIB_GPSCSP_BAM" env="stage" override="EEMSIIB.GPSCSP_ERRORMESSAGE_DATA.queueName">EEMSIIB.GPSCSP_ERRORMESSAGE_DATA</com.gpscsp.cob.GPSCSP_FILE_To_COB_MF>
<com.gpscsp.cob.GPSCSP_FILE_To_COB_MF intServ="EEMSIIB_GPSCSP_BAM" env="stage" override="GW_To_File_InputQ.queueName">EEMSIIB.GPSCSP_BRC_XWALK_DBLOAD</com.gpscsp.cob.GPSCSP_FILE_To_COB_MF>

<!--ADOPT-->

<com.gpscsp.cob.GPSCSP_GW_To_FILE_MF intServ="EEMSIIB_GPSCSP_BAM" env="adopt" override="additionalInstances">5</com.gpscsp.cob.GPSCSP_GW_To_FILE_MF>
<com.gpscsp.cob.GPSCSP_GW_To_FILE_MF intServ="EEMSIIB_GPSCSP_BAM" env="adopt" override="timeoutCheck">300</com.gpscsp.cob.GPSCSP_GW_To_FILE_MF>
<com.gpscsp.cob.GPSCSP_GW_To_FILE_MF intServ="EEMSIIB_GPSCSP_BAM" env="adopt" override="BrkConfigKey">BRK_CONFIG</com.gpscsp.cob.GPSCSP_GW_To_FILE_MF>
<com.gpscsp.cob.GPSCSP_GW_To_FILE_MF intServ="EEMSIIB_GPSCSP_BAM" env="adopt" override="SchemaName">ELECELIG</com.gpscsp.cob.GPSCSP_GW_To_FILE_MF>
<com.gpscsp.cob.GPSCSP_GW_To_FILE_MF intServ="EEMSIIB_GPSCSP_BAM" env="adopt" override="GlobalCacheMap">GPSCSP_Common_Map</com.gpscsp.cob.GPSCSP_GW_To_FILE_MF>
<com.gpscsp.cob.GPSCSP_GW_To_FILE_MF intServ="EEMSIIB_GPSCSP_BAM" env="adopt" override="RetryCount">3</com.gpscsp.cob.GPSCSP_GW_To_FILE_MF>
<com.gpscsp.cob.GPSCSP_GW_To_FILE_MF intServ="EEMSIIB_GPSCSP_BAM" env="adopt" override="sleepTime">10000</com.gpscsp.cob.GPSCSP_GW_To_FILE_MF>
<com.gpscsp.cob.GPSCSP_GW_To_FILE_MF intServ="EEMSIIB_GPSCSP_BAM" env="adopt" override="GPSCSP_Source_Map">GPSCSP_Source_Map</com.gpscsp.cob.GPSCSP_GW_To_FILE_MF>
<com.gpscsp.cob.GPSCSP_GW_To_FILE_MF intServ="EEMSIIB_GPSCSP_BAM" env="adopt" override="CSPINBOUND">CSPINBOUND</com.gpscsp.cob.GPSCSP_GW_To_FILE_MF>
<com.gpscsp.cob.GPSCSP_GW_To_FILE_MF intServ="EEMSIIB_GPSCSP_BAM" env="adopt" override="EEMSIIB.GPSCSP_GW_IIB_COB_NTFY .queueName">EEMSIIB.ADP.GPSCSP_GW_IIB_COB_NTFY</com.gpscsp.cob.GPSCSP_GW_To_FILE_MF>
<com.gpscsp.cob.GPSCSP_GW_To_FILE_MF intServ="EEMSIIB_GPSCSP_BAM" env="adopt" override="GPSCSP_FetchAndTransform.dataSource">E3CSP_DB</com.gpscsp.cob.GPSCSP_GW_To_FILE_MF>
<com.gpscsp.cob.GPSCSP_GW_To_FILE_MF intServ="EEMSIIB_GPSCSP_BAM" env="adopt" override="IIB_COB_FilePath.outputDirectory">/eems/iib/outbound/CSP/COB</com.gpscsp.cob.GPSCSP_GW_To_FILE_MF>
<com.gpscsp.cob.GPSCSP_GW_To_FILE_MF intServ="EEMSIIB_GPSCSP_BAM" env="adopt" override="IIB_COB_FilePath.outputFilename">*</com.gpscsp.cob.GPSCSP_GW_To_FILE_MF>
<com.gpscsp.cob.GPSCSP_GW_To_FILE_MF intServ="EEMSIIB_GPSCSP_BAM" env="adopt" override="EEMSIIB.GPSCSP_ERRORMESSAGE_DATA.queueName">EEMSIIB.ADP.GPSCSP_ERRORMESSAGE_DATA</com.gpscsp.cob.GPSCSP_GW_To_FILE_MF>
<com.gpscsp.cob.GPSCSP_GW_To_FILE_MF intServ="EEMSIIB_GPSCSP_BAM" env="adopt" override="Common_AuditInMessage_SF.queueName">EEMSIIB.ADP.GPSCSP_COMMON_AUDITMESSAGE_DATA</com.gpscsp.cob.GPSCSP_GW_To_FILE_MF>
<com.gpscsp.cob.GPSCSP_GW_To_FILE_MF intServ="EEMSIIB_GPSCSP_BAM" env="adopt" override="Common_ExceptionHandling_SF.BECode">700</com.gpscsp.cob.GPSCSP_GW_To_FILE_MF>
<com.gpscsp.cob.GPSCSP_GW_To_FILE_MF intServ="EEMSIIB_GPSCSP_BAM" env="adopt" override="Common_ExceptionHandling_SF.ProjNumber">2</com.gpscsp.cob.GPSCSP_GW_To_FILE_MF>
<com.gpscsp.cob.GPSCSP_GW_To_FILE_MF intServ="EEMSIIB_GPSCSP_BAM" env="adopt" override="GW_To_File_OutputQ.queueName">EEMSIIB.ADP.GPSCSP_BRC_XWALK_DBLOAD</com.gpscsp.cob.GPSCSP_GW_To_FILE_MF>
<com.gpscsp.cob.GPSCSP_FILE_To_COB_MF intServ="EEMSIIB_GPSCSP_BAM" env="adopt" override="additionalInstances">5</com.gpscsp.cob.GPSCSP_FILE_To_COB_MF>
<com.gpscsp.cob.GPSCSP_FILE_To_COB_MF intServ="EEMSIIB_GPSCSP_BAM" env="adopt" override="BrkConfigKey1">BRK_CONFIG</com.gpscsp.cob.GPSCSP_FILE_To_COB_MF>
<com.gpscsp.cob.GPSCSP_FILE_To_COB_MF intServ="EEMSIIB_GPSCSP_BAM" env="adopt" override="SchemaName1">ELECELIG</com.gpscsp.cob.GPSCSP_FILE_To_COB_MF>
<com.gpscsp.cob.GPSCSP_FILE_To_COB_MF intServ="EEMSIIB_GPSCSP_BAM" env="adopt" override="GlobalCacheMap1">GPSCSP_Common_Map</com.gpscsp.cob.GPSCSP_FILE_To_COB_MF>
<com.gpscsp.cob.GPSCSP_FILE_To_COB_MF intServ="EEMSIIB_GPSCSP_BAM" env="adopt" override="CH_iib_to_csp_COBFile_xfer">/iib/scripts/CSP/iib_to_csp_COBFile_xfer.sh</com.gpscsp.cob.GPSCSP_FILE_To_COB_MF>
<com.gpscsp.cob.GPSCSP_FILE_To_COB_MF intServ="EEMSIIB_GPSCSP_BAM" env="adopt" override="timeoutInSeconds">300</com.gpscsp.cob.GPSCSP_FILE_To_COB_MF>
<com.gpscsp.cob.GPSCSP_FILE_To_COB_MF intServ="EEMSIIB_GPSCSP_BAM" env="adopt" override="Invoke_Script.dataSource">E3CSP_DB</com.gpscsp.cob.GPSCSP_FILE_To_COB_MF>
<com.gpscsp.cob.GPSCSP_FILE_To_COB_MF intServ="EEMSIIB_GPSCSP_BAM" env="adopt" override="Common_AuditInMessage_SF.queueName">EEMSIIB.ADP.GPSCSP_COMMON_AUDITMESSAGE_DATA</com.gpscsp.cob.GPSCSP_FILE_To_COB_MF>
<com.gpscsp.cob.GPSCSP_FILE_To_COB_MF intServ="EEMSIIB_GPSCSP_BAM" env="adopt" override="COBScript_ProcessException.dataSource">E3CSP_DB</com.gpscsp.cob.GPSCSP_FILE_To_COB_MF>
<com.gpscsp.cob.GPSCSP_FILE_To_COB_MF intServ="EEMSIIB_GPSCSP_BAM" env="adopt" override="Common_ExceptionHandling_SF.BECode">700</com.gpscsp.cob.GPSCSP_FILE_To_COB_MF>
<com.gpscsp.cob.GPSCSP_FILE_To_COB_MF intServ="EEMSIIB_GPSCSP_BAM" env="adopt" override="Common_ExceptionHandling_SF.ProjNumber">2</com.gpscsp.cob.GPSCSP_FILE_To_COB_MF>
<com.gpscsp.cob.GPSCSP_FILE_To_COB_MF intServ="EEMSIIB_GPSCSP_BAM" env="adopt" override="EEMSIIB.GPSCSP_ERRORMESSAGE_DATA.queueName">EEMSIIB.ADP.GPSCSP_ERRORMESSAGE_DATA</com.gpscsp.cob.GPSCSP_FILE_To_COB_MF>
<com.gpscsp.cob.GPSCSP_FILE_To_COB_MF intServ="EEMSIIB_GPSCSP_BAM" env="adopt" override="GW_To_File_InputQ.queueName">EEMSIIB.ADP.GPSCSP_BRC_XWALK_DBLOAD</com.gpscsp.cob.GPSCSP_FILE_To_COB_MF>

<!--PROD-->

<com.gpscsp.cob.GPSCSP_GW_To_FILE_MF intServ="EEMSIIB_GPSCSP_BAM" env="prod" override="additionalInstances">5</com.gpscsp.cob.GPSCSP_GW_To_FILE_MF>
<com.gpscsp.cob.GPSCSP_GW_To_FILE_MF intServ="EEMSIIB_GPSCSP_BAM" env="prod" override="timeoutCheck">300</com.gpscsp.cob.GPSCSP_GW_To_FILE_MF>
<com.gpscsp.cob.GPSCSP_GW_To_FILE_MF intServ="EEMSIIB_GPSCSP_BAM" env="prod" override="BrkConfigKey">BRK_CONFIG</com.gpscsp.cob.GPSCSP_GW_To_FILE_MF>
<com.gpscsp.cob.GPSCSP_GW_To_FILE_MF intServ="EEMSIIB_GPSCSP_BAM" env="prod" override="SchemaName">ELECELIG</com.gpscsp.cob.GPSCSP_GW_To_FILE_MF>
<com.gpscsp.cob.GPSCSP_GW_To_FILE_MF intServ="EEMSIIB_GPSCSP_BAM" env="prod" override="GlobalCacheMap">GPSCSP_Common_Map</com.gpscsp.cob.GPSCSP_GW_To_FILE_MF>
<com.gpscsp.cob.GPSCSP_GW_To_FILE_MF intServ="EEMSIIB_GPSCSP_BAM" env="prod" override="RetryCount">3</com.gpscsp.cob.GPSCSP_GW_To_FILE_MF>
<com.gpscsp.cob.GPSCSP_GW_To_FILE_MF intServ="EEMSIIB_GPSCSP_BAM" env="prod" override="sleepTime">10000</com.gpscsp.cob.GPSCSP_GW_To_FILE_MF>
<com.gpscsp.cob.GPSCSP_GW_To_FILE_MF intServ="EEMSIIB_GPSCSP_BAM" env="prod" override="GPSCSP_Source_Map">GPSCSP_Source_Map</com.gpscsp.cob.GPSCSP_GW_To_FILE_MF>
<com.gpscsp.cob.GPSCSP_GW_To_FILE_MF intServ="EEMSIIB_GPSCSP_BAM" env="prod" override="CSPINBOUND">CSPINBOUND</com.gpscsp.cob.GPSCSP_GW_To_FILE_MF>
<com.gpscsp.cob.GPSCSP_GW_To_FILE_MF intServ="EEMSIIB_GPSCSP_BAM" env="prod" override="EEMSIIB.GPSCSP_GW_IIB_COB_NTFY .queueName">EEMSIIB.GPSCSP_GW_IIB_COB_NTFY</com.gpscsp.cob.GPSCSP_GW_To_FILE_MF>
<com.gpscsp.cob.GPSCSP_GW_To_FILE_MF intServ="EEMSIIB_GPSCSP_BAM" env="prod" override="GPSCSP_FetchAndTransform.dataSource">E3CSP_DB</com.gpscsp.cob.GPSCSP_GW_To_FILE_MF>
<com.gpscsp.cob.GPSCSP_GW_To_FILE_MF intServ="EEMSIIB_GPSCSP_BAM" env="prod" override="IIB_COB_FilePath.outputDirectory">/eems/iib/outbound/CSP/COB</com.gpscsp.cob.GPSCSP_GW_To_FILE_MF>
<com.gpscsp.cob.GPSCSP_GW_To_FILE_MF intServ="EEMSIIB_GPSCSP_BAM" env="prod" override="IIB_COB_FilePath.outputFilename">*</com.gpscsp.cob.GPSCSP_GW_To_FILE_MF>
<com.gpscsp.cob.GPSCSP_GW_To_FILE_MF intServ="EEMSIIB_GPSCSP_BAM" env="prod" override="EEMSIIB.GPSCSP_ERRORMESSAGE_DATA.queueName">EEMSIIB.GPSCSP_ERRORMESSAGE_DATA</com.gpscsp.cob.GPSCSP_GW_To_FILE_MF>
<com.gpscsp.cob.GPSCSP_GW_To_FILE_MF intServ="EEMSIIB_GPSCSP_BAM" env="prod" override="Common_AuditInMessage_SF.queueName">EEMSIIB.GPSCSP_COMMON_AUDITMESSAGE_DATA</com.gpscsp.cob.GPSCSP_GW_To_FILE_MF>
<com.gpscsp.cob.GPSCSP_GW_To_FILE_MF intServ="EEMSIIB_GPSCSP_BAM" env="prod" override="Common_ExceptionHandling_SF.BECode">700</com.gpscsp.cob.GPSCSP_GW_To_FILE_MF>
<com.gpscsp.cob.GPSCSP_GW_To_FILE_MF intServ="EEMSIIB_GPSCSP_BAM" env="prod" override="Common_ExceptionHandling_SF.ProjNumber">2</com.gpscsp.cob.GPSCSP_GW_To_FILE_MF>
<com.gpscsp.cob.GPSCSP_GW_To_FILE_MF intServ="EEMSIIB_GPSCSP_BAM" env="prod" override="GW_To_File_OutputQ.queueName">EEMSIIB.GPSCSP_BRC_XWALK_DBLOAD</com.gpscsp.cob.GPSCSP_GW_To_FILE_MF>
<com.gpscsp.cob.GPSCSP_FILE_To_COB_MF intServ="EEMSIIB_GPSCSP_BAM" env="prod" override="additionalInstances">5</com.gpscsp.cob.GPSCSP_FILE_To_COB_MF>
<com.gpscsp.cob.GPSCSP_FILE_To_COB_MF intServ="EEMSIIB_GPSCSP_BAM" env="prod" override="BrkConfigKey1">BRK_CONFIG</com.gpscsp.cob.GPSCSP_FILE_To_COB_MF>
<com.gpscsp.cob.GPSCSP_FILE_To_COB_MF intServ="EEMSIIB_GPSCSP_BAM" env="prod" override="SchemaName1">ELECELIG</com.gpscsp.cob.GPSCSP_FILE_To_COB_MF>
<com.gpscsp.cob.GPSCSP_FILE_To_COB_MF intServ="EEMSIIB_GPSCSP_BAM" env="prod" override="GlobalCacheMap1">GPSCSP_Common_Map</com.gpscsp.cob.GPSCSP_FILE_To_COB_MF>
<com.gpscsp.cob.GPSCSP_FILE_To_COB_MF intServ="EEMSIIB_GPSCSP_BAM" env="prod" override="CH_iib_to_csp_COBFile_xfer">/iib/scripts/CSP/iib_to_csp_COBFile_xfer.sh</com.gpscsp.cob.GPSCSP_FILE_To_COB_MF>
<com.gpscsp.cob.GPSCSP_FILE_To_COB_MF intServ="EEMSIIB_GPSCSP_BAM" env="prod" override="timeoutInSeconds">300</com.gpscsp.cob.GPSCSP_FILE_To_COB_MF>
<com.gpscsp.cob.GPSCSP_FILE_To_COB_MF intServ="EEMSIIB_GPSCSP_BAM" env="prod" override="Invoke_Script.dataSource">E3CSP_DB</com.gpscsp.cob.GPSCSP_FILE_To_COB_MF>
<com.gpscsp.cob.GPSCSP_FILE_To_COB_MF intServ="EEMSIIB_GPSCSP_BAM" env="prod" override="Common_AuditInMessage_SF.queueName">EEMSIIB.GPSCSP_COMMON_AUDITMESSAGE_DATA</com.gpscsp.cob.GPSCSP_FILE_To_COB_MF>
<com.gpscsp.cob.GPSCSP_FILE_To_COB_MF intServ="EEMSIIB_GPSCSP_BAM" env="prod" override="COBScript_ProcessException.dataSource">E3CSP_DB</com.gpscsp.cob.GPSCSP_FILE_To_COB_MF>
<com.gpscsp.cob.GPSCSP_FILE_To_COB_MF intServ="EEMSIIB_GPSCSP_BAM" env="prod" override="Common_ExceptionHandling_SF.BECode">700</com.gpscsp.cob.GPSCSP_FILE_To_COB_MF>
<com.gpscsp.cob.GPSCSP_FILE_To_COB_MF intServ="EEMSIIB_GPSCSP_BAM" env="prod" override="Common_ExceptionHandling_SF.ProjNumber">2</com.gpscsp.cob.GPSCSP_FILE_To_COB_MF>
<com.gpscsp.cob.GPSCSP_FILE_To_COB_MF intServ="EEMSIIB_GPSCSP_BAM" env="prod" override="EEMSIIB.GPSCSP_ERRORMESSAGE_DATA.queueName">EEMSIIB.GPSCSP_ERRORMESSAGE_DATA</com.gpscsp.cob.GPSCSP_FILE_To_COB_MF>
<com.gpscsp.cob.GPSCSP_FILE_To_COB_MF intServ="EEMSIIB_GPSCSP_BAM" env="prod" override="GW_To_File_InputQ.queueName">EEMSIIB.GPSCSP_BRC_XWALK_DBLOAD</com.gpscsp.cob.GPSCSP_FILE_To_COB_MF>

</Broker>