<?xml version="1.0" encoding="UTF-8" ?> 
<Broker>
<com.gpscsp.crosswalklookup.GPSCSP_CrossWalkLookup_MF intServ="EEMSIIB_GPSCSP_XWALKLOOKUP" env="dev" override="additionalInstances">20</com.gpscsp.crosswalklookup.GPSCSP_CrossWalkLookup_MF>
<com.gpscsp.crosswalklookup.GPSCSP_CrossWalkLookup_MF intServ="EEMSIIB_GPSCSP_XWALKLOOKUP" env="dev" override="SourceProfileMap">GPSCSP_CustomerProfile_Map</com.gpscsp.crosswalklookup.GPSCSP_CrossWalkLookup_MF>
<com.gpscsp.crosswalklookup.GPSCSP_CrossWalkLookup_MF intServ="EEMSIIB_GPSCSP_XWALKLOOKUP" env="dev" override="CSPELIGSchema">CSPELIG</com.gpscsp.crosswalklookup.GPSCSP_CrossWalkLookup_MF>
<com.gpscsp.crosswalklookup.GPSCSP_CrossWalkLookup_MF intServ="EEMSIIB_GPSCSP_XWALKLOOKUP" env="dev" override="CSPINBOUNDSchema">CSPINBOUND</com.gpscsp.crosswalklookup.GPSCSP_CrossWalkLookup_MF>
<com.gpscsp.crosswalklookup.GPSCSP_CrossWalkLookup_MF intServ="EEMSIIB_GPSCSP_XWALKLOOKUP" env="dev" override="REFERRED_DATE">2017-01-01</com.gpscsp.crosswalklookup.GPSCSP_CrossWalkLookup_MF>
<com.gpscsp.crosswalklookup.GPSCSP_CrossWalkLookup_MF intServ="EEMSIIB_GPSCSP_XWALKLOOKUP" env="dev" override="RETRO_DATE">2012-09-01</com.gpscsp.crosswalklookup.GPSCSP_CrossWalkLookup_MF>
<com.gpscsp.crosswalklookup.GPSCSP_CrossWalkLookup_MF intServ="EEMSIIB_GPSCSP_XWALKLOOKUP" env="dev" override="FUTURE_DATE">2017-01-01</com.gpscsp.crosswalklookup.GPSCSP_CrossWalkLookup_MF>
<com.gpscsp.crosswalklookup.GPSCSP_CrossWalkLookup_MF intServ="EEMSIIB_GPSCSP_XWALKLOOKUP" env="dev" override="SUBGROUP_EVENT_CODE">SBGP</com.gpscsp.crosswalklookup.GPSCSP_CrossWalkLookup_MF>
<com.gpscsp.crosswalklookup.GPSCSP_CrossWalkLookup_MF intServ="EEMSIIB_GPSCSP_XWALKLOOKUP" env="dev" override="CLASSID_EVENT_CODE">CLSS</com.gpscsp.crosswalklookup.GPSCSP_CrossWalkLookup_MF>
<com.gpscsp.crosswalklookup.GPSCSP_CrossWalkLookup_MF intServ="EEMSIIB_GPSCSP_XWALKLOOKUP" env="dev" override="CLASSPLANID_EVENT_CODE">CLSPLN</com.gpscsp.crosswalklookup.GPSCSP_CrossWalkLookup_MF>
<com.gpscsp.crosswalklookup.GPSCSP_CrossWalkLookup_MF intServ="EEMSIIB_GPSCSP_XWALKLOOKUP" env="dev" override="EFFECTIVEDATE_EVENT_CODE">EFFDT</com.gpscsp.crosswalklookup.GPSCSP_CrossWalkLookup_MF>
<com.gpscsp.crosswalklookup.GPSCSP_CrossWalkLookup_MF intServ="EEMSIIB_GPSCSP_XWALKLOOKUP" env="dev" override="BrkConfigKey">BRK_CONFIG</com.gpscsp.crosswalklookup.GPSCSP_CrossWalkLookup_MF>
<com.gpscsp.crosswalklookup.GPSCSP_CrossWalkLookup_MF intServ="EEMSIIB_GPSCSP_XWALKLOOKUP" env="dev" override="SchemaName">ELECELIG</com.gpscsp.crosswalklookup.GPSCSP_CrossWalkLookup_MF>
<com.gpscsp.crosswalklookup.GPSCSP_CrossWalkLookup_MF intServ="EEMSIIB_GPSCSP_XWALKLOOKUP" env="dev" override="GlobalCacheMap">GPSCSP_Common_Map</com.gpscsp.crosswalklookup.GPSCSP_CrossWalkLookup_MF>
<com.gpscsp.crosswalklookup.GPSCSP_CrossWalkLookup_MF intServ="EEMSIIB_GPSCSP_XWALKLOOKUP" env="dev" override="DSN">E3CSP_DB</com.gpscsp.crosswalklookup.GPSCSP_CrossWalkLookup_MF>
<com.gpscsp.crosswalklookup.GPSCSP_CrossWalkLookup_MF intServ="EEMSIIB_GPSCSP_XWALKLOOKUP" env="dev" override="BECode">700</com.gpscsp.crosswalklookup.GPSCSP_CrossWalkLookup_MF>
<com.gpscsp.crosswalklookup.GPSCSP_CrossWalkLookup_MF intServ="EEMSIIB_GPSCSP_XWALKLOOKUP" env="dev" override="queueName">EEMSIIB.GPSCSP_COMMON_AUDITMESSAGE_DATA</com.gpscsp.crosswalklookup.GPSCSP_CrossWalkLookup_MF>
<com.gpscsp.crosswalklookup.GPSCSP_CrossWalkLookup_MF intServ="EEMSIIB_GPSCSP_XWALKLOOKUP" env="dev" override="ProjNumber">2</com.gpscsp.crosswalklookup.GPSCSP_CrossWalkLookup_MF>
<com.gpscsp.crosswalklookup.GPSCSP_CrossWalkLookup_MF intServ="EEMSIIB_GPSCSP_XWALKLOOKUP" env="dev" override="EEMSIIB.GPSCSP_IIB_XWALK_LOOKUP_IN.queueName">EEMSIIB.GPSCSP_MAP_BRC_XWALK_REQ</com.gpscsp.crosswalklookup.GPSCSP_CrossWalkLookup_MF>
<com.gpscsp.crosswalklookup.GPSCSP_CrossWalkLookup_MF intServ="EEMSIIB_GPSCSP_XWALKLOOKUP" env="dev" override="EEMSIIB_GPSCSP_XWALK_Lookup.dataSource">E3CSP_DB</com.gpscsp.crosswalklookup.GPSCSP_CrossWalkLookup_MF>
<com.gpscsp.crosswalklookup.GPSCSP_CrossWalkLookup_MF intServ="EEMSIIB_GPSCSP_XWALKLOOKUP" env="dev" override="EEMSIIB.GPSCSP_SOURCE_CSP_IN.queueName">EEMSIIB.GPSCSP_SOURCE_CSP_IN</com.gpscsp.crosswalklookup.GPSCSP_CrossWalkLookup_MF>
<com.gpscsp.crosswalklookup.GPSCSP_CrossWalkLookup_MF intServ="EEMSIIB_GPSCSP_XWALKLOOKUP" env="dev" override="EEMSIIB.GPSCSP_ERRORMESSAGE_DATA.queueName">EEMSIIB.GPSCSP_ERRORMESSAGE_DATA</com.gpscsp.crosswalklookup.GPSCSP_CrossWalkLookup_MF>

<!--SIT-->
<com.gpscsp.crosswalklookup.GPSCSP_CrossWalkLookup_MF intServ="EEMSIIB_GPSCSP_XWALKLOOKUP" env="test" override="additionalInstances">20</com.gpscsp.crosswalklookup.GPSCSP_CrossWalkLookup_MF>
<com.gpscsp.crosswalklookup.GPSCSP_CrossWalkLookup_MF intServ="EEMSIIB_GPSCSP_XWALKLOOKUP" env="test" override="SourceProfileMap">GPSCSP_CustomerProfile_Map</com.gpscsp.crosswalklookup.GPSCSP_CrossWalkLookup_MF>
<com.gpscsp.crosswalklookup.GPSCSP_CrossWalkLookup_MF intServ="EEMSIIB_GPSCSP_XWALKLOOKUP" env="test" override="CSPELIGSchema">CSPELIG</com.gpscsp.crosswalklookup.GPSCSP_CrossWalkLookup_MF>
<com.gpscsp.crosswalklookup.GPSCSP_CrossWalkLookup_MF intServ="EEMSIIB_GPSCSP_XWALKLOOKUP" env="test" override="CSPINBOUNDSchema">CSPINBOUND</com.gpscsp.crosswalklookup.GPSCSP_CrossWalkLookup_MF>
<com.gpscsp.crosswalklookup.GPSCSP_CrossWalkLookup_MF intServ="EEMSIIB_GPSCSP_XWALKLOOKUP" env="test" override="REFERRED_DATE">2017-01-01</com.gpscsp.crosswalklookup.GPSCSP_CrossWalkLookup_MF>
<com.gpscsp.crosswalklookup.GPSCSP_CrossWalkLookup_MF intServ="EEMSIIB_GPSCSP_XWALKLOOKUP" env="test" override="RETRO_DATE">2012-09-01</com.gpscsp.crosswalklookup.GPSCSP_CrossWalkLookup_MF>
<com.gpscsp.crosswalklookup.GPSCSP_CrossWalkLookup_MF intServ="EEMSIIB_GPSCSP_XWALKLOOKUP" env="test" override="FUTURE_DATE">2017-01-01</com.gpscsp.crosswalklookup.GPSCSP_CrossWalkLookup_MF>
<com.gpscsp.crosswalklookup.GPSCSP_CrossWalkLookup_MF intServ="EEMSIIB_GPSCSP_XWALKLOOKUP" env="test" override="SUBGROUP_EVENT_CODE">SBGP</com.gpscsp.crosswalklookup.GPSCSP_CrossWalkLookup_MF>
<com.gpscsp.crosswalklookup.GPSCSP_CrossWalkLookup_MF intServ="EEMSIIB_GPSCSP_XWALKLOOKUP" env="test" override="CLASSID_EVENT_CODE">CLSS</com.gpscsp.crosswalklookup.GPSCSP_CrossWalkLookup_MF>
<com.gpscsp.crosswalklookup.GPSCSP_CrossWalkLookup_MF intServ="EEMSIIB_GPSCSP_XWALKLOOKUP" env="test" override="CLASSPLANID_EVENT_CODE">CLSPLN</com.gpscsp.crosswalklookup.GPSCSP_CrossWalkLookup_MF>
<com.gpscsp.crosswalklookup.GPSCSP_CrossWalkLookup_MF intServ="EEMSIIB_GPSCSP_XWALKLOOKUP" env="test" override="EFFECTIVEDATE_EVENT_CODE">EFFDT</com.gpscsp.crosswalklookup.GPSCSP_CrossWalkLookup_MF>
<com.gpscsp.crosswalklookup.GPSCSP_CrossWalkLookup_MF intServ="EEMSIIB_GPSCSP_XWALKLOOKUP" env="test" override="BrkConfigKey">BRK_CONFIG</com.gpscsp.crosswalklookup.GPSCSP_CrossWalkLookup_MF>
<com.gpscsp.crosswalklookup.GPSCSP_CrossWalkLookup_MF intServ="EEMSIIB_GPSCSP_XWALKLOOKUP" env="test" override="SchemaName">ELECELIG</com.gpscsp.crosswalklookup.GPSCSP_CrossWalkLookup_MF>
<com.gpscsp.crosswalklookup.GPSCSP_CrossWalkLookup_MF intServ="EEMSIIB_GPSCSP_XWALKLOOKUP" env="test" override="GlobalCacheMap">GPSCSP_Common_Map</com.gpscsp.crosswalklookup.GPSCSP_CrossWalkLookup_MF>
<com.gpscsp.crosswalklookup.GPSCSP_CrossWalkLookup_MF intServ="EEMSIIB_GPSCSP_XWALKLOOKUP" env="test" override="DSN">E3CSP_DB</com.gpscsp.crosswalklookup.GPSCSP_CrossWalkLookup_MF>
<com.gpscsp.crosswalklookup.GPSCSP_CrossWalkLookup_MF intServ="EEMSIIB_GPSCSP_XWALKLOOKUP" env="test" override="BECode">700</com.gpscsp.crosswalklookup.GPSCSP_CrossWalkLookup_MF>
<com.gpscsp.crosswalklookup.GPSCSP_CrossWalkLookup_MF intServ="EEMSIIB_GPSCSP_XWALKLOOKUP" env="test" override="queueName">EEMSIIB.GPSCSP_COMMON_AUDITMESSAGE_DATA</com.gpscsp.crosswalklookup.GPSCSP_CrossWalkLookup_MF>
<com.gpscsp.crosswalklookup.GPSCSP_CrossWalkLookup_MF intServ="EEMSIIB_GPSCSP_XWALKLOOKUP" env="test" override="ProjNumber">2</com.gpscsp.crosswalklookup.GPSCSP_CrossWalkLookup_MF>
<com.gpscsp.crosswalklookup.GPSCSP_CrossWalkLookup_MF intServ="EEMSIIB_GPSCSP_XWALKLOOKUP" env="test" override="EEMSIIB.GPSCSP_IIB_XWALK_LOOKUP_IN.queueName">EEMSIIB.GPSCSP_MAP_BRC_XWALK_REQ</com.gpscsp.crosswalklookup.GPSCSP_CrossWalkLookup_MF>
<com.gpscsp.crosswalklookup.GPSCSP_CrossWalkLookup_MF intServ="EEMSIIB_GPSCSP_XWALKLOOKUP" env="test" override="EEMSIIB_GPSCSP_XWALK_Lookup.dataSource">E3CSP_DB</com.gpscsp.crosswalklookup.GPSCSP_CrossWalkLookup_MF>
<com.gpscsp.crosswalklookup.GPSCSP_CrossWalkLookup_MF intServ="EEMSIIB_GPSCSP_XWALKLOOKUP" env="test" override="EEMSIIB.GPSCSP_SOURCE_CSP_IN.queueName">EEMSIIB.GPSCSP_SOURCE_CSP_IN</com.gpscsp.crosswalklookup.GPSCSP_CrossWalkLookup_MF>
<com.gpscsp.crosswalklookup.GPSCSP_CrossWalkLookup_MF intServ="EEMSIIB_GPSCSP_XWALKLOOKUP" env="test" override="EEMSIIB.GPSCSP_ERRORMESSAGE_DATA.queueName">EEMSIIB.GPSCSP_ERRORMESSAGE_DATA</com.gpscsp.crosswalklookup.GPSCSP_CrossWalkLookup_MF>

<!--SIT Bravo-->
<com.gpscsp.crosswalklookup.GPSCSP_CrossWalkLookup_MF intServ="EEMSIIB_GPSCSP_XWALKLOOKUP" env="test2" override="additionalInstances">7</com.gpscsp.crosswalklookup.GPSCSP_CrossWalkLookup_MF>
<com.gpscsp.crosswalklookup.GPSCSP_CrossWalkLookup_MF intServ="EEMSIIB_GPSCSP_XWALKLOOKUP" env="test2" override="SourceProfileMap">GPSCSP_CustomerProfile_Map</com.gpscsp.crosswalklookup.GPSCSP_CrossWalkLookup_MF>
<com.gpscsp.crosswalklookup.GPSCSP_CrossWalkLookup_MF intServ="EEMSIIB_GPSCSP_XWALKLOOKUP" env="test2" override="CSPELIGSchema">CSPELIG</com.gpscsp.crosswalklookup.GPSCSP_CrossWalkLookup_MF>
<com.gpscsp.crosswalklookup.GPSCSP_CrossWalkLookup_MF intServ="EEMSIIB_GPSCSP_XWALKLOOKUP" env="test2" override="CSPINBOUNDSchema">CSPINBOUND</com.gpscsp.crosswalklookup.GPSCSP_CrossWalkLookup_MF>
<com.gpscsp.crosswalklookup.GPSCSP_CrossWalkLookup_MF intServ="EEMSIIB_GPSCSP_XWALKLOOKUP" env="test2" override="REFERRED_DATE">2017-01-01</com.gpscsp.crosswalklookup.GPSCSP_CrossWalkLookup_MF>
<com.gpscsp.crosswalklookup.GPSCSP_CrossWalkLookup_MF intServ="EEMSIIB_GPSCSP_XWALKLOOKUP" env="test2" override="RETRO_DATE">2012-09-01</com.gpscsp.crosswalklookup.GPSCSP_CrossWalkLookup_MF>
<com.gpscsp.crosswalklookup.GPSCSP_CrossWalkLookup_MF intServ="EEMSIIB_GPSCSP_XWALKLOOKUP" env="test2" override="FUTURE_DATE">2017-01-01</com.gpscsp.crosswalklookup.GPSCSP_CrossWalkLookup_MF>
<com.gpscsp.crosswalklookup.GPSCSP_CrossWalkLookup_MF intServ="EEMSIIB_GPSCSP_XWALKLOOKUP" env="test2" override="SUBGROUP_EVENT_CODE">SBGP</com.gpscsp.crosswalklookup.GPSCSP_CrossWalkLookup_MF>
<com.gpscsp.crosswalklookup.GPSCSP_CrossWalkLookup_MF intServ="EEMSIIB_GPSCSP_XWALKLOOKUP" env="test2" override="CLASSID_EVENT_CODE">CLSS</com.gpscsp.crosswalklookup.GPSCSP_CrossWalkLookup_MF>
<com.gpscsp.crosswalklookup.GPSCSP_CrossWalkLookup_MF intServ="EEMSIIB_GPSCSP_XWALKLOOKUP" env="test2" override="CLASSPLANID_EVENT_CODE">CLSPLN</com.gpscsp.crosswalklookup.GPSCSP_CrossWalkLookup_MF>
<com.gpscsp.crosswalklookup.GPSCSP_CrossWalkLookup_MF intServ="EEMSIIB_GPSCSP_XWALKLOOKUP" env="test2" override="EFFECTIVEDATE_EVENT_CODE">EFFDT</com.gpscsp.crosswalklookup.GPSCSP_CrossWalkLookup_MF>
<com.gpscsp.crosswalklookup.GPSCSP_CrossWalkLookup_MF intServ="EEMSIIB_GPSCSP_XWALKLOOKUP" env="test2" override="BrkConfigKey">BRK_CONFIG</com.gpscsp.crosswalklookup.GPSCSP_CrossWalkLookup_MF>
<com.gpscsp.crosswalklookup.GPSCSP_CrossWalkLookup_MF intServ="EEMSIIB_GPSCSP_XWALKLOOKUP" env="test2" override="SchemaName">ELECELIG</com.gpscsp.crosswalklookup.GPSCSP_CrossWalkLookup_MF>
<com.gpscsp.crosswalklookup.GPSCSP_CrossWalkLookup_MF intServ="EEMSIIB_GPSCSP_XWALKLOOKUP" env="test2" override="GlobalCacheMap">GPSCSP_Common_Map</com.gpscsp.crosswalklookup.GPSCSP_CrossWalkLookup_MF>
<com.gpscsp.crosswalklookup.GPSCSP_CrossWalkLookup_MF intServ="EEMSIIB_GPSCSP_XWALKLOOKUP" env="test2" override="DSN">E3CSP_DB</com.gpscsp.crosswalklookup.GPSCSP_CrossWalkLookup_MF>
<com.gpscsp.crosswalklookup.GPSCSP_CrossWalkLookup_MF intServ="EEMSIIB_GPSCSP_XWALKLOOKUP" env="test2" override="BECode">700</com.gpscsp.crosswalklookup.GPSCSP_CrossWalkLookup_MF>
<com.gpscsp.crosswalklookup.GPSCSP_CrossWalkLookup_MF intServ="EEMSIIB_GPSCSP_XWALKLOOKUP" env="test2" override="queueName">EEMSIIB.GPSCSP_COMMON_AUDITMESSAGE_DATA</com.gpscsp.crosswalklookup.GPSCSP_CrossWalkLookup_MF>
<com.gpscsp.crosswalklookup.GPSCSP_CrossWalkLookup_MF intServ="EEMSIIB_GPSCSP_XWALKLOOKUP" env="test2" override="ProjNumber">2</com.gpscsp.crosswalklookup.GPSCSP_CrossWalkLookup_MF>
<com.gpscsp.crosswalklookup.GPSCSP_CrossWalkLookup_MF intServ="EEMSIIB_GPSCSP_XWALKLOOKUP" env="test2" override="EEMSIIB.GPSCSP_IIB_XWALK_LOOKUP_IN.queueName">EEMSIIB.GPSCSP_MAP_BRC_XWALK_REQ</com.gpscsp.crosswalklookup.GPSCSP_CrossWalkLookup_MF>
<com.gpscsp.crosswalklookup.GPSCSP_CrossWalkLookup_MF intServ="EEMSIIB_GPSCSP_XWALKLOOKUP" env="test2" override="EEMSIIB_GPSCSP_XWALK_Lookup.dataSource">E3CSP_DB</com.gpscsp.crosswalklookup.GPSCSP_CrossWalkLookup_MF>
<com.gpscsp.crosswalklookup.GPSCSP_CrossWalkLookup_MF intServ="EEMSIIB_GPSCSP_XWALKLOOKUP" env="test2" override="EEMSIIB.GPSCSP_SOURCE_CSP_IN.queueName">EEMSIIB.GPSCSP_SOURCE_CSP_IN</com.gpscsp.crosswalklookup.GPSCSP_CrossWalkLookup_MF>
<com.gpscsp.crosswalklookup.GPSCSP_CrossWalkLookup_MF intServ="EEMSIIB_GPSCSP_XWALKLOOKUP" env="test2" override="EEMSIIB.GPSCSP_ERRORMESSAGE_DATA.queueName">EEMSIIB.GPSCSP_ERRORMESSAGE_DATA</com.gpscsp.crosswalklookup.GPSCSP_CrossWalkLookup_MF>


<!--SIT Charlie-->
<com.gpscsp.crosswalklookup.GPSCSP_CrossWalkLookup_MF intServ="EEMSIIB_GPSCSP_XWALKLOOKUP" env="test-charlie" override="additionalInstances">7</com.gpscsp.crosswalklookup.GPSCSP_CrossWalkLookup_MF>
<com.gpscsp.crosswalklookup.GPSCSP_CrossWalkLookup_MF intServ="EEMSIIB_GPSCSP_XWALKLOOKUP" env="test-charlie" override="SourceProfileMap">GPSCSP_CustomerProfile_Map</com.gpscsp.crosswalklookup.GPSCSP_CrossWalkLookup_MF>
<com.gpscsp.crosswalklookup.GPSCSP_CrossWalkLookup_MF intServ="EEMSIIB_GPSCSP_XWALKLOOKUP" env="test-charlie" override="CSPELIGSchema">CSPELIG</com.gpscsp.crosswalklookup.GPSCSP_CrossWalkLookup_MF>
<com.gpscsp.crosswalklookup.GPSCSP_CrossWalkLookup_MF intServ="EEMSIIB_GPSCSP_XWALKLOOKUP" env="test-charlie" override="CSPINBOUNDSchema">CSPINBOUND</com.gpscsp.crosswalklookup.GPSCSP_CrossWalkLookup_MF>
<com.gpscsp.crosswalklookup.GPSCSP_CrossWalkLookup_MF intServ="EEMSIIB_GPSCSP_XWALKLOOKUP" env="test-charlie" override="REFERRED_DATE">2017-01-01</com.gpscsp.crosswalklookup.GPSCSP_CrossWalkLookup_MF>
<com.gpscsp.crosswalklookup.GPSCSP_CrossWalkLookup_MF intServ="EEMSIIB_GPSCSP_XWALKLOOKUP" env="test-charlie" override="RETRO_DATE">2012-09-01</com.gpscsp.crosswalklookup.GPSCSP_CrossWalkLookup_MF>
<com.gpscsp.crosswalklookup.GPSCSP_CrossWalkLookup_MF intServ="EEMSIIB_GPSCSP_XWALKLOOKUP" env="test-charlie" override="FUTURE_DATE">2017-01-01</com.gpscsp.crosswalklookup.GPSCSP_CrossWalkLookup_MF>
<com.gpscsp.crosswalklookup.GPSCSP_CrossWalkLookup_MF intServ="EEMSIIB_GPSCSP_XWALKLOOKUP" env="test-charlie" override="SUBGROUP_EVENT_CODE">SBGP</com.gpscsp.crosswalklookup.GPSCSP_CrossWalkLookup_MF>
<com.gpscsp.crosswalklookup.GPSCSP_CrossWalkLookup_MF intServ="EEMSIIB_GPSCSP_XWALKLOOKUP" env="test-charlie" override="CLASSID_EVENT_CODE">CLSS</com.gpscsp.crosswalklookup.GPSCSP_CrossWalkLookup_MF>
<com.gpscsp.crosswalklookup.GPSCSP_CrossWalkLookup_MF intServ="EEMSIIB_GPSCSP_XWALKLOOKUP" env="test-charlie" override="CLASSPLANID_EVENT_CODE">CLSPLN</com.gpscsp.crosswalklookup.GPSCSP_CrossWalkLookup_MF>
<com.gpscsp.crosswalklookup.GPSCSP_CrossWalkLookup_MF intServ="EEMSIIB_GPSCSP_XWALKLOOKUP" env="test-charlie" override="EFFECTIVEDATE_EVENT_CODE">EFFDT</com.gpscsp.crosswalklookup.GPSCSP_CrossWalkLookup_MF>
<com.gpscsp.crosswalklookup.GPSCSP_CrossWalkLookup_MF intServ="EEMSIIB_GPSCSP_XWALKLOOKUP" env="test-charlie" override="BrkConfigKey">BRK_CONFIG</com.gpscsp.crosswalklookup.GPSCSP_CrossWalkLookup_MF>
<com.gpscsp.crosswalklookup.GPSCSP_CrossWalkLookup_MF intServ="EEMSIIB_GPSCSP_XWALKLOOKUP" env="test-charlie" override="SchemaName">ELECELIG</com.gpscsp.crosswalklookup.GPSCSP_CrossWalkLookup_MF>
<com.gpscsp.crosswalklookup.GPSCSP_CrossWalkLookup_MF intServ="EEMSIIB_GPSCSP_XWALKLOOKUP" env="test-charlie" override="GlobalCacheMap">GPSCSP_Common_Map</com.gpscsp.crosswalklookup.GPSCSP_CrossWalkLookup_MF>
<com.gpscsp.crosswalklookup.GPSCSP_CrossWalkLookup_MF intServ="EEMSIIB_GPSCSP_XWALKLOOKUP" env="test-charlie" override="DSN">E3CSP_DB</com.gpscsp.crosswalklookup.GPSCSP_CrossWalkLookup_MF>
<com.gpscsp.crosswalklookup.GPSCSP_CrossWalkLookup_MF intServ="EEMSIIB_GPSCSP_XWALKLOOKUP" env="test-charlie" override="BECode">700</com.gpscsp.crosswalklookup.GPSCSP_CrossWalkLookup_MF>
<com.gpscsp.crosswalklookup.GPSCSP_CrossWalkLookup_MF intServ="EEMSIIB_GPSCSP_XWALKLOOKUP" env="test-charlie" override="queueName">EEMSIIB.GPSCSP_COMMON_AUDITMESSAGE_DATA</com.gpscsp.crosswalklookup.GPSCSP_CrossWalkLookup_MF>
<com.gpscsp.crosswalklookup.GPSCSP_CrossWalkLookup_MF intServ="EEMSIIB_GPSCSP_XWALKLOOKUP" env="test-charlie" override="ProjNumber">2</com.gpscsp.crosswalklookup.GPSCSP_CrossWalkLookup_MF>
<com.gpscsp.crosswalklookup.GPSCSP_CrossWalkLookup_MF intServ="EEMSIIB_GPSCSP_XWALKLOOKUP" env="test-charlie" override="EEMSIIB.GPSCSP_IIB_XWALK_LOOKUP_IN.queueName">EEMSIIB.GPSCSP_MAP_BRC_XWALK_REQ</com.gpscsp.crosswalklookup.GPSCSP_CrossWalkLookup_MF>
<com.gpscsp.crosswalklookup.GPSCSP_CrossWalkLookup_MF intServ="EEMSIIB_GPSCSP_XWALKLOOKUP" env="test-charlie" override="EEMSIIB_GPSCSP_XWALK_Lookup.dataSource">E3CSP_DB</com.gpscsp.crosswalklookup.GPSCSP_CrossWalkLookup_MF>
<com.gpscsp.crosswalklookup.GPSCSP_CrossWalkLookup_MF intServ="EEMSIIB_GPSCSP_XWALKLOOKUP" env="test-charlie" override="EEMSIIB.GPSCSP_SOURCE_CSP_IN.queueName">EEMSIIB.GPSCSP_SOURCE_CSP_IN</com.gpscsp.crosswalklookup.GPSCSP_CrossWalkLookup_MF>
<com.gpscsp.crosswalklookup.GPSCSP_CrossWalkLookup_MF intServ="EEMSIIB_GPSCSP_XWALKLOOKUP" env="test-charlie" override="EEMSIIB.GPSCSP_ERRORMESSAGE_DATA.queueName">EEMSIIB.GPSCSP_ERRORMESSAGE_DATA</com.gpscsp.crosswalklookup.GPSCSP_CrossWalkLookup_MF>

<!--UAT-->

<com.gpscsp.crosswalklookup.GPSCSP_CrossWalkLookup_MF intServ="EEMSIIB_GPSCSP_XWALKLOOKUP" env="uat" override="additionalInstances">20</com.gpscsp.crosswalklookup.GPSCSP_CrossWalkLookup_MF>
<com.gpscsp.crosswalklookup.GPSCSP_CrossWalkLookup_MF intServ="EEMSIIB_GPSCSP_XWALKLOOKUP" env="uat" override="SourceProfileMap">GPSCSP_CustomerProfile_Map</com.gpscsp.crosswalklookup.GPSCSP_CrossWalkLookup_MF>
<com.gpscsp.crosswalklookup.GPSCSP_CrossWalkLookup_MF intServ="EEMSIIB_GPSCSP_XWALKLOOKUP" env="uat" override="CSPELIGSchema">CSPELIG</com.gpscsp.crosswalklookup.GPSCSP_CrossWalkLookup_MF>
<com.gpscsp.crosswalklookup.GPSCSP_CrossWalkLookup_MF intServ="EEMSIIB_GPSCSP_XWALKLOOKUP" env="uat" override="CSPINBOUNDSchema">CSPINBOUND</com.gpscsp.crosswalklookup.GPSCSP_CrossWalkLookup_MF>
<com.gpscsp.crosswalklookup.GPSCSP_CrossWalkLookup_MF intServ="EEMSIIB_GPSCSP_XWALKLOOKUP" env="uat" override="REFERRED_DATE">2017-01-01</com.gpscsp.crosswalklookup.GPSCSP_CrossWalkLookup_MF>
<com.gpscsp.crosswalklookup.GPSCSP_CrossWalkLookup_MF intServ="EEMSIIB_GPSCSP_XWALKLOOKUP" env="uat" override="RETRO_DATE">2012-09-01</com.gpscsp.crosswalklookup.GPSCSP_CrossWalkLookup_MF>
<com.gpscsp.crosswalklookup.GPSCSP_CrossWalkLookup_MF intServ="EEMSIIB_GPSCSP_XWALKLOOKUP" env="uat" override="FUTURE_DATE">2017-01-01</com.gpscsp.crosswalklookup.GPSCSP_CrossWalkLookup_MF>
<com.gpscsp.crosswalklookup.GPSCSP_CrossWalkLookup_MF intServ="EEMSIIB_GPSCSP_XWALKLOOKUP" env="uat" override="SUBGROUP_EVENT_CODE">SBGP</com.gpscsp.crosswalklookup.GPSCSP_CrossWalkLookup_MF>
<com.gpscsp.crosswalklookup.GPSCSP_CrossWalkLookup_MF intServ="EEMSIIB_GPSCSP_XWALKLOOKUP" env="uat" override="CLASSID_EVENT_CODE">CLSS</com.gpscsp.crosswalklookup.GPSCSP_CrossWalkLookup_MF>
<com.gpscsp.crosswalklookup.GPSCSP_CrossWalkLookup_MF intServ="EEMSIIB_GPSCSP_XWALKLOOKUP" env="uat" override="CLASSPLANID_EVENT_CODE">CLSPLN</com.gpscsp.crosswalklookup.GPSCSP_CrossWalkLookup_MF>
<com.gpscsp.crosswalklookup.GPSCSP_CrossWalkLookup_MF intServ="EEMSIIB_GPSCSP_XWALKLOOKUP" env="uat" override="EFFECTIVEDATE_EVENT_CODE">EFFDT</com.gpscsp.crosswalklookup.GPSCSP_CrossWalkLookup_MF>
<com.gpscsp.crosswalklookup.GPSCSP_CrossWalkLookup_MF intServ="EEMSIIB_GPSCSP_XWALKLOOKUP" env="uat" override="BrkConfigKey">BRK_CONFIG</com.gpscsp.crosswalklookup.GPSCSP_CrossWalkLookup_MF>
<com.gpscsp.crosswalklookup.GPSCSP_CrossWalkLookup_MF intServ="EEMSIIB_GPSCSP_XWALKLOOKUP" env="uat" override="SchemaName">ELECELIG</com.gpscsp.crosswalklookup.GPSCSP_CrossWalkLookup_MF>
<com.gpscsp.crosswalklookup.GPSCSP_CrossWalkLookup_MF intServ="EEMSIIB_GPSCSP_XWALKLOOKUP" env="uat" override="GlobalCacheMap">GPSCSP_Common_Map</com.gpscsp.crosswalklookup.GPSCSP_CrossWalkLookup_MF>
<com.gpscsp.crosswalklookup.GPSCSP_CrossWalkLookup_MF intServ="EEMSIIB_GPSCSP_XWALKLOOKUP" env="uat" override="DSN">E3CSP_DB</com.gpscsp.crosswalklookup.GPSCSP_CrossWalkLookup_MF>
<com.gpscsp.crosswalklookup.GPSCSP_CrossWalkLookup_MF intServ="EEMSIIB_GPSCSP_XWALKLOOKUP" env="uat" override="BECode">700</com.gpscsp.crosswalklookup.GPSCSP_CrossWalkLookup_MF>
<com.gpscsp.crosswalklookup.GPSCSP_CrossWalkLookup_MF intServ="EEMSIIB_GPSCSP_XWALKLOOKUP" env="uat" override="queueName">EEMSIIB.GPSCSP_COMMON_AUDITMESSAGE_DATA</com.gpscsp.crosswalklookup.GPSCSP_CrossWalkLookup_MF>
<com.gpscsp.crosswalklookup.GPSCSP_CrossWalkLookup_MF intServ="EEMSIIB_GPSCSP_XWALKLOOKUP" env="uat" override="ProjNumber">2</com.gpscsp.crosswalklookup.GPSCSP_CrossWalkLookup_MF>
<com.gpscsp.crosswalklookup.GPSCSP_CrossWalkLookup_MF intServ="EEMSIIB_GPSCSP_XWALKLOOKUP" env="uat" override="EEMSIIB.GPSCSP_IIB_XWALK_LOOKUP_IN.queueName">EEMSIIB.GPSCSP_MAP_BRC_XWALK_REQ</com.gpscsp.crosswalklookup.GPSCSP_CrossWalkLookup_MF>
<com.gpscsp.crosswalklookup.GPSCSP_CrossWalkLookup_MF intServ="EEMSIIB_GPSCSP_XWALKLOOKUP" env="uat" override="EEMSIIB_GPSCSP_XWALK_Lookup.dataSource">E3CSP_DB</com.gpscsp.crosswalklookup.GPSCSP_CrossWalkLookup_MF>
<com.gpscsp.crosswalklookup.GPSCSP_CrossWalkLookup_MF intServ="EEMSIIB_GPSCSP_XWALKLOOKUP" env="uat" override="EEMSIIB.GPSCSP_SOURCE_CSP_IN.queueName">EEMSIIB.GPSCSP_SOURCE_CSP_IN</com.gpscsp.crosswalklookup.GPSCSP_CrossWalkLookup_MF>
<com.gpscsp.crosswalklookup.GPSCSP_CrossWalkLookup_MF intServ="EEMSIIB_GPSCSP_XWALKLOOKUP" env="uat" override="EEMSIIB.GPSCSP_ERRORMESSAGE_DATA.queueName">EEMSIIB.GPSCSP_ERRORMESSAGE_DATA</com.gpscsp.crosswalklookup.GPSCSP_CrossWalkLookup_MF>

<!--UAT Bravo-->

<com.gpscsp.crosswalklookup.GPSCSP_CrossWalkLookup_MF intServ="EEMSIIB_GPSCSP_XWALKLOOKUP" env="uat-bravo" override="additionalInstances">20</com.gpscsp.crosswalklookup.GPSCSP_CrossWalkLookup_MF>
<com.gpscsp.crosswalklookup.GPSCSP_CrossWalkLookup_MF intServ="EEMSIIB_GPSCSP_XWALKLOOKUP" env="uat-bravo" override="SourceProfileMap">GPSCSP_CustomerProfile_Map</com.gpscsp.crosswalklookup.GPSCSP_CrossWalkLookup_MF>
<com.gpscsp.crosswalklookup.GPSCSP_CrossWalkLookup_MF intServ="EEMSIIB_GPSCSP_XWALKLOOKUP" env="uat-bravo" override="CSPELIGSchema">CSPELIG</com.gpscsp.crosswalklookup.GPSCSP_CrossWalkLookup_MF>
<com.gpscsp.crosswalklookup.GPSCSP_CrossWalkLookup_MF intServ="EEMSIIB_GPSCSP_XWALKLOOKUP" env="uat-bravo" override="CSPINBOUNDSchema">CSPINBOUND</com.gpscsp.crosswalklookup.GPSCSP_CrossWalkLookup_MF>
<com.gpscsp.crosswalklookup.GPSCSP_CrossWalkLookup_MF intServ="EEMSIIB_GPSCSP_XWALKLOOKUP" env="uat-bravo" override="REFERRED_DATE">2017-01-01</com.gpscsp.crosswalklookup.GPSCSP_CrossWalkLookup_MF>
<com.gpscsp.crosswalklookup.GPSCSP_CrossWalkLookup_MF intServ="EEMSIIB_GPSCSP_XWALKLOOKUP" env="uat-bravo" override="RETRO_DATE">2012-09-01</com.gpscsp.crosswalklookup.GPSCSP_CrossWalkLookup_MF>
<com.gpscsp.crosswalklookup.GPSCSP_CrossWalkLookup_MF intServ="EEMSIIB_GPSCSP_XWALKLOOKUP" env="uat-bravo" override="FUTURE_DATE">2017-01-01</com.gpscsp.crosswalklookup.GPSCSP_CrossWalkLookup_MF>
<com.gpscsp.crosswalklookup.GPSCSP_CrossWalkLookup_MF intServ="EEMSIIB_GPSCSP_XWALKLOOKUP" env="uat-bravo" override="SUBGROUP_EVENT_CODE">SBGP</com.gpscsp.crosswalklookup.GPSCSP_CrossWalkLookup_MF>
<com.gpscsp.crosswalklookup.GPSCSP_CrossWalkLookup_MF intServ="EEMSIIB_GPSCSP_XWALKLOOKUP" env="uat-bravo" override="CLASSID_EVENT_CODE">CLSS</com.gpscsp.crosswalklookup.GPSCSP_CrossWalkLookup_MF>
<com.gpscsp.crosswalklookup.GPSCSP_CrossWalkLookup_MF intServ="EEMSIIB_GPSCSP_XWALKLOOKUP" env="uat-bravo" override="CLASSPLANID_EVENT_CODE">CLSPLN</com.gpscsp.crosswalklookup.GPSCSP_CrossWalkLookup_MF>
<com.gpscsp.crosswalklookup.GPSCSP_CrossWalkLookup_MF intServ="EEMSIIB_GPSCSP_XWALKLOOKUP" env="uat-bravo" override="EFFECTIVEDATE_EVENT_CODE">EFFDT</com.gpscsp.crosswalklookup.GPSCSP_CrossWalkLookup_MF>
<com.gpscsp.crosswalklookup.GPSCSP_CrossWalkLookup_MF intServ="EEMSIIB_GPSCSP_XWALKLOOKUP" env="uat-bravo" override="BrkConfigKey">BRK_CONFIG</com.gpscsp.crosswalklookup.GPSCSP_CrossWalkLookup_MF>
<com.gpscsp.crosswalklookup.GPSCSP_CrossWalkLookup_MF intServ="EEMSIIB_GPSCSP_XWALKLOOKUP" env="uat-bravo" override="SchemaName">ELECELIG</com.gpscsp.crosswalklookup.GPSCSP_CrossWalkLookup_MF>
<com.gpscsp.crosswalklookup.GPSCSP_CrossWalkLookup_MF intServ="EEMSIIB_GPSCSP_XWALKLOOKUP" env="uat-bravo" override="GlobalCacheMap">GPSCSP_Common_Map</com.gpscsp.crosswalklookup.GPSCSP_CrossWalkLookup_MF>
<com.gpscsp.crosswalklookup.GPSCSP_CrossWalkLookup_MF intServ="EEMSIIB_GPSCSP_XWALKLOOKUP" env="uat-bravo" override="DSN">E3CSP_DB</com.gpscsp.crosswalklookup.GPSCSP_CrossWalkLookup_MF>
<com.gpscsp.crosswalklookup.GPSCSP_CrossWalkLookup_MF intServ="EEMSIIB_GPSCSP_XWALKLOOKUP" env="uat-bravo" override="BECode">700</com.gpscsp.crosswalklookup.GPSCSP_CrossWalkLookup_MF>
<com.gpscsp.crosswalklookup.GPSCSP_CrossWalkLookup_MF intServ="EEMSIIB_GPSCSP_XWALKLOOKUP" env="uat-bravo" override="queueName">EEMSIIB.GPSCSP_COMMON_AUDITMESSAGE_DATA</com.gpscsp.crosswalklookup.GPSCSP_CrossWalkLookup_MF>
<com.gpscsp.crosswalklookup.GPSCSP_CrossWalkLookup_MF intServ="EEMSIIB_GPSCSP_XWALKLOOKUP" env="uat-bravo" override="ProjNumber">2</com.gpscsp.crosswalklookup.GPSCSP_CrossWalkLookup_MF>
<com.gpscsp.crosswalklookup.GPSCSP_CrossWalkLookup_MF intServ="EEMSIIB_GPSCSP_XWALKLOOKUP" env="uat-bravo" override="EEMSIIB.GPSCSP_IIB_XWALK_LOOKUP_IN.queueName">EEMSIIB.GPSCSP_MAP_BRC_XWALK_REQ</com.gpscsp.crosswalklookup.GPSCSP_CrossWalkLookup_MF>
<com.gpscsp.crosswalklookup.GPSCSP_CrossWalkLookup_MF intServ="EEMSIIB_GPSCSP_XWALKLOOKUP" env="uat-bravo" override="EEMSIIB_GPSCSP_XWALK_Lookup.dataSource">E3CSP_DB</com.gpscsp.crosswalklookup.GPSCSP_CrossWalkLookup_MF>
<com.gpscsp.crosswalklookup.GPSCSP_CrossWalkLookup_MF intServ="EEMSIIB_GPSCSP_XWALKLOOKUP" env="uat-bravo" override="EEMSIIB.GPSCSP_SOURCE_CSP_IN.queueName">EEMSIIB.GPSCSP_SOURCE_CSP_IN</com.gpscsp.crosswalklookup.GPSCSP_CrossWalkLookup_MF>
<com.gpscsp.crosswalklookup.GPSCSP_CrossWalkLookup_MF intServ="EEMSIIB_GPSCSP_XWALKLOOKUP" env="uat-bravo" override="EEMSIIB.GPSCSP_ERRORMESSAGE_DATA.queueName">EEMSIIB.GPSCSP_ERRORMESSAGE_DATA</com.gpscsp.crosswalklookup.GPSCSP_CrossWalkLookup_MF>


<!--UAT Charlie-->

<com.gpscsp.crosswalklookup.GPSCSP_CrossWalkLookup_MF intServ="EEMSIIB_GPSCSP_XWALKLOOKUP" env="uat-charlie" override="additionalInstances">20</com.gpscsp.crosswalklookup.GPSCSP_CrossWalkLookup_MF>
<com.gpscsp.crosswalklookup.GPSCSP_CrossWalkLookup_MF intServ="EEMSIIB_GPSCSP_XWALKLOOKUP" env="uat-charlie" override="SourceProfileMap">GPSCSP_CustomerProfile_Map</com.gpscsp.crosswalklookup.GPSCSP_CrossWalkLookup_MF>
<com.gpscsp.crosswalklookup.GPSCSP_CrossWalkLookup_MF intServ="EEMSIIB_GPSCSP_XWALKLOOKUP" env="uat-charlie" override="CSPELIGSchema">CSPELIG</com.gpscsp.crosswalklookup.GPSCSP_CrossWalkLookup_MF>
<com.gpscsp.crosswalklookup.GPSCSP_CrossWalkLookup_MF intServ="EEMSIIB_GPSCSP_XWALKLOOKUP" env="uat-charlie" override="CSPINBOUNDSchema">CSPINBOUND</com.gpscsp.crosswalklookup.GPSCSP_CrossWalkLookup_MF>
<com.gpscsp.crosswalklookup.GPSCSP_CrossWalkLookup_MF intServ="EEMSIIB_GPSCSP_XWALKLOOKUP" env="uat-charlie" override="REFERRED_DATE">2017-01-01</com.gpscsp.crosswalklookup.GPSCSP_CrossWalkLookup_MF>
<com.gpscsp.crosswalklookup.GPSCSP_CrossWalkLookup_MF intServ="EEMSIIB_GPSCSP_XWALKLOOKUP" env="uat-charlie" override="RETRO_DATE">2012-09-01</com.gpscsp.crosswalklookup.GPSCSP_CrossWalkLookup_MF>
<com.gpscsp.crosswalklookup.GPSCSP_CrossWalkLookup_MF intServ="EEMSIIB_GPSCSP_XWALKLOOKUP" env="uat-charlie" override="FUTURE_DATE">2017-01-01</com.gpscsp.crosswalklookup.GPSCSP_CrossWalkLookup_MF>
<com.gpscsp.crosswalklookup.GPSCSP_CrossWalkLookup_MF intServ="EEMSIIB_GPSCSP_XWALKLOOKUP" env="uat-charlie" override="SUBGROUP_EVENT_CODE">SBGP</com.gpscsp.crosswalklookup.GPSCSP_CrossWalkLookup_MF>
<com.gpscsp.crosswalklookup.GPSCSP_CrossWalkLookup_MF intServ="EEMSIIB_GPSCSP_XWALKLOOKUP" env="uat-charlie" override="CLASSID_EVENT_CODE">CLSS</com.gpscsp.crosswalklookup.GPSCSP_CrossWalkLookup_MF>
<com.gpscsp.crosswalklookup.GPSCSP_CrossWalkLookup_MF intServ="EEMSIIB_GPSCSP_XWALKLOOKUP" env="uat-charlie" override="CLASSPLANID_EVENT_CODE">CLSPLN</com.gpscsp.crosswalklookup.GPSCSP_CrossWalkLookup_MF>
<com.gpscsp.crosswalklookup.GPSCSP_CrossWalkLookup_MF intServ="EEMSIIB_GPSCSP_XWALKLOOKUP" env="uat-charlie" override="EFFECTIVEDATE_EVENT_CODE">EFFDT</com.gpscsp.crosswalklookup.GPSCSP_CrossWalkLookup_MF>
<com.gpscsp.crosswalklookup.GPSCSP_CrossWalkLookup_MF intServ="EEMSIIB_GPSCSP_XWALKLOOKUP" env="uat-charlie" override="BrkConfigKey">BRK_CONFIG</com.gpscsp.crosswalklookup.GPSCSP_CrossWalkLookup_MF>
<com.gpscsp.crosswalklookup.GPSCSP_CrossWalkLookup_MF intServ="EEMSIIB_GPSCSP_XWALKLOOKUP" env="uat-charlie" override="SchemaName">ELECELIG</com.gpscsp.crosswalklookup.GPSCSP_CrossWalkLookup_MF>
<com.gpscsp.crosswalklookup.GPSCSP_CrossWalkLookup_MF intServ="EEMSIIB_GPSCSP_XWALKLOOKUP" env="uat-charlie" override="GlobalCacheMap">GPSCSP_Common_Map</com.gpscsp.crosswalklookup.GPSCSP_CrossWalkLookup_MF>
<com.gpscsp.crosswalklookup.GPSCSP_CrossWalkLookup_MF intServ="EEMSIIB_GPSCSP_XWALKLOOKUP" env="uat-charlie" override="DSN">E3CSP_DB</com.gpscsp.crosswalklookup.GPSCSP_CrossWalkLookup_MF>
<com.gpscsp.crosswalklookup.GPSCSP_CrossWalkLookup_MF intServ="EEMSIIB_GPSCSP_XWALKLOOKUP" env="uat-charlie" override="BECode">700</com.gpscsp.crosswalklookup.GPSCSP_CrossWalkLookup_MF>
<com.gpscsp.crosswalklookup.GPSCSP_CrossWalkLookup_MF intServ="EEMSIIB_GPSCSP_XWALKLOOKUP" env="uat-charlie" override="queueName">EEMSIIB.GPSCSP_COMMON_AUDITMESSAGE_DATA</com.gpscsp.crosswalklookup.GPSCSP_CrossWalkLookup_MF>
<com.gpscsp.crosswalklookup.GPSCSP_CrossWalkLookup_MF intServ="EEMSIIB_GPSCSP_XWALKLOOKUP" env="uat-charlie" override="ProjNumber">2</com.gpscsp.crosswalklookup.GPSCSP_CrossWalkLookup_MF>
<com.gpscsp.crosswalklookup.GPSCSP_CrossWalkLookup_MF intServ="EEMSIIB_GPSCSP_XWALKLOOKUP" env="uat-charlie" override="EEMSIIB.GPSCSP_IIB_XWALK_LOOKUP_IN.queueName">EEMSIIB.GPSCSP_MAP_BRC_XWALK_REQ</com.gpscsp.crosswalklookup.GPSCSP_CrossWalkLookup_MF>
<com.gpscsp.crosswalklookup.GPSCSP_CrossWalkLookup_MF intServ="EEMSIIB_GPSCSP_XWALKLOOKUP" env="uat-charlie" override="EEMSIIB_GPSCSP_XWALK_Lookup.dataSource">E3CSP_DB</com.gpscsp.crosswalklookup.GPSCSP_CrossWalkLookup_MF>
<com.gpscsp.crosswalklookup.GPSCSP_CrossWalkLookup_MF intServ="EEMSIIB_GPSCSP_XWALKLOOKUP" env="uat-charlie" override="EEMSIIB.GPSCSP_SOURCE_CSP_IN.queueName">EEMSIIB.GPSCSP_SOURCE_CSP_IN</com.gpscsp.crosswalklookup.GPSCSP_CrossWalkLookup_MF>
<com.gpscsp.crosswalklookup.GPSCSP_CrossWalkLookup_MF intServ="EEMSIIB_GPSCSP_XWALKLOOKUP" env="uat-charlie" override="EEMSIIB.GPSCSP_ERRORMESSAGE_DATA.queueName">EEMSIIB.GPSCSP_ERRORMESSAGE_DATA</com.gpscsp.crosswalklookup.GPSCSP_CrossWalkLookup_MF>


<!--STAGE-->
<com.gpscsp.crosswalklookup.GPSCSP_CrossWalkLookup_MF intServ="EEMSIIB_GPSCSP_XWALKLOOKUP" env="stage" override="additionalInstances">20</com.gpscsp.crosswalklookup.GPSCSP_CrossWalkLookup_MF>
<com.gpscsp.crosswalklookup.GPSCSP_CrossWalkLookup_MF intServ="EEMSIIB_GPSCSP_XWALKLOOKUP" env="stage" override="SourceProfileMap">GPSCSP_CustomerProfile_Map</com.gpscsp.crosswalklookup.GPSCSP_CrossWalkLookup_MF>
<com.gpscsp.crosswalklookup.GPSCSP_CrossWalkLookup_MF intServ="EEMSIIB_GPSCSP_XWALKLOOKUP" env="stage" override="CSPELIGSchema">CSPELIG</com.gpscsp.crosswalklookup.GPSCSP_CrossWalkLookup_MF>
<com.gpscsp.crosswalklookup.GPSCSP_CrossWalkLookup_MF intServ="EEMSIIB_GPSCSP_XWALKLOOKUP" env="stage" override="CSPINBOUNDSchema">CSPINBOUND</com.gpscsp.crosswalklookup.GPSCSP_CrossWalkLookup_MF>
<com.gpscsp.crosswalklookup.GPSCSP_CrossWalkLookup_MF intServ="EEMSIIB_GPSCSP_XWALKLOOKUP" env="stage" override="REFERRED_DATE">2017-01-01</com.gpscsp.crosswalklookup.GPSCSP_CrossWalkLookup_MF>
<com.gpscsp.crosswalklookup.GPSCSP_CrossWalkLookup_MF intServ="EEMSIIB_GPSCSP_XWALKLOOKUP" env="stage" override="RETRO_DATE">2012-09-01</com.gpscsp.crosswalklookup.GPSCSP_CrossWalkLookup_MF>
<com.gpscsp.crosswalklookup.GPSCSP_CrossWalkLookup_MF intServ="EEMSIIB_GPSCSP_XWALKLOOKUP" env="stage" override="FUTURE_DATE">2017-01-01</com.gpscsp.crosswalklookup.GPSCSP_CrossWalkLookup_MF>
<com.gpscsp.crosswalklookup.GPSCSP_CrossWalkLookup_MF intServ="EEMSIIB_GPSCSP_XWALKLOOKUP" env="stage" override="SUBGROUP_EVENT_CODE">SBGP</com.gpscsp.crosswalklookup.GPSCSP_CrossWalkLookup_MF>
<com.gpscsp.crosswalklookup.GPSCSP_CrossWalkLookup_MF intServ="EEMSIIB_GPSCSP_XWALKLOOKUP" env="stage" override="CLASSID_EVENT_CODE">CLSS</com.gpscsp.crosswalklookup.GPSCSP_CrossWalkLookup_MF>
<com.gpscsp.crosswalklookup.GPSCSP_CrossWalkLookup_MF intServ="EEMSIIB_GPSCSP_XWALKLOOKUP" env="stage" override="CLASSPLANID_EVENT_CODE">CLSPLN</com.gpscsp.crosswalklookup.GPSCSP_CrossWalkLookup_MF>
<com.gpscsp.crosswalklookup.GPSCSP_CrossWalkLookup_MF intServ="EEMSIIB_GPSCSP_XWALKLOOKUP" env="stage" override="EFFECTIVEDATE_EVENT_CODE">EFFDT</com.gpscsp.crosswalklookup.GPSCSP_CrossWalkLookup_MF>
<com.gpscsp.crosswalklookup.GPSCSP_CrossWalkLookup_MF intServ="EEMSIIB_GPSCSP_XWALKLOOKUP" env="stage" override="BrkConfigKey">BRK_CONFIG</com.gpscsp.crosswalklookup.GPSCSP_CrossWalkLookup_MF>
<com.gpscsp.crosswalklookup.GPSCSP_CrossWalkLookup_MF intServ="EEMSIIB_GPSCSP_XWALKLOOKUP" env="stage" override="SchemaName">ELECELIG</com.gpscsp.crosswalklookup.GPSCSP_CrossWalkLookup_MF>
<com.gpscsp.crosswalklookup.GPSCSP_CrossWalkLookup_MF intServ="EEMSIIB_GPSCSP_XWALKLOOKUP" env="stage" override="GlobalCacheMap">GPSCSP_Common_Map</com.gpscsp.crosswalklookup.GPSCSP_CrossWalkLookup_MF>
<com.gpscsp.crosswalklookup.GPSCSP_CrossWalkLookup_MF intServ="EEMSIIB_GPSCSP_XWALKLOOKUP" env="stage" override="DSN">E3CSP_DB</com.gpscsp.crosswalklookup.GPSCSP_CrossWalkLookup_MF>
<com.gpscsp.crosswalklookup.GPSCSP_CrossWalkLookup_MF intServ="EEMSIIB_GPSCSP_XWALKLOOKUP" env="stage" override="BECode">700</com.gpscsp.crosswalklookup.GPSCSP_CrossWalkLookup_MF>
<com.gpscsp.crosswalklookup.GPSCSP_CrossWalkLookup_MF intServ="EEMSIIB_GPSCSP_XWALKLOOKUP" env="stage" override="queueName">EEMSIIB.GPSCSP_COMMON_AUDITMESSAGE_DATA</com.gpscsp.crosswalklookup.GPSCSP_CrossWalkLookup_MF>
<com.gpscsp.crosswalklookup.GPSCSP_CrossWalkLookup_MF intServ="EEMSIIB_GPSCSP_XWALKLOOKUP" env="stage" override="ProjNumber">2</com.gpscsp.crosswalklookup.GPSCSP_CrossWalkLookup_MF>
<com.gpscsp.crosswalklookup.GPSCSP_CrossWalkLookup_MF intServ="EEMSIIB_GPSCSP_XWALKLOOKUP" env="stage" override="EEMSIIB.GPSCSP_IIB_XWALK_LOOKUP_IN.queueName">EEMSIIB.GPSCSP_MAP_BRC_XWALK_REQ</com.gpscsp.crosswalklookup.GPSCSP_CrossWalkLookup_MF>
<com.gpscsp.crosswalklookup.GPSCSP_CrossWalkLookup_MF intServ="EEMSIIB_GPSCSP_XWALKLOOKUP" env="stage" override="EEMSIIB_GPSCSP_XWALK_Lookup.dataSource">E3CSP_DB</com.gpscsp.crosswalklookup.GPSCSP_CrossWalkLookup_MF>
<com.gpscsp.crosswalklookup.GPSCSP_CrossWalkLookup_MF intServ="EEMSIIB_GPSCSP_XWALKLOOKUP" env="stage" override="EEMSIIB.GPSCSP_SOURCE_CSP_IN.queueName">EEMSIIB.GPSCSP_SOURCE_CSP_IN</com.gpscsp.crosswalklookup.GPSCSP_CrossWalkLookup_MF>
<com.gpscsp.crosswalklookup.GPSCSP_CrossWalkLookup_MF intServ="EEMSIIB_GPSCSP_XWALKLOOKUP" env="stage" override="EEMSIIB.GPSCSP_ERRORMESSAGE_DATA.queueName">EEMSIIB.GPSCSP_ERRORMESSAGE_DATA</com.gpscsp.crosswalklookup.GPSCSP_CrossWalkLookup_MF>

<!--ADOPT-->
<com.gpscsp.crosswalklookup.GPSCSP_CrossWalkLookup_MF intServ="EEMSIIB_GPSCSP_XWALKLOOKUP" env="adopt" override="additionalInstances">20</com.gpscsp.crosswalklookup.GPSCSP_CrossWalkLookup_MF>
<com.gpscsp.crosswalklookup.GPSCSP_CrossWalkLookup_MF intServ="EEMSIIB_GPSCSP_XWALKLOOKUP" env="adopt" override="SourceProfileMap">GPSCSP_CustomerProfile_Map</com.gpscsp.crosswalklookup.GPSCSP_CrossWalkLookup_MF>
<com.gpscsp.crosswalklookup.GPSCSP_CrossWalkLookup_MF intServ="EEMSIIB_GPSCSP_XWALKLOOKUP" env="adopt" override="CSPELIGSchema">CSPELIG</com.gpscsp.crosswalklookup.GPSCSP_CrossWalkLookup_MF>
<com.gpscsp.crosswalklookup.GPSCSP_CrossWalkLookup_MF intServ="EEMSIIB_GPSCSP_XWALKLOOKUP" env="adopt" override="CSPINBOUNDSchema">CSPINBOUND</com.gpscsp.crosswalklookup.GPSCSP_CrossWalkLookup_MF>
<com.gpscsp.crosswalklookup.GPSCSP_CrossWalkLookup_MF intServ="EEMSIIB_GPSCSP_XWALKLOOKUP" env="adopt" override="REFERRED_DATE">2017-01-01</com.gpscsp.crosswalklookup.GPSCSP_CrossWalkLookup_MF>
<com.gpscsp.crosswalklookup.GPSCSP_CrossWalkLookup_MF intServ="EEMSIIB_GPSCSP_XWALKLOOKUP" env="adopt" override="RETRO_DATE">2012-09-01</com.gpscsp.crosswalklookup.GPSCSP_CrossWalkLookup_MF>
<com.gpscsp.crosswalklookup.GPSCSP_CrossWalkLookup_MF intServ="EEMSIIB_GPSCSP_XWALKLOOKUP" env="adopt" override="FUTURE_DATE">2017-01-01</com.gpscsp.crosswalklookup.GPSCSP_CrossWalkLookup_MF>
<com.gpscsp.crosswalklookup.GPSCSP_CrossWalkLookup_MF intServ="EEMSIIB_GPSCSP_XWALKLOOKUP" env="adopt" override="SUBGROUP_EVENT_CODE">SBGP</com.gpscsp.crosswalklookup.GPSCSP_CrossWalkLookup_MF>
<com.gpscsp.crosswalklookup.GPSCSP_CrossWalkLookup_MF intServ="EEMSIIB_GPSCSP_XWALKLOOKUP" env="adopt" override="CLASSID_EVENT_CODE">CLSS</com.gpscsp.crosswalklookup.GPSCSP_CrossWalkLookup_MF>
<com.gpscsp.crosswalklookup.GPSCSP_CrossWalkLookup_MF intServ="EEMSIIB_GPSCSP_XWALKLOOKUP" env="adopt" override="CLASSPLANID_EVENT_CODE">CLSPLN</com.gpscsp.crosswalklookup.GPSCSP_CrossWalkLookup_MF>
<com.gpscsp.crosswalklookup.GPSCSP_CrossWalkLookup_MF intServ="EEMSIIB_GPSCSP_XWALKLOOKUP" env="adopt" override="EFFECTIVEDATE_EVENT_CODE">EFFDT</com.gpscsp.crosswalklookup.GPSCSP_CrossWalkLookup_MF>
<com.gpscsp.crosswalklookup.GPSCSP_CrossWalkLookup_MF intServ="EEMSIIB_GPSCSP_XWALKLOOKUP" env="adopt" override="BrkConfigKey">BRK_CONFIG</com.gpscsp.crosswalklookup.GPSCSP_CrossWalkLookup_MF>
<com.gpscsp.crosswalklookup.GPSCSP_CrossWalkLookup_MF intServ="EEMSIIB_GPSCSP_XWALKLOOKUP" env="adopt" override="SchemaName">ELECELIG</com.gpscsp.crosswalklookup.GPSCSP_CrossWalkLookup_MF>
<com.gpscsp.crosswalklookup.GPSCSP_CrossWalkLookup_MF intServ="EEMSIIB_GPSCSP_XWALKLOOKUP" env="adopt" override="GlobalCacheMap">GPSCSP_Common_Map</com.gpscsp.crosswalklookup.GPSCSP_CrossWalkLookup_MF>
<com.gpscsp.crosswalklookup.GPSCSP_CrossWalkLookup_MF intServ="EEMSIIB_GPSCSP_XWALKLOOKUP" env="adopt" override="DSN">E3CSP_DB</com.gpscsp.crosswalklookup.GPSCSP_CrossWalkLookup_MF>
<com.gpscsp.crosswalklookup.GPSCSP_CrossWalkLookup_MF intServ="EEMSIIB_GPSCSP_XWALKLOOKUP" env="adopt" override="BECode">700</com.gpscsp.crosswalklookup.GPSCSP_CrossWalkLookup_MF>
<com.gpscsp.crosswalklookup.GPSCSP_CrossWalkLookup_MF intServ="EEMSIIB_GPSCSP_XWALKLOOKUP" env="adopt" override="queueName">EEMSIIB.ADP.GPSCSP_COMMON_AUDITMESSAGE_DATA</com.gpscsp.crosswalklookup.GPSCSP_CrossWalkLookup_MF>
<com.gpscsp.crosswalklookup.GPSCSP_CrossWalkLookup_MF intServ="EEMSIIB_GPSCSP_XWALKLOOKUP" env="adopt" override="ProjNumber">2</com.gpscsp.crosswalklookup.GPSCSP_CrossWalkLookup_MF>
<com.gpscsp.crosswalklookup.GPSCSP_CrossWalkLookup_MF intServ="EEMSIIB_GPSCSP_XWALKLOOKUP" env="adopt" override="EEMSIIB.GPSCSP_IIB_XWALK_LOOKUP_IN.queueName">EEMSIIB.ADP.GPSCSP_MAP_BRC_XWALK_REQ</com.gpscsp.crosswalklookup.GPSCSP_CrossWalkLookup_MF>
<com.gpscsp.crosswalklookup.GPSCSP_CrossWalkLookup_MF intServ="EEMSIIB_GPSCSP_XWALKLOOKUP" env="adopt" override="EEMSIIB_GPSCSP_XWALK_Lookup.dataSource">E3CSP_DB</com.gpscsp.crosswalklookup.GPSCSP_CrossWalkLookup_MF>
<com.gpscsp.crosswalklookup.GPSCSP_CrossWalkLookup_MF intServ="EEMSIIB_GPSCSP_XWALKLOOKUP" env="adopt" override="EEMSIIB.GPSCSP_SOURCE_CSP_IN.queueName">EEMSIIB.ADP.GPSCSP_SOURCE_CSP_IN</com.gpscsp.crosswalklookup.GPSCSP_CrossWalkLookup_MF>
<com.gpscsp.crosswalklookup.GPSCSP_CrossWalkLookup_MF intServ="EEMSIIB_GPSCSP_XWALKLOOKUP" env="adopt" override="EEMSIIB.GPSCSP_ERRORMESSAGE_DATA.queueName">EEMSIIB.ADP.GPSCSP_ERRORMESSAGE_DATA</com.gpscsp.crosswalklookup.GPSCSP_CrossWalkLookup_MF>

<!--PROD-->
<com.gpscsp.crosswalklookup.GPSCSP_CrossWalkLookup_MF intServ="EEMSIIB_GPSCSP_XWALKLOOKUP" env="prod" override="additionalInstances">20</com.gpscsp.crosswalklookup.GPSCSP_CrossWalkLookup_MF>
<com.gpscsp.crosswalklookup.GPSCSP_CrossWalkLookup_MF intServ="EEMSIIB_GPSCSP_XWALKLOOKUP" env="prod" override="SourceProfileMap">GPSCSP_CustomerProfile_Map</com.gpscsp.crosswalklookup.GPSCSP_CrossWalkLookup_MF>
<com.gpscsp.crosswalklookup.GPSCSP_CrossWalkLookup_MF intServ="EEMSIIB_GPSCSP_XWALKLOOKUP" env="prod" override="CSPELIGSchema">CSPELIG</com.gpscsp.crosswalklookup.GPSCSP_CrossWalkLookup_MF>
<com.gpscsp.crosswalklookup.GPSCSP_CrossWalkLookup_MF intServ="EEMSIIB_GPSCSP_XWALKLOOKUP" env="prod" override="CSPINBOUNDSchema">CSPINBOUND</com.gpscsp.crosswalklookup.GPSCSP_CrossWalkLookup_MF>
<com.gpscsp.crosswalklookup.GPSCSP_CrossWalkLookup_MF intServ="EEMSIIB_GPSCSP_XWALKLOOKUP" env="prod" override="REFERRED_DATE">2017-01-01</com.gpscsp.crosswalklookup.GPSCSP_CrossWalkLookup_MF>
<com.gpscsp.crosswalklookup.GPSCSP_CrossWalkLookup_MF intServ="EEMSIIB_GPSCSP_XWALKLOOKUP" env="prod" override="RETRO_DATE">2012-09-01</com.gpscsp.crosswalklookup.GPSCSP_CrossWalkLookup_MF>
<com.gpscsp.crosswalklookup.GPSCSP_CrossWalkLookup_MF intServ="EEMSIIB_GPSCSP_XWALKLOOKUP" env="prod" override="FUTURE_DATE">2017-01-01</com.gpscsp.crosswalklookup.GPSCSP_CrossWalkLookup_MF>
<com.gpscsp.crosswalklookup.GPSCSP_CrossWalkLookup_MF intServ="EEMSIIB_GPSCSP_XWALKLOOKUP" env="prod" override="SUBGROUP_EVENT_CODE">SBGP</com.gpscsp.crosswalklookup.GPSCSP_CrossWalkLookup_MF>
<com.gpscsp.crosswalklookup.GPSCSP_CrossWalkLookup_MF intServ="EEMSIIB_GPSCSP_XWALKLOOKUP" env="prod" override="CLASSID_EVENT_CODE">CLSS</com.gpscsp.crosswalklookup.GPSCSP_CrossWalkLookup_MF>
<com.gpscsp.crosswalklookup.GPSCSP_CrossWalkLookup_MF intServ="EEMSIIB_GPSCSP_XWALKLOOKUP" env="prod" override="CLASSPLANID_EVENT_CODE">CLSPLN</com.gpscsp.crosswalklookup.GPSCSP_CrossWalkLookup_MF>
<com.gpscsp.crosswalklookup.GPSCSP_CrossWalkLookup_MF intServ="EEMSIIB_GPSCSP_XWALKLOOKUP" env="prod" override="EFFECTIVEDATE_EVENT_CODE">EFFDT</com.gpscsp.crosswalklookup.GPSCSP_CrossWalkLookup_MF>
<com.gpscsp.crosswalklookup.GPSCSP_CrossWalkLookup_MF intServ="EEMSIIB_GPSCSP_XWALKLOOKUP" env="prod" override="BrkConfigKey">BRK_CONFIG</com.gpscsp.crosswalklookup.GPSCSP_CrossWalkLookup_MF>
<com.gpscsp.crosswalklookup.GPSCSP_CrossWalkLookup_MF intServ="EEMSIIB_GPSCSP_XWALKLOOKUP" env="prod" override="SchemaName">ELECELIG</com.gpscsp.crosswalklookup.GPSCSP_CrossWalkLookup_MF>
<com.gpscsp.crosswalklookup.GPSCSP_CrossWalkLookup_MF intServ="EEMSIIB_GPSCSP_XWALKLOOKUP" env="prod" override="GlobalCacheMap">GPSCSP_Common_Map</com.gpscsp.crosswalklookup.GPSCSP_CrossWalkLookup_MF>
<com.gpscsp.crosswalklookup.GPSCSP_CrossWalkLookup_MF intServ="EEMSIIB_GPSCSP_XWALKLOOKUP" env="prod" override="DSN">E3CSP_DB</com.gpscsp.crosswalklookup.GPSCSP_CrossWalkLookup_MF>
<com.gpscsp.crosswalklookup.GPSCSP_CrossWalkLookup_MF intServ="EEMSIIB_GPSCSP_XWALKLOOKUP" env="prod" override="BECode">700</com.gpscsp.crosswalklookup.GPSCSP_CrossWalkLookup_MF>
<com.gpscsp.crosswalklookup.GPSCSP_CrossWalkLookup_MF intServ="EEMSIIB_GPSCSP_XWALKLOOKUP" env="prod" override="queueName">EEMSIIB.GPSCSP_COMMON_AUDITMESSAGE_DATA</com.gpscsp.crosswalklookup.GPSCSP_CrossWalkLookup_MF>
<com.gpscsp.crosswalklookup.GPSCSP_CrossWalkLookup_MF intServ="EEMSIIB_GPSCSP_XWALKLOOKUP" env="prod" override="ProjNumber">2</com.gpscsp.crosswalklookup.GPSCSP_CrossWalkLookup_MF>
<com.gpscsp.crosswalklookup.GPSCSP_CrossWalkLookup_MF intServ="EEMSIIB_GPSCSP_XWALKLOOKUP" env="prod" override="EEMSIIB.GPSCSP_IIB_XWALK_LOOKUP_IN.queueName">EEMSIIB.GPSCSP_MAP_BRC_XWALK_REQ</com.gpscsp.crosswalklookup.GPSCSP_CrossWalkLookup_MF>
<com.gpscsp.crosswalklookup.GPSCSP_CrossWalkLookup_MF intServ="EEMSIIB_GPSCSP_XWALKLOOKUP" env="prod" override="EEMSIIB_GPSCSP_XWALK_Lookup.dataSource">E3CSP_DB</com.gpscsp.crosswalklookup.GPSCSP_CrossWalkLookup_MF>
<com.gpscsp.crosswalklookup.GPSCSP_CrossWalkLookup_MF intServ="EEMSIIB_GPSCSP_XWALKLOOKUP" env="prod" override="EEMSIIB.GPSCSP_SOURCE_CSP_IN.queueName">EEMSIIB.GPSCSP_SOURCE_CSP_IN</com.gpscsp.crosswalklookup.GPSCSP_CrossWalkLookup_MF>
<com.gpscsp.crosswalklookup.GPSCSP_CrossWalkLookup_MF intServ="EEMSIIB_GPSCSP_XWALKLOOKUP" env="prod" override="EEMSIIB.GPSCSP_ERRORMESSAGE_DATA.queueName">EEMSIIB.GPSCSP_ERRORMESSAGE_DATA</com.gpscsp.crosswalklookup.GPSCSP_CrossWalkLookup_MF>

</Broker>