<?xml version="1.0" encoding="UTF-8" ?>
<Broker>
<!-- DEV -->
<com.prime.eda.PRIME_EDARequest_MF intServ="EEMSIIB_PRIME_SOURCE_WS" env="dev" override="additionalInstances">0</com.prime.eda.PRIME_EDARequest_MF>
<com.prime.eda.PRIME_EDARequest_MF intServ="EEMSIIB_PRIME_SOURCE_WS" env="dev" override="BrkConfigKey">BRK_CONFIG</com.prime.eda.PRIME_EDARequest_MF>
<com.prime.eda.PRIME_EDARequest_MF intServ="EEMSIIB_PRIME_SOURCE_WS" env="dev" override="SchemaName">ELECELIG</com.prime.eda.PRIME_EDARequest_MF>
<com.prime.eda.PRIME_EDARequest_MF intServ="EEMSIIB_PRIME_SOURCE_WS" env="dev" override="GlobalCacheMap">PRIME_Common_Map</com.prime.eda.PRIME_EDARequest_MF>
<com.prime.eda.PRIME_EDARequest_MF intServ="EEMSIIB_PRIME_SOURCE_WS" env="dev" override="RetryNoOfTimes">3</com.prime.eda.PRIME_EDARequest_MF>
<com.prime.eda.PRIME_EDARequest_MF intServ="EEMSIIB_PRIME_SOURCE_WS" env="dev" override="sleepInterval">5000</com.prime.eda.PRIME_EDARequest_MF>
<com.prime.eda.PRIME_EDARequest_MF intServ="EEMSIIB_PRIME_SOURCE_WS" env="dev" override="AuditQName">EEMSIIB.PRIME_COMMON_AUDITMESSAGE_DATA</com.prime.eda.PRIME_EDARequest_MF>
<com.prime.eda.PRIME_EDARequest_MF intServ="EEMSIIB_PRIME_SOURCE_WS" env="dev" override="BECode">800</com.prime.eda.PRIME_EDARequest_MF>
<com.prime.eda.PRIME_EDARequest_MF intServ="EEMSIIB_PRIME_SOURCE_WS" env="dev" override="ProjNumber">3</com.prime.eda.PRIME_EDARequest_MF>
<com.prime.eda.PRIME_EDARequest_MF intServ="EEMSIIB_PRIME_SOURCE_WS" env="dev" override="brkrList">BKMBT11</com.prime.eda.PRIME_EDARequest_MF>
<com.prime.eda.PRIME_EDARequest_MF intServ="EEMSIIB_PRIME_SOURCE_WS" env="dev" override="EDA Input Queue.queueName">EEMSIIB.PRIME_EDA_REQ_IN</com.prime.eda.PRIME_EDARequest_MF>
<com.prime.eda.PRIME_EDARequest_MF intServ="EEMSIIB_PRIME_SOURCE_WS" env="dev" override="EDARequest_Compute.dataSource">EEMS_DB</com.prime.eda.PRIME_EDARequest_MF>
<com.prime.eda.PRIME_EDARequest_MF intServ="EEMSIIB_PRIME_SOURCE_WS" env="dev" override="MemberInq_ProcessException.dataSource">EEMS_DB</com.prime.eda.PRIME_EDARequest_MF>
<com.prime.eda.PRIME_EDARequest_MF intServ="EEMSIIB_PRIME_SOURCE_WS" env="dev" override="EDAResponse_Compute.dataSource">EEMS_DB</com.prime.eda.PRIME_EDARequest_MF>
<com.prime.eda.PRIME_EDARequest_MF intServ="EEMSIIB_PRIME_SOURCE_WS" env="dev" override="EDADBLoad.queueName">EEMSIIB.PRIME_SOURCE_SMALL_DBLOAD_IN</com.prime.eda.PRIME_EDARequest_MF>
<com.prime.eda.PRIME_EDARequest_MF intServ="EEMSIIB_PRIME_SOURCE_WS" env="dev" override="EEMSIIB.PRIME_ERRORMESSAGE_DATA.queueName">EEMSIIB.PRIME_ERRORMESSAGE_DATA</com.prime.eda.PRIME_EDARequest_MF>
<com.prime.eda.PRIME_EDARequest_MF intServ="EEMSIIB_PRIME_SOURCE_WS" env="dev" override="EDARequestURL.URLSpecifier">https://trustbroker-stg-svcs.optum.com:8443/api/dev4/PRI/memberenrollmentservice/enrollee</com.prime.eda.PRIME_EDARequest_MF>

<!-- SIT -->
<com.prime.eda.PRIME_EDARequest_MF intServ="EEMSIIB_PRIME_SOURCE_WS" env="test" override="additionalInstances">0</com.prime.eda.PRIME_EDARequest_MF>
<com.prime.eda.PRIME_EDARequest_MF intServ="EEMSIIB_PRIME_SOURCE_WS" env="test" override="BrkConfigKey">BRK_CONFIG</com.prime.eda.PRIME_EDARequest_MF>
<com.prime.eda.PRIME_EDARequest_MF intServ="EEMSIIB_PRIME_SOURCE_WS" env="test" override="SchemaName">ELECELIG</com.prime.eda.PRIME_EDARequest_MF>
<com.prime.eda.PRIME_EDARequest_MF intServ="EEMSIIB_PRIME_SOURCE_WS" env="test" override="GlobalCacheMap">PRIME_Common_Map</com.prime.eda.PRIME_EDARequest_MF>
<com.prime.eda.PRIME_EDARequest_MF intServ="EEMSIIB_PRIME_SOURCE_WS" env="test" override="RetryNoOfTimes">3</com.prime.eda.PRIME_EDARequest_MF>
<com.prime.eda.PRIME_EDARequest_MF intServ="EEMSIIB_PRIME_SOURCE_WS" env="test" override="sleepInterval">5000</com.prime.eda.PRIME_EDARequest_MF>
<com.prime.eda.PRIME_EDARequest_MF intServ="EEMSIIB_PRIME_SOURCE_WS" env="test" override="AuditQName">EEMSIIB.PRIME_COMMON_AUDITMESSAGE_DATA</com.prime.eda.PRIME_EDARequest_MF>
<com.prime.eda.PRIME_EDARequest_MF intServ="EEMSIIB_PRIME_SOURCE_WS" env="test" override="BECode">800</com.prime.eda.PRIME_EDARequest_MF>
<com.prime.eda.PRIME_EDARequest_MF intServ="EEMSIIB_PRIME_SOURCE_WS" env="test" override="ProjNumber">3</com.prime.eda.PRIME_EDARequest_MF>
<com.prime.eda.PRIME_EDARequest_MF intServ="EEMSIIB_PRIME_SOURCE_WS" env="test" override="brkrList">BKMBS11</com.prime.eda.PRIME_EDARequest_MF>
<com.prime.eda.PRIME_EDARequest_MF intServ="EEMSIIB_PRIME_SOURCE_WS" env="test" override="EDA Input Queue.queueName">EEMSIIB.PRIME_EDA_REQ_IN</com.prime.eda.PRIME_EDARequest_MF>
<com.prime.eda.PRIME_EDARequest_MF intServ="EEMSIIB_PRIME_SOURCE_WS" env="test" override="EDARequest_Compute.dataSource">EEMS_DB</com.prime.eda.PRIME_EDARequest_MF>
<com.prime.eda.PRIME_EDARequest_MF intServ="EEMSIIB_PRIME_SOURCE_WS" env="test" override="MemberInq_ProcessException.dataSource">EEMS_DB</com.prime.eda.PRIME_EDARequest_MF>
<com.prime.eda.PRIME_EDARequest_MF intServ="EEMSIIB_PRIME_SOURCE_WS" env="test" override="EDAResponse_Compute.dataSource">EEMS_DB</com.prime.eda.PRIME_EDARequest_MF>
<com.prime.eda.PRIME_EDARequest_MF intServ="EEMSIIB_PRIME_SOURCE_WS" env="test" override="EDADBLoad.queueName">EEMSIIB.PRIME_SOURCE_SMALL_DBLOAD_IN</com.prime.eda.PRIME_EDARequest_MF>
<com.prime.eda.PRIME_EDARequest_MF intServ="EEMSIIB_PRIME_SOURCE_WS" env="test" override="EEMSIIB.PRIME_ERRORMESSAGE_DATA.queueName">EEMSIIB.PRIME_ERRORMESSAGE_DATA</com.prime.eda.PRIME_EDARequest_MF>
<com.prime.eda.PRIME_EDARequest_MF intServ="EEMSIIB_PRIME_SOURCE_WS" env="test" override="SSL_Protocol">TLSv1.2</com.prime.eda.PRIME_EDARequest_MF>
<com.prime.eda.PRIME_EDARequest_MF intServ="EEMSIIB_PRIME_SOURCE_WS" env="test" override="EDARequestURL.URLSpecifier">https://trustbroker-stg-svcs.optum.com:8443/api/dev4/PRI/memberenrollmentservice/enrollee</com.prime.eda.PRIME_EDARequest_MF>
<com.prime.eda.PRIME_EDARequest_MF intServ="EEMSIIB_PRIME_SOURCE_WS" env="test" override="EEMSIIB.PRIME_ISREADYTOPROCESS_IN.queueName">EEMSIIB.PRIME_ISREADYTOPROCESS_IN</com.prime.eda.PRIME_EDARequest_MF>

<!-- SIT-Bravo -->
<com.prime.eda.PRIME_EDARequest_MF intServ="EEMSIIB_PRIME_SOURCE_WS" env="test2" override="additionalInstances">0</com.prime.eda.PRIME_EDARequest_MF>
<com.prime.eda.PRIME_EDARequest_MF intServ="EEMSIIB_PRIME_SOURCE_WS" env="test2" override="BrkConfigKey">BRK_CONFIG</com.prime.eda.PRIME_EDARequest_MF>
<com.prime.eda.PRIME_EDARequest_MF intServ="EEMSIIB_PRIME_SOURCE_WS" env="test2" override="SchemaName">ELECELIG</com.prime.eda.PRIME_EDARequest_MF>
<com.prime.eda.PRIME_EDARequest_MF intServ="EEMSIIB_PRIME_SOURCE_WS" env="test2" override="GlobalCacheMap">PRIME_Common_Map</com.prime.eda.PRIME_EDARequest_MF>
<com.prime.eda.PRIME_EDARequest_MF intServ="EEMSIIB_PRIME_SOURCE_WS" env="test2" override="RetryNoOfTimes">3</com.prime.eda.PRIME_EDARequest_MF>
<com.prime.eda.PRIME_EDARequest_MF intServ="EEMSIIB_PRIME_SOURCE_WS" env="test2" override="sleepInterval">5000</com.prime.eda.PRIME_EDARequest_MF>
<com.prime.eda.PRIME_EDARequest_MF intServ="EEMSIIB_PRIME_SOURCE_WS" env="test2" override="AuditQName">EEMSIIB.PRIME_COMMON_AUDITMESSAGE_DATA</com.prime.eda.PRIME_EDARequest_MF>
<com.prime.eda.PRIME_EDARequest_MF intServ="EEMSIIB_PRIME_SOURCE_WS" env="test2" override="BECode">800</com.prime.eda.PRIME_EDARequest_MF>
<com.prime.eda.PRIME_EDARequest_MF intServ="EEMSIIB_PRIME_SOURCE_WS" env="test2" override="ProjNumber">3</com.prime.eda.PRIME_EDARequest_MF>
<com.prime.eda.PRIME_EDARequest_MF intServ="EEMSIIB_PRIME_SOURCE_WS" env="test2" override="brkrList">BKMBS12</com.prime.eda.PRIME_EDARequest_MF>
<com.prime.eda.PRIME_EDARequest_MF intServ="EEMSIIB_PRIME_SOURCE_WS" env="test2" override="EDA Input Queue.queueName">EEMSIIB.PRIME_EDA_REQ_IN</com.prime.eda.PRIME_EDARequest_MF>
<com.prime.eda.PRIME_EDARequest_MF intServ="EEMSIIB_PRIME_SOURCE_WS" env="test2" override="EDARequest_Compute.dataSource">EEMS_DB</com.prime.eda.PRIME_EDARequest_MF>
<com.prime.eda.PRIME_EDARequest_MF intServ="EEMSIIB_PRIME_SOURCE_WS" env="test2" override="MemberInq_ProcessException.dataSource">EEMS_DB</com.prime.eda.PRIME_EDARequest_MF>
<com.prime.eda.PRIME_EDARequest_MF intServ="EEMSIIB_PRIME_SOURCE_WS" env="test2" override="EDAResponse_Compute.dataSource">EEMS_DB</com.prime.eda.PRIME_EDARequest_MF>
<com.prime.eda.PRIME_EDARequest_MF intServ="EEMSIIB_PRIME_SOURCE_WS" env="test2" override="EDADBLoad.queueName">EEMSIIB.PRIME_SOURCE_SMALL_DBLOAD_IN</com.prime.eda.PRIME_EDARequest_MF>
<com.prime.eda.PRIME_EDARequest_MF intServ="EEMSIIB_PRIME_SOURCE_WS" env="test2" override="EEMSIIB.PRIME_ERRORMESSAGE_DATA.queueName">EEMSIIB.PRIME_ERRORMESSAGE_DATA</com.prime.eda.PRIME_EDARequest_MF>
<com.prime.eda.PRIME_EDARequest_MF intServ="EEMSIIB_PRIME_SOURCE_WS" env="test2" override="EDARequestURL.URLSpecifier">https://trustbroker-stg-svcs.optum.com:8443/api/dev4/PRI/memberenrollmentservice/enrollee</com.prime.eda.PRIME_EDARequest_MF>
<com.prime.eda.PRIME_EDARequest_MF intServ="EEMSIIB_PRIME_SOURCE_WS" env="test2" override="EEMSIIB.PRIME_ISREADYTOPROCESS_IN.queueName">EEMSIIB.PRIME_ISREADYTOPROCESS_IN</com.prime.eda.PRIME_EDARequest_MF>

<!-- SIT-Charlie-->
<com.prime.eda.PRIME_EDARequest_MF intServ="EEMSIIB_PRIME_SOURCE_WS" env="test-charlie" override="additionalInstances">0</com.prime.eda.PRIME_EDARequest_MF>
<com.prime.eda.PRIME_EDARequest_MF intServ="EEMSIIB_PRIME_SOURCE_WS" env="test-charlie" override="BrkConfigKey">BRK_CONFIG</com.prime.eda.PRIME_EDARequest_MF>
<com.prime.eda.PRIME_EDARequest_MF intServ="EEMSIIB_PRIME_SOURCE_WS" env="test-charlie" override="SchemaName">ELECELIG</com.prime.eda.PRIME_EDARequest_MF>
<com.prime.eda.PRIME_EDARequest_MF intServ="EEMSIIB_PRIME_SOURCE_WS" env="test-charlie" override="GlobalCacheMap">PRIME_Common_Map</com.prime.eda.PRIME_EDARequest_MF>
<com.prime.eda.PRIME_EDARequest_MF intServ="EEMSIIB_PRIME_SOURCE_WS" env="test-charlie" override="RetryNoOfTimes">3</com.prime.eda.PRIME_EDARequest_MF>
<com.prime.eda.PRIME_EDARequest_MF intServ="EEMSIIB_PRIME_SOURCE_WS" env="test-charlie" override="sleepInterval">5000</com.prime.eda.PRIME_EDARequest_MF>
<com.prime.eda.PRIME_EDARequest_MF intServ="EEMSIIB_PRIME_SOURCE_WS" env="test-charlie" override="AuditQName">EEMSIIB.PRIME_COMMON_AUDITMESSAGE_DATA</com.prime.eda.PRIME_EDARequest_MF>
<com.prime.eda.PRIME_EDARequest_MF intServ="EEMSIIB_PRIME_SOURCE_WS" env="test-charlie" override="BECode">800</com.prime.eda.PRIME_EDARequest_MF>
<com.prime.eda.PRIME_EDARequest_MF intServ="EEMSIIB_PRIME_SOURCE_WS" env="test-charlie" override="ProjNumber">3</com.prime.eda.PRIME_EDARequest_MF>
<com.prime.eda.PRIME_EDARequest_MF intServ="EEMSIIB_PRIME_SOURCE_WS" env="test-charlie" override="brkrList">BKMBRC11</com.prime.eda.PRIME_EDARequest_MF>
<com.prime.eda.PRIME_EDARequest_MF intServ="EEMSIIB_PRIME_SOURCE_WS" env="test-charlie" override="EDA Input Queue.queueName">EEMSIIB.PRIME_EDA_REQ_IN</com.prime.eda.PRIME_EDARequest_MF>
<com.prime.eda.PRIME_EDARequest_MF intServ="EEMSIIB_PRIME_SOURCE_WS" env="test-charlie" override="EDARequest_Compute.dataSource">EEMS_DB</com.prime.eda.PRIME_EDARequest_MF>
<com.prime.eda.PRIME_EDARequest_MF intServ="EEMSIIB_PRIME_SOURCE_WS" env="test-charlie" override="MemberInq_ProcessException.dataSource">EEMS_DB</com.prime.eda.PRIME_EDARequest_MF>
<com.prime.eda.PRIME_EDARequest_MF intServ="EEMSIIB_PRIME_SOURCE_WS" env="test-charlie" override="EDAResponse_Compute.dataSource">EEMS_DB</com.prime.eda.PRIME_EDARequest_MF>
<com.prime.eda.PRIME_EDARequest_MF intServ="EEMSIIB_PRIME_SOURCE_WS" env="test-charlie" override="EDADBLoad.queueName">EEMSIIB.PRIME_SOURCE_SMALL_DBLOAD_IN</com.prime.eda.PRIME_EDARequest_MF>
<com.prime.eda.PRIME_EDARequest_MF intServ="EEMSIIB_PRIME_SOURCE_WS" env="test-charlie" override="EEMSIIB.PRIME_ERRORMESSAGE_DATA.queueName">EEMSIIB.PRIME_ERRORMESSAGE_DATA</com.prime.eda.PRIME_EDARequest_MF>
<com.prime.eda.PRIME_EDARequest_MF intServ="EEMSIIB_PRIME_SOURCE_WS" env="test-charlie" override="EDARequestURL.URLSpecifier">https://trustbroker-stg-svcs.optum.com:8443/api/dev4/PRI/memberenrollmentservice/enrollee</com.prime.eda.PRIME_EDARequest_MF>
<com.prime.eda.PRIME_EDARequest_MF intServ="EEMSIIB_PRIME_SOURCE_WS" env="test-charlie" override="EEMSIIB.PRIME_ISREADYTOPROCESS_IN.queueName">EEMSIIB.PRIME_ISREADYTOPROCESS_IN</com.prime.eda.PRIME_EDARequest_MF>

<!-- UAT -->
<com.prime.eda.PRIME_EDARequest_MF intServ="EEMSIIB_PRIME_SOURCE_WS" env="uat" override="additionalInstances">0</com.prime.eda.PRIME_EDARequest_MF>
<com.prime.eda.PRIME_EDARequest_MF intServ="EEMSIIB_PRIME_SOURCE_WS" env="uat" override="BrkConfigKey">BRK_CONFIG</com.prime.eda.PRIME_EDARequest_MF>
<com.prime.eda.PRIME_EDARequest_MF intServ="EEMSIIB_PRIME_SOURCE_WS" env="uat" override="SchemaName">ELECELIG</com.prime.eda.PRIME_EDARequest_MF>
<com.prime.eda.PRIME_EDARequest_MF intServ="EEMSIIB_PRIME_SOURCE_WS" env="uat" override="GlobalCacheMap">PRIME_Common_Map</com.prime.eda.PRIME_EDARequest_MF>
<com.prime.eda.PRIME_EDARequest_MF intServ="EEMSIIB_PRIME_SOURCE_WS" env="uat" override="RetryNoOfTimes">3</com.prime.eda.PRIME_EDARequest_MF>
<com.prime.eda.PRIME_EDARequest_MF intServ="EEMSIIB_PRIME_SOURCE_WS" env="uat" override="sleepInterval">5000</com.prime.eda.PRIME_EDARequest_MF>
<com.prime.eda.PRIME_EDARequest_MF intServ="EEMSIIB_PRIME_SOURCE_WS" env="uat" override="AuditQName">EEMSIIB.PRIME_COMMON_AUDITMESSAGE_DATA</com.prime.eda.PRIME_EDARequest_MF>
<com.prime.eda.PRIME_EDARequest_MF intServ="EEMSIIB_PRIME_SOURCE_WS" env="uat" override="BECode">800</com.prime.eda.PRIME_EDARequest_MF>
<com.prime.eda.PRIME_EDARequest_MF intServ="EEMSIIB_PRIME_SOURCE_WS" env="uat" override="ProjNumber">3</com.prime.eda.PRIME_EDARequest_MF>
<com.prime.eda.PRIME_EDARequest_MF intServ="EEMSIIB_PRIME_SOURCE_WS" env="uat" override="brkrList">BKMBRA11</com.prime.eda.PRIME_EDARequest_MF>
<com.prime.eda.PRIME_EDARequest_MF intServ="EEMSIIB_PRIME_SOURCE_WS" env="uat" override="EDA Input Queue.queueName">EEMSIIB.PRIME_EDA_REQ_IN</com.prime.eda.PRIME_EDARequest_MF>
<com.prime.eda.PRIME_EDARequest_MF intServ="EEMSIIB_PRIME_SOURCE_WS" env="uat" override="EDARequest_Compute.dataSource">EEMS_DB</com.prime.eda.PRIME_EDARequest_MF>
<com.prime.eda.PRIME_EDARequest_MF intServ="EEMSIIB_PRIME_SOURCE_WS" env="uat" override="MemberInq_ProcessException.dataSource">EEMS_DB</com.prime.eda.PRIME_EDARequest_MF>
<com.prime.eda.PRIME_EDARequest_MF intServ="EEMSIIB_PRIME_SOURCE_WS" env="uat" override="EDAResponse_Compute.dataSource">EEMS_DB</com.prime.eda.PRIME_EDARequest_MF>
<com.prime.eda.PRIME_EDARequest_MF intServ="EEMSIIB_PRIME_SOURCE_WS" env="uat" override="EDADBLoad.queueName">EEMSIIB.PRIME_SOURCE_SMALL_DBLOAD_IN</com.prime.eda.PRIME_EDARequest_MF>
<com.prime.eda.PRIME_EDARequest_MF intServ="EEMSIIB_PRIME_SOURCE_WS" env="uat" override="EEMSIIB.PRIME_ERRORMESSAGE_DATA.queueName">EEMSIIB.PRIME_ERRORMESSAGE_DATA</com.prime.eda.PRIME_EDARequest_MF>
<com.prime.eda.PRIME_EDARequest_MF intServ="EEMSIIB_PRIME_SOURCE_WS" env="uat" override="SSL_Protocol">TLSv1.2</com.prime.eda.PRIME_EDARequest_MF>
<com.prime.eda.PRIME_EDARequest_MF intServ="EEMSIIB_PRIME_SOURCE_WS" env="uat" override="EDARequestURL.URLSpecifier">https://trustbroker-stg-svcs.optum.com:8443/api/stage7/PRI/memberenrollmentservice/enrollee</com.prime.eda.PRIME_EDARequest_MF>
<com.prime.eda.PRIME_EDARequest_MF intServ="EEMSIIB_PRIME_SOURCE_WS" env="uat" override="EEMSIIB.PRIME_ISREADYTOPROCESS_IN.queueName">EEMSIIB.PRIME_ISREADYTOPROCESS_IN</com.prime.eda.PRIME_EDARequest_MF>

<!-- uat-bravo -->
<com.prime.eda.PRIME_EDARequest_MF intServ="EEMSIIB_PRIME_SOURCE_WS" env="uat-bravo" override="additionalInstances">0</com.prime.eda.PRIME_EDARequest_MF>
<com.prime.eda.PRIME_EDARequest_MF intServ="EEMSIIB_PRIME_SOURCE_WS" env="uat-bravo" override="BrkConfigKey">BRK_CONFIG</com.prime.eda.PRIME_EDARequest_MF>
<com.prime.eda.PRIME_EDARequest_MF intServ="EEMSIIB_PRIME_SOURCE_WS" env="uat-bravo" override="SchemaName">ELECELIG</com.prime.eda.PRIME_EDARequest_MF>
<com.prime.eda.PRIME_EDARequest_MF intServ="EEMSIIB_PRIME_SOURCE_WS" env="uat-bravo" override="GlobalCacheMap">PRIME_Common_Map</com.prime.eda.PRIME_EDARequest_MF>
<com.prime.eda.PRIME_EDARequest_MF intServ="EEMSIIB_PRIME_SOURCE_WS" env="uat-bravo" override="RetryNoOfTimes">3</com.prime.eda.PRIME_EDARequest_MF>
<com.prime.eda.PRIME_EDARequest_MF intServ="EEMSIIB_PRIME_SOURCE_WS" env="uat-bravo" override="sleepInterval">5000</com.prime.eda.PRIME_EDARequest_MF>
<com.prime.eda.PRIME_EDARequest_MF intServ="EEMSIIB_PRIME_SOURCE_WS" env="uat-bravo" override="AuditQName">EEMSIIB.PRIME_COMMON_AUDITMESSAGE_DATA</com.prime.eda.PRIME_EDARequest_MF>
<com.prime.eda.PRIME_EDARequest_MF intServ="EEMSIIB_PRIME_SOURCE_WS" env="uat-bravo" override="BECode">800</com.prime.eda.PRIME_EDARequest_MF>
<com.prime.eda.PRIME_EDARequest_MF intServ="EEMSIIB_PRIME_SOURCE_WS" env="uat-bravo" override="ProjNumber">3</com.prime.eda.PRIME_EDARequest_MF>
<com.prime.eda.PRIME_EDARequest_MF intServ="EEMSIIB_PRIME_SOURCE_WS" env="uat-bravo" override="brkrList">BKMBRB11</com.prime.eda.PRIME_EDARequest_MF>
<com.prime.eda.PRIME_EDARequest_MF intServ="EEMSIIB_PRIME_SOURCE_WS" env="uat-bravo" override="EDA Input Queue.queueName">EEMSIIB.PRIME_EDA_REQ_IN</com.prime.eda.PRIME_EDARequest_MF>
<com.prime.eda.PRIME_EDARequest_MF intServ="EEMSIIB_PRIME_SOURCE_WS" env="uat-bravo" override="EDARequest_Compute.dataSource">EEMS_DB</com.prime.eda.PRIME_EDARequest_MF>
<com.prime.eda.PRIME_EDARequest_MF intServ="EEMSIIB_PRIME_SOURCE_WS" env="uat-bravo" override="MemberInq_ProcessException.dataSource">EEMS_DB</com.prime.eda.PRIME_EDARequest_MF>
<com.prime.eda.PRIME_EDARequest_MF intServ="EEMSIIB_PRIME_SOURCE_WS" env="uat-bravo" override="EDAResponse_Compute.dataSource">EEMS_DB</com.prime.eda.PRIME_EDARequest_MF>
<com.prime.eda.PRIME_EDARequest_MF intServ="EEMSIIB_PRIME_SOURCE_WS" env="uat-bravo" override="EDADBLoad.queueName">EEMSIIB.PRIME_SOURCE_SMALL_DBLOAD_IN</com.prime.eda.PRIME_EDARequest_MF>
<com.prime.eda.PRIME_EDARequest_MF intServ="EEMSIIB_PRIME_SOURCE_WS" env="uat-bravo" override="EEMSIIB.PRIME_ERRORMESSAGE_DATA.queueName">EEMSIIB.PRIME_ERRORMESSAGE_DATA</com.prime.eda.PRIME_EDARequest_MF>
<com.prime.eda.PRIME_EDARequest_MF intServ="EEMSIIB_PRIME_SOURCE_WS" env="uat-bravo" override="SSL_Protocol">TLSv1.2</com.prime.eda.PRIME_EDARequest_MF>
<com.prime.eda.PRIME_EDARequest_MF intServ="EEMSIIB_PRIME_SOURCE_WS" env="uat-bravo" override="EDARequestURL.URLSpecifier">https://trustbroker-stg-svcs.optum.com:8443/api/testA/PRI/memberenrollmentservice/enrollee</com.prime.eda.PRIME_EDARequest_MF>
<com.prime.eda.PRIME_EDARequest_MF intServ="EEMSIIB_PRIME_SOURCE_WS" env="uat-bravo" override="EEMSIIB.PRIME_ISREADYTOPROCESS_IN.queueName">EEMSIIB.PRIME_ISREADYTOPROCESS_IN</com.prime.eda.PRIME_EDARequest_MF>

<!-- uat Charlie-->
<com.prime.eda.PRIME_EDARequest_MF intServ="EEMSIIB_PRIME_SOURCE_WS" env="uat-charlie" override="additionalInstances">0</com.prime.eda.PRIME_EDARequest_MF>
<com.prime.eda.PRIME_EDARequest_MF intServ="EEMSIIB_PRIME_SOURCE_WS" env="uat-charlie" override="BrkConfigKey">BRK_CONFIG</com.prime.eda.PRIME_EDARequest_MF>
<com.prime.eda.PRIME_EDARequest_MF intServ="EEMSIIB_PRIME_SOURCE_WS" env="uat-charlie" override="SchemaName">ELECELIG</com.prime.eda.PRIME_EDARequest_MF>
<com.prime.eda.PRIME_EDARequest_MF intServ="EEMSIIB_PRIME_SOURCE_WS" env="uat-charlie" override="GlobalCacheMap">PRIME_Common_Map</com.prime.eda.PRIME_EDARequest_MF>
<com.prime.eda.PRIME_EDARequest_MF intServ="EEMSIIB_PRIME_SOURCE_WS" env="uat-charlie" override="RetryNoOfTimes">3</com.prime.eda.PRIME_EDARequest_MF>
<com.prime.eda.PRIME_EDARequest_MF intServ="EEMSIIB_PRIME_SOURCE_WS" env="uat-charlie" override="sleepInterval">5000</com.prime.eda.PRIME_EDARequest_MF>
<com.prime.eda.PRIME_EDARequest_MF intServ="EEMSIIB_PRIME_SOURCE_WS" env="uat-charlie" override="AuditQName">EEMSIIB.PRIME_COMMON_AUDITMESSAGE_DATA</com.prime.eda.PRIME_EDARequest_MF>
<com.prime.eda.PRIME_EDARequest_MF intServ="EEMSIIB_PRIME_SOURCE_WS" env="uat-charlie" override="BECode">800</com.prime.eda.PRIME_EDARequest_MF>
<com.prime.eda.PRIME_EDARequest_MF intServ="EEMSIIB_PRIME_SOURCE_WS" env="uat-charlie" override="ProjNumber">3</com.prime.eda.PRIME_EDARequest_MF>
<com.prime.eda.PRIME_EDARequest_MF intServ="EEMSIIB_PRIME_SOURCE_WS" env="uat-charlie" override="brkrList">BKMBRBC11</com.prime.eda.PRIME_EDARequest_MF>
<com.prime.eda.PRIME_EDARequest_MF intServ="EEMSIIB_PRIME_SOURCE_WS" env="uat-charlie" override="EDA Input Queue.queueName">EEMSIIB.PRIME_EDA_REQ_IN</com.prime.eda.PRIME_EDARequest_MF>
<com.prime.eda.PRIME_EDARequest_MF intServ="EEMSIIB_PRIME_SOURCE_WS" env="uat-charlie" override="EDARequest_Compute.dataSource">EEMS_DB</com.prime.eda.PRIME_EDARequest_MF>
<com.prime.eda.PRIME_EDARequest_MF intServ="EEMSIIB_PRIME_SOURCE_WS" env="uat-charlie" override="MemberInq_ProcessException.dataSource">EEMS_DB</com.prime.eda.PRIME_EDARequest_MF>
<com.prime.eda.PRIME_EDARequest_MF intServ="EEMSIIB_PRIME_SOURCE_WS" env="uat-charlie" override="EDAResponse_Compute.dataSource">EEMS_DB</com.prime.eda.PRIME_EDARequest_MF>
<com.prime.eda.PRIME_EDARequest_MF intServ="EEMSIIB_PRIME_SOURCE_WS" env="uat-charlie" override="EDADBLoad.queueName">EEMSIIB.PRIME_SOURCE_SMALL_DBLOAD_IN</com.prime.eda.PRIME_EDARequest_MF>
<com.prime.eda.PRIME_EDARequest_MF intServ="EEMSIIB_PRIME_SOURCE_WS" env="uat-charlie" override="EEMSIIB.PRIME_ERRORMESSAGE_DATA.queueName">EEMSIIB.PRIME_ERRORMESSAGE_DATA</com.prime.eda.PRIME_EDARequest_MF>
<com.prime.eda.PRIME_EDARequest_MF intServ="EEMSIIB_PRIME_SOURCE_WS" env="uat-charlie" override="SSL_Protocol">TLSv1.2</com.prime.eda.PRIME_EDARequest_MF>
<com.prime.eda.PRIME_EDARequest_MF intServ="EEMSIIB_PRIME_SOURCE_WS" env="uat-charlie" override="EDARequestURL.URLSpecifier">https://trustbroker-stg-svcs.optum.com:8443/api/stageC/PRI/memberenrollmentservice/enrollee</com.prime.eda.PRIME_EDARequest_MF>
<com.prime.eda.PRIME_EDARequest_MF intServ="EEMSIIB_PRIME_SOURCE_WS" env="uat-charlie" override="EEMSIIB.PRIME_ISREADYTOPROCESS_IN.queueName">EEMSIIB.PRIME_ISREADYTOPROCESS_IN</com.prime.eda.PRIME_EDARequest_MF>
<!-- STAGE -->
<com.prime.eda.PRIME_EDARequest_MF intServ="EEMSIIB_PRIME_APPS" env="stage" override="additionalInstances">0</com.prime.eda.PRIME_EDARequest_MF>
<com.prime.eda.PRIME_EDARequest_MF intServ="EEMSIIB_PRIME_APPS" env="stage" override="BrkConfigKey">BRK_CONFIG</com.prime.eda.PRIME_EDARequest_MF>
<com.prime.eda.PRIME_EDARequest_MF intServ="EEMSIIB_PRIME_APPS" env="stage" override="SchemaName">ELECELIG</com.prime.eda.PRIME_EDARequest_MF>
<com.prime.eda.PRIME_EDARequest_MF intServ="EEMSIIB_PRIME_APPS" env="stage" override="GlobalCacheMap">PRIME_Common_Map</com.prime.eda.PRIME_EDARequest_MF>
<com.prime.eda.PRIME_EDARequest_MF intServ="EEMSIIB_PRIME_APPS" env="stage" override="RetryNoOfTimes">3</com.prime.eda.PRIME_EDARequest_MF>
<com.prime.eda.PRIME_EDARequest_MF intServ="EEMSIIB_PRIME_APPS" env="stage" override="sleepInterval">5000</com.prime.eda.PRIME_EDARequest_MF>
<com.prime.eda.PRIME_EDARequest_MF intServ="EEMSIIB_PRIME_APPS" env="stage" override="AuditQName">EEMSIIB.PRIME_COMMON_AUDITMESSAGE_DATA</com.prime.eda.PRIME_EDARequest_MF>
<com.prime.eda.PRIME_EDARequest_MF intServ="EEMSIIB_PRIME_APPS" env="stage" override="BECode">800</com.prime.eda.PRIME_EDARequest_MF>
<com.prime.eda.PRIME_EDARequest_MF intServ="EEMSIIB_PRIME_APPS" env="stage" override="ProjNumber">3</com.prime.eda.PRIME_EDARequest_MF>
<com.prime.eda.PRIME_EDARequest_MF intServ="EEMSIIB_PRIME_APPS" env="stage" override="brkrList">BKMBRM11_BKMBRM12_BKMBRM13</com.prime.eda.PRIME_EDARequest_MF>
<com.prime.eda.PRIME_EDARequest_MF intServ="EEMSIIB_PRIME_APPS" env="stage" override="EDA Input Queue.queueName">EEMSIIB.PRIME_EDA_REQ_IN</com.prime.eda.PRIME_EDARequest_MF>
<com.prime.eda.PRIME_EDARequest_MF intServ="EEMSIIB_PRIME_APPS" env="stage" override="EDARequest_Compute.dataSource">EEMS_DB</com.prime.eda.PRIME_EDARequest_MF>
<com.prime.eda.PRIME_EDARequest_MF intServ="EEMSIIB_PRIME_APPS" env="stage" override="MemberInq_ProcessException.dataSource">EEMS_DB</com.prime.eda.PRIME_EDARequest_MF>
<com.prime.eda.PRIME_EDARequest_MF intServ="EEMSIIB_PRIME_APPS" env="stage" override="EDAResponse_Compute.dataSource">EEMS_DB</com.prime.eda.PRIME_EDARequest_MF>
<com.prime.eda.PRIME_EDARequest_MF intServ="EEMSIIB_PRIME_APPS" env="stage" override="EDADBLoad.queueName">EEMSIIB.PRIME_SOURCE_SMALL_DBLOAD_IN</com.prime.eda.PRIME_EDARequest_MF>
<com.prime.eda.PRIME_EDARequest_MF intServ="EEMSIIB_PRIME_APPS" env="stage" override="EEMSIIB.PRIME_ERRORMESSAGE_DATA.queueName">EEMSIIB.PRIME_ERRORMESSAGE_DATA</com.prime.eda.PRIME_EDARequest_MF>
<com.prime.eda.PRIME_EDARequest_MF intServ="EEMSIIB_PRIME_APPS" env="stage" override="SSL_Protocol">TLSv1.2</com.prime.eda.PRIME_EDARequest_MF>
<com.prime.eda.PRIME_EDARequest_MF intServ="EEMSIIB_PRIME_APPS" env="stage" override="EDARequestURL.URLSpecifier">https://trustbroker-stg-svcs.optum.com:8443/api/stageC/PRI/memberenrollmentservice/enrollee</com.prime.eda.PRIME_EDARequest_MF>
<com.prime.eda.PRIME_EDARequest_MF intServ="EEMSIIB_PRIME_APPS" env="stage" override="EEMSIIB.PRIME_ISREADYTOPROCESS_IN.queueName">EEMSIIB.PRIME_ISREADYTOPROCESS_IN</com.prime.eda.PRIME_EDARequest_MF>

<!-- ADOPT -->

<com.prime.eda.PRIME_EDARequest_MF intServ="EEMSIIB_PRIME_APPS" env="adopt" override="additionalInstances">0</com.prime.eda.PRIME_EDARequest_MF>
<com.prime.eda.PRIME_EDARequest_MF intServ="EEMSIIB_PRIME_APPS" env="adopt" override="BrkConfigKey">BRK_CONFIG</com.prime.eda.PRIME_EDARequest_MF>
<com.prime.eda.PRIME_EDARequest_MF intServ="EEMSIIB_PRIME_APPS" env="adopt" override="SchemaName">ELECELIG</com.prime.eda.PRIME_EDARequest_MF>
<com.prime.eda.PRIME_EDARequest_MF intServ="EEMSIIB_PRIME_APPS" env="adopt" override="GlobalCacheMap">PRIME_Common_Map</com.prime.eda.PRIME_EDARequest_MF>
<com.prime.eda.PRIME_EDARequest_MF intServ="EEMSIIB_PRIME_APPS" env="adopt" override="RetryNoOfTimes">3</com.prime.eda.PRIME_EDARequest_MF>
<com.prime.eda.PRIME_EDARequest_MF intServ="EEMSIIB_PRIME_APPS" env="adopt" override="sleepInterval">5000</com.prime.eda.PRIME_EDARequest_MF>
<com.prime.eda.PRIME_EDARequest_MF intServ="EEMSIIB_PRIME_APPS" env="adopt" override="AuditQName">EEMSIIB.ADP.PRIME_COMMON_AUDITMESSAGE_DATA</com.prime.eda.PRIME_EDARequest_MF>
<com.prime.eda.PRIME_EDARequest_MF intServ="EEMSIIB_PRIME_APPS" env="adopt" override="BECode">800</com.prime.eda.PRIME_EDARequest_MF>
<com.prime.eda.PRIME_EDARequest_MF intServ="EEMSIIB_PRIME_APPS" env="adopt" override="ProjNumber">3</com.prime.eda.PRIME_EDARequest_MF>
<com.prime.eda.PRIME_EDARequest_MF intServ="EEMSIIB_PRIME_APPS" env="adopt" override="brkrList">BKMBPD07_BKMBPD08</com.prime.eda.PRIME_EDARequest_MF>
<com.prime.eda.PRIME_EDARequest_MF intServ="EEMSIIB_PRIME_APPS" env="adopt" override="EDA Input Queue.queueName">EEMSIIB.ADP.PRIME_EDA_REQ_IN</com.prime.eda.PRIME_EDARequest_MF>
<com.prime.eda.PRIME_EDARequest_MF intServ="EEMSIIB_PRIME_APPS" env="adopt" override="EDARequest_Compute.dataSource">EEMS_DB</com.prime.eda.PRIME_EDARequest_MF>
<com.prime.eda.PRIME_EDARequest_MF intServ="EEMSIIB_PRIME_APPS" env="adopt" override="MemberInq_ProcessException.dataSource">EEMS_DB</com.prime.eda.PRIME_EDARequest_MF>
<com.prime.eda.PRIME_EDARequest_MF intServ="EEMSIIB_PRIME_APPS" env="adopt" override="EDAResponse_Compute.dataSource">EEMS_DB</com.prime.eda.PRIME_EDARequest_MF>
<com.prime.eda.PRIME_EDARequest_MF intServ="EEMSIIB_PRIME_APPS" env="adopt" override="EDADBLoad.queueName">EEMSIIB.ADP.PRIME_SOURCE_SMALL_DBLOAD_IN</com.prime.eda.PRIME_EDARequest_MF>
<com.prime.eda.PRIME_EDARequest_MF intServ="EEMSIIB_PRIME_APPS" env="adopt" override="EEMSIIB.PRIME_ERRORMESSAGE_DATA.queueName">EEMSIIB.ADP.PRIME_ERRORMESSAGE_DATA</com.prime.eda.PRIME_EDARequest_MF>
<com.prime.eda.PRIME_EDARequest_MF intServ="EEMSIIB_PRIME_APPS" env="adopt" override="SSL_Protocol">TLSv1.2</com.prime.eda.PRIME_EDARequest_MF>
<com.prime.eda.PRIME_EDARequest_MF intServ="EEMSIIB_PRIME_APPS" env="adopt" override="EDARequestURL.URLSpecifier"> https://trustbroker-stg-svcs.optum.com:8443/api/test6/PRI/memberenrollmentservice/enrollee</com.prime.eda.PRIME_EDARequest_MF>
<com.prime.eda.PRIME_EDARequest_MF intServ="EEMSIIB_PRIME_APPS" env="adopt" override="EEMSIIB.PRIME_ISREADYTOPROCESS_IN.queueName">EEMSIIB.ADP.PRIME_ISREADYTOPROCESS_IN</com.prime.eda.PRIME_EDARequest_MF>
<!-- PROD -->

<com.prime.eda.PRIME_EDARequest_MF intServ="EEMSIIB_PRIME_APPS" env="prod" override="additionalInstances">0</com.prime.eda.PRIME_EDARequest_MF>
<com.prime.eda.PRIME_EDARequest_MF intServ="EEMSIIB_PRIME_APPS" env="prod" override="BrkConfigKey">BRK_CONFIG</com.prime.eda.PRIME_EDARequest_MF>
<com.prime.eda.PRIME_EDARequest_MF intServ="EEMSIIB_PRIME_APPS" env="prod" override="SchemaName">ELECELIG</com.prime.eda.PRIME_EDARequest_MF>
<com.prime.eda.PRIME_EDARequest_MF intServ="EEMSIIB_PRIME_APPS" env="prod" override="GlobalCacheMap">PRIME_Common_Map</com.prime.eda.PRIME_EDARequest_MF>
<com.prime.eda.PRIME_EDARequest_MF intServ="EEMSIIB_PRIME_APPS" env="prod" override="RetryNoOfTimes">3</com.prime.eda.PRIME_EDARequest_MF>
<com.prime.eda.PRIME_EDARequest_MF intServ="EEMSIIB_PRIME_APPS" env="prod" override="sleepInterval">5000</com.prime.eda.PRIME_EDARequest_MF>
<com.prime.eda.PRIME_EDARequest_MF intServ="EEMSIIB_PRIME_APPS" env="prod" override="AuditQName">EEMSIIB.PRIME_COMMON_AUDITMESSAGE_DATA</com.prime.eda.PRIME_EDARequest_MF>
<com.prime.eda.PRIME_EDARequest_MF intServ="EEMSIIB_PRIME_APPS" env="prod" override="BECode">800</com.prime.eda.PRIME_EDARequest_MF>
<com.prime.eda.PRIME_EDARequest_MF intServ="EEMSIIB_PRIME_APPS" env="prod" override="ProjNumber">3</com.prime.eda.PRIME_EDARequest_MF>
<com.prime.eda.PRIME_EDARequest_MF intServ="EEMSIIB_PRIME_APPS" env="prod" override="brkrList">BKMBPD15_BKMBPD16_BKMBPD30_BKMBPD31</com.prime.eda.PRIME_EDARequest_MF>
<com.prime.eda.PRIME_EDARequest_MF intServ="EEMSIIB_PRIME_APPS" env="prod" override="EDA Input Queue.queueName">EEMSIIB.PRIME_EDA_REQ_IN</com.prime.eda.PRIME_EDARequest_MF>
<com.prime.eda.PRIME_EDARequest_MF intServ="EEMSIIB_PRIME_APPS" env="prod" override="EDARequest_Compute.dataSource">EEMS_DB</com.prime.eda.PRIME_EDARequest_MF>
<com.prime.eda.PRIME_EDARequest_MF intServ="EEMSIIB_PRIME_APPS" env="prod" override="MemberInq_ProcessException.dataSource">EEMS_DB</com.prime.eda.PRIME_EDARequest_MF>
<com.prime.eda.PRIME_EDARequest_MF intServ="EEMSIIB_PRIME_APPS" env="prod" override="EDAResponse_Compute.dataSource">EEMS_DB</com.prime.eda.PRIME_EDARequest_MF>
<com.prime.eda.PRIME_EDARequest_MF intServ="EEMSIIB_PRIME_APPS" env="prod" override="EDADBLoad.queueName">EEMSIIB.PRIME_SOURCE_SMALL_DBLOAD_IN</com.prime.eda.PRIME_EDARequest_MF>
<com.prime.eda.PRIME_EDARequest_MF intServ="EEMSIIB_PRIME_APPS" env="prod" override="EEMSIIB.PRIME_ERRORMESSAGE_DATA.queueName">EEMSIIB.PRIME_ERRORMESSAGE_DATA</com.prime.eda.PRIME_EDARequest_MF>
<com.prime.eda.PRIME_EDARequest_MF intServ="EEMSIIB_PRIME_APPS" env="prod" override="SSL_Protocol">TLSv1.2</com.prime.eda.PRIME_EDARequest_MF>
<com.prime.eda.PRIME_EDARequest_MF intServ="EEMSIIB_PRIME_APPS" env="prod" override="EDARequestURL.URLSpecifier">https://trustbroker-svcs.optum.com:8443/api/PRI/memberenrollmentservice/enrollee</com.prime.eda.PRIME_EDARequest_MF>
<com.prime.eda.PRIME_EDARequest_MF intServ="EEMSIIB_PRIME_APPS" env="prod" override="EEMSIIB.PRIME_ISREADYTOPROCESS_IN.queueName">EEMSIIB.PRIME_ISREADYTOPROCESS_IN</com.prime.eda.PRIME_EDARequest_MF>
</Broker>
