<?xml version="1.0" encoding="UTF-8"?>
<Broker>
	<!--DEV-->
	<GPSCSP_TBAWS_SF intServ="EEMSIIB_GPSCSP_TBA" env="dev" override="webServiceURL">https://api-int-stg.uhc.com:8444/web/ca4f/enrollment/activemembers/V2/dev7</GPSCSP_TBAWS_SF>
	<GPSCSP_TBAWS_SF intServ="EEMSIIB_GPSCSP_TBA" env="dev" override="SOAPRequest.sslProtocol">TLS</GPSCSP_TBAWS_SF>
	<GPSCSP_TBAWS_SF intServ="EEMSIIB_GPSCSP_TBA" env="dev" override="SOAPRequest.validateMaster">none</GPSCSP_TBAWS_SF>
	<com.eems.gpscsp.tbaws.GPSCSP_TBA_RetrieveActvMbrID_MF intServ="EEMSIIB_GPSCSP_TBA" env="dev" override="additionalInstances">5</com.eems.gpscsp.tbaws.GPSCSP_TBA_RetrieveActvMbrID_MF>
	<com.eems.gpscsp.tbaws.GPSCSP_TBA_RetrieveActvMbrID_MF intServ="EEMSIIB_GPSCSP_TBA" env="dev" override="GlobalCacheMap">GPSCSP_Common_Map</com.eems.gpscsp.tbaws.GPSCSP_TBA_RetrieveActvMbrID_MF>
	<com.eems.gpscsp.tbaws.GPSCSP_TBA_RetrieveActvMbrID_MF intServ="EEMSIIB_GPSCSP_TBA" env="dev" override="SchemaName">ELECELIG</com.eems.gpscsp.tbaws.GPSCSP_TBA_RetrieveActvMbrID_MF>
	<com.eems.gpscsp.tbaws.GPSCSP_TBA_RetrieveActvMbrID_MF intServ="EEMSIIB_GPSCSP_TBA" env="dev" override="BrkConfigKey">BRK_CONFIG</com.eems.gpscsp.tbaws.GPSCSP_TBA_RetrieveActvMbrID_MF>
	<com.eems.gpscsp.tbaws.GPSCSP_TBA_RetrieveActvMbrID_MF intServ="EEMSIIB_GPSCSP_TBA" env="dev" override="AuditQName">EEMSIIB.GPSCSP_COMMON_AUDITMESSAGE_DATA</com.eems.gpscsp.tbaws.GPSCSP_TBA_RetrieveActvMbrID_MF>
	<com.eems.gpscsp.tbaws.GPSCSP_TBA_RetrieveActvMbrID_MF intServ="EEMSIIB_GPSCSP_TBA" env="dev" override="BECode">700</com.eems.gpscsp.tbaws.GPSCSP_TBA_RetrieveActvMbrID_MF>
	<com.eems.gpscsp.tbaws.GPSCSP_TBA_RetrieveActvMbrID_MF intServ="EEMSIIB_GPSCSP_TBA" env="dev" override="ProjNumber">2</com.eems.gpscsp.tbaws.GPSCSP_TBA_RetrieveActvMbrID_MF>
	<com.eems.gpscsp.tbaws.GPSCSP_TBA_RetrieveActvMbrID_MF intServ="EEMSIIB_GPSCSP_TBA" env="dev" override="CSPELIGSchemaName">CSPELIG</com.eems.gpscsp.tbaws.GPSCSP_TBA_RetrieveActvMbrID_MF>
	<com.eems.gpscsp.tbaws.GPSCSP_TBA_RetrieveActvMbrID_MF intServ="EEMSIIB_GPSCSP_TBA" env="dev" override="EEMSIIB.GPSCSP_TBA_REQ_TRIGGER_IN .queueName">EEMSIIB.GPSCSP_TBA_REQ_TRIGGER_IN</com.eems.gpscsp.tbaws.GPSCSP_TBA_RetrieveActvMbrID_MF>
	<com.eems.gpscsp.tbaws.GPSCSP_TBA_RetrieveActvMbrID_MF intServ="EEMSIIB_GPSCSP_TBA" env="dev" override="EEMSIIB.GPSCSP_TBA_RESP_DBLOAD_IN.queueName">EEMSIIB.GPSCSP_TBA_RESP_DBLOAD_IN</com.eems.gpscsp.tbaws.GPSCSP_TBA_RetrieveActvMbrID_MF>
	<com.eems.gpscsp.tbaws.GPSCSP_TBA_RetrieveActvMbrID_MF intServ="EEMSIIB_GPSCSP_TBA" env="dev" override="Compute.dataSource">E3CSP_DB</com.eems.gpscsp.tbaws.GPSCSP_TBA_RetrieveActvMbrID_MF>
	<com.eems.gpscsp.tbaws.GPSCSP_TBA_RetrieveActvMbrID_MF intServ="EEMSIIB_GPSCSP_TBA" env="dev" override="Compute1.dataSource">E3CSP_DB</com.eems.gpscsp.tbaws.GPSCSP_TBA_RetrieveActvMbrID_MF>
	<com.eems.gpscsp.tbaws.GPSCSP_TBA_RetrieveActvMbrID_MF intServ="EEMSIIB_GPSCSP_TBA" env="dev" override="GPSCSP_TBAWS_SF.webServiceURL">https://api-int-stg.uhc.com:8444/web/ca4f/enrollment/activemembers/V2/dev7</com.eems.gpscsp.tbaws.GPSCSP_TBA_RetrieveActvMbrID_MF>
	<com.eems.gpscsp.tbaws.GPSCSP_TBA_RetrieveActvMbrID_MF intServ="EEMSIIB_GPSCSP_TBA" env="dev" override="EEMSIIB.GPSCSP_ERRORMESSAGE_DATA .queueName">EEMSIIB.GPSCSP_ERRORMESSAGE_DATA</com.eems.gpscsp.tbaws.GPSCSP_TBA_RetrieveActvMbrID_MF>
	<com.eems.gpscsp.tbaws.GPSCSP_TBA_RetrieveActvMbrID_MF intServ="EEMSIIB_GPSCSP_TBA" env="dev" override="Compute2.dataSource">E3CSP_DB</com.eems.gpscsp.tbaws.GPSCSP_TBA_RetrieveActvMbrID_MF>
	<com.eems.gpscsp.tbaws.GPSCSP_TBA_RetrieveActvMbrID_MF intServ="EEMSIIB_GPSCSP_TBA" env="dev" override="Compute3.dataSource">E3CSP_DB</com.eems.gpscsp.tbaws.GPSCSP_TBA_RetrieveActvMbrID_MF>
	<com.eems.gpscsp.tbaws.GPSCSP_TBA_RetrieveActvMbrID_MF intServ="EEMSIIB_GPSCSP_TBA" env="dev" override="EEMSIIB.GPSCSP_ISREADYTOPROCESS_IN.queueName">EEMSIIB.GPSCSP_ISREADYTOPROCESS_IN</com.eems.gpscsp.tbaws.GPSCSP_TBA_RetrieveActvMbrID_MF>
	<com.eems.gpscsp.tbaws.GPSCSP_TBA_RetrieveActvMbrID_MF intServ="EEMSIIB_GPSCSP_TBA" env="dev" override="Compute4.dataSource">E3CSP_DB</com.eems.gpscsp.tbaws.GPSCSP_TBA_RetrieveActvMbrID_MF>

	
	<!-- SIT -->
	<GPSCSP_TBAWS_SF intServ="EEMSIIB_GPSCSP_TBA" env="test" override="webServiceURL">https://api-int-stg.uhc.com:8444/web/ca4f/enrollment/activemembers/V2/test6</GPSCSP_TBAWS_SF>
	<GPSCSP_TBAWS_SF intServ="EEMSIIB_GPSCSP_TBA" env="test" override="SOAPRequest.sslProtocol">TLS</GPSCSP_TBAWS_SF>
	<GPSCSP_TBAWS_SF intServ="EEMSIIB_GPSCSP_TBA" env="test" override="SOAPRequest.validateMaster">none</GPSCSP_TBAWS_SF>
	<com.eems.gpscsp.tbaws.GPSCSP_TBA_RetrieveActvMbrID_MF intServ="EEMSIIB_GPSCSP_TBA" env="test" override="additionalInstances">5</com.eems.gpscsp.tbaws.GPSCSP_TBA_RetrieveActvMbrID_MF>
	<com.eems.gpscsp.tbaws.GPSCSP_TBA_RetrieveActvMbrID_MF intServ="EEMSIIB_GPSCSP_TBA" env="test" override="GlobalCacheMap">GPSCSP_Common_Map</com.eems.gpscsp.tbaws.GPSCSP_TBA_RetrieveActvMbrID_MF>
	<com.eems.gpscsp.tbaws.GPSCSP_TBA_RetrieveActvMbrID_MF intServ="EEMSIIB_GPSCSP_TBA" env="test" override="SchemaName">ELECELIG</com.eems.gpscsp.tbaws.GPSCSP_TBA_RetrieveActvMbrID_MF>
	<com.eems.gpscsp.tbaws.GPSCSP_TBA_RetrieveActvMbrID_MF intServ="EEMSIIB_GPSCSP_TBA" env="test" override="BrkConfigKey">BRK_CONFIG</com.eems.gpscsp.tbaws.GPSCSP_TBA_RetrieveActvMbrID_MF>
	<com.eems.gpscsp.tbaws.GPSCSP_TBA_RetrieveActvMbrID_MF intServ="EEMSIIB_GPSCSP_TBA" env="test" override="AuditQName">EEMSIIB.GPSCSP_COMMON_AUDITMESSAGE_DATA</com.eems.gpscsp.tbaws.GPSCSP_TBA_RetrieveActvMbrID_MF>
	<com.eems.gpscsp.tbaws.GPSCSP_TBA_RetrieveActvMbrID_MF intServ="EEMSIIB_GPSCSP_TBA" env="test" override="BECode">700</com.eems.gpscsp.tbaws.GPSCSP_TBA_RetrieveActvMbrID_MF>
	<com.eems.gpscsp.tbaws.GPSCSP_TBA_RetrieveActvMbrID_MF intServ="EEMSIIB_GPSCSP_TBA" env="test" override="ProjNumber">2</com.eems.gpscsp.tbaws.GPSCSP_TBA_RetrieveActvMbrID_MF>
	<com.eems.gpscsp.tbaws.GPSCSP_TBA_RetrieveActvMbrID_MF intServ="EEMSIIB_GPSCSP_TBA" env="test" override="CSPELIGSchemaName">CSPELIG</com.eems.gpscsp.tbaws.GPSCSP_TBA_RetrieveActvMbrID_MF>
	<com.eems.gpscsp.tbaws.GPSCSP_TBA_RetrieveActvMbrID_MF intServ="EEMSIIB_GPSCSP_TBA" env="test" override="EEMSIIB.GPSCSP_TBA_REQ_TRIGGER_IN .queueName">EEMSIIB.GPSCSP_TBA_REQ_TRIGGER_IN</com.eems.gpscsp.tbaws.GPSCSP_TBA_RetrieveActvMbrID_MF>
	<com.eems.gpscsp.tbaws.GPSCSP_TBA_RetrieveActvMbrID_MF intServ="EEMSIIB_GPSCSP_TBA" env="test" override="EEMSIIB.GPSCSP_TBA_RESP_DBLOAD_IN.queueName">EEMSIIB.GPSCSP_TBA_RESP_DBLOAD_IN</com.eems.gpscsp.tbaws.GPSCSP_TBA_RetrieveActvMbrID_MF>
	<com.eems.gpscsp.tbaws.GPSCSP_TBA_RetrieveActvMbrID_MF intServ="EEMSIIB_GPSCSP_TBA" env="test" override="Compute.dataSource">E3CSP_DB</com.eems.gpscsp.tbaws.GPSCSP_TBA_RetrieveActvMbrID_MF>
	<com.eems.gpscsp.tbaws.GPSCSP_TBA_RetrieveActvMbrID_MF intServ="EEMSIIB_GPSCSP_TBA" env="test" override="Compute1.dataSource">E3CSP_DB</com.eems.gpscsp.tbaws.GPSCSP_TBA_RetrieveActvMbrID_MF>
	<com.eems.gpscsp.tbaws.GPSCSP_TBA_RetrieveActvMbrID_MF intServ="EEMSIIB_GPSCSP_TBA" env="test" override="GPSCSP_TBAWS_SF.webServiceURL">https://api-int-stg.uhc.com:8444/web/ca4f/enrollment/activemembers/V2/test6</com.eems.gpscsp.tbaws.GPSCSP_TBA_RetrieveActvMbrID_MF>
	<com.eems.gpscsp.tbaws.GPSCSP_TBA_RetrieveActvMbrID_MF intServ="EEMSIIB_GPSCSP_TBA" env="test" override="EEMSIIB.GPSCSP_ERRORMESSAGE_DATA .queueName">EEMSIIB.GPSCSP_ERRORMESSAGE_DATA</com.eems.gpscsp.tbaws.GPSCSP_TBA_RetrieveActvMbrID_MF>
	<com.eems.gpscsp.tbaws.GPSCSP_TBA_RetrieveActvMbrID_MF intServ="EEMSIIB_GPSCSP_TBA" env="test" override="Compute2.dataSource">E3CSP_DB</com.eems.gpscsp.tbaws.GPSCSP_TBA_RetrieveActvMbrID_MF>
	<com.eems.gpscsp.tbaws.GPSCSP_TBA_RetrieveActvMbrID_MF intServ="EEMSIIB_GPSCSP_TBA" env="test" override="Compute3.dataSource">E3CSP_DB</com.eems.gpscsp.tbaws.GPSCSP_TBA_RetrieveActvMbrID_MF>
	<com.eems.gpscsp.tbaws.GPSCSP_TBA_RetrieveActvMbrID_MF intServ="EEMSIIB_GPSCSP_TBA" env="test" override="EEMSIIB.GPSCSP_ISREADYTOPROCESS_IN.queueName">EEMSIIB.GPSCSP_ISREADYTOPROCESS_IN</com.eems.gpscsp.tbaws.GPSCSP_TBA_RetrieveActvMbrID_MF>
	<com.eems.gpscsp.tbaws.GPSCSP_TBA_RetrieveActvMbrID_MF intServ="EEMSIIB_GPSCSP_TBA" env="test" override="Compute4.dataSource">E3CSP_DB</com.eems.gpscsp.tbaws.GPSCSP_TBA_RetrieveActvMbrID_MF>


	<!-- SIT Bravo-->
	<GPSCSP_TBAWS_SF intServ="EEMSIIB_GPSCSP_TBA" env="test2" override="webServiceURL">https://api-int-stg.uhc.com:8444/web/ca4f/enrollment/activemembers/V2/test5</GPSCSP_TBAWS_SF>
	<GPSCSP_TBAWS_SF intServ="EEMSIIB_GPSCSP_TBA" env="test2" override="SOAPRequest.sslProtocol">TLS</GPSCSP_TBAWS_SF>
	<GPSCSP_TBAWS_SF intServ="EEMSIIB_GPSCSP_TBA" env="test2" override="SOAPRequest.validateMaster">none</GPSCSP_TBAWS_SF>
	<com.eems.gpscsp.tbaws.GPSCSP_TBA_RetrieveActvMbrID_MF intServ="EEMSIIB_GPSCSP_TBA" env="test2" override="additionalInstances">5</com.eems.gpscsp.tbaws.GPSCSP_TBA_RetrieveActvMbrID_MF>
	<com.eems.gpscsp.tbaws.GPSCSP_TBA_RetrieveActvMbrID_MF intServ="EEMSIIB_GPSCSP_TBA" env="test2" override="GlobalCacheMap">GPSCSP_Common_Map</com.eems.gpscsp.tbaws.GPSCSP_TBA_RetrieveActvMbrID_MF>
	<com.eems.gpscsp.tbaws.GPSCSP_TBA_RetrieveActvMbrID_MF intServ="EEMSIIB_GPSCSP_TBA" env="test2" override="SchemaName">ELECELIG</com.eems.gpscsp.tbaws.GPSCSP_TBA_RetrieveActvMbrID_MF>
	<com.eems.gpscsp.tbaws.GPSCSP_TBA_RetrieveActvMbrID_MF intServ="EEMSIIB_GPSCSP_TBA" env="test2" override="BrkConfigKey">BRK_CONFIG</com.eems.gpscsp.tbaws.GPSCSP_TBA_RetrieveActvMbrID_MF>
	<com.eems.gpscsp.tbaws.GPSCSP_TBA_RetrieveActvMbrID_MF intServ="EEMSIIB_GPSCSP_TBA" env="test2" override="AuditQName">EEMSIIB.GPSCSP_COMMON_AUDITMESSAGE_DATA</com.eems.gpscsp.tbaws.GPSCSP_TBA_RetrieveActvMbrID_MF>
	<com.eems.gpscsp.tbaws.GPSCSP_TBA_RetrieveActvMbrID_MF intServ="EEMSIIB_GPSCSP_TBA" env="test2" override="BECode">700</com.eems.gpscsp.tbaws.GPSCSP_TBA_RetrieveActvMbrID_MF>
	<com.eems.gpscsp.tbaws.GPSCSP_TBA_RetrieveActvMbrID_MF intServ="EEMSIIB_GPSCSP_TBA" env="test2" override="ProjNumber">2</com.eems.gpscsp.tbaws.GPSCSP_TBA_RetrieveActvMbrID_MF>
	<com.eems.gpscsp.tbaws.GPSCSP_TBA_RetrieveActvMbrID_MF intServ="EEMSIIB_GPSCSP_TBA" env="test2" override="CSPELIGSchemaName">CSPELIG</com.eems.gpscsp.tbaws.GPSCSP_TBA_RetrieveActvMbrID_MF>
	<com.eems.gpscsp.tbaws.GPSCSP_TBA_RetrieveActvMbrID_MF intServ="EEMSIIB_GPSCSP_TBA" env="test2" override="EEMSIIB.GPSCSP_TBA_REQ_TRIGGER_IN .queueName">EEMSIIB.GPSCSP_TBA_REQ_TRIGGER_IN</com.eems.gpscsp.tbaws.GPSCSP_TBA_RetrieveActvMbrID_MF>
	<com.eems.gpscsp.tbaws.GPSCSP_TBA_RetrieveActvMbrID_MF intServ="EEMSIIB_GPSCSP_TBA" env="test2" override="EEMSIIB.GPSCSP_TBA_RESP_DBLOAD_IN.queueName">EEMSIIB.GPSCSP_TBA_RESP_DBLOAD_IN</com.eems.gpscsp.tbaws.GPSCSP_TBA_RetrieveActvMbrID_MF>
	<com.eems.gpscsp.tbaws.GPSCSP_TBA_RetrieveActvMbrID_MF intServ="EEMSIIB_GPSCSP_TBA" env="test2" override="Compute.dataSource">E3CSP_DB</com.eems.gpscsp.tbaws.GPSCSP_TBA_RetrieveActvMbrID_MF>
	<com.eems.gpscsp.tbaws.GPSCSP_TBA_RetrieveActvMbrID_MF intServ="EEMSIIB_GPSCSP_TBA" env="test2" override="Compute1.dataSource">E3CSP_DB</com.eems.gpscsp.tbaws.GPSCSP_TBA_RetrieveActvMbrID_MF>
	<com.eems.gpscsp.tbaws.GPSCSP_TBA_RetrieveActvMbrID_MF intServ="EEMSIIB_GPSCSP_TBA" env="test2" override="GPSCSP_TBAWS_SF.webServiceURL">https://api-int-stg.uhc.com:8444/web/ca4f/enrollment/activemembers/V2/test5</com.eems.gpscsp.tbaws.GPSCSP_TBA_RetrieveActvMbrID_MF>
	<com.eems.gpscsp.tbaws.GPSCSP_TBA_RetrieveActvMbrID_MF intServ="EEMSIIB_GPSCSP_TBA" env="test2" override="EEMSIIB.GPSCSP_ERRORMESSAGE_DATA .queueName">EEMSIIB.GPSCSP_ERRORMESSAGE_DATA</com.eems.gpscsp.tbaws.GPSCSP_TBA_RetrieveActvMbrID_MF>
	<com.eems.gpscsp.tbaws.GPSCSP_TBA_RetrieveActvMbrID_MF intServ="EEMSIIB_GPSCSP_TBA" env="test2" override="Compute2.dataSource">E3CSP_DB</com.eems.gpscsp.tbaws.GPSCSP_TBA_RetrieveActvMbrID_MF>
	<com.eems.gpscsp.tbaws.GPSCSP_TBA_RetrieveActvMbrID_MF intServ="EEMSIIB_GPSCSP_TBA" env="test2" override="Compute3.dataSource">E3CSP_DB</com.eems.gpscsp.tbaws.GPSCSP_TBA_RetrieveActvMbrID_MF>
	<com.eems.gpscsp.tbaws.GPSCSP_TBA_RetrieveActvMbrID_MF intServ="EEMSIIB_GPSCSP_TBA" env="test2" override="EEMSIIB.GPSCSP_ISREADYTOPROCESS_IN.queueName">EEMSIIB.GPSCSP_ISREADYTOPROCESS_IN</com.eems.gpscsp.tbaws.GPSCSP_TBA_RetrieveActvMbrID_MF>
	<com.eems.gpscsp.tbaws.GPSCSP_TBA_RetrieveActvMbrID_MF intServ="EEMSIIB_GPSCSP_TBA" env="test2" override="Compute4.dataSource">E3CSP_DB</com.eems.gpscsp.tbaws.GPSCSP_TBA_RetrieveActvMbrID_MF>



	<!-- SIT Charlie-->
	<GPSCSP_TBAWS_SF intServ="EEMSIIB_GPSCSP_TBA" env="test-charlie" override="webServiceURL">https://api-int-stg.uhc.com:8444/web/ca4f/enrollment/activemembers/V2/test6</GPSCSP_TBAWS_SF>
	<GPSCSP_TBAWS_SF intServ="EEMSIIB_GPSCSP_TBA" env="test-charlie" override="SOAPRequest.sslProtocol">TLS</GPSCSP_TBAWS_SF>
	<GPSCSP_TBAWS_SF intServ="EEMSIIB_GPSCSP_TBA" env="test-charlie" override="SOAPRequest.validateMaster">none</GPSCSP_TBAWS_SF>
	<com.eems.gpscsp.tbaws.GPSCSP_TBA_RetrieveActvMbrID_MF intServ="EEMSIIB_GPSCSP_TBA" env="test-charlie" override="additionalInstances">5</com.eems.gpscsp.tbaws.GPSCSP_TBA_RetrieveActvMbrID_MF>
	<com.eems.gpscsp.tbaws.GPSCSP_TBA_RetrieveActvMbrID_MF intServ="EEMSIIB_GPSCSP_TBA" env="test-charlie" override="GlobalCacheMap">GPSCSP_Common_Map</com.eems.gpscsp.tbaws.GPSCSP_TBA_RetrieveActvMbrID_MF>
	<com.eems.gpscsp.tbaws.GPSCSP_TBA_RetrieveActvMbrID_MF intServ="EEMSIIB_GPSCSP_TBA" env="test-charlie" override="SchemaName">ELECELIG</com.eems.gpscsp.tbaws.GPSCSP_TBA_RetrieveActvMbrID_MF>
	<com.eems.gpscsp.tbaws.GPSCSP_TBA_RetrieveActvMbrID_MF intServ="EEMSIIB_GPSCSP_TBA" env="test-charlie" override="BrkConfigKey">BRK_CONFIG</com.eems.gpscsp.tbaws.GPSCSP_TBA_RetrieveActvMbrID_MF>
	<com.eems.gpscsp.tbaws.GPSCSP_TBA_RetrieveActvMbrID_MF intServ="EEMSIIB_GPSCSP_TBA" env="test-charlie" override="AuditQName">EEMSIIB.GPSCSP_COMMON_AUDITMESSAGE_DATA</com.eems.gpscsp.tbaws.GPSCSP_TBA_RetrieveActvMbrID_MF>
	<com.eems.gpscsp.tbaws.GPSCSP_TBA_RetrieveActvMbrID_MF intServ="EEMSIIB_GPSCSP_TBA" env="test-charlie" override="BECode">700</com.eems.gpscsp.tbaws.GPSCSP_TBA_RetrieveActvMbrID_MF>
	<com.eems.gpscsp.tbaws.GPSCSP_TBA_RetrieveActvMbrID_MF intServ="EEMSIIB_GPSCSP_TBA" env="test-charlie" override="ProjNumber">2</com.eems.gpscsp.tbaws.GPSCSP_TBA_RetrieveActvMbrID_MF>
	<com.eems.gpscsp.tbaws.GPSCSP_TBA_RetrieveActvMbrID_MF intServ="EEMSIIB_GPSCSP_TBA" env="test-charlie" override="CSPELIGSchemaName">CSPELIG</com.eems.gpscsp.tbaws.GPSCSP_TBA_RetrieveActvMbrID_MF>
	<com.eems.gpscsp.tbaws.GPSCSP_TBA_RetrieveActvMbrID_MF intServ="EEMSIIB_GPSCSP_TBA" env="test-charlie" override="EEMSIIB.GPSCSP_TBA_REQ_TRIGGER_IN .queueName">EEMSIIB.GPSCSP_TBA_REQ_TRIGGER_IN</com.eems.gpscsp.tbaws.GPSCSP_TBA_RetrieveActvMbrID_MF>
	<com.eems.gpscsp.tbaws.GPSCSP_TBA_RetrieveActvMbrID_MF intServ="EEMSIIB_GPSCSP_TBA" env="test-charlie" override="EEMSIIB.GPSCSP_TBA_RESP_DBLOAD_IN.queueName">EEMSIIB.GPSCSP_TBA_RESP_DBLOAD_IN</com.eems.gpscsp.tbaws.GPSCSP_TBA_RetrieveActvMbrID_MF>
	<com.eems.gpscsp.tbaws.GPSCSP_TBA_RetrieveActvMbrID_MF intServ="EEMSIIB_GPSCSP_TBA" env="test-charlie" override="Compute.dataSource">E3CSP_DB</com.eems.gpscsp.tbaws.GPSCSP_TBA_RetrieveActvMbrID_MF>
	<com.eems.gpscsp.tbaws.GPSCSP_TBA_RetrieveActvMbrID_MF intServ="EEMSIIB_GPSCSP_TBA" env="test-charlie" override="Compute1.dataSource">E3CSP_DB</com.eems.gpscsp.tbaws.GPSCSP_TBA_RetrieveActvMbrID_MF>
	<com.eems.gpscsp.tbaws.GPSCSP_TBA_RetrieveActvMbrID_MF intServ="EEMSIIB_GPSCSP_TBA" env="test-charlie" override="GPSCSP_TBAWS_SF.webServiceURL">https://api-int-stg.uhc.com:8444/web/ca4f/enrollment/activemembers/V2/test6</com.eems.gpscsp.tbaws.GPSCSP_TBA_RetrieveActvMbrID_MF>
	<com.eems.gpscsp.tbaws.GPSCSP_TBA_RetrieveActvMbrID_MF intServ="EEMSIIB_GPSCSP_TBA" env="test-charlie" override="EEMSIIB.GPSCSP_ERRORMESSAGE_DATA .queueName">EEMSIIB.GPSCSP_ERRORMESSAGE_DATA</com.eems.gpscsp.tbaws.GPSCSP_TBA_RetrieveActvMbrID_MF>
	<com.eems.gpscsp.tbaws.GPSCSP_TBA_RetrieveActvMbrID_MF intServ="EEMSIIB_GPSCSP_TBA" env="test-charlie" override="Compute2.dataSource">E3CSP_DB</com.eems.gpscsp.tbaws.GPSCSP_TBA_RetrieveActvMbrID_MF>
	<com.eems.gpscsp.tbaws.GPSCSP_TBA_RetrieveActvMbrID_MF intServ="EEMSIIB_GPSCSP_TBA" env="test-charlie" override="Compute3.dataSource">E3CSP_DB</com.eems.gpscsp.tbaws.GPSCSP_TBA_RetrieveActvMbrID_MF>
	<com.eems.gpscsp.tbaws.GPSCSP_TBA_RetrieveActvMbrID_MF intServ="EEMSIIB_GPSCSP_TBA" env="test-charlie" override="EEMSIIB.GPSCSP_ISREADYTOPROCESS_IN.queueName">EEMSIIB.GPSCSP_ISREADYTOPROCESS_IN</com.eems.gpscsp.tbaws.GPSCSP_TBA_RetrieveActvMbrID_MF>
	<com.eems.gpscsp.tbaws.GPSCSP_TBA_RetrieveActvMbrID_MF intServ="EEMSIIB_GPSCSP_TBA" env="test-charlie" override="Compute4.dataSource">E3CSP_DB</com.eems.gpscsp.tbaws.GPSCSP_TBA_RetrieveActvMbrID_MF>

	<!--UAT-->
	<GPSCSP_TBAWS_SF intServ="EEMSIIB_GPSCSP_TBA" env="uat" override="webServiceURL">https://api-int-stg.uhc.com:8444/web/ca4f/enrollment/activemembers/V2/test2</GPSCSP_TBAWS_SF>
	<GPSCSP_TBAWS_SF intServ="EEMSIIB_GPSCSP_TBA" env="uat" override="SOAPRequest.sslProtocol">TLS</GPSCSP_TBAWS_SF>
	<GPSCSP_TBAWS_SF intServ="EEMSIIB_GPSCSP_TBA" env="uat" override="SOAPRequest.validateMaster">none</GPSCSP_TBAWS_SF>
	<com.eems.gpscsp.tbaws.GPSCSP_TBA_RetrieveActvMbrID_MF intServ="EEMSIIB_GPSCSP_TBA" env="uat" override="additionalInstances">5</com.eems.gpscsp.tbaws.GPSCSP_TBA_RetrieveActvMbrID_MF>
	<com.eems.gpscsp.tbaws.GPSCSP_TBA_RetrieveActvMbrID_MF intServ="EEMSIIB_GPSCSP_TBA" env="uat" override="GlobalCacheMap">GPSCSP_Common_Map</com.eems.gpscsp.tbaws.GPSCSP_TBA_RetrieveActvMbrID_MF>
	<com.eems.gpscsp.tbaws.GPSCSP_TBA_RetrieveActvMbrID_MF intServ="EEMSIIB_GPSCSP_TBA" env="uat" override="SchemaName">ELECELIG</com.eems.gpscsp.tbaws.GPSCSP_TBA_RetrieveActvMbrID_MF>
	<com.eems.gpscsp.tbaws.GPSCSP_TBA_RetrieveActvMbrID_MF intServ="EEMSIIB_GPSCSP_TBA" env="uat" override="BrkConfigKey">BRK_CONFIG</com.eems.gpscsp.tbaws.GPSCSP_TBA_RetrieveActvMbrID_MF>
	<com.eems.gpscsp.tbaws.GPSCSP_TBA_RetrieveActvMbrID_MF intServ="EEMSIIB_GPSCSP_TBA" env="uat" override="AuditQName">EEMSIIB.GPSCSP_COMMON_AUDITMESSAGE_DATA</com.eems.gpscsp.tbaws.GPSCSP_TBA_RetrieveActvMbrID_MF>
	<com.eems.gpscsp.tbaws.GPSCSP_TBA_RetrieveActvMbrID_MF intServ="EEMSIIB_GPSCSP_TBA" env="uat" override="BECode">700</com.eems.gpscsp.tbaws.GPSCSP_TBA_RetrieveActvMbrID_MF>
	<com.eems.gpscsp.tbaws.GPSCSP_TBA_RetrieveActvMbrID_MF intServ="EEMSIIB_GPSCSP_TBA" env="uat" override="ProjNumber">2</com.eems.gpscsp.tbaws.GPSCSP_TBA_RetrieveActvMbrID_MF>
	<com.eems.gpscsp.tbaws.GPSCSP_TBA_RetrieveActvMbrID_MF intServ="EEMSIIB_GPSCSP_TBA" env="uat" override="CSPELIGSchemaName">CSPELIG</com.eems.gpscsp.tbaws.GPSCSP_TBA_RetrieveActvMbrID_MF>
	<com.eems.gpscsp.tbaws.GPSCSP_TBA_RetrieveActvMbrID_MF intServ="EEMSIIB_GPSCSP_TBA" env="uat" override="EEMSIIB.GPSCSP_TBA_REQ_TRIGGER_IN .queueName">EEMSIIB.GPSCSP_TBA_REQ_TRIGGER_IN</com.eems.gpscsp.tbaws.GPSCSP_TBA_RetrieveActvMbrID_MF>
	<com.eems.gpscsp.tbaws.GPSCSP_TBA_RetrieveActvMbrID_MF intServ="EEMSIIB_GPSCSP_TBA" env="uat" override="EEMSIIB.GPSCSP_TBA_RESP_DBLOAD_IN.queueName">EEMSIIB.GPSCSP_TBA_RESP_DBLOAD_IN</com.eems.gpscsp.tbaws.GPSCSP_TBA_RetrieveActvMbrID_MF>
	<com.eems.gpscsp.tbaws.GPSCSP_TBA_RetrieveActvMbrID_MF intServ="EEMSIIB_GPSCSP_TBA" env="uat" override="Compute.dataSource">E3CSP_DB</com.eems.gpscsp.tbaws.GPSCSP_TBA_RetrieveActvMbrID_MF>
	<com.eems.gpscsp.tbaws.GPSCSP_TBA_RetrieveActvMbrID_MF intServ="EEMSIIB_GPSCSP_TBA" env="uat" override="Compute1.dataSource">E3CSP_DB</com.eems.gpscsp.tbaws.GPSCSP_TBA_RetrieveActvMbrID_MF>
	<com.eems.gpscsp.tbaws.GPSCSP_TBA_RetrieveActvMbrID_MF intServ="EEMSIIB_GPSCSP_TBA" env="uat" override="GPSCSP_TBAWS_SF.webServiceURL">https://api-int-stg.uhc.com:8444/web/ca4f/enrollment/activemembers/V2/test2</com.eems.gpscsp.tbaws.GPSCSP_TBA_RetrieveActvMbrID_MF>
	<com.eems.gpscsp.tbaws.GPSCSP_TBA_RetrieveActvMbrID_MF intServ="EEMSIIB_GPSCSP_TBA" env="uat" override="EEMSIIB.GPSCSP_ERRORMESSAGE_DATA .queueName">EEMSIIB.GPSCSP_ERRORMESSAGE_DATA</com.eems.gpscsp.tbaws.GPSCSP_TBA_RetrieveActvMbrID_MF>
	<com.eems.gpscsp.tbaws.GPSCSP_TBA_RetrieveActvMbrID_MF intServ="EEMSIIB_GPSCSP_TBA" env="uat" override="Compute2.dataSource">E3CSP_DB</com.eems.gpscsp.tbaws.GPSCSP_TBA_RetrieveActvMbrID_MF>
	<com.eems.gpscsp.tbaws.GPSCSP_TBA_RetrieveActvMbrID_MF intServ="EEMSIIB_GPSCSP_TBA" env="uat" override="Compute3.dataSource">E3CSP_DB</com.eems.gpscsp.tbaws.GPSCSP_TBA_RetrieveActvMbrID_MF>
	<com.eems.gpscsp.tbaws.GPSCSP_TBA_RetrieveActvMbrID_MF intServ="EEMSIIB_GPSCSP_TBA" env="uat" override="EEMSIIB.GPSCSP_ISREADYTOPROCESS_IN.queueName">EEMSIIB.GPSCSP_ISREADYTOPROCESS_IN</com.eems.gpscsp.tbaws.GPSCSP_TBA_RetrieveActvMbrID_MF>
	<com.eems.gpscsp.tbaws.GPSCSP_TBA_RetrieveActvMbrID_MF intServ="EEMSIIB_GPSCSP_TBA" env="uat" override="Compute4.dataSource">E3CSP_DB</com.eems.gpscsp.tbaws.GPSCSP_TBA_RetrieveActvMbrID_MF>


	<!--UAT Bravo-->
	<GPSCSP_TBAWS_SF intServ="EEMSIIB_GPSCSP_TBA" env="uat-bravo" override="webServiceURL">https://api-int-stg.uhc.com:8443/web/ca4f/enrollment/activemembers/V1_0/test13</GPSCSP_TBAWS_SF>
	<GPSCSP_TBAWS_SF intServ="EEMSIIB_GPSCSP_TBA" env="uat-bravo" override="SOAPRequest.sslProtocol">TLS</GPSCSP_TBAWS_SF>
	<GPSCSP_TBAWS_SF intServ="EEMSIIB_GPSCSP_TBA" env="uat-bravo" override="SOAPRequest.validateMaster">none</GPSCSP_TBAWS_SF>
	<com.eems.gpscsp.tbaws.GPSCSP_TBA_RetrieveActvMbrID_MF intServ="EEMSIIB_GPSCSP_TBA" env="uat-bravo" override="additionalInstances">5</com.eems.gpscsp.tbaws.GPSCSP_TBA_RetrieveActvMbrID_MF>
	<com.eems.gpscsp.tbaws.GPSCSP_TBA_RetrieveActvMbrID_MF intServ="EEMSIIB_GPSCSP_TBA" env="uat-bravo" override="GlobalCacheMap">GPSCSP_Common_Map</com.eems.gpscsp.tbaws.GPSCSP_TBA_RetrieveActvMbrID_MF>
	<com.eems.gpscsp.tbaws.GPSCSP_TBA_RetrieveActvMbrID_MF intServ="EEMSIIB_GPSCSP_TBA" env="uat-bravo" override="SchemaName">ELECELIG</com.eems.gpscsp.tbaws.GPSCSP_TBA_RetrieveActvMbrID_MF>
	<com.eems.gpscsp.tbaws.GPSCSP_TBA_RetrieveActvMbrID_MF intServ="EEMSIIB_GPSCSP_TBA" env="uat-bravo" override="BrkConfigKey">BRK_CONFIG</com.eems.gpscsp.tbaws.GPSCSP_TBA_RetrieveActvMbrID_MF>
	<com.eems.gpscsp.tbaws.GPSCSP_TBA_RetrieveActvMbrID_MF intServ="EEMSIIB_GPSCSP_TBA" env="uat-bravo" override="AuditQName">EEMSIIB.GPSCSP_COMMON_AUDITMESSAGE_DATA</com.eems.gpscsp.tbaws.GPSCSP_TBA_RetrieveActvMbrID_MF>
	<com.eems.gpscsp.tbaws.GPSCSP_TBA_RetrieveActvMbrID_MF intServ="EEMSIIB_GPSCSP_TBA" env="uat-bravo" override="BECode">700</com.eems.gpscsp.tbaws.GPSCSP_TBA_RetrieveActvMbrID_MF>
	<com.eems.gpscsp.tbaws.GPSCSP_TBA_RetrieveActvMbrID_MF intServ="EEMSIIB_GPSCSP_TBA" env="uat-bravo" override="ProjNumber">2</com.eems.gpscsp.tbaws.GPSCSP_TBA_RetrieveActvMbrID_MF>
	<com.eems.gpscsp.tbaws.GPSCSP_TBA_RetrieveActvMbrID_MF intServ="EEMSIIB_GPSCSP_TBA" env="uat-bravo" override="CSPELIGSchemaName">CSPELIG</com.eems.gpscsp.tbaws.GPSCSP_TBA_RetrieveActvMbrID_MF>
	<com.eems.gpscsp.tbaws.GPSCSP_TBA_RetrieveActvMbrID_MF intServ="EEMSIIB_GPSCSP_TBA" env="uat-bravo" override="EEMSIIB.GPSCSP_TBA_REQ_TRIGGER_IN .queueName">EEMSIIB.GPSCSP_TBA_REQ_TRIGGER_IN</com.eems.gpscsp.tbaws.GPSCSP_TBA_RetrieveActvMbrID_MF>
	<com.eems.gpscsp.tbaws.GPSCSP_TBA_RetrieveActvMbrID_MF intServ="EEMSIIB_GPSCSP_TBA" env="uat-bravo" override="EEMSIIB.GPSCSP_TBA_RESP_DBLOAD_IN.queueName">EEMSIIB.GPSCSP_TBA_RESP_DBLOAD_IN</com.eems.gpscsp.tbaws.GPSCSP_TBA_RetrieveActvMbrID_MF>
	<com.eems.gpscsp.tbaws.GPSCSP_TBA_RetrieveActvMbrID_MF intServ="EEMSIIB_GPSCSP_TBA" env="uat-bravo" override="Compute.dataSource">E3CSP_DB</com.eems.gpscsp.tbaws.GPSCSP_TBA_RetrieveActvMbrID_MF>
	<com.eems.gpscsp.tbaws.GPSCSP_TBA_RetrieveActvMbrID_MF intServ="EEMSIIB_GPSCSP_TBA" env="uat-bravo" override="Compute1.dataSource">E3CSP_DB</com.eems.gpscsp.tbaws.GPSCSP_TBA_RetrieveActvMbrID_MF>
	<com.eems.gpscsp.tbaws.GPSCSP_TBA_RetrieveActvMbrID_MF intServ="EEMSIIB_GPSCSP_TBA" env="uat-bravo" override="GPSCSP_TBAWS_SF.webServiceURL">https://api-int-stg.uhc.com:8443/web/ca4f/enrollment/activemembers/V1_0/test13</com.eems.gpscsp.tbaws.GPSCSP_TBA_RetrieveActvMbrID_MF>
	<com.eems.gpscsp.tbaws.GPSCSP_TBA_RetrieveActvMbrID_MF intServ="EEMSIIB_GPSCSP_TBA" env="uat-bravo" override="EEMSIIB.GPSCSP_ERRORMESSAGE_DATA .queueName">EEMSIIB.GPSCSP_ERRORMESSAGE_DATA</com.eems.gpscsp.tbaws.GPSCSP_TBA_RetrieveActvMbrID_MF>
	<com.eems.gpscsp.tbaws.GPSCSP_TBA_RetrieveActvMbrID_MF intServ="EEMSIIB_GPSCSP_TBA" env="uat-bravo" override="Compute2.dataSource">E3CSP_DB</com.eems.gpscsp.tbaws.GPSCSP_TBA_RetrieveActvMbrID_MF>
	<com.eems.gpscsp.tbaws.GPSCSP_TBA_RetrieveActvMbrID_MF intServ="EEMSIIB_GPSCSP_TBA" env="uat-bravo" override="Compute3.dataSource">E3CSP_DB</com.eems.gpscsp.tbaws.GPSCSP_TBA_RetrieveActvMbrID_MF>
	<com.eems.gpscsp.tbaws.GPSCSP_TBA_RetrieveActvMbrID_MF intServ="EEMSIIB_GPSCSP_TBA" env="uat-bravo" override="EEMSIIB.GPSCSP_ISREADYTOPROCESS_IN.queueName">EEMSIIB.GPSCSP_ISREADYTOPROCESS_IN</com.eems.gpscsp.tbaws.GPSCSP_TBA_RetrieveActvMbrID_MF>
	<com.eems.gpscsp.tbaws.GPSCSP_TBA_RetrieveActvMbrID_MF intServ="EEMSIIB_GPSCSP_TBA" env="uat-bravo" override="Compute4.dataSource">E3CSP_DB</com.eems.gpscsp.tbaws.GPSCSP_TBA_RetrieveActvMbrID_MF>


	<!--UAT Charlie-->
	<GPSCSP_TBAWS_SF intServ="EEMSIIB_GPSCSP_TBA" env="uat-charlie" override="webServiceURL">https://api-int-stg.uhc.com:8443/web/ca4f/enrollment/activemembers/V1_0/test13</GPSCSP_TBAWS_SF>
	<GPSCSP_TBAWS_SF intServ="EEMSIIB_GPSCSP_TBA" env="uat-charlie" override="SOAPRequest.sslProtocol">TLS</GPSCSP_TBAWS_SF>
	<GPSCSP_TBAWS_SF intServ="EEMSIIB_GPSCSP_TBA" env="uat-charlie" override="SOAPRequest.validateMaster">none</GPSCSP_TBAWS_SF>
	<com.eems.gpscsp.tbaws.GPSCSP_TBA_RetrieveActvMbrID_MF intServ="EEMSIIB_GPSCSP_TBA" env="uat-charlie" override="additionalInstances">5</com.eems.gpscsp.tbaws.GPSCSP_TBA_RetrieveActvMbrID_MF>
	<com.eems.gpscsp.tbaws.GPSCSP_TBA_RetrieveActvMbrID_MF intServ="EEMSIIB_GPSCSP_TBA" env="uat-charlie" override="GlobalCacheMap">GPSCSP_Common_Map</com.eems.gpscsp.tbaws.GPSCSP_TBA_RetrieveActvMbrID_MF>
	<com.eems.gpscsp.tbaws.GPSCSP_TBA_RetrieveActvMbrID_MF intServ="EEMSIIB_GPSCSP_TBA" env="uat-charlie" override="SchemaName">ELECELIG</com.eems.gpscsp.tbaws.GPSCSP_TBA_RetrieveActvMbrID_MF>
	<com.eems.gpscsp.tbaws.GPSCSP_TBA_RetrieveActvMbrID_MF intServ="EEMSIIB_GPSCSP_TBA" env="uat-charlie" override="BrkConfigKey">BRK_CONFIG</com.eems.gpscsp.tbaws.GPSCSP_TBA_RetrieveActvMbrID_MF>
	<com.eems.gpscsp.tbaws.GPSCSP_TBA_RetrieveActvMbrID_MF intServ="EEMSIIB_GPSCSP_TBA" env="uat-charlie" override="AuditQName">EEMSIIB.GPSCSP_COMMON_AUDITMESSAGE_DATA</com.eems.gpscsp.tbaws.GPSCSP_TBA_RetrieveActvMbrID_MF>
	<com.eems.gpscsp.tbaws.GPSCSP_TBA_RetrieveActvMbrID_MF intServ="EEMSIIB_GPSCSP_TBA" env="uat-charlie" override="BECode">700</com.eems.gpscsp.tbaws.GPSCSP_TBA_RetrieveActvMbrID_MF>
	<com.eems.gpscsp.tbaws.GPSCSP_TBA_RetrieveActvMbrID_MF intServ="EEMSIIB_GPSCSP_TBA" env="uat-charlie" override="ProjNumber">2</com.eems.gpscsp.tbaws.GPSCSP_TBA_RetrieveActvMbrID_MF>
	<com.eems.gpscsp.tbaws.GPSCSP_TBA_RetrieveActvMbrID_MF intServ="EEMSIIB_GPSCSP_TBA" env="uat-charlie" override="CSPELIGSchemaName">CSPELIG</com.eems.gpscsp.tbaws.GPSCSP_TBA_RetrieveActvMbrID_MF>
	<com.eems.gpscsp.tbaws.GPSCSP_TBA_RetrieveActvMbrID_MF intServ="EEMSIIB_GPSCSP_TBA" env="uat-charlie" override="EEMSIIB.GPSCSP_TBA_REQ_TRIGGER_IN .queueName">EEMSIIB.GPSCSP_TBA_REQ_TRIGGER_IN</com.eems.gpscsp.tbaws.GPSCSP_TBA_RetrieveActvMbrID_MF>
	<com.eems.gpscsp.tbaws.GPSCSP_TBA_RetrieveActvMbrID_MF intServ="EEMSIIB_GPSCSP_TBA" env="uat-charlie" override="EEMSIIB.GPSCSP_TBA_RESP_DBLOAD_IN.queueName">EEMSIIB.GPSCSP_TBA_RESP_DBLOAD_IN</com.eems.gpscsp.tbaws.GPSCSP_TBA_RetrieveActvMbrID_MF>
	<com.eems.gpscsp.tbaws.GPSCSP_TBA_RetrieveActvMbrID_MF intServ="EEMSIIB_GPSCSP_TBA" env="uat-charlie" override="Compute.dataSource">E3CSP_DB</com.eems.gpscsp.tbaws.GPSCSP_TBA_RetrieveActvMbrID_MF>
	<com.eems.gpscsp.tbaws.GPSCSP_TBA_RetrieveActvMbrID_MF intServ="EEMSIIB_GPSCSP_TBA" env="uat-charlie" override="Compute1.dataSource">E3CSP_DB</com.eems.gpscsp.tbaws.GPSCSP_TBA_RetrieveActvMbrID_MF>
	<com.eems.gpscsp.tbaws.GPSCSP_TBA_RetrieveActvMbrID_MF intServ="EEMSIIB_GPSCSP_TBA" env="uat-charlie" override="GPSCSP_TBAWS_SF.webServiceURL">https://api-int-stg.uhc.com:8443/web/ca4f/enrollment/activemembers/V1_0/test13</com.eems.gpscsp.tbaws.GPSCSP_TBA_RetrieveActvMbrID_MF>
	<com.eems.gpscsp.tbaws.GPSCSP_TBA_RetrieveActvMbrID_MF intServ="EEMSIIB_GPSCSP_TBA" env="uat-charlie" override="EEMSIIB.GPSCSP_ERRORMESSAGE_DATA .queueName">EEMSIIB.GPSCSP_ERRORMESSAGE_DATA</com.eems.gpscsp.tbaws.GPSCSP_TBA_RetrieveActvMbrID_MF>
	<com.eems.gpscsp.tbaws.GPSCSP_TBA_RetrieveActvMbrID_MF intServ="EEMSIIB_GPSCSP_TBA" env="uat-charlie" override="Compute2.dataSource">E3CSP_DB</com.eems.gpscsp.tbaws.GPSCSP_TBA_RetrieveActvMbrID_MF>
	<com.eems.gpscsp.tbaws.GPSCSP_TBA_RetrieveActvMbrID_MF intServ="EEMSIIB_GPSCSP_TBA" env="uat-charlie" override="Compute3.dataSource">E3CSP_DB</com.eems.gpscsp.tbaws.GPSCSP_TBA_RetrieveActvMbrID_MF>
	<com.eems.gpscsp.tbaws.GPSCSP_TBA_RetrieveActvMbrID_MF intServ="EEMSIIB_GPSCSP_TBA" env="uat-charlie" override="EEMSIIB.GPSCSP_ISREADYTOPROCESS_IN.queueName">EEMSIIB.GPSCSP_ISREADYTOPROCESS_IN</com.eems.gpscsp.tbaws.GPSCSP_TBA_RetrieveActvMbrID_MF>
	<com.eems.gpscsp.tbaws.GPSCSP_TBA_RetrieveActvMbrID_MF intServ="EEMSIIB_GPSCSP_TBA" env="uat-charlie" override="Compute4.dataSource">E3CSP_DB</com.eems.gpscsp.tbaws.GPSCSP_TBA_RetrieveActvMbrID_MF>


	<!--STAGE-->
	<GPSCSP_TBAWS_SF intServ="EEMSIIB_GPSCSP_TBA" env="stage" override="webServiceURL">https://api-int-stg.uhc.com:8443/web/ca4f/enrollment/activemembers/V2</GPSCSP_TBAWS_SF>
	<GPSCSP_TBAWS_SF intServ="EEMSIIB_GPSCSP_TBA" env="stage" override="SOAPRequest.sslProtocol">SSL_TLSv2</GPSCSP_TBAWS_SF>
	<GPSCSP_TBAWS_SF intServ="EEMSIIB_GPSCSP_TBA" env="stage" override="SOAPRequest.validateMaster">none</GPSCSP_TBAWS_SF>
	<com.eems.gpscsp.tbaws.GPSCSP_TBA_RetrieveActvMbrID_MF intServ="EEMSIIB_GPSCSP_TBA" env="stage" override="additionalInstances">5</com.eems.gpscsp.tbaws.GPSCSP_TBA_RetrieveActvMbrID_MF>
	<com.eems.gpscsp.tbaws.GPSCSP_TBA_RetrieveActvMbrID_MF intServ="EEMSIIB_GPSCSP_TBA" env="stage" override="GlobalCacheMap">GPSCSP_Common_Map</com.eems.gpscsp.tbaws.GPSCSP_TBA_RetrieveActvMbrID_MF>
	<com.eems.gpscsp.tbaws.GPSCSP_TBA_RetrieveActvMbrID_MF intServ="EEMSIIB_GPSCSP_TBA" env="stage" override="SchemaName">ELECELIG</com.eems.gpscsp.tbaws.GPSCSP_TBA_RetrieveActvMbrID_MF>
	<com.eems.gpscsp.tbaws.GPSCSP_TBA_RetrieveActvMbrID_MF intServ="EEMSIIB_GPSCSP_TBA" env="stage" override="BrkConfigKey">BRK_CONFIG</com.eems.gpscsp.tbaws.GPSCSP_TBA_RetrieveActvMbrID_MF>
	<com.eems.gpscsp.tbaws.GPSCSP_TBA_RetrieveActvMbrID_MF intServ="EEMSIIB_GPSCSP_TBA" env="stage" override="AuditQName">EEMSIIB.GPSCSP_COMMON_AUDITMESSAGE_DATA</com.eems.gpscsp.tbaws.GPSCSP_TBA_RetrieveActvMbrID_MF>
	<com.eems.gpscsp.tbaws.GPSCSP_TBA_RetrieveActvMbrID_MF intServ="EEMSIIB_GPSCSP_TBA" env="stage" override="BECode">700</com.eems.gpscsp.tbaws.GPSCSP_TBA_RetrieveActvMbrID_MF>
	<com.eems.gpscsp.tbaws.GPSCSP_TBA_RetrieveActvMbrID_MF intServ="EEMSIIB_GPSCSP_TBA" env="stage" override="ProjNumber">2</com.eems.gpscsp.tbaws.GPSCSP_TBA_RetrieveActvMbrID_MF>
	<com.eems.gpscsp.tbaws.GPSCSP_TBA_RetrieveActvMbrID_MF intServ="EEMSIIB_GPSCSP_TBA" env="stage" override="CSPELIGSchemaName">CSPELIG</com.eems.gpscsp.tbaws.GPSCSP_TBA_RetrieveActvMbrID_MF>
	<com.eems.gpscsp.tbaws.GPSCSP_TBA_RetrieveActvMbrID_MF intServ="EEMSIIB_GPSCSP_TBA" env="stage" override="EEMSIIB.GPSCSP_TBA_REQ_TRIGGER_IN .queueName">EEMSIIB.GPSCSP_TBA_REQ_TRIGGER_IN</com.eems.gpscsp.tbaws.GPSCSP_TBA_RetrieveActvMbrID_MF>
	<com.eems.gpscsp.tbaws.GPSCSP_TBA_RetrieveActvMbrID_MF intServ="EEMSIIB_GPSCSP_TBA" env="stage" override="EEMSIIB.GPSCSP_TBA_RESP_DBLOAD_IN.queueName">EEMSIIB.GPSCSP_TBA_RESP_DBLOAD_IN</com.eems.gpscsp.tbaws.GPSCSP_TBA_RetrieveActvMbrID_MF>
	<com.eems.gpscsp.tbaws.GPSCSP_TBA_RetrieveActvMbrID_MF intServ="EEMSIIB_GPSCSP_TBA" env="stage" override="Compute.dataSource">E3CSP_DB</com.eems.gpscsp.tbaws.GPSCSP_TBA_RetrieveActvMbrID_MF>
	<com.eems.gpscsp.tbaws.GPSCSP_TBA_RetrieveActvMbrID_MF intServ="EEMSIIB_GPSCSP_TBA" env="stage" override="Compute1.dataSource">E3CSP_DB</com.eems.gpscsp.tbaws.GPSCSP_TBA_RetrieveActvMbrID_MF>
	<com.eems.gpscsp.tbaws.GPSCSP_TBA_RetrieveActvMbrID_MF intServ="EEMSIIB_GPSCSP_TBA" env="stage" override="GPSCSP_TBAWS_SF.webServiceURL">https://api-int-stg.uhc.com:8443/web/ca4f/enrollment/activemembers/V2</com.eems.gpscsp.tbaws.GPSCSP_TBA_RetrieveActvMbrID_MF>
	<com.eems.gpscsp.tbaws.GPSCSP_TBA_RetrieveActvMbrID_MF intServ="EEMSIIB_GPSCSP_TBA" env="stage" override="EEMSIIB.GPSCSP_ERRORMESSAGE_DATA .queueName">EEMSIIB.GPSCSP_ERRORMESSAGE_DATA</com.eems.gpscsp.tbaws.GPSCSP_TBA_RetrieveActvMbrID_MF>
	<com.eems.gpscsp.tbaws.GPSCSP_TBA_RetrieveActvMbrID_MF intServ="EEMSIIB_GPSCSP_TBA" env="stage" override="Compute2.dataSource">E3CSP_DB</com.eems.gpscsp.tbaws.GPSCSP_TBA_RetrieveActvMbrID_MF>
	<com.eems.gpscsp.tbaws.GPSCSP_TBA_RetrieveActvMbrID_MF intServ="EEMSIIB_GPSCSP_TBA" env="stage" override="Compute3.dataSource">E3CSP_DB</com.eems.gpscsp.tbaws.GPSCSP_TBA_RetrieveActvMbrID_MF>
	<com.eems.gpscsp.tbaws.GPSCSP_TBA_RetrieveActvMbrID_MF intServ="EEMSIIB_GPSCSP_TBA" env="stage" override="EEMSIIB.GPSCSP_ISREADYTOPROCESS_IN.queueName">EEMSIIB.GPSCSP_ISREADYTOPROCESS_IN</com.eems.gpscsp.tbaws.GPSCSP_TBA_RetrieveActvMbrID_MF>
	<com.eems.gpscsp.tbaws.GPSCSP_TBA_RetrieveActvMbrID_MF intServ="EEMSIIB_GPSCSP_TBA" env="stage" override="Compute4.dataSource">E3CSP_DB</com.eems.gpscsp.tbaws.GPSCSP_TBA_RetrieveActvMbrID_MF>

	<!--ADOPT-->
	<GPSCSP_TBAWS_SF intServ="EEMSIIB_GPSCSP_TBA" env="adopt" override="webServiceURL">https://api-int-stg.uhc.com:8443/web/ca4f/enrollment/activemembers/V2</GPSCSP_TBAWS_SF>
	<GPSCSP_TBAWS_SF intServ="EEMSIIB_GPSCSP_TBA" env="adopt" override="SOAPRequest.sslProtocol">SSL_TLSv2</GPSCSP_TBAWS_SF>
	<GPSCSP_TBAWS_SF intServ="EEMSIIB_GPSCSP_TBA" env="adopt" override="SOAPRequest.validateMaster">none</GPSCSP_TBAWS_SF>
	<com.eems.gpscsp.tbaws.GPSCSP_TBA_RetrieveActvMbrID_MF intServ="EEMSIIB_GPSCSP_TBA" env="adopt" override="additionalInstances">5</com.eems.gpscsp.tbaws.GPSCSP_TBA_RetrieveActvMbrID_MF>
	<com.eems.gpscsp.tbaws.GPSCSP_TBA_RetrieveActvMbrID_MF intServ="EEMSIIB_GPSCSP_TBA" env="adopt" override="GlobalCacheMap">GPSCSP_Common_Map</com.eems.gpscsp.tbaws.GPSCSP_TBA_RetrieveActvMbrID_MF>
	<com.eems.gpscsp.tbaws.GPSCSP_TBA_RetrieveActvMbrID_MF intServ="EEMSIIB_GPSCSP_TBA" env="adopt" override="SchemaName">ELECELIG</com.eems.gpscsp.tbaws.GPSCSP_TBA_RetrieveActvMbrID_MF>
	<com.eems.gpscsp.tbaws.GPSCSP_TBA_RetrieveActvMbrID_MF intServ="EEMSIIB_GPSCSP_TBA" env="adopt" override="BrkConfigKey">BRK_CONFIG</com.eems.gpscsp.tbaws.GPSCSP_TBA_RetrieveActvMbrID_MF>
	<com.eems.gpscsp.tbaws.GPSCSP_TBA_RetrieveActvMbrID_MF intServ="EEMSIIB_GPSCSP_TBA" env="adopt" override="AuditQName">EEMSIIB.ADP.GPSCSP_COMMON_AUDITMESSAGE_DATA</com.eems.gpscsp.tbaws.GPSCSP_TBA_RetrieveActvMbrID_MF>
	<com.eems.gpscsp.tbaws.GPSCSP_TBA_RetrieveActvMbrID_MF intServ="EEMSIIB_GPSCSP_TBA" env="adopt" override="BECode">700</com.eems.gpscsp.tbaws.GPSCSP_TBA_RetrieveActvMbrID_MF>
	<com.eems.gpscsp.tbaws.GPSCSP_TBA_RetrieveActvMbrID_MF intServ="EEMSIIB_GPSCSP_TBA" env="adopt" override="ProjNumber">2</com.eems.gpscsp.tbaws.GPSCSP_TBA_RetrieveActvMbrID_MF>
	<com.eems.gpscsp.tbaws.GPSCSP_TBA_RetrieveActvMbrID_MF intServ="EEMSIIB_GPSCSP_TBA" env="adopt" override="CSPELIGSchemaName">CSPELIG</com.eems.gpscsp.tbaws.GPSCSP_TBA_RetrieveActvMbrID_MF>
	<com.eems.gpscsp.tbaws.GPSCSP_TBA_RetrieveActvMbrID_MF intServ="EEMSIIB_GPSCSP_TBA" env="adopt" override="EEMSIIB.GPSCSP_TBA_REQ_TRIGGER_IN .queueName">EEMSIIB.ADP.GPSCSP_TBA_REQ_TRIGGER_IN</com.eems.gpscsp.tbaws.GPSCSP_TBA_RetrieveActvMbrID_MF>
	<com.eems.gpscsp.tbaws.GPSCSP_TBA_RetrieveActvMbrID_MF intServ="EEMSIIB_GPSCSP_TBA" env="adopt" override="EEMSIIB.GPSCSP_TBA_RESP_DBLOAD_IN.queueName">EEMSIIB.ADP.GPSCSP_TBA_RESP_DBLOAD_IN</com.eems.gpscsp.tbaws.GPSCSP_TBA_RetrieveActvMbrID_MF>
	<com.eems.gpscsp.tbaws.GPSCSP_TBA_RetrieveActvMbrID_MF intServ="EEMSIIB_GPSCSP_TBA" env="adopt" override="Compute.dataSource">E3CSP_DB</com.eems.gpscsp.tbaws.GPSCSP_TBA_RetrieveActvMbrID_MF>
	<com.eems.gpscsp.tbaws.GPSCSP_TBA_RetrieveActvMbrID_MF intServ="EEMSIIB_GPSCSP_TBA" env="adopt" override="Compute1.dataSource">E3CSP_DB</com.eems.gpscsp.tbaws.GPSCSP_TBA_RetrieveActvMbrID_MF>
	<com.eems.gpscsp.tbaws.GPSCSP_TBA_RetrieveActvMbrID_MF intServ="EEMSIIB_GPSCSP_TBA" env="adopt" override="GPSCSP_TBAWS_SF.webServiceURL">https://api-int-stg.uhc.com:8443/web/ca4f/enrollment/activemembers/V2</com.eems.gpscsp.tbaws.GPSCSP_TBA_RetrieveActvMbrID_MF>
	<com.eems.gpscsp.tbaws.GPSCSP_TBA_RetrieveActvMbrID_MF intServ="EEMSIIB_GPSCSP_TBA" env="adopt" override="EEMSIIB.GPSCSP_ERRORMESSAGE_DATA .queueName">EEMSIIB.ADP.GPSCSP_ERRORMESSAGE_DATA</com.eems.gpscsp.tbaws.GPSCSP_TBA_RetrieveActvMbrID_MF>
	<com.eems.gpscsp.tbaws.GPSCSP_TBA_RetrieveActvMbrID_MF intServ="EEMSIIB_GPSCSP_TBA" env="adopt" override="Compute2.dataSource">E3CSP_DB</com.eems.gpscsp.tbaws.GPSCSP_TBA_RetrieveActvMbrID_MF>
	<com.eems.gpscsp.tbaws.GPSCSP_TBA_RetrieveActvMbrID_MF intServ="EEMSIIB_GPSCSP_TBA" env="adopt" override="Compute3.dataSource">E3CSP_DB</com.eems.gpscsp.tbaws.GPSCSP_TBA_RetrieveActvMbrID_MF>
	<com.eems.gpscsp.tbaws.GPSCSP_TBA_RetrieveActvMbrID_MF intServ="EEMSIIB_GPSCSP_TBA" env="adopt" override="EEMSIIB.GPSCSP_ISREADYTOPROCESS_IN.queueName">EEMSIIB.ADP.GPSCSP_ISREADYTOPROCESS_IN</com.eems.gpscsp.tbaws.GPSCSP_TBA_RetrieveActvMbrID_MF>
	<com.eems.gpscsp.tbaws.GPSCSP_TBA_RetrieveActvMbrID_MF intServ="EEMSIIB_GPSCSP_TBA" env="adopt" override="Compute4.dataSource">E3CSP_DB</com.eems.gpscsp.tbaws.GPSCSP_TBA_RetrieveActvMbrID_MF>

	<!--PROD-->
	<GPSCSP_TBAWS_SF intServ="EEMSIIB_GPSCSP_TBA" env="prod" override="webServiceURL">https://api-int.uhc.com:8443/web/ca4f/enrollment/activemembers/V2</GPSCSP_TBAWS_SF>
	<GPSCSP_TBAWS_SF intServ="EEMSIIB_GPSCSP_TBA" env="prod" override="SOAPRequest.sslProtocol">SSL_TLSv2</GPSCSP_TBAWS_SF>
	<GPSCSP_TBAWS_SF intServ="EEMSIIB_GPSCSP_TBA" env="prod" override="SOAPRequest.validateMaster">none</GPSCSP_TBAWS_SF>
	<com.eems.gpscsp.tbaws.GPSCSP_TBA_RetrieveActvMbrID_MF intServ="EEMSIIB_GPSCSP_TBA" env="prod" override="additionalInstances">5</com.eems.gpscsp.tbaws.GPSCSP_TBA_RetrieveActvMbrID_MF>
	<com.eems.gpscsp.tbaws.GPSCSP_TBA_RetrieveActvMbrID_MF intServ="EEMSIIB_GPSCSP_TBA" env="prod" override="GlobalCacheMap">GPSCSP_Common_Map</com.eems.gpscsp.tbaws.GPSCSP_TBA_RetrieveActvMbrID_MF>
	<com.eems.gpscsp.tbaws.GPSCSP_TBA_RetrieveActvMbrID_MF intServ="EEMSIIB_GPSCSP_TBA" env="prod" override="SchemaName">ELECELIG</com.eems.gpscsp.tbaws.GPSCSP_TBA_RetrieveActvMbrID_MF>
	<com.eems.gpscsp.tbaws.GPSCSP_TBA_RetrieveActvMbrID_MF intServ="EEMSIIB_GPSCSP_TBA" env="prod" override="BrkConfigKey">BRK_CONFIG</com.eems.gpscsp.tbaws.GPSCSP_TBA_RetrieveActvMbrID_MF>
	<com.eems.gpscsp.tbaws.GPSCSP_TBA_RetrieveActvMbrID_MF intServ="EEMSIIB_GPSCSP_TBA" env="prod" override="AuditQName">EEMSIIB.GPSCSP_COMMON_AUDITMESSAGE_DATA</com.eems.gpscsp.tbaws.GPSCSP_TBA_RetrieveActvMbrID_MF>
	<com.eems.gpscsp.tbaws.GPSCSP_TBA_RetrieveActvMbrID_MF intServ="EEMSIIB_GPSCSP_TBA" env="prod" override="BECode">700</com.eems.gpscsp.tbaws.GPSCSP_TBA_RetrieveActvMbrID_MF>
	<com.eems.gpscsp.tbaws.GPSCSP_TBA_RetrieveActvMbrID_MF intServ="EEMSIIB_GPSCSP_TBA" env="prod" override="ProjNumber">2</com.eems.gpscsp.tbaws.GPSCSP_TBA_RetrieveActvMbrID_MF>
	<com.eems.gpscsp.tbaws.GPSCSP_TBA_RetrieveActvMbrID_MF intServ="EEMSIIB_GPSCSP_TBA" env="prod" override="CSPELIGSchemaName">CSPELIG</com.eems.gpscsp.tbaws.GPSCSP_TBA_RetrieveActvMbrID_MF>
	<com.eems.gpscsp.tbaws.GPSCSP_TBA_RetrieveActvMbrID_MF intServ="EEMSIIB_GPSCSP_TBA" env="prod" override="EEMSIIB.GPSCSP_TBA_REQ_TRIGGER_IN .queueName">EEMSIIB.GPSCSP_TBA_REQ_TRIGGER_IN</com.eems.gpscsp.tbaws.GPSCSP_TBA_RetrieveActvMbrID_MF>
	<com.eems.gpscsp.tbaws.GPSCSP_TBA_RetrieveActvMbrID_MF intServ="EEMSIIB_GPSCSP_TBA" env="prod" override="EEMSIIB.GPSCSP_TBA_RESP_DBLOAD_IN.queueName">EEMSIIB.GPSCSP_TBA_RESP_DBLOAD_IN</com.eems.gpscsp.tbaws.GPSCSP_TBA_RetrieveActvMbrID_MF>
	<com.eems.gpscsp.tbaws.GPSCSP_TBA_RetrieveActvMbrID_MF intServ="EEMSIIB_GPSCSP_TBA" env="prod" override="Compute.dataSource">E3CSP_DB</com.eems.gpscsp.tbaws.GPSCSP_TBA_RetrieveActvMbrID_MF>
	<com.eems.gpscsp.tbaws.GPSCSP_TBA_RetrieveActvMbrID_MF intServ="EEMSIIB_GPSCSP_TBA" env="prod" override="Compute1.dataSource">E3CSP_DB</com.eems.gpscsp.tbaws.GPSCSP_TBA_RetrieveActvMbrID_MF>
	<com.eems.gpscsp.tbaws.GPSCSP_TBA_RetrieveActvMbrID_MF intServ="EEMSIIB_GPSCSP_TBA" env="prod" override="GPSCSP_TBAWS_SF.webServiceURL">https://api-int.uhc.com:8443/web/ca4f/enrollment/activemembers/V2</com.eems.gpscsp.tbaws.GPSCSP_TBA_RetrieveActvMbrID_MF>
	<com.eems.gpscsp.tbaws.GPSCSP_TBA_RetrieveActvMbrID_MF intServ="EEMSIIB_GPSCSP_TBA" env="prod" override="EEMSIIB.GPSCSP_ERRORMESSAGE_DATA .queueName">EEMSIIB.GPSCSP_ERRORMESSAGE_DATA</com.eems.gpscsp.tbaws.GPSCSP_TBA_RetrieveActvMbrID_MF>
	<com.eems.gpscsp.tbaws.GPSCSP_TBA_RetrieveActvMbrID_MF intServ="EEMSIIB_GPSCSP_TBA" env="prod" override="Compute2.dataSource">E3CSP_DB</com.eems.gpscsp.tbaws.GPSCSP_TBA_RetrieveActvMbrID_MF>
	<com.eems.gpscsp.tbaws.GPSCSP_TBA_RetrieveActvMbrID_MF intServ="EEMSIIB_GPSCSP_TBA" env="prod" override="Compute3.dataSource">E3CSP_DB</com.eems.gpscsp.tbaws.GPSCSP_TBA_RetrieveActvMbrID_MF>
	<com.eems.gpscsp.tbaws.GPSCSP_TBA_RetrieveActvMbrID_MF intServ="EEMSIIB_GPSCSP_TBA" env="prod" override="EEMSIIB.GPSCSP_ISREADYTOPROCESS_IN.queueName">EEMSIIB.GPSCSP_ISREADYTOPROCESS_IN</com.eems.gpscsp.tbaws.GPSCSP_TBA_RetrieveActvMbrID_MF>
	<com.eems.gpscsp.tbaws.GPSCSP_TBA_RetrieveActvMbrID_MF intServ="EEMSIIB_GPSCSP_TBA" env="prod" override="Compute4.dataSource">E3CSP_DB</com.eems.gpscsp.tbaws.GPSCSP_TBA_RetrieveActvMbrID_MF>

</Broker>