<?xml version="1.0" encoding="UTF-8"?>
<Broker>
	<com.gpscsp.tba.GPSCSP_TBA_GetSbscrId_MF intServ="EEMSIIB_GPSCSP_TBA" env="dev" override="additionalInstances">5</com.gpscsp.tba.GPSCSP_TBA_GetSbscrId_MF>
	<com.gpscsp.tba.GPSCSP_TBA_GetSbscrId_MF intServ="EEMSIIB_GPSCSP_TBA" env="dev" override="BrkConfigKey">BRK_CONFIG</com.gpscsp.tba.GPSCSP_TBA_GetSbscrId_MF>
	<com.gpscsp.tba.GPSCSP_TBA_GetSbscrId_MF intServ="EEMSIIB_GPSCSP_TBA" env="dev" override="SchemaName">ELECELIG</com.gpscsp.tba.GPSCSP_TBA_GetSbscrId_MF>
	<com.gpscsp.tba.GPSCSP_TBA_GetSbscrId_MF intServ="EEMSIIB_GPSCSP_TBA" env="dev" override="GlobalCacheMap">GPSCSP_Common_Map</com.gpscsp.tba.GPSCSP_TBA_GetSbscrId_MF>
	<com.gpscsp.tba.GPSCSP_TBA_GetSbscrId_MF intServ="EEMSIIB_GPSCSP_TBA" env="dev" override="GPSCSP_Source_Map">GPSCSP_Source_Map</com.gpscsp.tba.GPSCSP_TBA_GetSbscrId_MF>
	<com.gpscsp.tba.GPSCSP_TBA_GetSbscrId_MF intServ="EEMSIIB_GPSCSP_TBA" env="dev" override="CH_brkrList">BKMBT11</com.gpscsp.tba.GPSCSP_TBA_GetSbscrId_MF>
	<com.gpscsp.tba.GPSCSP_TBA_GetSbscrId_MF intServ="EEMSIIB_GPSCSP_TBA" env="dev" override="CH_brkrCount">1</com.gpscsp.tba.GPSCSP_TBA_GetSbscrId_MF>
	<com.gpscsp.tba.GPSCSP_TBA_GetSbscrId_MF intServ="EEMSIIB_GPSCSP_TBA" env="dev" override="AuditQName">EEMSIIB.GPSCSP_COMMON_AUDITMESSAGE_DATA</com.gpscsp.tba.GPSCSP_TBA_GetSbscrId_MF>
	<com.gpscsp.tba.GPSCSP_TBA_GetSbscrId_MF intServ="EEMSIIB_GPSCSP_TBA" env="dev" override="BECode">700</com.gpscsp.tba.GPSCSP_TBA_GetSbscrId_MF>
	<com.gpscsp.tba.GPSCSP_TBA_GetSbscrId_MF intServ="EEMSIIB_GPSCSP_TBA" env="dev" override="ProjNumber">2</com.gpscsp.tba.GPSCSP_TBA_GetSbscrId_MF>
	<com.gpscsp.tba.GPSCSP_TBA_GetSbscrId_MF intServ="EEMSIIB_GPSCSP_TBA" env="dev" override="EEMSIIB_GPSCSP_TBA_GetSbscrId_IN.queueName">EEMSIIB.GPSCSP_TBA_GETSBCRID_IN</com.gpscsp.tba.GPSCSP_TBA_GetSbscrId_MF>
	<com.gpscsp.tba.GPSCSP_TBA_GetSbscrId_MF intServ="EEMSIIB_GPSCSP_TBA" env="dev" override="EEMSIIB.GPSCSP_SOURCE_CSP_IN.queueName">EEMSIIB.GPSCSP_SOURCE_CSP_IN</com.gpscsp.tba.GPSCSP_TBA_GetSbscrId_MF>
	<com.gpscsp.tba.GPSCSP_TBA_GetSbscrId_MF intServ="EEMSIIB_GPSCSP_TBA" env="dev" override="EEMSIIB_GPSCSP_TBA_GetSbscrId.dataSource">E3CSP_DB</com.gpscsp.tba.GPSCSP_TBA_GetSbscrId_MF>
	<com.gpscsp.tba.GPSCSP_TBA_GetSbscrId_MF intServ="EEMSIIB_GPSCSP_TBA" env="dev" override="EEMSIIB.GPSCSP_ISREADYTOPROCESS_IN.queueName">EEMSIIB.GPSCSP_ISREADYTOPROCESS_IN</com.gpscsp.tba.GPSCSP_TBA_GetSbscrId_MF>
	<com.gpscsp.tba.GPSCSP_TBA_GetSbscrId_MF intServ="EEMSIIB_GPSCSP_TBA" env="dev" override="EEMSIIB.GPSCSP_ERRORMESSAGE_DATA.queueName">EEMSIIB.GPSCSP_ERRORMESSAGE_DATA</com.gpscsp.tba.GPSCSP_TBA_GetSbscrId_MF>

	<!-- SIT -->
	<com.gpscsp.tba.GPSCSP_TBA_GetSbscrId_MF intServ="EEMSIIB_GPSCSP_TBA" env="test" override="additionalInstances">5</com.gpscsp.tba.GPSCSP_TBA_GetSbscrId_MF>
	<com.gpscsp.tba.GPSCSP_TBA_GetSbscrId_MF intServ="EEMSIIB_GPSCSP_TBA" env="test" override="BrkConfigKey">BRK_CONFIG</com.gpscsp.tba.GPSCSP_TBA_GetSbscrId_MF>
	<com.gpscsp.tba.GPSCSP_TBA_GetSbscrId_MF intServ="EEMSIIB_GPSCSP_TBA" env="test" override="SchemaName">ELECELIG</com.gpscsp.tba.GPSCSP_TBA_GetSbscrId_MF>
	<com.gpscsp.tba.GPSCSP_TBA_GetSbscrId_MF intServ="EEMSIIB_GPSCSP_TBA" env="test" override="GlobalCacheMap">GPSCSP_Common_Map</com.gpscsp.tba.GPSCSP_TBA_GetSbscrId_MF>
	<com.gpscsp.tba.GPSCSP_TBA_GetSbscrId_MF intServ="EEMSIIB_GPSCSP_TBA" env="test" override="GPSCSP_Source_Map">GPSCSP_Source_Map</com.gpscsp.tba.GPSCSP_TBA_GetSbscrId_MF>
	<com.gpscsp.tba.GPSCSP_TBA_GetSbscrId_MF intServ="EEMSIIB_GPSCSP_TBA" env="test" override="CH_brkrList">BKMBS11</com.gpscsp.tba.GPSCSP_TBA_GetSbscrId_MF>
	<com.gpscsp.tba.GPSCSP_TBA_GetSbscrId_MF intServ="EEMSIIB_GPSCSP_TBA" env="test" override="CH_brkrCount">1</com.gpscsp.tba.GPSCSP_TBA_GetSbscrId_MF>
	<com.gpscsp.tba.GPSCSP_TBA_GetSbscrId_MF intServ="EEMSIIB_GPSCSP_TBA" env="test" override="AuditQName">EEMSIIB.GPSCSP_COMMON_AUDITMESSAGE_DATA</com.gpscsp.tba.GPSCSP_TBA_GetSbscrId_MF>
	<com.gpscsp.tba.GPSCSP_TBA_GetSbscrId_MF intServ="EEMSIIB_GPSCSP_TBA" env="test" override="BECode">700</com.gpscsp.tba.GPSCSP_TBA_GetSbscrId_MF>
	<com.gpscsp.tba.GPSCSP_TBA_GetSbscrId_MF intServ="EEMSIIB_GPSCSP_TBA" env="test" override="ProjNumber">2</com.gpscsp.tba.GPSCSP_TBA_GetSbscrId_MF>
	<com.gpscsp.tba.GPSCSP_TBA_GetSbscrId_MF intServ="EEMSIIB_GPSCSP_TBA" env="test" override="EEMSIIB_GPSCSP_TBA_GetSbscrId_IN.queueName">EEMSIIB.GPSCSP_TBA_GETSBCRID_IN</com.gpscsp.tba.GPSCSP_TBA_GetSbscrId_MF>
	<com.gpscsp.tba.GPSCSP_TBA_GetSbscrId_MF intServ="EEMSIIB_GPSCSP_TBA" env="test" override="EEMSIIB.GPSCSP_SOURCE_CSP_IN.queueName">EEMSIIB.GPSCSP_SOURCE_CSP_IN</com.gpscsp.tba.GPSCSP_TBA_GetSbscrId_MF>
	<com.gpscsp.tba.GPSCSP_TBA_GetSbscrId_MF intServ="EEMSIIB_GPSCSP_TBA" env="test" override="EEMSIIB_GPSCSP_TBA_GetSbscrId.dataSource">E3CSP_DB</com.gpscsp.tba.GPSCSP_TBA_GetSbscrId_MF>
	<com.gpscsp.tba.GPSCSP_TBA_GetSbscrId_MF intServ="EEMSIIB_GPSCSP_TBA" env="test" override="EEMSIIB.GPSCSP_ISREADYTOPROCESS_IN.queueName">EEMSIIB.GPSCSP_ISREADYTOPROCESS_IN</com.gpscsp.tba.GPSCSP_TBA_GetSbscrId_MF>
	<com.gpscsp.tba.GPSCSP_TBA_GetSbscrId_MF intServ="EEMSIIB_GPSCSP_TBA" env="test" override="EEMSIIB.GPSCSP_ERRORMESSAGE_DATA.queueName">EEMSIIB.GPSCSP_ERRORMESSAGE_DATA</com.gpscsp.tba.GPSCSP_TBA_GetSbscrId_MF>

	<!-- SIT Bravo-->
	<com.gpscsp.tba.GPSCSP_TBA_GetSbscrId_MF intServ="EEMSIIB_GPSCSP_TBA" env="test2" override="additionalInstances">5</com.gpscsp.tba.GPSCSP_TBA_GetSbscrId_MF>
	<com.gpscsp.tba.GPSCSP_TBA_GetSbscrId_MF intServ="EEMSIIB_GPSCSP_TBA" env="test2" override="BrkConfigKey">BRK_CONFIG</com.gpscsp.tba.GPSCSP_TBA_GetSbscrId_MF>
	<com.gpscsp.tba.GPSCSP_TBA_GetSbscrId_MF intServ="EEMSIIB_GPSCSP_TBA" env="test2" override="SchemaName">ELECELIG</com.gpscsp.tba.GPSCSP_TBA_GetSbscrId_MF>
	<com.gpscsp.tba.GPSCSP_TBA_GetSbscrId_MF intServ="EEMSIIB_GPSCSP_TBA" env="test2" override="GlobalCacheMap">GPSCSP_Common_Map</com.gpscsp.tba.GPSCSP_TBA_GetSbscrId_MF>
	<com.gpscsp.tba.GPSCSP_TBA_GetSbscrId_MF intServ="EEMSIIB_GPSCSP_TBA" env="test2" override="GPSCSP_Source_Map">GPSCSP_Source_Map</com.gpscsp.tba.GPSCSP_TBA_GetSbscrId_MF>
	<com.gpscsp.tba.GPSCSP_TBA_GetSbscrId_MF intServ="EEMSIIB_GPSCSP_TBA" env="test2" override="CH_brkrList">BKMBS12</com.gpscsp.tba.GPSCSP_TBA_GetSbscrId_MF>
	<com.gpscsp.tba.GPSCSP_TBA_GetSbscrId_MF intServ="EEMSIIB_GPSCSP_TBA" env="test2" override="CH_brkrCount">1</com.gpscsp.tba.GPSCSP_TBA_GetSbscrId_MF>
	<com.gpscsp.tba.GPSCSP_TBA_GetSbscrId_MF intServ="EEMSIIB_GPSCSP_TBA" env="test2" override="AuditQName">EEMSIIB.GPSCSP_COMMON_AUDITMESSAGE_DATA</com.gpscsp.tba.GPSCSP_TBA_GetSbscrId_MF>
	<com.gpscsp.tba.GPSCSP_TBA_GetSbscrId_MF intServ="EEMSIIB_GPSCSP_TBA" env="test2" override="BECode">700</com.gpscsp.tba.GPSCSP_TBA_GetSbscrId_MF>
	<com.gpscsp.tba.GPSCSP_TBA_GetSbscrId_MF intServ="EEMSIIB_GPSCSP_TBA" env="test2" override="ProjNumber">2</com.gpscsp.tba.GPSCSP_TBA_GetSbscrId_MF>
	<com.gpscsp.tba.GPSCSP_TBA_GetSbscrId_MF intServ="EEMSIIB_GPSCSP_TBA" env="test2" override="EEMSIIB_GPSCSP_TBA_GetSbscrId_IN.queueName">EEMSIIB.GPSCSP_TBA_GETSBCRID_IN</com.gpscsp.tba.GPSCSP_TBA_GetSbscrId_MF>
	<com.gpscsp.tba.GPSCSP_TBA_GetSbscrId_MF intServ="EEMSIIB_GPSCSP_TBA" env="test2" override="EEMSIIB.GPSCSP_SOURCE_CSP_IN.queueName">EEMSIIB.GPSCSP_SOURCE_CSP_IN</com.gpscsp.tba.GPSCSP_TBA_GetSbscrId_MF>
	<com.gpscsp.tba.GPSCSP_TBA_GetSbscrId_MF intServ="EEMSIIB_GPSCSP_TBA" env="test2" override="EEMSIIB_GPSCSP_TBA_GetSbscrId.dataSource">E3CSP_DB</com.gpscsp.tba.GPSCSP_TBA_GetSbscrId_MF>
	<com.gpscsp.tba.GPSCSP_TBA_GetSbscrId_MF intServ="EEMSIIB_GPSCSP_TBA" env="test2" override="EEMSIIB.GPSCSP_ISREADYTOPROCESS_IN.queueName">EEMSIIB.GPSCSP_ISREADYTOPROCESS_IN</com.gpscsp.tba.GPSCSP_TBA_GetSbscrId_MF>
	<com.gpscsp.tba.GPSCSP_TBA_GetSbscrId_MF intServ="EEMSIIB_GPSCSP_TBA" env="test2" override="EEMSIIB.GPSCSP_ERRORMESSAGE_DATA.queueName">EEMSIIB.GPSCSP_ERRORMESSAGE_DATA</com.gpscsp.tba.GPSCSP_TBA_GetSbscrId_MF>



	<!-- SIT Charlie-->
	<com.gpscsp.tba.GPSCSP_TBA_GetSbscrId_MF intServ="EEMSIIB_GPSCSP_TBA" env="test-charlie" override="additionalInstances">5</com.gpscsp.tba.GPSCSP_TBA_GetSbscrId_MF>
	<com.gpscsp.tba.GPSCSP_TBA_GetSbscrId_MF intServ="EEMSIIB_GPSCSP_TBA" env="test-charlie" override="BrkConfigKey">BRK_CONFIG</com.gpscsp.tba.GPSCSP_TBA_GetSbscrId_MF>
	<com.gpscsp.tba.GPSCSP_TBA_GetSbscrId_MF intServ="EEMSIIB_GPSCSP_TBA" env="test-charlie" override="SchemaName">ELECELIG</com.gpscsp.tba.GPSCSP_TBA_GetSbscrId_MF>
	<com.gpscsp.tba.GPSCSP_TBA_GetSbscrId_MF intServ="EEMSIIB_GPSCSP_TBA" env="test-charlie" override="GlobalCacheMap">GPSCSP_Common_Map</com.gpscsp.tba.GPSCSP_TBA_GetSbscrId_MF>
	<com.gpscsp.tba.GPSCSP_TBA_GetSbscrId_MF intServ="EEMSIIB_GPSCSP_TBA" env="test-charlie" override="GPSCSP_Source_Map">GPSCSP_Source_Map</com.gpscsp.tba.GPSCSP_TBA_GetSbscrId_MF>
	<com.gpscsp.tba.GPSCSP_TBA_GetSbscrId_MF intServ="EEMSIIB_GPSCSP_TBA" env="test-charlie" override="CH_brkrList">BKMBS11</com.gpscsp.tba.GPSCSP_TBA_GetSbscrId_MF>
	<com.gpscsp.tba.GPSCSP_TBA_GetSbscrId_MF intServ="EEMSIIB_GPSCSP_TBA" env="test-charlie" override="CH_brkrCount">1</com.gpscsp.tba.GPSCSP_TBA_GetSbscrId_MF>
	<com.gpscsp.tba.GPSCSP_TBA_GetSbscrId_MF intServ="EEMSIIB_GPSCSP_TBA" env="test-charlie" override="AuditQName">EEMSIIB.GPSCSP_COMMON_AUDITMESSAGE_DATA</com.gpscsp.tba.GPSCSP_TBA_GetSbscrId_MF>
	<com.gpscsp.tba.GPSCSP_TBA_GetSbscrId_MF intServ="EEMSIIB_GPSCSP_TBA" env="test-charlie" override="BECode">700</com.gpscsp.tba.GPSCSP_TBA_GetSbscrId_MF>
	<com.gpscsp.tba.GPSCSP_TBA_GetSbscrId_MF intServ="EEMSIIB_GPSCSP_TBA" env="test-charlie" override="ProjNumber">2</com.gpscsp.tba.GPSCSP_TBA_GetSbscrId_MF>
	<com.gpscsp.tba.GPSCSP_TBA_GetSbscrId_MF intServ="EEMSIIB_GPSCSP_TBA" env="test-charlie" override="EEMSIIB_GPSCSP_TBA_GetSbscrId_IN.queueName">EEMSIIB.GPSCSP_TBA_GETSBCRID_IN</com.gpscsp.tba.GPSCSP_TBA_GetSbscrId_MF>
	<com.gpscsp.tba.GPSCSP_TBA_GetSbscrId_MF intServ="EEMSIIB_GPSCSP_TBA" env="test-charlie" override="EEMSIIB.GPSCSP_SOURCE_CSP_IN.queueName">EEMSIIB.GPSCSP_SOURCE_CSP_IN</com.gpscsp.tba.GPSCSP_TBA_GetSbscrId_MF>
	<com.gpscsp.tba.GPSCSP_TBA_GetSbscrId_MF intServ="EEMSIIB_GPSCSP_TBA" env="test-charlie" override="EEMSIIB_GPSCSP_TBA_GetSbscrId.dataSource">E3CSP_DB</com.gpscsp.tba.GPSCSP_TBA_GetSbscrId_MF>
	<com.gpscsp.tba.GPSCSP_TBA_GetSbscrId_MF intServ="EEMSIIB_GPSCSP_TBA" env="test-charlie" override="EEMSIIB.GPSCSP_ISREADYTOPROCESS_IN.queueName">EEMSIIB.GPSCSP_ISREADYTOPROCESS_IN</com.gpscsp.tba.GPSCSP_TBA_GetSbscrId_MF>
	<com.gpscsp.tba.GPSCSP_TBA_GetSbscrId_MF intServ="EEMSIIB_GPSCSP_TBA" env="test-charlie" override="EEMSIIB.GPSCSP_ERRORMESSAGE_DATA.queueName">EEMSIIB.GPSCSP_ERRORMESSAGE_DATA</com.gpscsp.tba.GPSCSP_TBA_GetSbscrId_MF>

	<!--UAT-->
	<com.gpscsp.tba.GPSCSP_TBA_GetSbscrId_MF intServ="EEMSIIB_GPSCSP_TBA" env="uat" override="additionalInstances">5</com.gpscsp.tba.GPSCSP_TBA_GetSbscrId_MF>
	<com.gpscsp.tba.GPSCSP_TBA_GetSbscrId_MF intServ="EEMSIIB_GPSCSP_TBA" env="uat" override="BrkConfigKey">BRK_CONFIG</com.gpscsp.tba.GPSCSP_TBA_GetSbscrId_MF>
	<com.gpscsp.tba.GPSCSP_TBA_GetSbscrId_MF intServ="EEMSIIB_GPSCSP_TBA" env="uat" override="SchemaName">ELECELIG</com.gpscsp.tba.GPSCSP_TBA_GetSbscrId_MF>
	<com.gpscsp.tba.GPSCSP_TBA_GetSbscrId_MF intServ="EEMSIIB_GPSCSP_TBA" env="uat" override="GlobalCacheMap">GPSCSP_Common_Map</com.gpscsp.tba.GPSCSP_TBA_GetSbscrId_MF>
	<com.gpscsp.tba.GPSCSP_TBA_GetSbscrId_MF intServ="EEMSIIB_GPSCSP_TBA" env="uat" override="GPSCSP_Source_Map">GPSCSP_Source_Map</com.gpscsp.tba.GPSCSP_TBA_GetSbscrId_MF>
	<com.gpscsp.tba.GPSCSP_TBA_GetSbscrId_MF intServ="EEMSIIB_GPSCSP_TBA" env="uat" override="CH_brkrList">BKMBRA11</com.gpscsp.tba.GPSCSP_TBA_GetSbscrId_MF>
	<com.gpscsp.tba.GPSCSP_TBA_GetSbscrId_MF intServ="EEMSIIB_GPSCSP_TBA" env="uat" override="CH_brkrCount">1</com.gpscsp.tba.GPSCSP_TBA_GetSbscrId_MF>
	<com.gpscsp.tba.GPSCSP_TBA_GetSbscrId_MF intServ="EEMSIIB_GPSCSP_TBA" env="uat" override="AuditQName">EEMSIIB.GPSCSP_COMMON_AUDITMESSAGE_DATA</com.gpscsp.tba.GPSCSP_TBA_GetSbscrId_MF>
	<com.gpscsp.tba.GPSCSP_TBA_GetSbscrId_MF intServ="EEMSIIB_GPSCSP_TBA" env="uat" override="BECode">700</com.gpscsp.tba.GPSCSP_TBA_GetSbscrId_MF>
	<com.gpscsp.tba.GPSCSP_TBA_GetSbscrId_MF intServ="EEMSIIB_GPSCSP_TBA" env="uat" override="ProjNumber">2</com.gpscsp.tba.GPSCSP_TBA_GetSbscrId_MF>
	<com.gpscsp.tba.GPSCSP_TBA_GetSbscrId_MF intServ="EEMSIIB_GPSCSP_TBA" env="uat" override="EEMSIIB_GPSCSP_TBA_GetSbscrId_IN.queueName">EEMSIIB.GPSCSP_TBA_GETSBCRID_IN</com.gpscsp.tba.GPSCSP_TBA_GetSbscrId_MF>
	<com.gpscsp.tba.GPSCSP_TBA_GetSbscrId_MF intServ="EEMSIIB_GPSCSP_TBA" env="uat" override="EEMSIIB.GPSCSP_SOURCE_CSP_IN.queueName">EEMSIIB.GPSCSP_SOURCE_CSP_IN</com.gpscsp.tba.GPSCSP_TBA_GetSbscrId_MF>
	<com.gpscsp.tba.GPSCSP_TBA_GetSbscrId_MF intServ="EEMSIIB_GPSCSP_TBA" env="uat" override="EEMSIIB_GPSCSP_TBA_GetSbscrId.dataSource">E3CSP_DB</com.gpscsp.tba.GPSCSP_TBA_GetSbscrId_MF>
	<com.gpscsp.tba.GPSCSP_TBA_GetSbscrId_MF intServ="EEMSIIB_GPSCSP_TBA" env="uat" override="EEMSIIB.GPSCSP_ISREADYTOPROCESS_IN.queueName">EEMSIIB.GPSCSP_ISREADYTOPROCESS_IN</com.gpscsp.tba.GPSCSP_TBA_GetSbscrId_MF>
	<com.gpscsp.tba.GPSCSP_TBA_GetSbscrId_MF intServ="EEMSIIB_GPSCSP_TBA" env="uat" override="EEMSIIB.GPSCSP_ERRORMESSAGE_DATA.queueName">EEMSIIB.GPSCSP_ERRORMESSAGE_DATA</com.gpscsp.tba.GPSCSP_TBA_GetSbscrId_MF>

	<!--UAT Bravo-->
	<com.gpscsp.tba.GPSCSP_TBA_GetSbscrId_MF intServ="EEMSIIB_GPSCSP_TBA" env="uat-bravo" override="additionalInstances">5</com.gpscsp.tba.GPSCSP_TBA_GetSbscrId_MF>
	<com.gpscsp.tba.GPSCSP_TBA_GetSbscrId_MF intServ="EEMSIIB_GPSCSP_TBA" env="uat-bravo" override="BrkConfigKey">BRK_CONFIG</com.gpscsp.tba.GPSCSP_TBA_GetSbscrId_MF>
	<com.gpscsp.tba.GPSCSP_TBA_GetSbscrId_MF intServ="EEMSIIB_GPSCSP_TBA" env="uat-bravo" override="SchemaName">ELECELIG</com.gpscsp.tba.GPSCSP_TBA_GetSbscrId_MF>
	<com.gpscsp.tba.GPSCSP_TBA_GetSbscrId_MF intServ="EEMSIIB_GPSCSP_TBA" env="uat-bravo" override="GlobalCacheMap">GPSCSP_Common_Map</com.gpscsp.tba.GPSCSP_TBA_GetSbscrId_MF>
	<com.gpscsp.tba.GPSCSP_TBA_GetSbscrId_MF intServ="EEMSIIB_GPSCSP_TBA" env="uat-bravo" override="GPSCSP_Source_Map">GPSCSP_Source_Map</com.gpscsp.tba.GPSCSP_TBA_GetSbscrId_MF>
	<com.gpscsp.tba.GPSCSP_TBA_GetSbscrId_MF intServ="EEMSIIB_GPSCSP_TBA" env="uat-bravo" override="CH_brkrList">BKMBRB11</com.gpscsp.tba.GPSCSP_TBA_GetSbscrId_MF>
	<com.gpscsp.tba.GPSCSP_TBA_GetSbscrId_MF intServ="EEMSIIB_GPSCSP_TBA" env="uat-bravo" override="CH_brkrCount">1</com.gpscsp.tba.GPSCSP_TBA_GetSbscrId_MF>
	<com.gpscsp.tba.GPSCSP_TBA_GetSbscrId_MF intServ="EEMSIIB_GPSCSP_TBA" env="uat-bravo" override="AuditQName">EEMSIIB.GPSCSP_COMMON_AUDITMESSAGE_DATA</com.gpscsp.tba.GPSCSP_TBA_GetSbscrId_MF>
	<com.gpscsp.tba.GPSCSP_TBA_GetSbscrId_MF intServ="EEMSIIB_GPSCSP_TBA" env="uat-bravo" override="BECode">700</com.gpscsp.tba.GPSCSP_TBA_GetSbscrId_MF>
	<com.gpscsp.tba.GPSCSP_TBA_GetSbscrId_MF intServ="EEMSIIB_GPSCSP_TBA" env="uat-bravo" override="ProjNumber">2</com.gpscsp.tba.GPSCSP_TBA_GetSbscrId_MF>
	<com.gpscsp.tba.GPSCSP_TBA_GetSbscrId_MF intServ="EEMSIIB_GPSCSP_TBA" env="uat-bravo" override="EEMSIIB_GPSCSP_TBA_GetSbscrId_IN.queueName">EEMSIIB.GPSCSP_TBA_GETSBCRID_IN</com.gpscsp.tba.GPSCSP_TBA_GetSbscrId_MF>
	<com.gpscsp.tba.GPSCSP_TBA_GetSbscrId_MF intServ="EEMSIIB_GPSCSP_TBA" env="uat-bravo" override="EEMSIIB.GPSCSP_SOURCE_CSP_IN.queueName">EEMSIIB.GPSCSP_SOURCE_CSP_IN</com.gpscsp.tba.GPSCSP_TBA_GetSbscrId_MF>
	<com.gpscsp.tba.GPSCSP_TBA_GetSbscrId_MF intServ="EEMSIIB_GPSCSP_TBA" env="uat-bravo" override="EEMSIIB_GPSCSP_TBA_GetSbscrId.dataSource">E3CSP_DB</com.gpscsp.tba.GPSCSP_TBA_GetSbscrId_MF>
	<com.gpscsp.tba.GPSCSP_TBA_GetSbscrId_MF intServ="EEMSIIB_GPSCSP_TBA" env="uat-bravo" override="EEMSIIB.GPSCSP_ISREADYTOPROCESS_IN.queueName">EEMSIIB.GPSCSP_ISREADYTOPROCESS_IN</com.gpscsp.tba.GPSCSP_TBA_GetSbscrId_MF>
	<com.gpscsp.tba.GPSCSP_TBA_GetSbscrId_MF intServ="EEMSIIB_GPSCSP_TBA" env="uat-bravo" override="EEMSIIB.GPSCSP_ERRORMESSAGE_DATA.queueName">EEMSIIB.GPSCSP_ERRORMESSAGE_DATA</com.gpscsp.tba.GPSCSP_TBA_GetSbscrId_MF>


	<!--UAT Charlie-->
	<com.gpscsp.tba.GPSCSP_TBA_GetSbscrId_MF intServ="EEMSIIB_GPSCSP_TBA" env="uat-charlie" override="additionalInstances">5</com.gpscsp.tba.GPSCSP_TBA_GetSbscrId_MF>
	<com.gpscsp.tba.GPSCSP_TBA_GetSbscrId_MF intServ="EEMSIIB_GPSCSP_TBA" env="uat-charlie" override="BrkConfigKey">BRK_CONFIG</com.gpscsp.tba.GPSCSP_TBA_GetSbscrId_MF>
	<com.gpscsp.tba.GPSCSP_TBA_GetSbscrId_MF intServ="EEMSIIB_GPSCSP_TBA" env="uat-charlie" override="SchemaName">ELECELIG</com.gpscsp.tba.GPSCSP_TBA_GetSbscrId_MF>
	<com.gpscsp.tba.GPSCSP_TBA_GetSbscrId_MF intServ="EEMSIIB_GPSCSP_TBA" env="uat-charlie" override="GlobalCacheMap">GPSCSP_Common_Map</com.gpscsp.tba.GPSCSP_TBA_GetSbscrId_MF>
	<com.gpscsp.tba.GPSCSP_TBA_GetSbscrId_MF intServ="EEMSIIB_GPSCSP_TBA" env="uat-charlie" override="GPSCSP_Source_Map">GPSCSP_Source_Map</com.gpscsp.tba.GPSCSP_TBA_GetSbscrId_MF>
	<com.gpscsp.tba.GPSCSP_TBA_GetSbscrId_MF intServ="EEMSIIB_GPSCSP_TBA" env="uat-charlie" override="CH_brkrList">BKMBRC12</com.gpscsp.tba.GPSCSP_TBA_GetSbscrId_MF>
	<com.gpscsp.tba.GPSCSP_TBA_GetSbscrId_MF intServ="EEMSIIB_GPSCSP_TBA" env="uat-charlie" override="CH_brkrCount">1</com.gpscsp.tba.GPSCSP_TBA_GetSbscrId_MF>
	<com.gpscsp.tba.GPSCSP_TBA_GetSbscrId_MF intServ="EEMSIIB_GPSCSP_TBA" env="uat-charlie" override="AuditQName">EEMSIIB.GPSCSP_COMMON_AUDITMESSAGE_DATA</com.gpscsp.tba.GPSCSP_TBA_GetSbscrId_MF>
	<com.gpscsp.tba.GPSCSP_TBA_GetSbscrId_MF intServ="EEMSIIB_GPSCSP_TBA" env="uat-charlie" override="BECode">700</com.gpscsp.tba.GPSCSP_TBA_GetSbscrId_MF>
	<com.gpscsp.tba.GPSCSP_TBA_GetSbscrId_MF intServ="EEMSIIB_GPSCSP_TBA" env="uat-charlie" override="ProjNumber">2</com.gpscsp.tba.GPSCSP_TBA_GetSbscrId_MF>
	<com.gpscsp.tba.GPSCSP_TBA_GetSbscrId_MF intServ="EEMSIIB_GPSCSP_TBA" env="uat-charlie" override="EEMSIIB_GPSCSP_TBA_GetSbscrId_IN.queueName">EEMSIIB.GPSCSP_TBA_GETSBCRID_IN</com.gpscsp.tba.GPSCSP_TBA_GetSbscrId_MF>
	<com.gpscsp.tba.GPSCSP_TBA_GetSbscrId_MF intServ="EEMSIIB_GPSCSP_TBA" env="uat-charlie" override="EEMSIIB.GPSCSP_SOURCE_CSP_IN.queueName">EEMSIIB.GPSCSP_SOURCE_CSP_IN</com.gpscsp.tba.GPSCSP_TBA_GetSbscrId_MF>
	<com.gpscsp.tba.GPSCSP_TBA_GetSbscrId_MF intServ="EEMSIIB_GPSCSP_TBA" env="uat-charlie" override="EEMSIIB_GPSCSP_TBA_GetSbscrId.dataSource">E3CSP_DB</com.gpscsp.tba.GPSCSP_TBA_GetSbscrId_MF>
	<com.gpscsp.tba.GPSCSP_TBA_GetSbscrId_MF intServ="EEMSIIB_GPSCSP_TBA" env="uat-charlie" override="EEMSIIB.GPSCSP_ISREADYTOPROCESS_IN.queueName">EEMSIIB.GPSCSP_ISREADYTOPROCESS_IN</com.gpscsp.tba.GPSCSP_TBA_GetSbscrId_MF>
	<com.gpscsp.tba.GPSCSP_TBA_GetSbscrId_MF intServ="EEMSIIB_GPSCSP_TBA" env="uat-charlie" override="EEMSIIB.GPSCSP_ERRORMESSAGE_DATA.queueName">EEMSIIB.GPSCSP_ERRORMESSAGE_DATA</com.gpscsp.tba.GPSCSP_TBA_GetSbscrId_MF>


	<!--STAGE-->
	<com.gpscsp.tba.GPSCSP_TBA_GetSbscrId_MF intServ="EEMSIIB_GPSCSP_TBA" env="stage" override="additionalInstances">5</com.gpscsp.tba.GPSCSP_TBA_GetSbscrId_MF>
	<com.gpscsp.tba.GPSCSP_TBA_GetSbscrId_MF intServ="EEMSIIB_GPSCSP_TBA" env="stage" override="BrkConfigKey">BRK_CONFIG</com.gpscsp.tba.GPSCSP_TBA_GetSbscrId_MF>
	<com.gpscsp.tba.GPSCSP_TBA_GetSbscrId_MF intServ="EEMSIIB_GPSCSP_TBA" env="stage" override="SchemaName">ELECELIG</com.gpscsp.tba.GPSCSP_TBA_GetSbscrId_MF>
	<com.gpscsp.tba.GPSCSP_TBA_GetSbscrId_MF intServ="EEMSIIB_GPSCSP_TBA" env="stage" override="GlobalCacheMap">GPSCSP_Common_Map</com.gpscsp.tba.GPSCSP_TBA_GetSbscrId_MF>
	<com.gpscsp.tba.GPSCSP_TBA_GetSbscrId_MF intServ="EEMSIIB_GPSCSP_TBA" env="stage" override="GPSCSP_Source_Map">GPSCSP_Source_Map</com.gpscsp.tba.GPSCSP_TBA_GetSbscrId_MF>
	<com.gpscsp.tba.GPSCSP_TBA_GetSbscrId_MF intServ="EEMSIIB_GPSCSP_TBA" env="stage" override="CH_brkrList">BKMBC13_BKMBC14</com.gpscsp.tba.GPSCSP_TBA_GetSbscrId_MF>
	<com.gpscsp.tba.GPSCSP_TBA_GetSbscrId_MF intServ="EEMSIIB_GPSCSP_TBA" env="stage" override="CH_brkrCount">2</com.gpscsp.tba.GPSCSP_TBA_GetSbscrId_MF>
	<com.gpscsp.tba.GPSCSP_TBA_GetSbscrId_MF intServ="EEMSIIB_GPSCSP_TBA" env="stage" override="AuditQName">EEMSIIB.GPSCSP_COMMON_AUDITMESSAGE_DATA</com.gpscsp.tba.GPSCSP_TBA_GetSbscrId_MF>
	<com.gpscsp.tba.GPSCSP_TBA_GetSbscrId_MF intServ="EEMSIIB_GPSCSP_TBA" env="stage" override="BECode">700</com.gpscsp.tba.GPSCSP_TBA_GetSbscrId_MF>
	<com.gpscsp.tba.GPSCSP_TBA_GetSbscrId_MF intServ="EEMSIIB_GPSCSP_TBA" env="stage" override="ProjNumber">2</com.gpscsp.tba.GPSCSP_TBA_GetSbscrId_MF>
	<com.gpscsp.tba.GPSCSP_TBA_GetSbscrId_MF intServ="EEMSIIB_GPSCSP_TBA" env="stage" override="EEMSIIB_GPSCSP_TBA_GetSbscrId_IN.queueName">EEMSIIB.GPSCSP_TBA_GETSBCRID_IN</com.gpscsp.tba.GPSCSP_TBA_GetSbscrId_MF>
	<com.gpscsp.tba.GPSCSP_TBA_GetSbscrId_MF intServ="EEMSIIB_GPSCSP_TBA" env="stage" override="EEMSIIB.GPSCSP_SOURCE_CSP_IN.queueName">EEMSIIB.GPSCSP_SOURCE_CSP_IN</com.gpscsp.tba.GPSCSP_TBA_GetSbscrId_MF>
	<com.gpscsp.tba.GPSCSP_TBA_GetSbscrId_MF intServ="EEMSIIB_GPSCSP_TBA" env="stage" override="EEMSIIB_GPSCSP_TBA_GetSbscrId.dataSource">E3CSP_DB</com.gpscsp.tba.GPSCSP_TBA_GetSbscrId_MF>
	<com.gpscsp.tba.GPSCSP_TBA_GetSbscrId_MF intServ="EEMSIIB_GPSCSP_TBA" env="stage" override="EEMSIIB.GPSCSP_ISREADYTOPROCESS_IN.queueName">EEMSIIB.GPSCSP_ISREADYTOPROCESS_IN</com.gpscsp.tba.GPSCSP_TBA_GetSbscrId_MF>
	<com.gpscsp.tba.GPSCSP_TBA_GetSbscrId_MF intServ="EEMSIIB_GPSCSP_TBA" env="stage" override="EEMSIIB.GPSCSP_ERRORMESSAGE_DATA.queueName">EEMSIIB.GPSCSP_ERRORMESSAGE_DATA</com.gpscsp.tba.GPSCSP_TBA_GetSbscrId_MF>

	<!--ADOPT-->
	<com.gpscsp.tba.GPSCSP_TBA_GetSbscrId_MF intServ="EEMSIIB_GPSCSP_TBA" env="adopt" override="additionalInstances">5</com.gpscsp.tba.GPSCSP_TBA_GetSbscrId_MF>
	<com.gpscsp.tba.GPSCSP_TBA_GetSbscrId_MF intServ="EEMSIIB_GPSCSP_TBA" env="adopt" override="BrkConfigKey">BRK_CONFIG</com.gpscsp.tba.GPSCSP_TBA_GetSbscrId_MF>
	<com.gpscsp.tba.GPSCSP_TBA_GetSbscrId_MF intServ="EEMSIIB_GPSCSP_TBA" env="adopt" override="SchemaName">ELECELIG</com.gpscsp.tba.GPSCSP_TBA_GetSbscrId_MF>
	<com.gpscsp.tba.GPSCSP_TBA_GetSbscrId_MF intServ="EEMSIIB_GPSCSP_TBA" env="adopt" override="GlobalCacheMap">GPSCSP_Common_Map</com.gpscsp.tba.GPSCSP_TBA_GetSbscrId_MF>
	<com.gpscsp.tba.GPSCSP_TBA_GetSbscrId_MF intServ="EEMSIIB_GPSCSP_TBA" env="adopt" override="GPSCSP_Source_Map">GPSCSP_Source_Map</com.gpscsp.tba.GPSCSP_TBA_GetSbscrId_MF>
	<com.gpscsp.tba.GPSCSP_TBA_GetSbscrId_MF intServ="EEMSIIB_GPSCSP_TBA" env="adopt" override="CH_brkrList">BKMBPD07_BKMBPD08</com.gpscsp.tba.GPSCSP_TBA_GetSbscrId_MF>
	<com.gpscsp.tba.GPSCSP_TBA_GetSbscrId_MF intServ="EEMSIIB_GPSCSP_TBA" env="adopt" override="CH_brkrCount">2</com.gpscsp.tba.GPSCSP_TBA_GetSbscrId_MF>
	<com.gpscsp.tba.GPSCSP_TBA_GetSbscrId_MF intServ="EEMSIIB_GPSCSP_TBA" env="adopt" override="AuditQName">EEMSIIB.ADP.GPSCSP_COMMON_AUDITMESSAGE_DATA</com.gpscsp.tba.GPSCSP_TBA_GetSbscrId_MF>
	<com.gpscsp.tba.GPSCSP_TBA_GetSbscrId_MF intServ="EEMSIIB_GPSCSP_TBA" env="adopt" override="BECode">700</com.gpscsp.tba.GPSCSP_TBA_GetSbscrId_MF>
	<com.gpscsp.tba.GPSCSP_TBA_GetSbscrId_MF intServ="EEMSIIB_GPSCSP_TBA" env="adopt" override="ProjNumber">2</com.gpscsp.tba.GPSCSP_TBA_GetSbscrId_MF>
	<com.gpscsp.tba.GPSCSP_TBA_GetSbscrId_MF intServ="EEMSIIB_GPSCSP_TBA" env="adopt" override="EEMSIIB_GPSCSP_TBA_GetSbscrId_IN.queueName">EEMSIIB.ADP.GPSCSP_TBA_GETSBCRID_IN</com.gpscsp.tba.GPSCSP_TBA_GetSbscrId_MF>
	<com.gpscsp.tba.GPSCSP_TBA_GetSbscrId_MF intServ="EEMSIIB_GPSCSP_TBA" env="adopt" override="EEMSIIB.GPSCSP_SOURCE_CSP_IN.queueName">EEMSIIB.ADP.GPSCSP_SOURCE_CSP_IN</com.gpscsp.tba.GPSCSP_TBA_GetSbscrId_MF>
	<com.gpscsp.tba.GPSCSP_TBA_GetSbscrId_MF intServ="EEMSIIB_GPSCSP_TBA" env="adopt" override="EEMSIIB_GPSCSP_TBA_GetSbscrId.dataSource">E3CSP_DB</com.gpscsp.tba.GPSCSP_TBA_GetSbscrId_MF>
	<com.gpscsp.tba.GPSCSP_TBA_GetSbscrId_MF intServ="EEMSIIB_GPSCSP_TBA" env="adopt" override="EEMSIIB.GPSCSP_ISREADYTOPROCESS_IN.queueName">EEMSIIB.ADP.GPSCSP_ISREADYTOPROCESS_IN</com.gpscsp.tba.GPSCSP_TBA_GetSbscrId_MF>
	<com.gpscsp.tba.GPSCSP_TBA_GetSbscrId_MF intServ="EEMSIIB_GPSCSP_TBA" env="adopt" override="EEMSIIB.GPSCSP_ERRORMESSAGE_DATA.queueName">EEMSIIB.ADP.GPSCSP_ERRORMESSAGE_DATA</com.gpscsp.tba.GPSCSP_TBA_GetSbscrId_MF>

	<!--PROD-->
	<com.gpscsp.tba.GPSCSP_TBA_GetSbscrId_MF intServ="EEMSIIB_GPSCSP_TBA" env="prod" override="additionalInstances">5</com.gpscsp.tba.GPSCSP_TBA_GetSbscrId_MF>
	<com.gpscsp.tba.GPSCSP_TBA_GetSbscrId_MF intServ="EEMSIIB_GPSCSP_TBA" env="prod" override="BrkConfigKey">BRK_CONFIG</com.gpscsp.tba.GPSCSP_TBA_GetSbscrId_MF>
	<com.gpscsp.tba.GPSCSP_TBA_GetSbscrId_MF intServ="EEMSIIB_GPSCSP_TBA" env="prod" override="SchemaName">ELECELIG</com.gpscsp.tba.GPSCSP_TBA_GetSbscrId_MF>
	<com.gpscsp.tba.GPSCSP_TBA_GetSbscrId_MF intServ="EEMSIIB_GPSCSP_TBA" env="prod" override="GlobalCacheMap">GPSCSP_Common_Map</com.gpscsp.tba.GPSCSP_TBA_GetSbscrId_MF>
	<com.gpscsp.tba.GPSCSP_TBA_GetSbscrId_MF intServ="EEMSIIB_GPSCSP_TBA" env="prod" override="GPSCSP_Source_Map">GPSCSP_Source_Map</com.gpscsp.tba.GPSCSP_TBA_GetSbscrId_MF>
	<com.gpscsp.tba.GPSCSP_TBA_GetSbscrId_MF intServ="EEMSIIB_GPSCSP_TBA" env="prod" override="CH_brkrList">BKMBPD11_BKMBPD12</com.gpscsp.tba.GPSCSP_TBA_GetSbscrId_MF>
	<com.gpscsp.tba.GPSCSP_TBA_GetSbscrId_MF intServ="EEMSIIB_GPSCSP_TBA" env="prod" override="CH_brkrCount">2</com.gpscsp.tba.GPSCSP_TBA_GetSbscrId_MF>
	<com.gpscsp.tba.GPSCSP_TBA_GetSbscrId_MF intServ="EEMSIIB_GPSCSP_TBA" env="prod" override="AuditQName">EEMSIIB.GPSCSP_COMMON_AUDITMESSAGE_DATA</com.gpscsp.tba.GPSCSP_TBA_GetSbscrId_MF>
	<com.gpscsp.tba.GPSCSP_TBA_GetSbscrId_MF intServ="EEMSIIB_GPSCSP_TBA" env="prod" override="BECode">700</com.gpscsp.tba.GPSCSP_TBA_GetSbscrId_MF>
	<com.gpscsp.tba.GPSCSP_TBA_GetSbscrId_MF intServ="EEMSIIB_GPSCSP_TBA" env="prod" override="ProjNumber">2</com.gpscsp.tba.GPSCSP_TBA_GetSbscrId_MF>
	<com.gpscsp.tba.GPSCSP_TBA_GetSbscrId_MF intServ="EEMSIIB_GPSCSP_TBA" env="prod" override="EEMSIIB_GPSCSP_TBA_GetSbscrId_IN.queueName">EEMSIIB.GPSCSP_TBA_GETSBCRID_IN</com.gpscsp.tba.GPSCSP_TBA_GetSbscrId_MF>
	<com.gpscsp.tba.GPSCSP_TBA_GetSbscrId_MF intServ="EEMSIIB_GPSCSP_TBA" env="prod" override="EEMSIIB.GPSCSP_SOURCE_CSP_IN.queueName">EEMSIIB.GPSCSP_SOURCE_CSP_IN</com.gpscsp.tba.GPSCSP_TBA_GetSbscrId_MF>
	<com.gpscsp.tba.GPSCSP_TBA_GetSbscrId_MF intServ="EEMSIIB_GPSCSP_TBA" env="prod" override="EEMSIIB_GPSCSP_TBA_GetSbscrId.dataSource">E3CSP_DB</com.gpscsp.tba.GPSCSP_TBA_GetSbscrId_MF>
	<com.gpscsp.tba.GPSCSP_TBA_GetSbscrId_MF intServ="EEMSIIB_GPSCSP_TBA" env="prod" override="EEMSIIB.GPSCSP_ISREADYTOPROCESS_IN.queueName">EEMSIIB.GPSCSP_ISREADYTOPROCESS_IN</com.gpscsp.tba.GPSCSP_TBA_GetSbscrId_MF>
	<com.gpscsp.tba.GPSCSP_TBA_GetSbscrId_MF intServ="EEMSIIB_GPSCSP_TBA" env="prod" override="EEMSIIB.GPSCSP_ERRORMESSAGE_DATA.queueName">EEMSIIB.GPSCSP_ERRORMESSAGE_DATA</com.gpscsp.tba.GPSCSP_TBA_GetSbscrId_MF>

</Broker>