<?xml version="1.0" encoding="UTF-8"?>
<Broker>
<!--DEV-->
<com.eems.brkConfig.EEMS_ConfigurationsPoller_Flow intServ="EEMSIIB_GPSCSP_COMMON_CONFIG" env="dev" override="SchemaName">ELECELIG</com.eems.brkConfig.EEMS_ConfigurationsPoller_Flow>
<com.eems.brkConfig.EEMS_ConfigurationsPoller_Flow intServ="EEMSIIB_GPSCSP_COMMON_CONFIG" env="dev" override="UDP_GlobalCacheKEY">BRK_CONFIG</com.eems.brkConfig.EEMS_ConfigurationsPoller_Flow>
<com.eems.brkConfig.EEMS_ConfigurationsPoller_Flow intServ="EEMSIIB_GPSCSP_COMMON_CONFIG" env="dev" override="UDP_varGCMapName">GPSCSP_Common_Map</com.eems.brkConfig.EEMS_ConfigurationsPoller_Flow>
<com.eems.brkConfig.EEMS_ConfigurationsPoller_Flow intServ="EEMSIIB_GPSCSP_COMMON_CONFIG" env="dev" override="PollConfigTable.uniqueIdentifier">CONFIGINQCSP</com.eems.brkConfig.EEMS_ConfigurationsPoller_Flow>
<com.eems.brkConfig.EEMS_ConfigurationsPoller_Flow intServ="EEMSIIB_GPSCSP_COMMON_CONFIG" env="dev" override="PollConfigTable.timeoutInterval">300</com.eems.brkConfig.EEMS_ConfigurationsPoller_Flow>
<com.eems.brkConfig.EEMS_ConfigurationsPoller_Flow intServ="EEMSIIB_GPSCSP_COMMON_CONFIG" env="dev" override="TriggerFlow.inputDirectory">/eems/iib/common/auditlog</com.eems.brkConfig.EEMS_ConfigurationsPoller_Flow>
<com.eems.brkConfig.EEMS_ConfigurationsPoller_Flow intServ="EEMSIIB_GPSCSP_COMMON_CONFIG" env="dev" override="TriggerFlow.filenamePattern">CSP.*</com.eems.brkConfig.EEMS_ConfigurationsPoller_Flow>
<com.eems.brkConfig.EEMS_ConfigurationsPoller_Flow intServ="EEMSIIB_GPSCSP_COMMON_CONFIG" env="dev" override="DBCall_UpdateGlobalCache_GenTrigFiles.dataSource">E3CSP_DB</com.eems.brkConfig.EEMS_ConfigurationsPoller_Flow>
<com.eems.brkConfig.EEMS_ConfigurationsPoller_Flow intServ="EEMSIIB_GPSCSP_COMMON_CONFIG" env="dev" override="EEMS_Cache_Failure.dataSource">E3CSP_DB</com.eems.brkConfig.EEMS_ConfigurationsPoller_Flow>
<com.eems.brkConfig.EEMS_ConfigurationsPoller_Flow intServ="EEMSIIB_GPSCSP_COMMON_CONFIG" env="dev" override="EEMSIIB.ERRORMESSAGE_DATA.queueName">EEMSIIB.GPSCSP_ERRORMESSAGE_DATA</com.eems.brkConfig.EEMS_ConfigurationsPoller_Flow>
<com.eems.brkConfig.EEMS_ConfigurationsPoller_Flow intServ="EEMSIIB_GPSCSP_COMMON_CONFIG" env="dev" override="Common_AuditInMessage_SF.queueName">EEMSIIB.GPSCSP_COMMON_AUDITMESSAGE_DATA</com.eems.brkConfig.EEMS_ConfigurationsPoller_Flow>

<com.eems.brkConfig.EEMS_ConfigurationsPoller_Flow intServ="EEMSIIB_COMMON_APPLICATIONS" env="dev" override="SchemaName">ELECELIG</com.eems.brkConfig.EEMS_ConfigurationsPoller_Flow>
<com.eems.brkConfig.EEMS_ConfigurationsPoller_Flow intServ="EEMSIIB_COMMON_APPLICATIONS" env="dev" override="UDP_GlobalCacheKEY">BRK_CONFIG</com.eems.brkConfig.EEMS_ConfigurationsPoller_Flow>
<com.eems.brkConfig.EEMS_ConfigurationsPoller_Flow intServ="EEMSIIB_COMMON_APPLICATIONS" env="dev" override="UDP_varGCMapName">BE128_Common_Map</com.eems.brkConfig.EEMS_ConfigurationsPoller_Flow>
<com.eems.brkConfig.EEMS_ConfigurationsPoller_Flow intServ="EEMSIIB_COMMON_APPLICATIONS" env="dev" override="PollConfigTable.uniqueIdentifier">CONFIGINQ</com.eems.brkConfig.EEMS_ConfigurationsPoller_Flow>
<com.eems.brkConfig.EEMS_ConfigurationsPoller_Flow intServ="EEMSIIB_COMMON_APPLICATIONS" env="dev" override="PollConfigTable.timeoutInterval">300</com.eems.brkConfig.EEMS_ConfigurationsPoller_Flow>
<com.eems.brkConfig.EEMS_ConfigurationsPoller_Flow intServ="EEMSIIB_COMMON_APPLICATIONS" env="dev" override="TriggerFlow.inputDirectory">/eems/iib/common/auditlog</com.eems.brkConfig.EEMS_ConfigurationsPoller_Flow>
<com.eems.brkConfig.EEMS_ConfigurationsPoller_Flow intServ="EEMSIIB_COMMON_APPLICATIONS" env="dev" override="TriggerFlow.filenamePattern">Commercial.*</com.eems.brkConfig.EEMS_ConfigurationsPoller_Flow>
<com.eems.brkConfig.EEMS_ConfigurationsPoller_Flow intServ="EEMSIIB_COMMON_APPLICATIONS" env="dev" override="DBCall_UpdateGlobalCache_GenTrigFiles.dataSource">EEMS_DB</com.eems.brkConfig.EEMS_ConfigurationsPoller_Flow>
<com.eems.brkConfig.EEMS_ConfigurationsPoller_Flow intServ="EEMSIIB_COMMON_APPLICATIONS" env="dev" override="EEMS_Cache_Failure.dataSource">EEMS_DB</com.eems.brkConfig.EEMS_ConfigurationsPoller_Flow>
<com.eems.brkConfig.EEMS_ConfigurationsPoller_Flow intServ="EEMSIIB_COMMON_APPLICATIONS" env="dev" override="EEMSIIB.ERRORMESSAGE_DATA.queueName">EEMSIIB.ERRORMESSAGE_DATA</com.eems.brkConfig.EEMS_ConfigurationsPoller_Flow>
<com.eems.brkConfig.EEMS_ConfigurationsPoller_Flow intServ="EEMSIIB_COMMON_APPLICATIONS" env="dev" override="Common_AuditInMessage_SF.queueName">EEMSIIB.COMMON_AUDITMESSAGE_DATA</com.eems.brkConfig.EEMS_ConfigurationsPoller_Flow>

<com.eems.brkConfig.EEMS_ConfigurationsPoller_Flow intServ="EEMSIIB_GPS_COMMON_CONFIG" env="dev" override="SchemaName">ELECELIG</com.eems.brkConfig.EEMS_ConfigurationsPoller_Flow>
<com.eems.brkConfig.EEMS_ConfigurationsPoller_Flow intServ="EEMSIIB_GPS_COMMON_CONFIG" env="dev" override="UDP_GlobalCacheKEY">BRK_CONFIG</com.eems.brkConfig.EEMS_ConfigurationsPoller_Flow>
<com.eems.brkConfig.EEMS_ConfigurationsPoller_Flow intServ="EEMSIIB_GPS_COMMON_CONFIG" env="dev" override="UDP_varGCMapName">GPS_Common_Map</com.eems.brkConfig.EEMS_ConfigurationsPoller_Flow>
<com.eems.brkConfig.EEMS_ConfigurationsPoller_Flow intServ="EEMSIIB_GPS_COMMON_CONFIG" env="dev" override="PollConfigTable.uniqueIdentifier">CONFIGINQGPS</com.eems.brkConfig.EEMS_ConfigurationsPoller_Flow>
<com.eems.brkConfig.EEMS_ConfigurationsPoller_Flow intServ="EEMSIIB_GPS_COMMON_CONFIG" env="dev" override="PollConfigTable.timeoutInterval">300</com.eems.brkConfig.EEMS_ConfigurationsPoller_Flow>
<com.eems.brkConfig.EEMS_ConfigurationsPoller_Flow intServ="EEMSIIB_GPS_COMMON_CONFIG" env="dev" override="TriggerFlow.inputDirectory">/eems/iib/common/auditlog</com.eems.brkConfig.EEMS_ConfigurationsPoller_Flow>
<com.eems.brkConfig.EEMS_ConfigurationsPoller_Flow intServ="EEMSIIB_GPS_COMMON_CONFIG" env="dev" override="TriggerFlow.filenamePattern">GPS.*</com.eems.brkConfig.EEMS_ConfigurationsPoller_Flow>
<com.eems.brkConfig.EEMS_ConfigurationsPoller_Flow intServ="EEMSIIB_GPS_COMMON_CONFIG" env="dev" override="DBCall_UpdateGlobalCache_GenTrigFiles.dataSource">EEMS_DB</com.eems.brkConfig.EEMS_ConfigurationsPoller_Flow>
<com.eems.brkConfig.EEMS_ConfigurationsPoller_Flow intServ="EEMSIIB_GPS_COMMON_CONFIG" env="dev" override="EEMS_Cache_Failure.dataSource">EEMS_DB</com.eems.brkConfig.EEMS_ConfigurationsPoller_Flow>
<com.eems.brkConfig.EEMS_ConfigurationsPoller_Flow intServ="EEMSIIB_GPS_COMMON_CONFIG" env="dev" override="EEMSIIB.ERRORMESSAGE_DATA.queueName">EEMSIIB.GPS_ERRORMESSAGE_DATA</com.eems.brkConfig.EEMS_ConfigurationsPoller_Flow>
<com.eems.brkConfig.EEMS_ConfigurationsPoller_Flow intServ="EEMSIIB_GPS_COMMON_CONFIG" env="dev" override="Common_AuditInMessage_SF.queueName">EEMSIIB.GPS_COMMON_AUDITMESSAGE_DATA</com.eems.brkConfig.EEMS_ConfigurationsPoller_Flow>

<com.eems.brkConfig.EEMS_ConfigurationsPoller_Flow intServ="EEMSIIB_PRIME_COMMON_CONFIG" env="dev" override="SchemaName">ELECELIG</com.eems.brkConfig.EEMS_ConfigurationsPoller_Flow>
<com.eems.brkConfig.EEMS_ConfigurationsPoller_Flow intServ="EEMSIIB_PRIME_COMMON_CONFIG" env="dev" override="UDP_GlobalCacheKEY">BRK_CONFIG</com.eems.brkConfig.EEMS_ConfigurationsPoller_Flow>
<com.eems.brkConfig.EEMS_ConfigurationsPoller_Flow intServ="EEMSIIB_PRIME_COMMON_CONFIG" env="dev" override="UDP_varGCMapName">PRIME_Common_Map</com.eems.brkConfig.EEMS_ConfigurationsPoller_Flow>
<com.eems.brkConfig.EEMS_ConfigurationsPoller_Flow intServ="EEMSIIB_PRIME_COMMON_CONFIG" env="dev" override="PollConfigTable.uniqueIdentifier">CONFIGINQPRI</com.eems.brkConfig.EEMS_ConfigurationsPoller_Flow>
<com.eems.brkConfig.EEMS_ConfigurationsPoller_Flow intServ="EEMSIIB_PRIME_COMMON_CONFIG" env="dev" override="PollConfigTable.timeoutInterval">300</com.eems.brkConfig.EEMS_ConfigurationsPoller_Flow>
<com.eems.brkConfig.EEMS_ConfigurationsPoller_Flow intServ="EEMSIIB_PRIME_COMMON_CONFIG" env="dev" override="TriggerFlow.inputDirectory">/eems/iib/common/auditlog</com.eems.brkConfig.EEMS_ConfigurationsPoller_Flow>
<com.eems.brkConfig.EEMS_ConfigurationsPoller_Flow intServ="EEMSIIB_PRIME_COMMON_CONFIG" env="dev" override="TriggerFlow.filenamePattern">CTL.*</com.eems.brkConfig.EEMS_ConfigurationsPoller_Flow>
<com.eems.brkConfig.EEMS_ConfigurationsPoller_Flow intServ="EEMSIIB_PRIME_COMMON_CONFIG" env="dev" override="DBCall_UpdateGlobalCache_GenTrigFiles.dataSource">EEMS_DB</com.eems.brkConfig.EEMS_ConfigurationsPoller_Flow>
<com.eems.brkConfig.EEMS_ConfigurationsPoller_Flow intServ="EEMSIIB_PRIME_COMMON_CONFIG" env="dev" override="EEMS_Cache_Failure.dataSource">EEMS_DB</com.eems.brkConfig.EEMS_ConfigurationsPoller_Flow>
<com.eems.brkConfig.EEMS_ConfigurationsPoller_Flow intServ="EEMSIIB_PRIME_COMMON_CONFIG" env="dev" override="EEMSIIB.ERRORMESSAGE_DATA.queueName">EEMSIIB.PRIME_ERRORMESSAGE_DATA</com.eems.brkConfig.EEMS_ConfigurationsPoller_Flow>
<com.eems.brkConfig.EEMS_ConfigurationsPoller_Flow intServ="EEMSIIB_PRIME_COMMON_CONFIG" env="dev" override="Common_AuditInMessage_SF.queueName">EEMSIIB.PRIME_COMMON_AUDITMESSAGE_DATA</com.eems.brkConfig.EEMS_ConfigurationsPoller_Flow>

<!--SIT -->
<com.eems.brkConfig.EEMS_ConfigurationsPoller_Flow intServ="EEMSIIB_GPSCSP_COMMON_CONFIG" env="test" override="SchemaName">ELECELIG</com.eems.brkConfig.EEMS_ConfigurationsPoller_Flow>
<com.eems.brkConfig.EEMS_ConfigurationsPoller_Flow intServ="EEMSIIB_GPSCSP_COMMON_CONFIG" env="test" override="UDP_GlobalCacheKEY">BRK_CONFIG</com.eems.brkConfig.EEMS_ConfigurationsPoller_Flow>
<com.eems.brkConfig.EEMS_ConfigurationsPoller_Flow intServ="EEMSIIB_GPSCSP_COMMON_CONFIG" env="test" override="UDP_varGCMapName">GPSCSP_Common_Map</com.eems.brkConfig.EEMS_ConfigurationsPoller_Flow>
<com.eems.brkConfig.EEMS_ConfigurationsPoller_Flow intServ="EEMSIIB_GPSCSP_COMMON_CONFIG" env="test" override="PollConfigTable.uniqueIdentifier">CONFIGINQCSP</com.eems.brkConfig.EEMS_ConfigurationsPoller_Flow>
<com.eems.brkConfig.EEMS_ConfigurationsPoller_Flow intServ="EEMSIIB_GPSCSP_COMMON_CONFIG" env="test" override="PollConfigTable.timeoutInterval">300</com.eems.brkConfig.EEMS_ConfigurationsPoller_Flow>
<com.eems.brkConfig.EEMS_ConfigurationsPoller_Flow intServ="EEMSIIB_GPSCSP_COMMON_CONFIG" env="test" override="TriggerFlow.inputDirectory">/eems/iib/common/auditlog</com.eems.brkConfig.EEMS_ConfigurationsPoller_Flow>
<com.eems.brkConfig.EEMS_ConfigurationsPoller_Flow intServ="EEMSIIB_GPSCSP_COMMON_CONFIG" env="test" override="TriggerFlow.filenamePattern">CSP.*</com.eems.brkConfig.EEMS_ConfigurationsPoller_Flow>
<com.eems.brkConfig.EEMS_ConfigurationsPoller_Flow intServ="EEMSIIB_GPSCSP_COMMON_CONFIG" env="test" override="DBCall_UpdateGlobalCache_GenTrigFiles.dataSource">E3CSP_DB</com.eems.brkConfig.EEMS_ConfigurationsPoller_Flow>
<com.eems.brkConfig.EEMS_ConfigurationsPoller_Flow intServ="EEMSIIB_GPSCSP_COMMON_CONFIG" env="test" override="EEMS_Cache_Failure.dataSource">E3CSP_DB</com.eems.brkConfig.EEMS_ConfigurationsPoller_Flow>
<com.eems.brkConfig.EEMS_ConfigurationsPoller_Flow intServ="EEMSIIB_GPSCSP_COMMON_CONFIG" env="test" override="EEMSIIB.ERRORMESSAGE_DATA.queueName">EEMSIIB.GPSCSP_ERRORMESSAGE_DATA</com.eems.brkConfig.EEMS_ConfigurationsPoller_Flow>
<com.eems.brkConfig.EEMS_ConfigurationsPoller_Flow intServ="EEMSIIB_GPSCSP_COMMON_CONFIG" env="test" override="Common_AuditInMessage_SF.queueName">EEMSIIB.GPSCSP_COMMON_AUDITMESSAGE_DATA</com.eems.brkConfig.EEMS_ConfigurationsPoller_Flow>

<com.eems.brkConfig.EEMS_ConfigurationsPoller_Flow intServ="EEMSIIB_COMMON_APPLICATIONS" env="test" override="SchemaName">ELECELIG</com.eems.brkConfig.EEMS_ConfigurationsPoller_Flow>
<com.eems.brkConfig.EEMS_ConfigurationsPoller_Flow intServ="EEMSIIB_COMMON_APPLICATIONS" env="test" override="UDP_GlobalCacheKEY">BRK_CONFIG</com.eems.brkConfig.EEMS_ConfigurationsPoller_Flow>
<com.eems.brkConfig.EEMS_ConfigurationsPoller_Flow intServ="EEMSIIB_COMMON_APPLICATIONS" env="test" override="UDP_varGCMapName">BE128_Common_Map</com.eems.brkConfig.EEMS_ConfigurationsPoller_Flow>
<com.eems.brkConfig.EEMS_ConfigurationsPoller_Flow intServ="EEMSIIB_COMMON_APPLICATIONS" env="test" override="PollConfigTable.uniqueIdentifier">CONFIGINQ</com.eems.brkConfig.EEMS_ConfigurationsPoller_Flow>
<com.eems.brkConfig.EEMS_ConfigurationsPoller_Flow intServ="EEMSIIB_COMMON_APPLICATIONS" env="test" override="PollConfigTable.timeoutInterval">300</com.eems.brkConfig.EEMS_ConfigurationsPoller_Flow>
<com.eems.brkConfig.EEMS_ConfigurationsPoller_Flow intServ="EEMSIIB_COMMON_APPLICATIONS" env="test" override="TriggerFlow.inputDirectory">/eems/iib/common/auditlog</com.eems.brkConfig.EEMS_ConfigurationsPoller_Flow>
<com.eems.brkConfig.EEMS_ConfigurationsPoller_Flow intServ="EEMSIIB_COMMON_APPLICATIONS" env="test" override="TriggerFlow.filenamePattern">Commercial.*</com.eems.brkConfig.EEMS_ConfigurationsPoller_Flow>
<com.eems.brkConfig.EEMS_ConfigurationsPoller_Flow intServ="EEMSIIB_COMMON_APPLICATIONS" env="test" override="DBCall_UpdateGlobalCache_GenTrigFiles.dataSource">EEMS_DB</com.eems.brkConfig.EEMS_ConfigurationsPoller_Flow>
<com.eems.brkConfig.EEMS_ConfigurationsPoller_Flow intServ="EEMSIIB_COMMON_APPLICATIONS" env="test" override="EEMS_Cache_Failure.dataSource">EEMS_DB</com.eems.brkConfig.EEMS_ConfigurationsPoller_Flow>
<com.eems.brkConfig.EEMS_ConfigurationsPoller_Flow intServ="EEMSIIB_COMMON_APPLICATIONS" env="test" override="EEMSIIB.ERRORMESSAGE_DATA.queueName">EEMSIIB.ERRORMESSAGE_DATA</com.eems.brkConfig.EEMS_ConfigurationsPoller_Flow>
<com.eems.brkConfig.EEMS_ConfigurationsPoller_Flow intServ="EEMSIIB_COMMON_APPLICATIONS" env="test" override="Common_AuditInMessage_SF.queueName">EEMSIIB.COMMON_AUDITMESSAGE_DATA</com.eems.brkConfig.EEMS_ConfigurationsPoller_Flow>

<com.eems.brkConfig.EEMS_ConfigurationsPoller_Flow intServ="EEMSIIB_GPS_COMMON_CONFIG" env="test" override="SchemaName">ELECELIG</com.eems.brkConfig.EEMS_ConfigurationsPoller_Flow>
<com.eems.brkConfig.EEMS_ConfigurationsPoller_Flow intServ="EEMSIIB_GPS_COMMON_CONFIG" env="test" override="UDP_GlobalCacheKEY">BRK_CONFIG</com.eems.brkConfig.EEMS_ConfigurationsPoller_Flow>
<com.eems.brkConfig.EEMS_ConfigurationsPoller_Flow intServ="EEMSIIB_GPS_COMMON_CONFIG" env="test" override="UDP_varGCMapName">GPS_Common_Map</com.eems.brkConfig.EEMS_ConfigurationsPoller_Flow>
<com.eems.brkConfig.EEMS_ConfigurationsPoller_Flow intServ="EEMSIIB_GPS_COMMON_CONFIG" env="test" override="PollConfigTable.uniqueIdentifier">CONFIGINQGPS</com.eems.brkConfig.EEMS_ConfigurationsPoller_Flow>
<com.eems.brkConfig.EEMS_ConfigurationsPoller_Flow intServ="EEMSIIB_GPS_COMMON_CONFIG" env="test" override="PollConfigTable.timeoutInterval">300</com.eems.brkConfig.EEMS_ConfigurationsPoller_Flow>
<com.eems.brkConfig.EEMS_ConfigurationsPoller_Flow intServ="EEMSIIB_GPS_COMMON_CONFIG" env="test" override="TriggerFlow.inputDirectory">/eems/iib/common/auditlog</com.eems.brkConfig.EEMS_ConfigurationsPoller_Flow>
<com.eems.brkConfig.EEMS_ConfigurationsPoller_Flow intServ="EEMSIIB_GPS_COMMON_CONFIG" env="test" override="TriggerFlow.filenamePattern">GPS.*</com.eems.brkConfig.EEMS_ConfigurationsPoller_Flow>
<com.eems.brkConfig.EEMS_ConfigurationsPoller_Flow intServ="EEMSIIB_GPS_COMMON_CONFIG" env="test" override="DBCall_UpdateGlobalCache_GenTrigFiles.dataSource">EEMS_DB</com.eems.brkConfig.EEMS_ConfigurationsPoller_Flow>
<com.eems.brkConfig.EEMS_ConfigurationsPoller_Flow intServ="EEMSIIB_GPS_COMMON_CONFIG" env="test" override="EEMS_Cache_Failure.dataSource">EEMS_DB</com.eems.brkConfig.EEMS_ConfigurationsPoller_Flow>
<com.eems.brkConfig.EEMS_ConfigurationsPoller_Flow intServ="EEMSIIB_GPS_COMMON_CONFIG" env="test" override="EEMSIIB.ERRORMESSAGE_DATA.queueName">EEMSIIB.GPS_ERRORMESSAGE_DATA</com.eems.brkConfig.EEMS_ConfigurationsPoller_Flow>
<com.eems.brkConfig.EEMS_ConfigurationsPoller_Flow intServ="EEMSIIB_GPS_COMMON_CONFIG" env="test" override="Common_AuditInMessage_SF.queueName">EEMSIIB.GPS_COMMON_AUDITMESSAGE_DATA</com.eems.brkConfig.EEMS_ConfigurationsPoller_Flow>

<com.eems.brkConfig.EEMS_ConfigurationsPoller_Flow intServ="EEMSIIB_PRIME_COMMON_CONFIG" env="test" override="SchemaName">ELECELIG</com.eems.brkConfig.EEMS_ConfigurationsPoller_Flow>
<com.eems.brkConfig.EEMS_ConfigurationsPoller_Flow intServ="EEMSIIB_PRIME_COMMON_CONFIG" env="test" override="UDP_GlobalCacheKEY">BRK_CONFIG</com.eems.brkConfig.EEMS_ConfigurationsPoller_Flow>
<com.eems.brkConfig.EEMS_ConfigurationsPoller_Flow intServ="EEMSIIB_PRIME_COMMON_CONFIG" env="test" override="UDP_varGCMapName">PRIME_Common_Map</com.eems.brkConfig.EEMS_ConfigurationsPoller_Flow>
<com.eems.brkConfig.EEMS_ConfigurationsPoller_Flow intServ="EEMSIIB_PRIME_COMMON_CONFIG" env="test" override="PollConfigTable.uniqueIdentifier">CONFIGINQPRI</com.eems.brkConfig.EEMS_ConfigurationsPoller_Flow>
<com.eems.brkConfig.EEMS_ConfigurationsPoller_Flow intServ="EEMSIIB_PRIME_COMMON_CONFIG" env="test" override="PollConfigTable.timeoutInterval">300</com.eems.brkConfig.EEMS_ConfigurationsPoller_Flow>
<com.eems.brkConfig.EEMS_ConfigurationsPoller_Flow intServ="EEMSIIB_PRIME_COMMON_CONFIG" env="test" override="TriggerFlow.inputDirectory">/eems/iib/common/auditlog</com.eems.brkConfig.EEMS_ConfigurationsPoller_Flow>
<com.eems.brkConfig.EEMS_ConfigurationsPoller_Flow intServ="EEMSIIB_PRIME_COMMON_CONFIG" env="test" override="TriggerFlow.filenamePattern">CTL.*</com.eems.brkConfig.EEMS_ConfigurationsPoller_Flow>
<com.eems.brkConfig.EEMS_ConfigurationsPoller_Flow intServ="EEMSIIB_PRIME_COMMON_CONFIG" env="test" override="DBCall_UpdateGlobalCache_GenTrigFiles.dataSource">EEMS_DB</com.eems.brkConfig.EEMS_ConfigurationsPoller_Flow>
<com.eems.brkConfig.EEMS_ConfigurationsPoller_Flow intServ="EEMSIIB_PRIME_COMMON_CONFIG" env="test" override="EEMS_Cache_Failure.dataSource">EEMS_DB</com.eems.brkConfig.EEMS_ConfigurationsPoller_Flow>
<com.eems.brkConfig.EEMS_ConfigurationsPoller_Flow intServ="EEMSIIB_PRIME_COMMON_CONFIG" env="test" override="EEMSIIB.ERRORMESSAGE_DATA.queueName">EEMSIIB.PRIME_ERRORMESSAGE_DATA</com.eems.brkConfig.EEMS_ConfigurationsPoller_Flow>
<com.eems.brkConfig.EEMS_ConfigurationsPoller_Flow intServ="EEMSIIB_PRIME_COMMON_CONFIG" env="test" override="Common_AuditInMessage_SF.queueName">EEMSIIB.PRIME_COMMON_AUDITMESSAGE_DATA</com.eems.brkConfig.EEMS_ConfigurationsPoller_Flow>

<!--SIT Bravo-->
<com.eems.brkConfig.EEMS_ConfigurationsPoller_Flow intServ="EEMSIIB_GPSCSP_COMMON_CONFIG" env="test2" override="SchemaName">ELECELIG</com.eems.brkConfig.EEMS_ConfigurationsPoller_Flow>
<com.eems.brkConfig.EEMS_ConfigurationsPoller_Flow intServ="EEMSIIB_GPSCSP_COMMON_CONFIG" env="test2" override="UDP_GlobalCacheKEY">BRK_CONFIG</com.eems.brkConfig.EEMS_ConfigurationsPoller_Flow>
<com.eems.brkConfig.EEMS_ConfigurationsPoller_Flow intServ="EEMSIIB_GPSCSP_COMMON_CONFIG" env="test2" override="UDP_varGCMapName">GPSCSP_Common_Map</com.eems.brkConfig.EEMS_ConfigurationsPoller_Flow>
<com.eems.brkConfig.EEMS_ConfigurationsPoller_Flow intServ="EEMSIIB_GPSCSP_COMMON_CONFIG" env="test2" override="PollConfigTable.uniqueIdentifier">CONFIGINQ</com.eems.brkConfig.EEMS_ConfigurationsPoller_Flow>
<com.eems.brkConfig.EEMS_ConfigurationsPoller_Flow intServ="EEMSIIB_GPSCSP_COMMON_CONFIG" env="test2" override="PollConfigTable.timeoutInterval">300</com.eems.brkConfig.EEMS_ConfigurationsPoller_Flow>
<com.eems.brkConfig.EEMS_ConfigurationsPoller_Flow intServ="EEMSIIB_GPSCSP_COMMON_CONFIG" env="test2" override="TriggerFlow.inputDirectory">/eems/iib/common/auditlog</com.eems.brkConfig.EEMS_ConfigurationsPoller_Flow>
<com.eems.brkConfig.EEMS_ConfigurationsPoller_Flow intServ="EEMSIIB_GPSCSP_COMMON_CONFIG" env="test2" override="TriggerFlow.filenamePattern">CSP.*</com.eems.brkConfig.EEMS_ConfigurationsPoller_Flow>
<com.eems.brkConfig.EEMS_ConfigurationsPoller_Flow intServ="EEMSIIB_GPSCSP_COMMON_CONFIG" env="test2" override="DBCall_UpdateGlobalCache_GenTrigFiles.dataSource">E3CSP_DB</com.eems.brkConfig.EEMS_ConfigurationsPoller_Flow>
<com.eems.brkConfig.EEMS_ConfigurationsPoller_Flow intServ="EEMSIIB_GPSCSP_COMMON_CONFIG" env="test2" override="EEMS_Cache_Failure.dataSource">E3CSP_DB</com.eems.brkConfig.EEMS_ConfigurationsPoller_Flow>
<com.eems.brkConfig.EEMS_ConfigurationsPoller_Flow intServ="EEMSIIB_GPSCSP_COMMON_CONFIG" env="test2" override="EEMSIIB.ERRORMESSAGE_DATA.queueName">EEMSIIB.GPSCSP_ERRORMESSAGE_DATA</com.eems.brkConfig.EEMS_ConfigurationsPoller_Flow>
<com.eems.brkConfig.EEMS_ConfigurationsPoller_Flow intServ="EEMSIIB_GPSCSP_COMMON_CONFIG" env="test2" override="Common_AuditInMessage_SF.queueName">EEMSIIB.GPSCSP_COMMON_AUDITMESSAGE_DATA</com.eems.brkConfig.EEMS_ConfigurationsPoller_Flow>

<com.eems.brkConfig.EEMS_ConfigurationsPoller_Flow intServ="EEMSIIB_COMMON_APPLICATIONS" env="test2" override="SchemaName">ELECELIG</com.eems.brkConfig.EEMS_ConfigurationsPoller_Flow>
<com.eems.brkConfig.EEMS_ConfigurationsPoller_Flow intServ="EEMSIIB_COMMON_APPLICATIONS" env="test2" override="UDP_GlobalCacheKEY">BRK_CONFIG</com.eems.brkConfig.EEMS_ConfigurationsPoller_Flow>
<com.eems.brkConfig.EEMS_ConfigurationsPoller_Flow intServ="EEMSIIB_COMMON_APPLICATIONS" env="test2" override="UDP_varGCMapName">BE128_Common_Map</com.eems.brkConfig.EEMS_ConfigurationsPoller_Flow>
<com.eems.brkConfig.EEMS_ConfigurationsPoller_Flow intServ="EEMSIIB_COMMON_APPLICATIONS" env="test2" override="PollConfigTable.uniqueIdentifier">CONFIGINQ</com.eems.brkConfig.EEMS_ConfigurationsPoller_Flow>
<com.eems.brkConfig.EEMS_ConfigurationsPoller_Flow intServ="EEMSIIB_COMMON_APPLICATIONS" env="test2" override="PollConfigTable.timeoutInterval">300</com.eems.brkConfig.EEMS_ConfigurationsPoller_Flow>
<com.eems.brkConfig.EEMS_ConfigurationsPoller_Flow intServ="EEMSIIB_COMMON_APPLICATIONS" env="test2" override="TriggerFlow.inputDirectory">/eems/iib/common/auditlog</com.eems.brkConfig.EEMS_ConfigurationsPoller_Flow>
<com.eems.brkConfig.EEMS_ConfigurationsPoller_Flow intServ="EEMSIIB_COMMON_APPLICATIONS" env="test2" override="TriggerFlow.filenamePattern">Commercial.*</com.eems.brkConfig.EEMS_ConfigurationsPoller_Flow>
<com.eems.brkConfig.EEMS_ConfigurationsPoller_Flow intServ="EEMSIIB_COMMON_APPLICATIONS" env="test2" override="DBCall_UpdateGlobalCache_GenTrigFiles.dataSource">EEMS_DB</com.eems.brkConfig.EEMS_ConfigurationsPoller_Flow>
<com.eems.brkConfig.EEMS_ConfigurationsPoller_Flow intServ="EEMSIIB_COMMON_APPLICATIONS" env="test2" override="EEMS_Cache_Failure.dataSource">EEMS_DB</com.eems.brkConfig.EEMS_ConfigurationsPoller_Flow>
<com.eems.brkConfig.EEMS_ConfigurationsPoller_Flow intServ="EEMSIIB_COMMON_APPLICATIONS" env="test2" override="EEMSIIB.ERRORMESSAGE_DATA.queueName">EEMSIIB.ERRORMESSAGE_DATA</com.eems.brkConfig.EEMS_ConfigurationsPoller_Flow>
<com.eems.brkConfig.EEMS_ConfigurationsPoller_Flow intServ="EEMSIIB_COMMON_APPLICATIONS" env="test2" override="Common_AuditInMessage_SF.queueName">EEMSIIB.COMMON_AUDITMESSAGE_DATA</com.eems.brkConfig.EEMS_ConfigurationsPoller_Flow>

<com.eems.brkConfig.EEMS_ConfigurationsPoller_Flow intServ="EEMSIIB_GPS_COMMON_CONFIG" env="test2" override="SchemaName">ELECELIG</com.eems.brkConfig.EEMS_ConfigurationsPoller_Flow>
<com.eems.brkConfig.EEMS_ConfigurationsPoller_Flow intServ="EEMSIIB_GPS_COMMON_CONFIG" env="test2" override="UDP_GlobalCacheKEY">BRK_CONFIG</com.eems.brkConfig.EEMS_ConfigurationsPoller_Flow>
<com.eems.brkConfig.EEMS_ConfigurationsPoller_Flow intServ="EEMSIIB_GPS_COMMON_CONFIG" env="test2" override="UDP_varGCMapName">GPS_Common_Map</com.eems.brkConfig.EEMS_ConfigurationsPoller_Flow>
<com.eems.brkConfig.EEMS_ConfigurationsPoller_Flow intServ="EEMSIIB_GPS_COMMON_CONFIG" env="test2" override="PollConfigTable.uniqueIdentifier">CONFIGINQGPS</com.eems.brkConfig.EEMS_ConfigurationsPoller_Flow>
<com.eems.brkConfig.EEMS_ConfigurationsPoller_Flow intServ="EEMSIIB_GPS_COMMON_CONFIG" env="test2" override="PollConfigTable.timeoutInterval">300</com.eems.brkConfig.EEMS_ConfigurationsPoller_Flow>
<com.eems.brkConfig.EEMS_ConfigurationsPoller_Flow intServ="EEMSIIB_GPS_COMMON_CONFIG" env="test2" override="TriggerFlow.inputDirectory">/eems/iib/common/auditlog</com.eems.brkConfig.EEMS_ConfigurationsPoller_Flow>
<com.eems.brkConfig.EEMS_ConfigurationsPoller_Flow intServ="EEMSIIB_GPS_COMMON_CONFIG" env="test2" override="TriggerFlow.filenamePattern">GPS.*</com.eems.brkConfig.EEMS_ConfigurationsPoller_Flow>
<com.eems.brkConfig.EEMS_ConfigurationsPoller_Flow intServ="EEMSIIB_GPS_COMMON_CONFIG" env="test2" override="DBCall_UpdateGlobalCache_GenTrigFiles.dataSource">EEMS_DB</com.eems.brkConfig.EEMS_ConfigurationsPoller_Flow>
<com.eems.brkConfig.EEMS_ConfigurationsPoller_Flow intServ="EEMSIIB_GPS_COMMON_CONFIG" env="test2" override="EEMS_Cache_Failure.dataSource">EEMS_DB</com.eems.brkConfig.EEMS_ConfigurationsPoller_Flow>
<com.eems.brkConfig.EEMS_ConfigurationsPoller_Flow intServ="EEMSIIB_GPS_COMMON_CONFIG" env="test2" override="EEMSIIB.ERRORMESSAGE_DATA.queueName">EEMSIIB.GPS_ERRORMESSAGE_DATA</com.eems.brkConfig.EEMS_ConfigurationsPoller_Flow>
<com.eems.brkConfig.EEMS_ConfigurationsPoller_Flow intServ="EEMSIIB_GPS_COMMON_CONFIG" env="test2" override="Common_AuditInMessage_SF.queueName">EEMSIIB.GPS_COMMON_AUDITMESSAGE_DATA</com.eems.brkConfig.EEMS_ConfigurationsPoller_Flow>

<com.eems.brkConfig.EEMS_ConfigurationsPoller_Flow intServ="EEMSIIB_PRIME_COMMON_CONFIG" env="test2" override="SchemaName">ELECELIG</com.eems.brkConfig.EEMS_ConfigurationsPoller_Flow>
<com.eems.brkConfig.EEMS_ConfigurationsPoller_Flow intServ="EEMSIIB_PRIME_COMMON_CONFIG" env="test2" override="UDP_GlobalCacheKEY">BRK_CONFIG</com.eems.brkConfig.EEMS_ConfigurationsPoller_Flow>
<com.eems.brkConfig.EEMS_ConfigurationsPoller_Flow intServ="EEMSIIB_PRIME_COMMON_CONFIG" env="test2" override="UDP_varGCMapName">PRIME_Common_Map</com.eems.brkConfig.EEMS_ConfigurationsPoller_Flow>
<com.eems.brkConfig.EEMS_ConfigurationsPoller_Flow intServ="EEMSIIB_PRIME_COMMON_CONFIG" env="test2" override="PollConfigTable.uniqueIdentifier">CONFIGINQPRI</com.eems.brkConfig.EEMS_ConfigurationsPoller_Flow>
<com.eems.brkConfig.EEMS_ConfigurationsPoller_Flow intServ="EEMSIIB_PRIME_COMMON_CONFIG" env="test2" override="PollConfigTable.timeoutInterval">300</com.eems.brkConfig.EEMS_ConfigurationsPoller_Flow>
<com.eems.brkConfig.EEMS_ConfigurationsPoller_Flow intServ="EEMSIIB_PRIME_COMMON_CONFIG" env="test2" override="TriggerFlow.inputDirectory">/eems/iib/common/auditlog</com.eems.brkConfig.EEMS_ConfigurationsPoller_Flow>
<com.eems.brkConfig.EEMS_ConfigurationsPoller_Flow intServ="EEMSIIB_PRIME_COMMON_CONFIG" env="test2" override="TriggerFlow.filenamePattern">CTL.*</com.eems.brkConfig.EEMS_ConfigurationsPoller_Flow>
<com.eems.brkConfig.EEMS_ConfigurationsPoller_Flow intServ="EEMSIIB_PRIME_COMMON_CONFIG" env="test2" override="DBCall_UpdateGlobalCache_GenTrigFiles.dataSource">EEMS_DB</com.eems.brkConfig.EEMS_ConfigurationsPoller_Flow>
<com.eems.brkConfig.EEMS_ConfigurationsPoller_Flow intServ="EEMSIIB_PRIME_COMMON_CONFIG" env="test2" override="EEMS_Cache_Failure.dataSource">EEMS_DB</com.eems.brkConfig.EEMS_ConfigurationsPoller_Flow>
<com.eems.brkConfig.EEMS_ConfigurationsPoller_Flow intServ="EEMSIIB_PRIME_COMMON_CONFIG" env="test2" override="EEMSIIB.ERRORMESSAGE_DATA.queueName">EEMSIIB.PRIME_ERRORMESSAGE_DATA</com.eems.brkConfig.EEMS_ConfigurationsPoller_Flow>
<com.eems.brkConfig.EEMS_ConfigurationsPoller_Flow intServ="EEMSIIB_PRIME_COMMON_CONFIG" env="test2" override="Common_AuditInMessage_SF.queueName">EEMSIIB.PRIME_COMMON_AUDITMESSAGE_DATA</com.eems.brkConfig.EEMS_ConfigurationsPoller_Flow>

<!--SIT Charlie-->
<com.eems.brkConfig.EEMS_ConfigurationsPoller_Flow intServ="EEMSIIB_GPSCSP_COMMON" env="test-charlie" override="SchemaName">ELECELIG</com.eems.brkConfig.EEMS_ConfigurationsPoller_Flow>
<com.eems.brkConfig.EEMS_ConfigurationsPoller_Flow intServ="EEMSIIB_GPSCSP_COMMON" env="test-charlie" override="UDP_GlobalCacheKEY">BRK_CONFIG</com.eems.brkConfig.EEMS_ConfigurationsPoller_Flow>
<com.eems.brkConfig.EEMS_ConfigurationsPoller_Flow intServ="EEMSIIB_GPSCSP_COMMON" env="test-charlie" override="UDP_varGCMapName">GPSCSP_Common_Map</com.eems.brkConfig.EEMS_ConfigurationsPoller_Flow>
<com.eems.brkConfig.EEMS_ConfigurationsPoller_Flow intServ="EEMSIIB_GPSCSP_COMMON" env="test-charlie" override="PollConfigTable.uniqueIdentifier">CONFIGINQ</com.eems.brkConfig.EEMS_ConfigurationsPoller_Flow>
<com.eems.brkConfig.EEMS_ConfigurationsPoller_Flow intServ="EEMSIIB_GPSCSP_COMMON" env="test-charlie" override="PollConfigTable.timeoutInterval">300</com.eems.brkConfig.EEMS_ConfigurationsPoller_Flow>
<com.eems.brkConfig.EEMS_ConfigurationsPoller_Flow intServ="EEMSIIB_GPSCSP_COMMON" env="test-charlie" override="TriggerFlow.inputDirectory">/eems/iib/common/auditlog</com.eems.brkConfig.EEMS_ConfigurationsPoller_Flow>
<com.eems.brkConfig.EEMS_ConfigurationsPoller_Flow intServ="EEMSIIB_GPSCSP_COMMON" env="test-charlie" override="TriggerFlow.filenamePattern">CSP.*</com.eems.brkConfig.EEMS_ConfigurationsPoller_Flow>
<com.eems.brkConfig.EEMS_ConfigurationsPoller_Flow intServ="EEMSIIB_GPSCSP_COMMON" env="test-charlie" override="DBCall_UpdateGlobalCache_GenTrigFiles.dataSource">E3CSP_DB</com.eems.brkConfig.EEMS_ConfigurationsPoller_Flow>
<com.eems.brkConfig.EEMS_ConfigurationsPoller_Flow intServ="EEMSIIB_GPSCSP_COMMON" env="test-charlie" override="EEMS_Cache_Failure.dataSource">E3CSP_DB</com.eems.brkConfig.EEMS_ConfigurationsPoller_Flow>
<com.eems.brkConfig.EEMS_ConfigurationsPoller_Flow intServ="EEMSIIB_GPSCSP_COMMON" env="test-charlie" override="EEMSIIB.ERRORMESSAGE_DATA.queueName">EEMSIIB.GPSCSP_ERRORMESSAGE_DATA</com.eems.brkConfig.EEMS_ConfigurationsPoller_Flow>
<com.eems.brkConfig.EEMS_ConfigurationsPoller_Flow intServ="EEMSIIB_GPSCSP_COMMON" env="test-charlie" override="Common_AuditInMessage_SF.queueName">EEMSIIB.GPSCSP_COMMON_AUDITMESSAGE_DATA</com.eems.brkConfig.EEMS_ConfigurationsPoller_Flow>

<com.eems.brkConfig.EEMS_ConfigurationsPoller_Flow intServ="EEMSIIB_COMMON_APPLICATIONS" env="test-charlie" override="SchemaName">ELECELIG</com.eems.brkConfig.EEMS_ConfigurationsPoller_Flow>
<com.eems.brkConfig.EEMS_ConfigurationsPoller_Flow intServ="EEMSIIB_COMMON_APPLICATIONS" env="test-charlie" override="UDP_GlobalCacheKEY">BRK_CONFIG</com.eems.brkConfig.EEMS_ConfigurationsPoller_Flow>
<com.eems.brkConfig.EEMS_ConfigurationsPoller_Flow intServ="EEMSIIB_COMMON_APPLICATIONS" env="test-charlie" override="UDP_varGCMapName">BE128_Common_Map</com.eems.brkConfig.EEMS_ConfigurationsPoller_Flow>
<com.eems.brkConfig.EEMS_ConfigurationsPoller_Flow intServ="EEMSIIB_COMMON_APPLICATIONS" env="test-charlie" override="PollConfigTable.uniqueIdentifier">CONFIGINQ</com.eems.brkConfig.EEMS_ConfigurationsPoller_Flow>
<com.eems.brkConfig.EEMS_ConfigurationsPoller_Flow intServ="EEMSIIB_COMMON_APPLICATIONS" env="test-charlie" override="PollConfigTable.timeoutInterval">300</com.eems.brkConfig.EEMS_ConfigurationsPoller_Flow>
<com.eems.brkConfig.EEMS_ConfigurationsPoller_Flow intServ="EEMSIIB_COMMON_APPLICATIONS" env="test-charlie" override="TriggerFlow.inputDirectory">/eems/iib/common/auditlog</com.eems.brkConfig.EEMS_ConfigurationsPoller_Flow>
<com.eems.brkConfig.EEMS_ConfigurationsPoller_Flow intServ="EEMSIIB_COMMON_APPLICATIONS" env="test-charlie" override="TriggerFlow.filenamePattern">Commercial.*</com.eems.brkConfig.EEMS_ConfigurationsPoller_Flow>
<com.eems.brkConfig.EEMS_ConfigurationsPoller_Flow intServ="EEMSIIB_COMMON_APPLICATIONS" env="test-charlie" override="DBCall_UpdateGlobalCache_GenTrigFiles.dataSource">EEMS_DB</com.eems.brkConfig.EEMS_ConfigurationsPoller_Flow>
<com.eems.brkConfig.EEMS_ConfigurationsPoller_Flow intServ="EEMSIIB_COMMON_APPLICATIONS" env="test-charlie" override="EEMS_Cache_Failure.dataSource">EEMS_DB</com.eems.brkConfig.EEMS_ConfigurationsPoller_Flow>
<com.eems.brkConfig.EEMS_ConfigurationsPoller_Flow intServ="EEMSIIB_COMMON_APPLICATIONS" env="test-charlie" override="EEMSIIB.ERRORMESSAGE_DATA.queueName">EEMSIIB.ERRORMESSAGE_DATA</com.eems.brkConfig.EEMS_ConfigurationsPoller_Flow>
<com.eems.brkConfig.EEMS_ConfigurationsPoller_Flow intServ="EEMSIIB_COMMON_APPLICATIONS" env="test-charlie" override="Common_AuditInMessage_SF.queueName">EEMSIIB.COMMON_AUDITMESSAGE_DATA</com.eems.brkConfig.EEMS_ConfigurationsPoller_Flow>


<!--UAT -->
<com.eems.brkConfig.EEMS_ConfigurationsPoller_Flow intServ="EEMSIIB_GPSCSP_COMMON_CONFIG" env="uat" override="SchemaName">ELECELIG</com.eems.brkConfig.EEMS_ConfigurationsPoller_Flow>
<com.eems.brkConfig.EEMS_ConfigurationsPoller_Flow intServ="EEMSIIB_GPSCSP_COMMON_CONFIG" env="uat" override="UDP_GlobalCacheKEY">BRK_CONFIG</com.eems.brkConfig.EEMS_ConfigurationsPoller_Flow>
<com.eems.brkConfig.EEMS_ConfigurationsPoller_Flow intServ="EEMSIIB_GPSCSP_COMMON_CONFIG" env="uat" override="UDP_varGCMapName">GPSCSP_Common_Map</com.eems.brkConfig.EEMS_ConfigurationsPoller_Flow>
<com.eems.brkConfig.EEMS_ConfigurationsPoller_Flow intServ="EEMSIIB_GPSCSP_COMMON_CONFIG" env="uat" override="PollConfigTable.uniqueIdentifier">CONFIGINQCSP</com.eems.brkConfig.EEMS_ConfigurationsPoller_Flow>
<com.eems.brkConfig.EEMS_ConfigurationsPoller_Flow intServ="EEMSIIB_GPSCSP_COMMON_CONFIG" env="uat" override="PollConfigTable.timeoutInterval">300</com.eems.brkConfig.EEMS_ConfigurationsPoller_Flow>
<com.eems.brkConfig.EEMS_ConfigurationsPoller_Flow intServ="EEMSIIB_GPSCSP_COMMON_CONFIG" env="uat" override="TriggerFlow.inputDirectory">/eems/iib/common/auditlog</com.eems.brkConfig.EEMS_ConfigurationsPoller_Flow>
<com.eems.brkConfig.EEMS_ConfigurationsPoller_Flow intServ="EEMSIIB_GPSCSP_COMMON_CONFIG" env="uat" override="TriggerFlow.filenamePattern">CSP.*</com.eems.brkConfig.EEMS_ConfigurationsPoller_Flow>
<com.eems.brkConfig.EEMS_ConfigurationsPoller_Flow intServ="EEMSIIB_GPSCSP_COMMON_CONFIG" env="uat" override="DBCall_UpdateGlobalCache_GenTrigFiles.dataSource">E3CSP_DB</com.eems.brkConfig.EEMS_ConfigurationsPoller_Flow>
<com.eems.brkConfig.EEMS_ConfigurationsPoller_Flow intServ="EEMSIIB_GPSCSP_COMMON_CONFIG" env="uat" override="EEMS_Cache_Failure.dataSource">E3CSP_DB</com.eems.brkConfig.EEMS_ConfigurationsPoller_Flow>
<com.eems.brkConfig.EEMS_ConfigurationsPoller_Flow intServ="EEMSIIB_GPSCSP_COMMON_CONFIG" env="uat" override="EEMSIIB.ERRORMESSAGE_DATA.queueName">EEMSIIB.GPSCSP_ERRORMESSAGE_DATA</com.eems.brkConfig.EEMS_ConfigurationsPoller_Flow>
<com.eems.brkConfig.EEMS_ConfigurationsPoller_Flow intServ="EEMSIIB_GPSCSP_COMMON_CONFIG" env="uat" override="Common_AuditInMessage_SF.queueName">EEMSIIB.GPSCSP_COMMON_AUDITMESSAGE_DATA</com.eems.brkConfig.EEMS_ConfigurationsPoller_Flow>

<com.eems.brkConfig.EEMS_ConfigurationsPoller_Flow intServ="EEMSIIB_COMMON_APPLICATIONS" env="uat" override="SchemaName">ELECELIG</com.eems.brkConfig.EEMS_ConfigurationsPoller_Flow>
<com.eems.brkConfig.EEMS_ConfigurationsPoller_Flow intServ="EEMSIIB_COMMON_APPLICATIONS" env="uat" override="UDP_GlobalCacheKEY">BRK_CONFIG</com.eems.brkConfig.EEMS_ConfigurationsPoller_Flow>
<com.eems.brkConfig.EEMS_ConfigurationsPoller_Flow intServ="EEMSIIB_COMMON_APPLICATIONS" env="uat" override="UDP_varGCMapName">BE128_Common_Map</com.eems.brkConfig.EEMS_ConfigurationsPoller_Flow>
<com.eems.brkConfig.EEMS_ConfigurationsPoller_Flow intServ="EEMSIIB_COMMON_APPLICATIONS" env="uat" override="PollConfigTable.uniqueIdentifier">CONFIGINQ</com.eems.brkConfig.EEMS_ConfigurationsPoller_Flow>
<com.eems.brkConfig.EEMS_ConfigurationsPoller_Flow intServ="EEMSIIB_COMMON_APPLICATIONS" env="uat" override="PollConfigTable.timeoutInterval">300</com.eems.brkConfig.EEMS_ConfigurationsPoller_Flow>
<com.eems.brkConfig.EEMS_ConfigurationsPoller_Flow intServ="EEMSIIB_COMMON_APPLICATIONS" env="uat" override="TriggerFlow.inputDirectory">/eems/iib/common/auditlog</com.eems.brkConfig.EEMS_ConfigurationsPoller_Flow>
<com.eems.brkConfig.EEMS_ConfigurationsPoller_Flow intServ="EEMSIIB_COMMON_APPLICATIONS" env="uat" override="TriggerFlow.filenamePattern">Commercial.*</com.eems.brkConfig.EEMS_ConfigurationsPoller_Flow>
<com.eems.brkConfig.EEMS_ConfigurationsPoller_Flow intServ="EEMSIIB_COMMON_APPLICATIONS" env="uat" override="DBCall_UpdateGlobalCache_GenTrigFiles.dataSource">EEMS_DB</com.eems.brkConfig.EEMS_ConfigurationsPoller_Flow>
<com.eems.brkConfig.EEMS_ConfigurationsPoller_Flow intServ="EEMSIIB_COMMON_APPLICATIONS" env="uat" override="EEMS_Cache_Failure.dataSource">EEMS_DB</com.eems.brkConfig.EEMS_ConfigurationsPoller_Flow>
<com.eems.brkConfig.EEMS_ConfigurationsPoller_Flow intServ="EEMSIIB_COMMON_APPLICATIONS" env="uat" override="EEMSIIB.ERRORMESSAGE_DATA.queueName">EEMSIIB.ERRORMESSAGE_DATA</com.eems.brkConfig.EEMS_ConfigurationsPoller_Flow>
<com.eems.brkConfig.EEMS_ConfigurationsPoller_Flow intServ="EEMSIIB_COMMON_APPLICATIONS" env="uat" override="Common_AuditInMessage_SF.queueName">EEMSIIB.COMMON_AUDITMESSAGE_DATA</com.eems.brkConfig.EEMS_ConfigurationsPoller_Flow>

<com.eems.brkConfig.EEMS_ConfigurationsPoller_Flow intServ="EEMSIIB_GPS_COMMON_CONFIG" env="uat" override="SchemaName">ELECELIG</com.eems.brkConfig.EEMS_ConfigurationsPoller_Flow>
<com.eems.brkConfig.EEMS_ConfigurationsPoller_Flow intServ="EEMSIIB_GPS_COMMON_CONFIG" env="uat" override="UDP_GlobalCacheKEY">BRK_CONFIG</com.eems.brkConfig.EEMS_ConfigurationsPoller_Flow>
<com.eems.brkConfig.EEMS_ConfigurationsPoller_Flow intServ="EEMSIIB_GPS_COMMON_CONFIG" env="uat" override="UDP_varGCMapName">GPS_Common_Map</com.eems.brkConfig.EEMS_ConfigurationsPoller_Flow>
<com.eems.brkConfig.EEMS_ConfigurationsPoller_Flow intServ="EEMSIIB_GPS_COMMON_CONFIG" env="uat" override="PollConfigTable.uniqueIdentifier">CONFIGINQGPS</com.eems.brkConfig.EEMS_ConfigurationsPoller_Flow>
<com.eems.brkConfig.EEMS_ConfigurationsPoller_Flow intServ="EEMSIIB_GPS_COMMON_CONFIG" env="uat" override="PollConfigTable.timeoutInterval">300</com.eems.brkConfig.EEMS_ConfigurationsPoller_Flow>
<com.eems.brkConfig.EEMS_ConfigurationsPoller_Flow intServ="EEMSIIB_GPS_COMMON_CONFIG" env="uat" override="TriggerFlow.inputDirectory">/eems/iib/common/auditlog</com.eems.brkConfig.EEMS_ConfigurationsPoller_Flow>
<com.eems.brkConfig.EEMS_ConfigurationsPoller_Flow intServ="EEMSIIB_GPS_COMMON_CONFIG" env="uat" override="TriggerFlow.filenamePattern">GPS.*</com.eems.brkConfig.EEMS_ConfigurationsPoller_Flow>
<com.eems.brkConfig.EEMS_ConfigurationsPoller_Flow intServ="EEMSIIB_GPS_COMMON_CONFIG" env="uat" override="DBCall_UpdateGlobalCache_GenTrigFiles.dataSource">EEMS_DB</com.eems.brkConfig.EEMS_ConfigurationsPoller_Flow>
<com.eems.brkConfig.EEMS_ConfigurationsPoller_Flow intServ="EEMSIIB_GPS_COMMON_CONFIG" env="uat" override="EEMS_Cache_Failure.dataSource">EEMS_DB</com.eems.brkConfig.EEMS_ConfigurationsPoller_Flow>
<com.eems.brkConfig.EEMS_ConfigurationsPoller_Flow intServ="EEMSIIB_GPS_COMMON_CONFIG" env="uat" override="EEMSIIB.ERRORMESSAGE_DATA.queueName">EEMSIIB.GPS_ERRORMESSAGE_DATA</com.eems.brkConfig.EEMS_ConfigurationsPoller_Flow>
<com.eems.brkConfig.EEMS_ConfigurationsPoller_Flow intServ="EEMSIIB_GPS_COMMON_CONFIG" env="uat" override="Common_AuditInMessage_SF.queueName">EEMSIIB.GPS_COMMON_AUDITMESSAGE_DATA</com.eems.brkConfig.EEMS_ConfigurationsPoller_Flow>

<com.eems.brkConfig.EEMS_ConfigurationsPoller_Flow intServ="EEMSIIB_PRIME_COMMON_CONFIG" env="uat" override="SchemaName">ELECELIG</com.eems.brkConfig.EEMS_ConfigurationsPoller_Flow>
<com.eems.brkConfig.EEMS_ConfigurationsPoller_Flow intServ="EEMSIIB_PRIME_COMMON_CONFIG" env="uat" override="UDP_GlobalCacheKEY">BRK_CONFIG</com.eems.brkConfig.EEMS_ConfigurationsPoller_Flow>
<com.eems.brkConfig.EEMS_ConfigurationsPoller_Flow intServ="EEMSIIB_PRIME_COMMON_CONFIG" env="uat" override="UDP_varGCMapName">PRIME_Common_Map</com.eems.brkConfig.EEMS_ConfigurationsPoller_Flow>
<com.eems.brkConfig.EEMS_ConfigurationsPoller_Flow intServ="EEMSIIB_PRIME_COMMON_CONFIG" env="uat" override="PollConfigTable.uniqueIdentifier">CONFIGINQPRI</com.eems.brkConfig.EEMS_ConfigurationsPoller_Flow>
<com.eems.brkConfig.EEMS_ConfigurationsPoller_Flow intServ="EEMSIIB_PRIME_COMMON_CONFIG" env="uat" override="PollConfigTable.timeoutInterval">300</com.eems.brkConfig.EEMS_ConfigurationsPoller_Flow>
<com.eems.brkConfig.EEMS_ConfigurationsPoller_Flow intServ="EEMSIIB_PRIME_COMMON_CONFIG" env="uat" override="TriggerFlow.inputDirectory">/eems/iib/common/auditlog</com.eems.brkConfig.EEMS_ConfigurationsPoller_Flow>
<com.eems.brkConfig.EEMS_ConfigurationsPoller_Flow intServ="EEMSIIB_PRIME_COMMON_CONFIG" env="uat" override="TriggerFlow.filenamePattern">CTL.*</com.eems.brkConfig.EEMS_ConfigurationsPoller_Flow>
<com.eems.brkConfig.EEMS_ConfigurationsPoller_Flow intServ="EEMSIIB_PRIME_COMMON_CONFIG" env="uat" override="DBCall_UpdateGlobalCache_GenTrigFiles.dataSource">EEMS_DB</com.eems.brkConfig.EEMS_ConfigurationsPoller_Flow>
<com.eems.brkConfig.EEMS_ConfigurationsPoller_Flow intServ="EEMSIIB_PRIME_COMMON_CONFIG" env="uat" override="EEMS_Cache_Failure.dataSource">EEMS_DB</com.eems.brkConfig.EEMS_ConfigurationsPoller_Flow>
<com.eems.brkConfig.EEMS_ConfigurationsPoller_Flow intServ="EEMSIIB_PRIME_COMMON_CONFIG" env="uat" override="EEMSIIB.ERRORMESSAGE_DATA.queueName">EEMSIIB.PRIME_ERRORMESSAGE_DATA</com.eems.brkConfig.EEMS_ConfigurationsPoller_Flow>
<com.eems.brkConfig.EEMS_ConfigurationsPoller_Flow intServ="EEMSIIB_PRIME_COMMON_CONFIG" env="uat" override="Common_AuditInMessage_SF.queueName">EEMSIIB.PRIME_COMMON_AUDITMESSAGE_DATA</com.eems.brkConfig.EEMS_ConfigurationsPoller_Flow>

<!--UAT Bravo -->
<com.eems.brkConfig.EEMS_ConfigurationsPoller_Flow intServ="EEMSIIB_GPSCSP_COMMON_CONFIG" env="uat-bravo" override="SchemaName">ELECELIG</com.eems.brkConfig.EEMS_ConfigurationsPoller_Flow>
<com.eems.brkConfig.EEMS_ConfigurationsPoller_Flow intServ="EEMSIIB_GPSCSP_COMMON_CONFIG" env="uat-bravo" override="UDP_GlobalCacheKEY">BRK_CONFIG</com.eems.brkConfig.EEMS_ConfigurationsPoller_Flow>
<com.eems.brkConfig.EEMS_ConfigurationsPoller_Flow intServ="EEMSIIB_GPSCSP_COMMON_CONFIG" env="uat-bravo" override="UDP_varGCMapName">GPSCSP_Common_Map</com.eems.brkConfig.EEMS_ConfigurationsPoller_Flow>
<com.eems.brkConfig.EEMS_ConfigurationsPoller_Flow intServ="EEMSIIB_GPSCSP_COMMON_CONFIG" env="uat-bravo" override="PollConfigTable.uniqueIdentifier">CONFIGINQCSP</com.eems.brkConfig.EEMS_ConfigurationsPoller_Flow>
<com.eems.brkConfig.EEMS_ConfigurationsPoller_Flow intServ="EEMSIIB_GPSCSP_COMMON_CONFIG" env="uat-bravo" override="PollConfigTable.timeoutInterval">300</com.eems.brkConfig.EEMS_ConfigurationsPoller_Flow>
<com.eems.brkConfig.EEMS_ConfigurationsPoller_Flow intServ="EEMSIIB_GPSCSP_COMMON_CONFIG" env="uat-bravo" override="TriggerFlow.inputDirectory">/eems/iib/common/auditlog</com.eems.brkConfig.EEMS_ConfigurationsPoller_Flow>
<com.eems.brkConfig.EEMS_ConfigurationsPoller_Flow intServ="EEMSIIB_GPSCSP_COMMON_CONFIG" env="uat-bravo" override="TriggerFlow.filenamePattern">CSP.*</com.eems.brkConfig.EEMS_ConfigurationsPoller_Flow>
<com.eems.brkConfig.EEMS_ConfigurationsPoller_Flow intServ="EEMSIIB_GPSCSP_COMMON_CONFIG" env="uat-bravo" override="DBCall_UpdateGlobalCache_GenTrigFiles.dataSource">E3CSP_DB</com.eems.brkConfig.EEMS_ConfigurationsPoller_Flow>
<com.eems.brkConfig.EEMS_ConfigurationsPoller_Flow intServ="EEMSIIB_GPSCSP_COMMON_CONFIG" env="uat-bravo" override="EEMS_Cache_Failure.dataSource">E3CSP_DB</com.eems.brkConfig.EEMS_ConfigurationsPoller_Flow>
<com.eems.brkConfig.EEMS_ConfigurationsPoller_Flow intServ="EEMSIIB_GPSCSP_COMMON_CONFIG" env="uat-bravo" override="EEMSIIB.ERRORMESSAGE_DATA.queueName">EEMSIIB.GPSCSP_ERRORMESSAGE_DATA</com.eems.brkConfig.EEMS_ConfigurationsPoller_Flow>
<com.eems.brkConfig.EEMS_ConfigurationsPoller_Flow intServ="EEMSIIB_GPSCSP_COMMON_CONFIG" env="uat-bravo" override="Common_AuditInMessage_SF.queueName">EEMSIIB.GPSCSP_COMMON_AUDITMESSAGE_DATA</com.eems.brkConfig.EEMS_ConfigurationsPoller_Flow>

<com.eems.brkConfig.EEMS_ConfigurationsPoller_Flow intServ="EEMSIIB_COMMON_APPLICATIONS" env="uat-bravo" override="SchemaName">ELECELIG</com.eems.brkConfig.EEMS_ConfigurationsPoller_Flow>
<com.eems.brkConfig.EEMS_ConfigurationsPoller_Flow intServ="EEMSIIB_COMMON_APPLICATIONS" env="uat-bravo" override="UDP_GlobalCacheKEY">BRK_CONFIG</com.eems.brkConfig.EEMS_ConfigurationsPoller_Flow>
<com.eems.brkConfig.EEMS_ConfigurationsPoller_Flow intServ="EEMSIIB_COMMON_APPLICATIONS" env="uat-bravo" override="UDP_varGCMapName">BE128_Common_Map</com.eems.brkConfig.EEMS_ConfigurationsPoller_Flow>
<com.eems.brkConfig.EEMS_ConfigurationsPoller_Flow intServ="EEMSIIB_COMMON_APPLICATIONS" env="uat-bravo" override="PollConfigTable.uniqueIdentifier">CONFIGINQ</com.eems.brkConfig.EEMS_ConfigurationsPoller_Flow>
<com.eems.brkConfig.EEMS_ConfigurationsPoller_Flow intServ="EEMSIIB_COMMON_APPLICATIONS" env="uat-bravo" override="PollConfigTable.timeoutInterval">300</com.eems.brkConfig.EEMS_ConfigurationsPoller_Flow>
<com.eems.brkConfig.EEMS_ConfigurationsPoller_Flow intServ="EEMSIIB_COMMON_APPLICATIONS" env="uat-bravo" override="TriggerFlow.inputDirectory">/eems/iib/common/auditlog</com.eems.brkConfig.EEMS_ConfigurationsPoller_Flow>
<com.eems.brkConfig.EEMS_ConfigurationsPoller_Flow intServ="EEMSIIB_COMMON_APPLICATIONS" env="uat-bravo" override="TriggerFlow.filenamePattern">Commercial.*</com.eems.brkConfig.EEMS_ConfigurationsPoller_Flow>
<com.eems.brkConfig.EEMS_ConfigurationsPoller_Flow intServ="EEMSIIB_COMMON_APPLICATIONS" env="uat-bravo" override="DBCall_UpdateGlobalCache_GenTrigFiles.dataSource">EEMS_DB</com.eems.brkConfig.EEMS_ConfigurationsPoller_Flow>
<com.eems.brkConfig.EEMS_ConfigurationsPoller_Flow intServ="EEMSIIB_COMMON_APPLICATIONS" env="uat-bravo" override="EEMS_Cache_Failure.dataSource">EEMS_DB</com.eems.brkConfig.EEMS_ConfigurationsPoller_Flow>
<com.eems.brkConfig.EEMS_ConfigurationsPoller_Flow intServ="EEMSIIB_COMMON_APPLICATIONS" env="uat-bravo" override="EEMSIIB.ERRORMESSAGE_DATA.queueName">EEMSIIB.ERRORMESSAGE_DATA</com.eems.brkConfig.EEMS_ConfigurationsPoller_Flow>
<com.eems.brkConfig.EEMS_ConfigurationsPoller_Flow intServ="EEMSIIB_COMMON_APPLICATIONS" env="uat-bravo" override="Common_AuditInMessage_SF.queueName">EEMSIIB.COMMON_AUDITMESSAGE_DATA</com.eems.brkConfig.EEMS_ConfigurationsPoller_Flow>

<com.eems.brkConfig.EEMS_ConfigurationsPoller_Flow intServ="EEMSIIB_GPS_COMMON_CONFIG" env="uat-bravo" override="SchemaName">ELECELIG</com.eems.brkConfig.EEMS_ConfigurationsPoller_Flow>
<com.eems.brkConfig.EEMS_ConfigurationsPoller_Flow intServ="EEMSIIB_GPS_COMMON_CONFIG" env="uat-bravo" override="UDP_GlobalCacheKEY">BRK_CONFIG</com.eems.brkConfig.EEMS_ConfigurationsPoller_Flow>
<com.eems.brkConfig.EEMS_ConfigurationsPoller_Flow intServ="EEMSIIB_GPS_COMMON_CONFIG" env="uat-bravo" override="UDP_varGCMapName">GPS_Common_Map</com.eems.brkConfig.EEMS_ConfigurationsPoller_Flow>
<com.eems.brkConfig.EEMS_ConfigurationsPoller_Flow intServ="EEMSIIB_GPS_COMMON_CONFIG" env="uat-bravo" override="PollConfigTable.uniqueIdentifier">CONFIGINQGPS</com.eems.brkConfig.EEMS_ConfigurationsPoller_Flow>
<com.eems.brkConfig.EEMS_ConfigurationsPoller_Flow intServ="EEMSIIB_GPS_COMMON_CONFIG" env="uat-bravo" override="PollConfigTable.timeoutInterval">300</com.eems.brkConfig.EEMS_ConfigurationsPoller_Flow>
<com.eems.brkConfig.EEMS_ConfigurationsPoller_Flow intServ="EEMSIIB_GPS_COMMON_CONFIG" env="uat-bravo" override="TriggerFlow.inputDirectory">/eems/iib/common/auditlog</com.eems.brkConfig.EEMS_ConfigurationsPoller_Flow>
<com.eems.brkConfig.EEMS_ConfigurationsPoller_Flow intServ="EEMSIIB_GPS_COMMON_CONFIG" env="uat-bravo" override="TriggerFlow.filenamePattern">GPS.*</com.eems.brkConfig.EEMS_ConfigurationsPoller_Flow>
<com.eems.brkConfig.EEMS_ConfigurationsPoller_Flow intServ="EEMSIIB_GPS_COMMON_CONFIG" env="uat-bravo" override="DBCall_UpdateGlobalCache_GenTrigFiles.dataSource">EEMS_DB</com.eems.brkConfig.EEMS_ConfigurationsPoller_Flow>
<com.eems.brkConfig.EEMS_ConfigurationsPoller_Flow intServ="EEMSIIB_GPS_COMMON_CONFIG" env="uat-bravo" override="EEMS_Cache_Failure.dataSource">EEMS_DB</com.eems.brkConfig.EEMS_ConfigurationsPoller_Flow>
<com.eems.brkConfig.EEMS_ConfigurationsPoller_Flow intServ="EEMSIIB_GPS_COMMON_CONFIG" env="uat-bravo" override="EEMSIIB.ERRORMESSAGE_DATA.queueName">EEMSIIB.GPS_ERRORMESSAGE_DATA</com.eems.brkConfig.EEMS_ConfigurationsPoller_Flow>
<com.eems.brkConfig.EEMS_ConfigurationsPoller_Flow intServ="EEMSIIB_GPS_COMMON_CONFIG" env="uat-bravo" override="Common_AuditInMessage_SF.queueName">EEMSIIB.GPS_COMMON_AUDITMESSAGE_DATA</com.eems.brkConfig.EEMS_ConfigurationsPoller_Flow>

<com.eems.brkConfig.EEMS_ConfigurationsPoller_Flow intServ="EEMSIIB_PRIME_COMMON_CONFIG" env="uat-bravo" override="SchemaName">ELECELIG</com.eems.brkConfig.EEMS_ConfigurationsPoller_Flow>
<com.eems.brkConfig.EEMS_ConfigurationsPoller_Flow intServ="EEMSIIB_PRIME_COMMON_CONFIG" env="uat-bravo" override="UDP_GlobalCacheKEY">BRK_CONFIG</com.eems.brkConfig.EEMS_ConfigurationsPoller_Flow>
<com.eems.brkConfig.EEMS_ConfigurationsPoller_Flow intServ="EEMSIIB_PRIME_COMMON_CONFIG" env="uat-bravo" override="UDP_varGCMapName">PRIME_Common_Map</com.eems.brkConfig.EEMS_ConfigurationsPoller_Flow>
<com.eems.brkConfig.EEMS_ConfigurationsPoller_Flow intServ="EEMSIIB_PRIME_COMMON_CONFIG" env="uat-bravo" override="PollConfigTable.uniqueIdentifier">CONFIGINQPRI</com.eems.brkConfig.EEMS_ConfigurationsPoller_Flow>
<com.eems.brkConfig.EEMS_ConfigurationsPoller_Flow intServ="EEMSIIB_PRIME_COMMON_CONFIG" env="uat-bravo" override="PollConfigTable.timeoutInterval">300</com.eems.brkConfig.EEMS_ConfigurationsPoller_Flow>
<com.eems.brkConfig.EEMS_ConfigurationsPoller_Flow intServ="EEMSIIB_PRIME_COMMON_CONFIG" env="uat-bravo" override="TriggerFlow.inputDirectory">/eems/iib/common/auditlog</com.eems.brkConfig.EEMS_ConfigurationsPoller_Flow>
<com.eems.brkConfig.EEMS_ConfigurationsPoller_Flow intServ="EEMSIIB_PRIME_COMMON_CONFIG" env="uat-bravo" override="TriggerFlow.filenamePattern">CTL.*</com.eems.brkConfig.EEMS_ConfigurationsPoller_Flow>
<com.eems.brkConfig.EEMS_ConfigurationsPoller_Flow intServ="EEMSIIB_PRIME_COMMON_CONFIG" env="uat-bravo" override="DBCall_UpdateGlobalCache_GenTrigFiles.dataSource">EEMS_DB</com.eems.brkConfig.EEMS_ConfigurationsPoller_Flow>
<com.eems.brkConfig.EEMS_ConfigurationsPoller_Flow intServ="EEMSIIB_PRIME_COMMON_CONFIG" env="uat-bravo" override="EEMS_Cache_Failure.dataSource">EEMS_DB</com.eems.brkConfig.EEMS_ConfigurationsPoller_Flow>
<com.eems.brkConfig.EEMS_ConfigurationsPoller_Flow intServ="EEMSIIB_PRIME_COMMON_CONFIG" env="uat-bravo" override="EEMSIIB.ERRORMESSAGE_DATA.queueName">EEMSIIB.PRIME_ERRORMESSAGE_DATA</com.eems.brkConfig.EEMS_ConfigurationsPoller_Flow>
<com.eems.brkConfig.EEMS_ConfigurationsPoller_Flow intServ="EEMSIIB_PRIME_COMMON_CONFIG" env="uat-bravo" override="Common_AuditInMessage_SF.queueName">EEMSIIB.PRIME_COMMON_AUDITMESSAGE_DATA</com.eems.brkConfig.EEMS_ConfigurationsPoller_Flow>

<!--UAT Charlie -->
<com.eems.brkConfig.EEMS_ConfigurationsPoller_Flow intServ="EEMSIIB_GPSCSP_COMMON_CONFIG" env="uat-charlie" override="SchemaName">ELECELIG</com.eems.brkConfig.EEMS_ConfigurationsPoller_Flow>
<com.eems.brkConfig.EEMS_ConfigurationsPoller_Flow intServ="EEMSIIB_GPSCSP_COMMON_CONFIG" env="uat-charlie" override="UDP_GlobalCacheKEY">BRK_CONFIG</com.eems.brkConfig.EEMS_ConfigurationsPoller_Flow>
<com.eems.brkConfig.EEMS_ConfigurationsPoller_Flow intServ="EEMSIIB_GPSCSP_COMMON_CONFIG" env="uat-charlie" override="UDP_varGCMapName">GPSCSP_Common_Map</com.eems.brkConfig.EEMS_ConfigurationsPoller_Flow>
<com.eems.brkConfig.EEMS_ConfigurationsPoller_Flow intServ="EEMSIIB_GPSCSP_COMMON_CONFIG" env="uat-charlie" override="PollConfigTable.uniqueIdentifier">CONFIGINQCSP</com.eems.brkConfig.EEMS_ConfigurationsPoller_Flow>
<com.eems.brkConfig.EEMS_ConfigurationsPoller_Flow intServ="EEMSIIB_GPSCSP_COMMON_CONFIG" env="uat-charlie" override="PollConfigTable.timeoutInterval">300</com.eems.brkConfig.EEMS_ConfigurationsPoller_Flow>
<com.eems.brkConfig.EEMS_ConfigurationsPoller_Flow intServ="EEMSIIB_GPSCSP_COMMON_CONFIG" env="uat-charlie" override="TriggerFlow.inputDirectory">/eems/iib/common/auditlog</com.eems.brkConfig.EEMS_ConfigurationsPoller_Flow>
<com.eems.brkConfig.EEMS_ConfigurationsPoller_Flow intServ="EEMSIIB_GPSCSP_COMMON_CONFIG" env="uat-charlie" override="TriggerFlow.filenamePattern">CSP.*</com.eems.brkConfig.EEMS_ConfigurationsPoller_Flow>
<com.eems.brkConfig.EEMS_ConfigurationsPoller_Flow intServ="EEMSIIB_GPSCSP_COMMON_CONFIG" env="uat-charlie" override="DBCall_UpdateGlobalCache_GenTrigFiles.dataSource">E3CSP_DB</com.eems.brkConfig.EEMS_ConfigurationsPoller_Flow>
<com.eems.brkConfig.EEMS_ConfigurationsPoller_Flow intServ="EEMSIIB_GPSCSP_COMMON_CONFIG" env="uat-charlie" override="EEMS_Cache_Failure.dataSource">E3CSP_DB</com.eems.brkConfig.EEMS_ConfigurationsPoller_Flow>
<com.eems.brkConfig.EEMS_ConfigurationsPoller_Flow intServ="EEMSIIB_GPSCSP_COMMON_CONFIG" env="uat-charlie" override="EEMSIIB.ERRORMESSAGE_DATA.queueName">EEMSIIB.GPSCSP_ERRORMESSAGE_DATA</com.eems.brkConfig.EEMS_ConfigurationsPoller_Flow>
<com.eems.brkConfig.EEMS_ConfigurationsPoller_Flow intServ="EEMSIIB_GPSCSP_COMMON_CONFIG" env="uat-charlie" override="Common_AuditInMessage_SF.queueName">EEMSIIB.GPSCSP_COMMON_AUDITMESSAGE_DATA</com.eems.brkConfig.EEMS_ConfigurationsPoller_Flow>

<com.eems.brkConfig.EEMS_ConfigurationsPoller_Flow intServ="EEMSIIB_COMMON_APPLICATIONS" env="uat-charlie" override="SchemaName">ELECELIG</com.eems.brkConfig.EEMS_ConfigurationsPoller_Flow>
<com.eems.brkConfig.EEMS_ConfigurationsPoller_Flow intServ="EEMSIIB_COMMON_APPLICATIONS" env="uat-charlie" override="UDP_GlobalCacheKEY">BRK_CONFIG</com.eems.brkConfig.EEMS_ConfigurationsPoller_Flow>
<com.eems.brkConfig.EEMS_ConfigurationsPoller_Flow intServ="EEMSIIB_COMMON_APPLICATIONS" env="uat-charlie" override="UDP_varGCMapName">BE128_Common_Map</com.eems.brkConfig.EEMS_ConfigurationsPoller_Flow>
<com.eems.brkConfig.EEMS_ConfigurationsPoller_Flow intServ="EEMSIIB_COMMON_APPLICATIONS" env="uat-charlie" override="PollConfigTable.uniqueIdentifier">CONFIGINQ</com.eems.brkConfig.EEMS_ConfigurationsPoller_Flow>
<com.eems.brkConfig.EEMS_ConfigurationsPoller_Flow intServ="EEMSIIB_COMMON_APPLICATIONS" env="uat-charlie" override="PollConfigTable.timeoutInterval">300</com.eems.brkConfig.EEMS_ConfigurationsPoller_Flow>
<com.eems.brkConfig.EEMS_ConfigurationsPoller_Flow intServ="EEMSIIB_COMMON_APPLICATIONS" env="uat-charlie" override="TriggerFlow.inputDirectory">/eems/iib/common/auditlog</com.eems.brkConfig.EEMS_ConfigurationsPoller_Flow>
<com.eems.brkConfig.EEMS_ConfigurationsPoller_Flow intServ="EEMSIIB_COMMON_APPLICATIONS" env="uat-charlie" override="TriggerFlow.filenamePattern">Commercial.*</com.eems.brkConfig.EEMS_ConfigurationsPoller_Flow>
<com.eems.brkConfig.EEMS_ConfigurationsPoller_Flow intServ="EEMSIIB_COMMON_APPLICATIONS" env="uat-charlie" override="DBCall_UpdateGlobalCache_GenTrigFiles.dataSource">EEMS_DB</com.eems.brkConfig.EEMS_ConfigurationsPoller_Flow>
<com.eems.brkConfig.EEMS_ConfigurationsPoller_Flow intServ="EEMSIIB_COMMON_APPLICATIONS" env="uat-charlie" override="EEMS_Cache_Failure.dataSource">EEMS_DB</com.eems.brkConfig.EEMS_ConfigurationsPoller_Flow>
<com.eems.brkConfig.EEMS_ConfigurationsPoller_Flow intServ="EEMSIIB_COMMON_APPLICATIONS" env="uat-charlie" override="EEMSIIB.ERRORMESSAGE_DATA.queueName">EEMSIIB.ERRORMESSAGE_DATA</com.eems.brkConfig.EEMS_ConfigurationsPoller_Flow>
<com.eems.brkConfig.EEMS_ConfigurationsPoller_Flow intServ="EEMSIIB_COMMON_APPLICATIONS" env="uat-charlie" override="Common_AuditInMessage_SF.queueName">EEMSIIB.COMMON_AUDITMESSAGE_DATA</com.eems.brkConfig.EEMS_ConfigurationsPoller_Flow>

<com.eems.brkConfig.EEMS_ConfigurationsPoller_Flow intServ="EEMSIIB_GPSCSP_COMMON" env="uat-charlie" override="SchemaName">ELECELIG</com.eems.brkConfig.EEMS_ConfigurationsPoller_Flow>
<com.eems.brkConfig.EEMS_ConfigurationsPoller_Flow intServ="EEMSIIB_GPSCSP_COMMON" env="uat-charlie" override="UDP_GlobalCacheKEY">BRK_CONFIG</com.eems.brkConfig.EEMS_ConfigurationsPoller_Flow>
<com.eems.brkConfig.EEMS_ConfigurationsPoller_Flow intServ="EEMSIIB_GPSCSP_COMMON" env="uat-charlie" override="UDP_varGCMapName">GPS_Common_Map</com.eems.brkConfig.EEMS_ConfigurationsPoller_Flow>
<com.eems.brkConfig.EEMS_ConfigurationsPoller_Flow intServ="EEMSIIB_GPSCSP_COMMON" env="uat-charlie" override="PollConfigTable.uniqueIdentifier">CONFIGINQGPS</com.eems.brkConfig.EEMS_ConfigurationsPoller_Flow>
<com.eems.brkConfig.EEMS_ConfigurationsPoller_Flow intServ="EEMSIIB_GPSCSP_COMMON" env="uat-charlie" override="PollConfigTable.timeoutInterval">300</com.eems.brkConfig.EEMS_ConfigurationsPoller_Flow>
<com.eems.brkConfig.EEMS_ConfigurationsPoller_Flow intServ="EEMSIIB_GPSCSP_COMMON" env="uat-charlie" override="TriggerFlow.inputDirectory">/eems/iib/common/auditlog</com.eems.brkConfig.EEMS_ConfigurationsPoller_Flow>
<com.eems.brkConfig.EEMS_ConfigurationsPoller_Flow intServ="EEMSIIB_GPSCSP_COMMON" env="uat-charlie" override="TriggerFlow.filenamePattern">GPS.*</com.eems.brkConfig.EEMS_ConfigurationsPoller_Flow>
<com.eems.brkConfig.EEMS_ConfigurationsPoller_Flow intServ="EEMSIIB_GPSCSP_COMMON" env="uat-charlie" override="DBCall_UpdateGlobalCache_GenTrigFiles.dataSource">EEMS_DB</com.eems.brkConfig.EEMS_ConfigurationsPoller_Flow>
<com.eems.brkConfig.EEMS_ConfigurationsPoller_Flow intServ="EEMSIIB_GPSCSP_COMMON" env="uat-charlie" override="EEMS_Cache_Failure.dataSource">EEMS_DB</com.eems.brkConfig.EEMS_ConfigurationsPoller_Flow>
<com.eems.brkConfig.EEMS_ConfigurationsPoller_Flow intServ="EEMSIIB_GPSCSP_COMMON" env="uat-charlie" override="EEMSIIB.ERRORMESSAGE_DATA.queueName">EEMSIIB.GPS_ERRORMESSAGE_DATA</com.eems.brkConfig.EEMS_ConfigurationsPoller_Flow>
<com.eems.brkConfig.EEMS_ConfigurationsPoller_Flow intServ="EEMSIIB_GPSCSP_COMMON" env="uat-charlie" override="Common_AuditInMessage_SF.queueName">EEMSIIB.GPS_COMMON_AUDITMESSAGE_DATA</com.eems.brkConfig.EEMS_ConfigurationsPoller_Flow>



<!--Stage -->
<com.eems.brkConfig.EEMS_ConfigurationsPoller_Flow intServ="EEMSIIB_GPSCSP_COMMON_CONFIG" env="stage" override="SchemaName">ELECELIG</com.eems.brkConfig.EEMS_ConfigurationsPoller_Flow>
<com.eems.brkConfig.EEMS_ConfigurationsPoller_Flow intServ="EEMSIIB_GPSCSP_COMMON_CONFIG" env="stage" override="UDP_GlobalCacheKEY">BRK_CONFIG</com.eems.brkConfig.EEMS_ConfigurationsPoller_Flow>
<com.eems.brkConfig.EEMS_ConfigurationsPoller_Flow intServ="EEMSIIB_GPSCSP_COMMON_CONFIG" env="stage" override="UDP_varGCMapName">GPSCSP_Common_Map</com.eems.brkConfig.EEMS_ConfigurationsPoller_Flow>
<com.eems.brkConfig.EEMS_ConfigurationsPoller_Flow intServ="EEMSIIB_GPSCSP_COMMON_CONFIG" env="stage" override="PollConfigTable.uniqueIdentifier">CONFIGINQCSP</com.eems.brkConfig.EEMS_ConfigurationsPoller_Flow>
<com.eems.brkConfig.EEMS_ConfigurationsPoller_Flow intServ="EEMSIIB_GPSCSP_COMMON_CONFIG" env="stage" override="PollConfigTable.timeoutInterval">300</com.eems.brkConfig.EEMS_ConfigurationsPoller_Flow>
<com.eems.brkConfig.EEMS_ConfigurationsPoller_Flow intServ="EEMSIIB_GPSCSP_COMMON_CONFIG" env="stage" override="TriggerFlow.inputDirectory">/eems/iib/common/auditlog</com.eems.brkConfig.EEMS_ConfigurationsPoller_Flow>
<com.eems.brkConfig.EEMS_ConfigurationsPoller_Flow intServ="EEMSIIB_GPSCSP_COMMON_CONFIG" env="stage" override="TriggerFlow.filenamePattern">CSP.*</com.eems.brkConfig.EEMS_ConfigurationsPoller_Flow>
<com.eems.brkConfig.EEMS_ConfigurationsPoller_Flow intServ="EEMSIIB_GPSCSP_COMMON_CONFIG" env="stage" override="DBCall_UpdateGlobalCache_GenTrigFiles.dataSource">E3CSP_DB</com.eems.brkConfig.EEMS_ConfigurationsPoller_Flow>
<com.eems.brkConfig.EEMS_ConfigurationsPoller_Flow intServ="EEMSIIB_GPSCSP_COMMON_CONFIG" env="stage" override="EEMS_Cache_Failure.dataSource">E3CSP_DB</com.eems.brkConfig.EEMS_ConfigurationsPoller_Flow>
<com.eems.brkConfig.EEMS_ConfigurationsPoller_Flow intServ="EEMSIIB_GPSCSP_COMMON_CONFIG" env="stage" override="EEMSIIB.ERRORMESSAGE_DATA.queueName">EEMSIIB.GPSCSP_ERRORMESSAGE_DATA</com.eems.brkConfig.EEMS_ConfigurationsPoller_Flow>
<com.eems.brkConfig.EEMS_ConfigurationsPoller_Flow intServ="EEMSIIB_GPSCSP_COMMON_CONFIG" env="stage" override="Common_AuditInMessage_SF.queueName">EEMSIIB.GPSCSP_COMMON_AUDITMESSAGE_DATA</com.eems.brkConfig.EEMS_ConfigurationsPoller_Flow>

<com.eems.brkConfig.EEMS_ConfigurationsPoller_Flow intServ="EEMSIIB_COMMON_APPLICATIONS" env="stage" override="SchemaName">ELECELIG</com.eems.brkConfig.EEMS_ConfigurationsPoller_Flow>
<com.eems.brkConfig.EEMS_ConfigurationsPoller_Flow intServ="EEMSIIB_COMMON_APPLICATIONS" env="stage" override="UDP_GlobalCacheKEY">BRK_CONFIG</com.eems.brkConfig.EEMS_ConfigurationsPoller_Flow>
<com.eems.brkConfig.EEMS_ConfigurationsPoller_Flow intServ="EEMSIIB_COMMON_APPLICATIONS" env="stage" override="UDP_varGCMapName">BE128_Common_Map</com.eems.brkConfig.EEMS_ConfigurationsPoller_Flow>
<com.eems.brkConfig.EEMS_ConfigurationsPoller_Flow intServ="EEMSIIB_COMMON_APPLICATIONS" env="stage" override="PollConfigTable.uniqueIdentifier">CONFIGINQ</com.eems.brkConfig.EEMS_ConfigurationsPoller_Flow>
<com.eems.brkConfig.EEMS_ConfigurationsPoller_Flow intServ="EEMSIIB_COMMON_APPLICATIONS" env="stage" override="PollConfigTable.timeoutInterval">300</com.eems.brkConfig.EEMS_ConfigurationsPoller_Flow>
<com.eems.brkConfig.EEMS_ConfigurationsPoller_Flow intServ="EEMSIIB_COMMON_APPLICATIONS" env="stage" override="TriggerFlow.inputDirectory">/eems/iib/common/auditlog</com.eems.brkConfig.EEMS_ConfigurationsPoller_Flow>
<com.eems.brkConfig.EEMS_ConfigurationsPoller_Flow intServ="EEMSIIB_COMMON_APPLICATIONS" env="stage" override="TriggerFlow.filenamePattern">Commercial.*</com.eems.brkConfig.EEMS_ConfigurationsPoller_Flow>
<com.eems.brkConfig.EEMS_ConfigurationsPoller_Flow intServ="EEMSIIB_COMMON_APPLICATIONS" env="stage" override="DBCall_UpdateGlobalCache_GenTrigFiles.dataSource">EEMS_DB</com.eems.brkConfig.EEMS_ConfigurationsPoller_Flow>
<com.eems.brkConfig.EEMS_ConfigurationsPoller_Flow intServ="EEMSIIB_COMMON_APPLICATIONS" env="stage" override="EEMS_Cache_Failure.dataSource">EEMS_DB</com.eems.brkConfig.EEMS_ConfigurationsPoller_Flow>
<com.eems.brkConfig.EEMS_ConfigurationsPoller_Flow intServ="EEMSIIB_COMMON_APPLICATIONS" env="stage" override="EEMSIIB.ERRORMESSAGE_DATA.queueName">EEMSIIB.ERRORMESSAGE_DATA</com.eems.brkConfig.EEMS_ConfigurationsPoller_Flow>
<com.eems.brkConfig.EEMS_ConfigurationsPoller_Flow intServ="EEMSIIB_COMMON_APPLICATIONS" env="stage" override="Common_AuditInMessage_SF.queueName">EEMSIIB.COMMON_AUDITMESSAGE_DATA</com.eems.brkConfig.EEMS_ConfigurationsPoller_Flow>

<com.eems.brkConfig.EEMS_ConfigurationsPoller_Flow intServ="EEMSIIB_GPS_COMMON_CONFIG" env="stage" override="SchemaName">ELECELIG</com.eems.brkConfig.EEMS_ConfigurationsPoller_Flow>
<com.eems.brkConfig.EEMS_ConfigurationsPoller_Flow intServ="EEMSIIB_GPS_COMMON_CONFIG" env="stage" override="UDP_GlobalCacheKEY">BRK_CONFIG</com.eems.brkConfig.EEMS_ConfigurationsPoller_Flow>
<com.eems.brkConfig.EEMS_ConfigurationsPoller_Flow intServ="EEMSIIB_GPS_COMMON_CONFIG" env="stage" override="UDP_varGCMapName">GPS_Common_Map</com.eems.brkConfig.EEMS_ConfigurationsPoller_Flow>
<com.eems.brkConfig.EEMS_ConfigurationsPoller_Flow intServ="EEMSIIB_GPS_COMMON_CONFIG" env="stage" override="PollConfigTable.uniqueIdentifier">CONFIGINQGPS</com.eems.brkConfig.EEMS_ConfigurationsPoller_Flow>
<com.eems.brkConfig.EEMS_ConfigurationsPoller_Flow intServ="EEMSIIB_GPS_COMMON_CONFIG" env="stage" override="PollConfigTable.timeoutInterval">300</com.eems.brkConfig.EEMS_ConfigurationsPoller_Flow>
<com.eems.brkConfig.EEMS_ConfigurationsPoller_Flow intServ="EEMSIIB_GPS_COMMON_CONFIG" env="stage" override="TriggerFlow.inputDirectory">/eems/iib/common/auditlog</com.eems.brkConfig.EEMS_ConfigurationsPoller_Flow>
<com.eems.brkConfig.EEMS_ConfigurationsPoller_Flow intServ="EEMSIIB_GPS_COMMON_CONFIG" env="stage" override="TriggerFlow.filenamePattern">GPS.*</com.eems.brkConfig.EEMS_ConfigurationsPoller_Flow>
<com.eems.brkConfig.EEMS_ConfigurationsPoller_Flow intServ="EEMSIIB_GPS_COMMON_CONFIG" env="stage" override="DBCall_UpdateGlobalCache_GenTrigFiles.dataSource">EEMS_DB</com.eems.brkConfig.EEMS_ConfigurationsPoller_Flow>
<com.eems.brkConfig.EEMS_ConfigurationsPoller_Flow intServ="EEMSIIB_GPS_COMMON_CONFIG" env="stage" override="EEMS_Cache_Failure.dataSource">EEMS_DB</com.eems.brkConfig.EEMS_ConfigurationsPoller_Flow>
<com.eems.brkConfig.EEMS_ConfigurationsPoller_Flow intServ="EEMSIIB_GPS_COMMON_CONFIG" env="stage" override="EEMSIIB.ERRORMESSAGE_DATA.queueName">EEMSIIB.GPS_ERRORMESSAGE_DATA</com.eems.brkConfig.EEMS_ConfigurationsPoller_Flow>
<com.eems.brkConfig.EEMS_ConfigurationsPoller_Flow intServ="EEMSIIB_GPS_COMMON_CONFIG" env="stage" override="Common_AuditInMessage_SF.queueName">EEMSIIB.GPS_COMMON_AUDITMESSAGE_DATA</com.eems.brkConfig.EEMS_ConfigurationsPoller_Flow>

<com.eems.brkConfig.EEMS_ConfigurationsPoller_Flow intServ="EEMSIIB_PRIME_COMMON_APPLICATIONS" env="stage" override="SchemaName">ELECELIG</com.eems.brkConfig.EEMS_ConfigurationsPoller_Flow>
<com.eems.brkConfig.EEMS_ConfigurationsPoller_Flow intServ="EEMSIIB_PRIME_COMMON_APPLICATIONS" env="stage" override="UDP_GlobalCacheKEY">BRK_CONFIG</com.eems.brkConfig.EEMS_ConfigurationsPoller_Flow>
<com.eems.brkConfig.EEMS_ConfigurationsPoller_Flow intServ="EEMSIIB_PRIME_COMMON_APPLICATIONS" env="stage" override="UDP_varGCMapName">PRIME_Common_Map</com.eems.brkConfig.EEMS_ConfigurationsPoller_Flow>
<com.eems.brkConfig.EEMS_ConfigurationsPoller_Flow intServ="EEMSIIB_PRIME_COMMON_APPLICATIONS" env="stage" override="PollConfigTable.uniqueIdentifier">CONFIGINQPRI</com.eems.brkConfig.EEMS_ConfigurationsPoller_Flow>
<com.eems.brkConfig.EEMS_ConfigurationsPoller_Flow intServ="EEMSIIB_PRIME_COMMON_APPLICATIONS" env="stage" override="PollConfigTable.timeoutInterval">300</com.eems.brkConfig.EEMS_ConfigurationsPoller_Flow>
<com.eems.brkConfig.EEMS_ConfigurationsPoller_Flow intServ="EEMSIIB_PRIME_COMMON_APPLICATIONS" env="stage" override="TriggerFlow.inputDirectory">/eems/iib/common/auditlog</com.eems.brkConfig.EEMS_ConfigurationsPoller_Flow>
<com.eems.brkConfig.EEMS_ConfigurationsPoller_Flow intServ="EEMSIIB_PRIME_COMMON_APPLICATIONS" env="stage" override="TriggerFlow.filenamePattern">CTL.*</com.eems.brkConfig.EEMS_ConfigurationsPoller_Flow>
<com.eems.brkConfig.EEMS_ConfigurationsPoller_Flow intServ="EEMSIIB_PRIME_COMMON_APPLICATIONS" env="stage" override="DBCall_UpdateGlobalCache_GenTrigFiles.dataSource">EEMS_DB</com.eems.brkConfig.EEMS_ConfigurationsPoller_Flow>
<com.eems.brkConfig.EEMS_ConfigurationsPoller_Flow intServ="EEMSIIB_PRIME_COMMON_APPLICATIONS" env="stage" override="EEMS_Cache_Failure.dataSource">EEMS_DB</com.eems.brkConfig.EEMS_ConfigurationsPoller_Flow>
<com.eems.brkConfig.EEMS_ConfigurationsPoller_Flow intServ="EEMSIIB_PRIME_COMMON_APPLICATIONS" env="stage" override="EEMSIIB.ERRORMESSAGE_DATA.queueName">EEMSIIB.PRIME_ERRORMESSAGE_DATA</com.eems.brkConfig.EEMS_ConfigurationsPoller_Flow>
<com.eems.brkConfig.EEMS_ConfigurationsPoller_Flow intServ="EEMSIIB_PRIME_COMMON_APPLICATIONS" env="stage" override="Common_AuditInMessage_SF.queueName">EEMSIIB.PRIME_COMMON_AUDITMESSAGE_DATA</com.eems.brkConfig.EEMS_ConfigurationsPoller_Flow>

<!--Adopt -->
<com.eems.brkConfig.EEMS_ConfigurationsPoller_Flow intServ="EEMSIIB_GPSCSP_COMMON_CONFIG" env="adopt" override="SchemaName">ELECELIG</com.eems.brkConfig.EEMS_ConfigurationsPoller_Flow>
<com.eems.brkConfig.EEMS_ConfigurationsPoller_Flow intServ="EEMSIIB_GPSCSP_COMMON_CONFIG" env="adopt" override="UDP_GlobalCacheKEY">BRK_CONFIG</com.eems.brkConfig.EEMS_ConfigurationsPoller_Flow>
<com.eems.brkConfig.EEMS_ConfigurationsPoller_Flow intServ="EEMSIIB_GPSCSP_COMMON_CONFIG" env="adopt" override="UDP_varGCMapName">GPSCSP_Common_Map</com.eems.brkConfig.EEMS_ConfigurationsPoller_Flow>
<com.eems.brkConfig.EEMS_ConfigurationsPoller_Flow intServ="EEMSIIB_GPSCSP_COMMON_CONFIG" env="adopt" override="PollConfigTable.uniqueIdentifier">CONFIGINQCSP</com.eems.brkConfig.EEMS_ConfigurationsPoller_Flow>
<com.eems.brkConfig.EEMS_ConfigurationsPoller_Flow intServ="EEMSIIB_GPSCSP_COMMON_CONFIG" env="adopt" override="PollConfigTable.timeoutInterval">300</com.eems.brkConfig.EEMS_ConfigurationsPoller_Flow>
<com.eems.brkConfig.EEMS_ConfigurationsPoller_Flow intServ="EEMSIIB_GPSCSP_COMMON_CONFIG" env="adopt" override="TriggerFlow.inputDirectory">/eems/iib/common/auditlog</com.eems.brkConfig.EEMS_ConfigurationsPoller_Flow>
<com.eems.brkConfig.EEMS_ConfigurationsPoller_Flow intServ="EEMSIIB_GPSCSP_COMMON_CONFIG" env="adopt" override="TriggerFlow.filenamePattern">CSP.*</com.eems.brkConfig.EEMS_ConfigurationsPoller_Flow>
<com.eems.brkConfig.EEMS_ConfigurationsPoller_Flow intServ="EEMSIIB_GPSCSP_COMMON_CONFIG" env="adopt" override="DBCall_UpdateGlobalCache_GenTrigFiles.dataSource">E3CSP_DB</com.eems.brkConfig.EEMS_ConfigurationsPoller_Flow>
<com.eems.brkConfig.EEMS_ConfigurationsPoller_Flow intServ="EEMSIIB_GPSCSP_COMMON_CONFIG" env="adopt" override="EEMS_Cache_Failure.dataSource">E3CSP_DB</com.eems.brkConfig.EEMS_ConfigurationsPoller_Flow>
<com.eems.brkConfig.EEMS_ConfigurationsPoller_Flow intServ="EEMSIIB_GPSCSP_COMMON_CONFIG" env="adopt" override="EEMSIIB.ERRORMESSAGE_DATA.queueName">EEMSIIB.ADP.GPSCSP_ERRORMESSAGE_DATA</com.eems.brkConfig.EEMS_ConfigurationsPoller_Flow>
<com.eems.brkConfig.EEMS_ConfigurationsPoller_Flow intServ="EEMSIIB_GPSCSP_COMMON_CONFIG" env="adopt" override="Common_AuditInMessage_SF.queueName">EEMSIIB.ADP.GPSCSP_COMMON_AUDITMESSAGE_DATA</com.eems.brkConfig.EEMS_ConfigurationsPoller_Flow>

<com.eems.brkConfig.EEMS_ConfigurationsPoller_Flow intServ="EEMSIIB_COMMON_APPLICATIONS" env="adopt" override="SchemaName">ELECELIG</com.eems.brkConfig.EEMS_ConfigurationsPoller_Flow>
<com.eems.brkConfig.EEMS_ConfigurationsPoller_Flow intServ="EEMSIIB_COMMON_APPLICATIONS" env="adopt" override="UDP_GlobalCacheKEY">BRK_CONFIG</com.eems.brkConfig.EEMS_ConfigurationsPoller_Flow>
<com.eems.brkConfig.EEMS_ConfigurationsPoller_Flow intServ="EEMSIIB_COMMON_APPLICATIONS" env="adopt" override="UDP_varGCMapName">BE128_Common_Map</com.eems.brkConfig.EEMS_ConfigurationsPoller_Flow>
<com.eems.brkConfig.EEMS_ConfigurationsPoller_Flow intServ="EEMSIIB_COMMON_APPLICATIONS" env="adopt" override="PollConfigTable.uniqueIdentifier">CONFIGINQ</com.eems.brkConfig.EEMS_ConfigurationsPoller_Flow>
<com.eems.brkConfig.EEMS_ConfigurationsPoller_Flow intServ="EEMSIIB_COMMON_APPLICATIONS" env="adopt" override="PollConfigTable.timeoutInterval">300</com.eems.brkConfig.EEMS_ConfigurationsPoller_Flow>
<com.eems.brkConfig.EEMS_ConfigurationsPoller_Flow intServ="EEMSIIB_COMMON_APPLICATIONS" env="adopt" override="TriggerFlow.inputDirectory">/eems/iib/common/auditlog</com.eems.brkConfig.EEMS_ConfigurationsPoller_Flow>
<com.eems.brkConfig.EEMS_ConfigurationsPoller_Flow intServ="EEMSIIB_COMMON_APPLICATIONS" env="adopt" override="TriggerFlow.filenamePattern">Commercial.*</com.eems.brkConfig.EEMS_ConfigurationsPoller_Flow>
<com.eems.brkConfig.EEMS_ConfigurationsPoller_Flow intServ="EEMSIIB_COMMON_APPLICATIONS" env="adopt" override="DBCall_UpdateGlobalCache_GenTrigFiles.dataSource">EEMS_DB</com.eems.brkConfig.EEMS_ConfigurationsPoller_Flow>
<com.eems.brkConfig.EEMS_ConfigurationsPoller_Flow intServ="EEMSIIB_COMMON_APPLICATIONS" env="adopt" override="EEMS_Cache_Failure.dataSource">EEMS_DB</com.eems.brkConfig.EEMS_ConfigurationsPoller_Flow>
<com.eems.brkConfig.EEMS_ConfigurationsPoller_Flow intServ="EEMSIIB_COMMON_APPLICATIONS" env="adopt" override="EEMSIIB.ERRORMESSAGE_DATA.queueName">EEMSIIB.ADP.ERRORMESSAGE_DATA</com.eems.brkConfig.EEMS_ConfigurationsPoller_Flow>
<com.eems.brkConfig.EEMS_ConfigurationsPoller_Flow intServ="EEMSIIB_COMMON_APPLICATIONS" env="adopt" override="Common_AuditInMessage_SF.queueName">EEMSIIB.ADP.COMMON_AUDITMESSAGE_DATA</com.eems.brkConfig.EEMS_ConfigurationsPoller_Flow>

<com.eems.brkConfig.EEMS_ConfigurationsPoller_Flow intServ="EEMSIIB_GPS_COMMON_CONFIG" env="adopt" override="SchemaName">ELECELIG</com.eems.brkConfig.EEMS_ConfigurationsPoller_Flow>
<com.eems.brkConfig.EEMS_ConfigurationsPoller_Flow intServ="EEMSIIB_GPS_COMMON_CONFIG" env="adopt" override="UDP_GlobalCacheKEY">BRK_CONFIG</com.eems.brkConfig.EEMS_ConfigurationsPoller_Flow>
<com.eems.brkConfig.EEMS_ConfigurationsPoller_Flow intServ="EEMSIIB_GPS_COMMON_CONFIG" env="adopt" override="UDP_varGCMapName">GPS_Common_Map</com.eems.brkConfig.EEMS_ConfigurationsPoller_Flow>
<com.eems.brkConfig.EEMS_ConfigurationsPoller_Flow intServ="EEMSIIB_GPS_COMMON_CONFIG" env="adopt" override="PollConfigTable.uniqueIdentifier">CONFIGINQGPS</com.eems.brkConfig.EEMS_ConfigurationsPoller_Flow>
<com.eems.brkConfig.EEMS_ConfigurationsPoller_Flow intServ="EEMSIIB_GPS_COMMON_CONFIG" env="adopt" override="PollConfigTable.timeoutInterval">300</com.eems.brkConfig.EEMS_ConfigurationsPoller_Flow>
<com.eems.brkConfig.EEMS_ConfigurationsPoller_Flow intServ="EEMSIIB_GPS_COMMON_CONFIG" env="adopt" override="TriggerFlow.inputDirectory">/eems/iib/common/auditlog</com.eems.brkConfig.EEMS_ConfigurationsPoller_Flow>
<com.eems.brkConfig.EEMS_ConfigurationsPoller_Flow intServ="EEMSIIB_GPS_COMMON_CONFIG" env="adopt" override="TriggerFlow.filenamePattern">GPS.*</com.eems.brkConfig.EEMS_ConfigurationsPoller_Flow>
<com.eems.brkConfig.EEMS_ConfigurationsPoller_Flow intServ="EEMSIIB_GPS_COMMON_CONFIG" env="adopt" override="DBCall_UpdateGlobalCache_GenTrigFiles.dataSource">EEMS_DB</com.eems.brkConfig.EEMS_ConfigurationsPoller_Flow>
<com.eems.brkConfig.EEMS_ConfigurationsPoller_Flow intServ="EEMSIIB_GPS_COMMON_CONFIG" env="adopt" override="EEMS_Cache_Failure.dataSource">EEMS_DB</com.eems.brkConfig.EEMS_ConfigurationsPoller_Flow>
<com.eems.brkConfig.EEMS_ConfigurationsPoller_Flow intServ="EEMSIIB_GPS_COMMON_CONFIG" env="adopt" override="EEMSIIB.ERRORMESSAGE_DATA.queueName">EEMSIIB.ADP.GPS_ERRORMESSAGE_DATA</com.eems.brkConfig.EEMS_ConfigurationsPoller_Flow>
<com.eems.brkConfig.EEMS_ConfigurationsPoller_Flow intServ="EEMSIIB_GPS_COMMON_CONFIG" env="adopt" override="Common_AuditInMessage_SF.queueName">EEMSIIB.ADP.GPS_COMMON_AUDITMESSAGE_DATA</com.eems.brkConfig.EEMS_ConfigurationsPoller_Flow>

<com.eems.brkConfig.EEMS_ConfigurationsPoller_Flow intServ="EEMSIIB_PRIME_COMMON_APPLICATIONS" env="adopt" override="SchemaName">ELECELIG</com.eems.brkConfig.EEMS_ConfigurationsPoller_Flow>
<com.eems.brkConfig.EEMS_ConfigurationsPoller_Flow intServ="EEMSIIB_PRIME_COMMON_APPLICATIONS" env="adopt" override="UDP_GlobalCacheKEY">BRK_CONFIG</com.eems.brkConfig.EEMS_ConfigurationsPoller_Flow>
<com.eems.brkConfig.EEMS_ConfigurationsPoller_Flow intServ="EEMSIIB_PRIME_COMMON_APPLICATIONS" env="adopt" override="UDP_varGCMapName">PRIME_Common_Map</com.eems.brkConfig.EEMS_ConfigurationsPoller_Flow>
<com.eems.brkConfig.EEMS_ConfigurationsPoller_Flow intServ="EEMSIIB_PRIME_COMMON_APPLICATIONS" env="adopt" override="PollConfigTable.uniqueIdentifier">CONFIGINQPRI</com.eems.brkConfig.EEMS_ConfigurationsPoller_Flow>
<com.eems.brkConfig.EEMS_ConfigurationsPoller_Flow intServ="EEMSIIB_PRIME_COMMON_APPLICATIONS" env="adopt" override="PollConfigTable.timeoutInterval">300</com.eems.brkConfig.EEMS_ConfigurationsPoller_Flow>
<com.eems.brkConfig.EEMS_ConfigurationsPoller_Flow intServ="EEMSIIB_PRIME_COMMON_APPLICATIONS" env="adopt" override="TriggerFlow.inputDirectory">/eems/iib/common/auditlog</com.eems.brkConfig.EEMS_ConfigurationsPoller_Flow>
<com.eems.brkConfig.EEMS_ConfigurationsPoller_Flow intServ="EEMSIIB_PRIME_COMMON_APPLICATIONS" env="adopt" override="TriggerFlow.filenamePattern">CTL.*</com.eems.brkConfig.EEMS_ConfigurationsPoller_Flow>
<com.eems.brkConfig.EEMS_ConfigurationsPoller_Flow intServ="EEMSIIB_PRIME_COMMON_APPLICATIONS" env="adopt" override="DBCall_UpdateGlobalCache_GenTrigFiles.dataSource">EEMS_DB</com.eems.brkConfig.EEMS_ConfigurationsPoller_Flow>
<com.eems.brkConfig.EEMS_ConfigurationsPoller_Flow intServ="EEMSIIB_PRIME_COMMON_APPLICATIONS" env="adopt" override="EEMS_Cache_Failure.dataSource">EEMS_DB</com.eems.brkConfig.EEMS_ConfigurationsPoller_Flow>
<com.eems.brkConfig.EEMS_ConfigurationsPoller_Flow intServ="EEMSIIB_PRIME_COMMON_APPLICATIONS" env="adopt" override="EEMSIIB.ERRORMESSAGE_DATA.queueName">EEMSIIB.ADP.PRIME_ERRORMESSAGE_DATA</com.eems.brkConfig.EEMS_ConfigurationsPoller_Flow>
<com.eems.brkConfig.EEMS_ConfigurationsPoller_Flow intServ="EEMSIIB_PRIME_COMMON_APPLICATIONS" env="adopt" override="Common_AuditInMessage_SF.queueName">EEMSIIB.ADP.PRIME_COMMON_AUDITMESSAGE_DATA</com.eems.brkConfig.EEMS_ConfigurationsPoller_Flow>

<!--Prod -->
<com.eems.brkConfig.EEMS_ConfigurationsPoller_Flow intServ="EEMSIIB_GPSCSP_COMMON_CONFIG" env="prod" override="SchemaName">ELECELIG</com.eems.brkConfig.EEMS_ConfigurationsPoller_Flow>
<com.eems.brkConfig.EEMS_ConfigurationsPoller_Flow intServ="EEMSIIB_GPSCSP_COMMON_CONFIG" env="prod" override="UDP_GlobalCacheKEY">BRK_CONFIG</com.eems.brkConfig.EEMS_ConfigurationsPoller_Flow>
<com.eems.brkConfig.EEMS_ConfigurationsPoller_Flow intServ="EEMSIIB_GPSCSP_COMMON_CONFIG" env="prod" override="UDP_varGCMapName">GPSCSP_Common_Map</com.eems.brkConfig.EEMS_ConfigurationsPoller_Flow>
<com.eems.brkConfig.EEMS_ConfigurationsPoller_Flow intServ="EEMSIIB_GPSCSP_COMMON_CONFIG" env="prod" override="PollConfigTable.uniqueIdentifier">CONFIGINQCSP</com.eems.brkConfig.EEMS_ConfigurationsPoller_Flow>
<com.eems.brkConfig.EEMS_ConfigurationsPoller_Flow intServ="EEMSIIB_GPSCSP_COMMON_CONFIG" env="prod" override="PollConfigTable.timeoutInterval">300</com.eems.brkConfig.EEMS_ConfigurationsPoller_Flow>
<com.eems.brkConfig.EEMS_ConfigurationsPoller_Flow intServ="EEMSIIB_GPSCSP_COMMON_CONFIG" env="prod" override="TriggerFlow.inputDirectory">/eems/iib/common/auditlog</com.eems.brkConfig.EEMS_ConfigurationsPoller_Flow>
<com.eems.brkConfig.EEMS_ConfigurationsPoller_Flow intServ="EEMSIIB_GPSCSP_COMMON_CONFIG" env="prod" override="TriggerFlow.filenamePattern">CSP.*</com.eems.brkConfig.EEMS_ConfigurationsPoller_Flow>
<com.eems.brkConfig.EEMS_ConfigurationsPoller_Flow intServ="EEMSIIB_GPSCSP_COMMON_CONFIG" env="prod" override="DBCall_UpdateGlobalCache_GenTrigFiles.dataSource">E3CSP_DB</com.eems.brkConfig.EEMS_ConfigurationsPoller_Flow>
<com.eems.brkConfig.EEMS_ConfigurationsPoller_Flow intServ="EEMSIIB_GPSCSP_COMMON_CONFIG" env="prod" override="EEMS_Cache_Failure.dataSource">E3CSP_DB</com.eems.brkConfig.EEMS_ConfigurationsPoller_Flow>
<com.eems.brkConfig.EEMS_ConfigurationsPoller_Flow intServ="EEMSIIB_GPSCSP_COMMON_CONFIG" env="prod" override="EEMSIIB.ERRORMESSAGE_DATA.queueName">EEMSIIB.GPSCSP_ERRORMESSAGE_DATA</com.eems.brkConfig.EEMS_ConfigurationsPoller_Flow>
<com.eems.brkConfig.EEMS_ConfigurationsPoller_Flow intServ="EEMSIIB_GPSCSP_COMMON_CONFIG" env="prod" override="Common_AuditInMessage_SF.queueName">EEMSIIB.GPSCSP_COMMON_AUDITMESSAGE_DATA</com.eems.brkConfig.EEMS_ConfigurationsPoller_Flow>

<com.eems.brkConfig.EEMS_ConfigurationsPoller_Flow intServ="EEMSIIB_COMMON_APPLICATIONS" env="prod" override="SchemaName">ELECELIG</com.eems.brkConfig.EEMS_ConfigurationsPoller_Flow>
<com.eems.brkConfig.EEMS_ConfigurationsPoller_Flow intServ="EEMSIIB_COMMON_APPLICATIONS" env="prod" override="UDP_GlobalCacheKEY">BRK_CONFIG</com.eems.brkConfig.EEMS_ConfigurationsPoller_Flow>
<com.eems.brkConfig.EEMS_ConfigurationsPoller_Flow intServ="EEMSIIB_COMMON_APPLICATIONS" env="prod" override="UDP_varGCMapName">BE128_Common_Map</com.eems.brkConfig.EEMS_ConfigurationsPoller_Flow>
<com.eems.brkConfig.EEMS_ConfigurationsPoller_Flow intServ="EEMSIIB_COMMON_APPLICATIONS" env="prod" override="PollConfigTable.uniqueIdentifier">CONFIGINQ</com.eems.brkConfig.EEMS_ConfigurationsPoller_Flow>
<com.eems.brkConfig.EEMS_ConfigurationsPoller_Flow intServ="EEMSIIB_COMMON_APPLICATIONS" env="prod" override="PollConfigTable.timeoutInterval">300</com.eems.brkConfig.EEMS_ConfigurationsPoller_Flow>
<com.eems.brkConfig.EEMS_ConfigurationsPoller_Flow intServ="EEMSIIB_COMMON_APPLICATIONS" env="prod" override="TriggerFlow.inputDirectory">/eems/iib/common/auditlog</com.eems.brkConfig.EEMS_ConfigurationsPoller_Flow>
<com.eems.brkConfig.EEMS_ConfigurationsPoller_Flow intServ="EEMSIIB_COMMON_APPLICATIONS" env="prod" override="TriggerFlow.filenamePattern">Commercial.*</com.eems.brkConfig.EEMS_ConfigurationsPoller_Flow>
<com.eems.brkConfig.EEMS_ConfigurationsPoller_Flow intServ="EEMSIIB_COMMON_APPLICATIONS" env="prod" override="DBCall_UpdateGlobalCache_GenTrigFiles.dataSource">EEMS_DB</com.eems.brkConfig.EEMS_ConfigurationsPoller_Flow>
<com.eems.brkConfig.EEMS_ConfigurationsPoller_Flow intServ="EEMSIIB_COMMON_APPLICATIONS" env="prod" override="EEMS_Cache_Failure.dataSource">EEMS_DB</com.eems.brkConfig.EEMS_ConfigurationsPoller_Flow>
<com.eems.brkConfig.EEMS_ConfigurationsPoller_Flow intServ="EEMSIIB_COMMON_APPLICATIONS" env="prod" override="EEMSIIB.ERRORMESSAGE_DATA.queueName">EEMSIIB.ERRORMESSAGE_DATA</com.eems.brkConfig.EEMS_ConfigurationsPoller_Flow>
<com.eems.brkConfig.EEMS_ConfigurationsPoller_Flow intServ="EEMSIIB_COMMON_APPLICATIONS" env="prod" override="Common_AuditInMessage_SF.queueName">EEMSIIB.COMMON_AUDITMESSAGE_DATA</com.eems.brkConfig.EEMS_ConfigurationsPoller_Flow>

<com.eems.brkConfig.EEMS_ConfigurationsPoller_Flow intServ="EEMSIIB_GPS_COMMON_CONFIG" env="prod" override="SchemaName">ELECELIG</com.eems.brkConfig.EEMS_ConfigurationsPoller_Flow>
<com.eems.brkConfig.EEMS_ConfigurationsPoller_Flow intServ="EEMSIIB_GPS_COMMON_CONFIG" env="prod" override="UDP_GlobalCacheKEY">BRK_CONFIG</com.eems.brkConfig.EEMS_ConfigurationsPoller_Flow>
<com.eems.brkConfig.EEMS_ConfigurationsPoller_Flow intServ="EEMSIIB_GPS_COMMON_CONFIG" env="prod" override="UDP_varGCMapName">GPS_Common_Map</com.eems.brkConfig.EEMS_ConfigurationsPoller_Flow>
<com.eems.brkConfig.EEMS_ConfigurationsPoller_Flow intServ="EEMSIIB_GPS_COMMON_CONFIG" env="prod" override="PollConfigTable.uniqueIdentifier">CONFIGINQGPS</com.eems.brkConfig.EEMS_ConfigurationsPoller_Flow>
<com.eems.brkConfig.EEMS_ConfigurationsPoller_Flow intServ="EEMSIIB_GPS_COMMON_CONFIG" env="prod" override="PollConfigTable.timeoutInterval">300</com.eems.brkConfig.EEMS_ConfigurationsPoller_Flow>
<com.eems.brkConfig.EEMS_ConfigurationsPoller_Flow intServ="EEMSIIB_GPS_COMMON_CONFIG" env="prod" override="TriggerFlow.inputDirectory">/eems/iib/common/auditlog</com.eems.brkConfig.EEMS_ConfigurationsPoller_Flow>
<com.eems.brkConfig.EEMS_ConfigurationsPoller_Flow intServ="EEMSIIB_GPS_COMMON_CONFIG" env="prod" override="TriggerFlow.filenamePattern">GPS.*</com.eems.brkConfig.EEMS_ConfigurationsPoller_Flow>
<com.eems.brkConfig.EEMS_ConfigurationsPoller_Flow intServ="EEMSIIB_GPS_COMMON_CONFIG" env="prod" override="DBCall_UpdateGlobalCache_GenTrigFiles.dataSource">EEMS_DB</com.eems.brkConfig.EEMS_ConfigurationsPoller_Flow>
<com.eems.brkConfig.EEMS_ConfigurationsPoller_Flow intServ="EEMSIIB_GPS_COMMON_CONFIG" env="prod" override="EEMS_Cache_Failure.dataSource">EEMS_DB</com.eems.brkConfig.EEMS_ConfigurationsPoller_Flow>
<com.eems.brkConfig.EEMS_ConfigurationsPoller_Flow intServ="EEMSIIB_GPS_COMMON_CONFIG" env="prod" override="EEMSIIB.ERRORMESSAGE_DATA.queueName">EEMSIIB.GPS_ERRORMESSAGE_DATA</com.eems.brkConfig.EEMS_ConfigurationsPoller_Flow>
<com.eems.brkConfig.EEMS_ConfigurationsPoller_Flow intServ="EEMSIIB_GPS_COMMON_CONFIG" env="prod" override="Common_AuditInMessage_SF.queueName">EEMSIIB.GPS_COMMON_AUDITMESSAGE_DATA</com.eems.brkConfig.EEMS_ConfigurationsPoller_Flow>

<com.eems.brkConfig.EEMS_ConfigurationsPoller_Flow intServ="EEMSIIB_PRIME_COMMON_APPLICATIONS" env="prod" override="SchemaName">ELECELIG</com.eems.brkConfig.EEMS_ConfigurationsPoller_Flow>
<com.eems.brkConfig.EEMS_ConfigurationsPoller_Flow intServ="EEMSIIB_PRIME_COMMON_APPLICATIONS" env="prod" override="UDP_GlobalCacheKEY">BRK_CONFIG</com.eems.brkConfig.EEMS_ConfigurationsPoller_Flow>
<com.eems.brkConfig.EEMS_ConfigurationsPoller_Flow intServ="EEMSIIB_PRIME_COMMON_APPLICATIONS" env="prod" override="UDP_varGCMapName">PRIME_Common_Map</com.eems.brkConfig.EEMS_ConfigurationsPoller_Flow>
<com.eems.brkConfig.EEMS_ConfigurationsPoller_Flow intServ="EEMSIIB_PRIME_COMMON_APPLICATIONS" env="prod" override="PollConfigTable.uniqueIdentifier">CONFIGINQPRI</com.eems.brkConfig.EEMS_ConfigurationsPoller_Flow>
<com.eems.brkConfig.EEMS_ConfigurationsPoller_Flow intServ="EEMSIIB_PRIME_COMMON_APPLICATIONS" env="prod" override="PollConfigTable.timeoutInterval">300</com.eems.brkConfig.EEMS_ConfigurationsPoller_Flow>
<com.eems.brkConfig.EEMS_ConfigurationsPoller_Flow intServ="EEMSIIB_PRIME_COMMON_APPLICATIONS" env="prod" override="TriggerFlow.inputDirectory">/eems/iib/common/auditlog</com.eems.brkConfig.EEMS_ConfigurationsPoller_Flow>
<com.eems.brkConfig.EEMS_ConfigurationsPoller_Flow intServ="EEMSIIB_PRIME_COMMON_APPLICATIONS" env="prod" override="TriggerFlow.filenamePattern">CTL.*</com.eems.brkConfig.EEMS_ConfigurationsPoller_Flow>
<com.eems.brkConfig.EEMS_ConfigurationsPoller_Flow intServ="EEMSIIB_PRIME_COMMON_APPLICATIONS" env="prod" override="DBCall_UpdateGlobalCache_GenTrigFiles.dataSource">EEMS_DB</com.eems.brkConfig.EEMS_ConfigurationsPoller_Flow>
<com.eems.brkConfig.EEMS_ConfigurationsPoller_Flow intServ="EEMSIIB_PRIME_COMMON_APPLICATIONS" env="prod" override="EEMS_Cache_Failure.dataSource">EEMS_DB</com.eems.brkConfig.EEMS_ConfigurationsPoller_Flow>
<com.eems.brkConfig.EEMS_ConfigurationsPoller_Flow intServ="EEMSIIB_PRIME_COMMON_APPLICATIONS" env="prod" override="EEMSIIB.ERRORMESSAGE_DATA.queueName">EEMSIIB.PRIME_ERRORMESSAGE_DATA</com.eems.brkConfig.EEMS_ConfigurationsPoller_Flow>
<com.eems.brkConfig.EEMS_ConfigurationsPoller_Flow intServ="EEMSIIB_PRIME_COMMON_APPLICATIONS" env="prod" override="Common_AuditInMessage_SF.queueName">EEMSIIB.PRIME_COMMON_AUDITMESSAGE_DATA</com.eems.brkConfig.EEMS_ConfigurationsPoller_Flow>


</Broker>
