<?xml version="1.0" encoding="UTF-8"?>
<Broker>

<!--DEV-->

<com.prime.inboundproc.PRIME_Inbound_Debatcher intServ="EEMSIIB_PRIME_INBOUND" env="dev" override="additionalInstances">5</com.prime.inboundproc.PRIME_Inbound_Debatcher>
<com.prime.inboundproc.PRIME_Inbound_Debatcher intServ="EEMSIIB_PRIME_INBOUND" env="dev" override="BATCH_SIZE">100</com.prime.inboundproc.PRIME_Inbound_Debatcher>
<com.prime.inboundproc.PRIME_Inbound_Debatcher intServ="EEMSIIB_PRIME_INBOUND" env="dev" override="PAYLOAD_AUDIT_FL">FALSE</com.prime.inboundproc.PRIME_Inbound_Debatcher>
<com.prime.inboundproc.PRIME_Inbound_Debatcher intServ="EEMSIIB_PRIME_INBOUND" env="dev" override="DSN">EEMS_DB</com.prime.inboundproc.PRIME_Inbound_Debatcher>
<com.prime.inboundproc.PRIME_Inbound_Debatcher intServ="EEMSIIB_PRIME_INBOUND" env="dev" override="AUDIT_LEVEL">2</com.prime.inboundproc.PRIME_Inbound_Debatcher>
<com.prime.inboundproc.PRIME_Inbound_Debatcher intServ="EEMSIIB_PRIME_INBOUND" env="dev" override="MAXIMUM_AUDIT">2</com.prime.inboundproc.PRIME_Inbound_Debatcher>
<com.prime.inboundproc.PRIME_Inbound_Debatcher intServ="EEMSIIB_PRIME_INBOUND" env="dev" override="AUDIT_FL">true</com.prime.inboundproc.PRIME_Inbound_Debatcher>
<com.prime.inboundproc.PRIME_Inbound_Debatcher intServ="EEMSIIB_PRIME_INBOUND" env="dev" override="BECode">800</com.prime.inboundproc.PRIME_Inbound_Debatcher>
<com.prime.inboundproc.PRIME_Inbound_Debatcher intServ="EEMSIIB_PRIME_INBOUND" env="dev" override="ProjNumber">2</com.prime.inboundproc.PRIME_Inbound_Debatcher>
<com.prime.inboundproc.PRIME_Inbound_Debatcher intServ="EEMSIIB_PRIME_INBOUND" env="dev" override="TRANSFORM_QUEUE">EEMSIIB.PRIME_INBOUND_SMALL_TRANSFORM_IN</com.prime.inboundproc.PRIME_Inbound_Debatcher>
<com.prime.inboundproc.PRIME_Inbound_Debatcher intServ="EEMSIIB_PRIME_INBOUND" env="dev" override="INSTANCES_COUNT">1</com.prime.inboundproc.PRIME_Inbound_Debatcher>
<com.prime.inboundproc.PRIME_Inbound_Debatcher intServ="EEMSIIB_PRIME_INBOUND" env="dev" override="THRESH_QUEUE_DEPTH">5000</com.prime.inboundproc.PRIME_Inbound_Debatcher>
<com.prime.inboundproc.PRIME_Inbound_Debatcher intServ="EEMSIIB_PRIME_INBOUND" env="dev" override="SLEEP_TIME">60000</com.prime.inboundproc.PRIME_Inbound_Debatcher>
<com.prime.inboundproc.PRIME_Inbound_Debatcher intServ="EEMSIIB_PRIME_INBOUND" env="dev" override="DBLOAD_QUEUE">EEMSIIB.PRIME_INBOUND_SMALL_DBLOAD_IN</com.prime.inboundproc.PRIME_Inbound_Debatcher>
<com.prime.inboundproc.PRIME_Inbound_Debatcher intServ="EEMSIIB_PRIME_INBOUND" env="dev" override="DBLOAD_THRESH_QUEUE_DEPTH">5000</com.prime.inboundproc.PRIME_Inbound_Debatcher>
<com.prime.inboundproc.PRIME_Inbound_Debatcher intServ="EEMSIIB_PRIME_INBOUND" env="dev" override="BrkConfigKey">BRK_CONFIG</com.prime.inboundproc.PRIME_Inbound_Debatcher>
<com.prime.inboundproc.PRIME_Inbound_Debatcher intServ="EEMSIIB_PRIME_INBOUND" env="dev" override="brkrList">BKMBT11</com.prime.inboundproc.PRIME_Inbound_Debatcher>
<com.prime.inboundproc.PRIME_Inbound_Debatcher intServ="EEMSIIB_PRIME_INBOUND" env="dev" override="varGCMapName">PRIME_Common_Map</com.prime.inboundproc.PRIME_Inbound_Debatcher>
<com.prime.inboundproc.PRIME_Inbound_Debatcher intServ="EEMSIIB_PRIME_INBOUND" env="dev" override="SchemaName">ELECELIG</com.prime.inboundproc.PRIME_Inbound_Debatcher>
<com.prime.inboundproc.PRIME_Inbound_Debatcher intServ="EEMSIIB_PRIME_INBOUND" env="dev" override="SUB_SYS_NAME">IIB</com.prime.inboundproc.PRIME_Inbound_Debatcher>
<com.prime.inboundproc.PRIME_Inbound_Debatcher intServ="EEMSIIB_PRIME_INBOUND" env="dev" override="PRIME_ReadINB_PCFFile.inputDirectory">/eems/iib/PRIME/inbound/small</com.prime.inboundproc.PRIME_Inbound_Debatcher>
<com.prime.inboundproc.PRIME_Inbound_Debatcher intServ="EEMSIIB_PRIME_INBOUND" env="dev" override="PRIME_ReadINB_PCFFile.filenamePattern">*.pcf</com.prime.inboundproc.PRIME_Inbound_Debatcher>
<com.prime.inboundproc.PRIME_Inbound_Debatcher intServ="EEMSIIB_PRIME_INBOUND" env="dev" override="PRIME_ReadINB_PCFFile.waitInterval">2</com.prime.inboundproc.PRIME_Inbound_Debatcher>
<com.prime.inboundproc.PRIME_Inbound_Debatcher intServ="EEMSIIB_PRIME_INBOUND" env="dev" override="PRIME_ReadINB_PCFFile.additionalInstances">14</com.prime.inboundproc.PRIME_Inbound_Debatcher>
<com.prime.inboundproc.PRIME_Inbound_Debatcher intServ="EEMSIIB_PRIME_INBOUND" env="dev" override="PRIME_INB_TRANS_IN.queueName">EEMSIIB.PRIME_INBOUND_SMALL_TRANSFORM_IN</com.prime.inboundproc.PRIME_Inbound_Debatcher>
<com.prime.inboundproc.PRIME_Inbound_Debatcher intServ="EEMSIIB_PRIME_INBOUND" env="dev" override="PRIME_setMQMDHeader.dataSource">EEMS_DB</com.prime.inboundproc.PRIME_Inbound_Debatcher>
<com.prime.inboundproc.PRIME_Inbound_Debatcher intServ="EEMSIIB_PRIME_INBOUND" env="dev" override="ClearExternalCacheAndCreateAuditMsg.dataSource">EEMS_DB</com.prime.inboundproc.PRIME_Inbound_Debatcher>
<com.prime.inboundproc.PRIME_Inbound_Debatcher intServ="EEMSIIB_PRIME_INBOUND" env="dev" override="Common_AuditInMessage_SF.queueName">EEMSIIB.PRIME_COMMON_AUDITMESSAGE_DATA</com.prime.inboundproc.PRIME_Inbound_Debatcher>
<com.prime.inboundproc.PRIME_Inbound_Debatcher intServ="EEMSIIB_PRIME_INBOUND" env="dev" override="UpdateFailureStatusGlobalCache.dataSource">EEMS_DB</com.prime.inboundproc.PRIME_Inbound_Debatcher>
<com.prime.inboundproc.PRIME_Inbound_Debatcher intServ="EEMSIIB_PRIME_INBOUND" env="dev" override="EEMSIIB.PRIME_ERRORMESSAGE_DATA.queueName">EEMSIIB.PRIME_ERRORMESSAGE_DATA</com.prime.inboundproc.PRIME_Inbound_Debatcher>


<!--SIT-->

<com.prime.inboundproc.PRIME_Inbound_Debatcher intServ="EEMSIIB_PRIME_INBOUND" env="test" override="additionalInstances">5</com.prime.inboundproc.PRIME_Inbound_Debatcher>
<com.prime.inboundproc.PRIME_Inbound_Debatcher intServ="EEMSIIB_PRIME_INBOUND" env="test" override="BATCH_SIZE">100</com.prime.inboundproc.PRIME_Inbound_Debatcher>
<com.prime.inboundproc.PRIME_Inbound_Debatcher intServ="EEMSIIB_PRIME_INBOUND" env="test" override="PAYLOAD_AUDIT_FL">FALSE</com.prime.inboundproc.PRIME_Inbound_Debatcher>
<com.prime.inboundproc.PRIME_Inbound_Debatcher intServ="EEMSIIB_PRIME_INBOUND" env="test" override="DSN">EEMS_DB</com.prime.inboundproc.PRIME_Inbound_Debatcher>
<com.prime.inboundproc.PRIME_Inbound_Debatcher intServ="EEMSIIB_PRIME_INBOUND" env="test" override="AUDIT_LEVEL">2</com.prime.inboundproc.PRIME_Inbound_Debatcher>
<com.prime.inboundproc.PRIME_Inbound_Debatcher intServ="EEMSIIB_PRIME_INBOUND" env="test" override="MAXIMUM_AUDIT">2</com.prime.inboundproc.PRIME_Inbound_Debatcher>
<com.prime.inboundproc.PRIME_Inbound_Debatcher intServ="EEMSIIB_PRIME_INBOUND" env="test" override="AUDIT_FL">true</com.prime.inboundproc.PRIME_Inbound_Debatcher>
<com.prime.inboundproc.PRIME_Inbound_Debatcher intServ="EEMSIIB_PRIME_INBOUND" env="test" override="BECode">800</com.prime.inboundproc.PRIME_Inbound_Debatcher>
<com.prime.inboundproc.PRIME_Inbound_Debatcher intServ="EEMSIIB_PRIME_INBOUND" env="test" override="ProjNumber">2</com.prime.inboundproc.PRIME_Inbound_Debatcher>
<com.prime.inboundproc.PRIME_Inbound_Debatcher intServ="EEMSIIB_PRIME_INBOUND" env="test" override="TRANSFORM_QUEUE">EEMSIIB.PRIME_INBOUND_SMALL_TRANSFORM_IN</com.prime.inboundproc.PRIME_Inbound_Debatcher>
<com.prime.inboundproc.PRIME_Inbound_Debatcher intServ="EEMSIIB_PRIME_INBOUND" env="test" override="INSTANCES_COUNT">1</com.prime.inboundproc.PRIME_Inbound_Debatcher>
<com.prime.inboundproc.PRIME_Inbound_Debatcher intServ="EEMSIIB_PRIME_INBOUND" env="test" override="THRESH_QUEUE_DEPTH">5000</com.prime.inboundproc.PRIME_Inbound_Debatcher>
<com.prime.inboundproc.PRIME_Inbound_Debatcher intServ="EEMSIIB_PRIME_INBOUND" env="test" override="SLEEP_TIME">60000</com.prime.inboundproc.PRIME_Inbound_Debatcher>
<com.prime.inboundproc.PRIME_Inbound_Debatcher intServ="EEMSIIB_PRIME_INBOUND" env="test" override="DBLOAD_QUEUE">EEMSIIB.PRIME_INBOUND_SMALL_DBLOAD_IN</com.prime.inboundproc.PRIME_Inbound_Debatcher>
<com.prime.inboundproc.PRIME_Inbound_Debatcher intServ="EEMSIIB_PRIME_INBOUND" env="test" override="DBLOAD_THRESH_QUEUE_DEPTH">5000</com.prime.inboundproc.PRIME_Inbound_Debatcher>
<com.prime.inboundproc.PRIME_Inbound_Debatcher intServ="EEMSIIB_PRIME_INBOUND" env="test" override="BrkConfigKey">BRK_CONFIG</com.prime.inboundproc.PRIME_Inbound_Debatcher>
<com.prime.inboundproc.PRIME_Inbound_Debatcher intServ="EEMSIIB_PRIME_INBOUND" env="test" override="brkrList">BKMBS11</com.prime.inboundproc.PRIME_Inbound_Debatcher>
<com.prime.inboundproc.PRIME_Inbound_Debatcher intServ="EEMSIIB_PRIME_INBOUND" env="test" override="varGCMapName">PRIME_Common_Map</com.prime.inboundproc.PRIME_Inbound_Debatcher>
<com.prime.inboundproc.PRIME_Inbound_Debatcher intServ="EEMSIIB_PRIME_INBOUND" env="test" override="SchemaName">ELECELIG</com.prime.inboundproc.PRIME_Inbound_Debatcher>
<com.prime.inboundproc.PRIME_Inbound_Debatcher intServ="EEMSIIB_PRIME_INBOUND" env="test" override="SUB_SYS_NAME">IIB</com.prime.inboundproc.PRIME_Inbound_Debatcher>
<com.prime.inboundproc.PRIME_Inbound_Debatcher intServ="EEMSIIB_PRIME_INBOUND" env="test" override="PRIME_ReadINB_PCFFile.inputDirectory">/eems/iib/PRIME/inbound/small</com.prime.inboundproc.PRIME_Inbound_Debatcher>
<com.prime.inboundproc.PRIME_Inbound_Debatcher intServ="EEMSIIB_PRIME_INBOUND" env="test" override="PRIME_ReadINB_PCFFile.filenamePattern">*.pcf</com.prime.inboundproc.PRIME_Inbound_Debatcher>
<com.prime.inboundproc.PRIME_Inbound_Debatcher intServ="EEMSIIB_PRIME_INBOUND" env="test" override="PRIME_ReadINB_PCFFile.waitInterval">2</com.prime.inboundproc.PRIME_Inbound_Debatcher>
<com.prime.inboundproc.PRIME_Inbound_Debatcher intServ="EEMSIIB_PRIME_INBOUND" env="test" override="PRIME_ReadINB_PCFFile.additionalInstances">14</com.prime.inboundproc.PRIME_Inbound_Debatcher>
<com.prime.inboundproc.PRIME_Inbound_Debatcher intServ="EEMSIIB_PRIME_INBOUND" env="test" override="PRIME_INB_TRANS_IN.queueName">EEMSIIB.PRIME_INBOUND_SMALL_TRANSFORM_IN</com.prime.inboundproc.PRIME_Inbound_Debatcher>
<com.prime.inboundproc.PRIME_Inbound_Debatcher intServ="EEMSIIB_PRIME_INBOUND" env="test" override="PRIME_setMQMDHeader.dataSource">EEMS_DB</com.prime.inboundproc.PRIME_Inbound_Debatcher>
<com.prime.inboundproc.PRIME_Inbound_Debatcher intServ="EEMSIIB_PRIME_INBOUND" env="test" override="ClearExternalCacheAndCreateAuditMsg.dataSource">EEMS_DB</com.prime.inboundproc.PRIME_Inbound_Debatcher>
<com.prime.inboundproc.PRIME_Inbound_Debatcher intServ="EEMSIIB_PRIME_INBOUND" env="test" override="Common_AuditInMessage_SF.queueName">EEMSIIB.PRIME_COMMON_AUDITMESSAGE_DATA</com.prime.inboundproc.PRIME_Inbound_Debatcher>
<com.prime.inboundproc.PRIME_Inbound_Debatcher intServ="EEMSIIB_PRIME_INBOUND" env="test" override="UpdateFailureStatusGlobalCache.dataSource">EEMS_DB</com.prime.inboundproc.PRIME_Inbound_Debatcher>
<com.prime.inboundproc.PRIME_Inbound_Debatcher intServ="EEMSIIB_PRIME_INBOUND" env="test" override="EEMSIIB.PRIME_ERRORMESSAGE_DATA.queueName">EEMSIIB.PRIME_ERRORMESSAGE_DATA</com.prime.inboundproc.PRIME_Inbound_Debatcher>

<!--SIT BRAVO-->

<com.prime.inboundproc.PRIME_Inbound_Debatcher intServ="EEMSIIB_PRIME_INBOUND" env="test2" override="additionalInstances">5</com.prime.inboundproc.PRIME_Inbound_Debatcher>
<com.prime.inboundproc.PRIME_Inbound_Debatcher intServ="EEMSIIB_PRIME_INBOUND" env="test2" override="BATCH_SIZE">100</com.prime.inboundproc.PRIME_Inbound_Debatcher>
<com.prime.inboundproc.PRIME_Inbound_Debatcher intServ="EEMSIIB_PRIME_INBOUND" env="test2" override="PAYLOAD_AUDIT_FL">FALSE</com.prime.inboundproc.PRIME_Inbound_Debatcher>
<com.prime.inboundproc.PRIME_Inbound_Debatcher intServ="EEMSIIB_PRIME_INBOUND" env="test2" override="DSN">EEMS_DB</com.prime.inboundproc.PRIME_Inbound_Debatcher>
<com.prime.inboundproc.PRIME_Inbound_Debatcher intServ="EEMSIIB_PRIME_INBOUND" env="test2" override="AUDIT_LEVEL">2</com.prime.inboundproc.PRIME_Inbound_Debatcher>
<com.prime.inboundproc.PRIME_Inbound_Debatcher intServ="EEMSIIB_PRIME_INBOUND" env="test2" override="MAXIMUM_AUDIT">2</com.prime.inboundproc.PRIME_Inbound_Debatcher>
<com.prime.inboundproc.PRIME_Inbound_Debatcher intServ="EEMSIIB_PRIME_INBOUND" env="test2" override="AUDIT_FL">true</com.prime.inboundproc.PRIME_Inbound_Debatcher>
<com.prime.inboundproc.PRIME_Inbound_Debatcher intServ="EEMSIIB_PRIME_INBOUND" env="test2" override="BECode">800</com.prime.inboundproc.PRIME_Inbound_Debatcher>
<com.prime.inboundproc.PRIME_Inbound_Debatcher intServ="EEMSIIB_PRIME_INBOUND" env="test2" override="ProjNumber">2</com.prime.inboundproc.PRIME_Inbound_Debatcher>
<com.prime.inboundproc.PRIME_Inbound_Debatcher intServ="EEMSIIB_PRIME_INBOUND" env="test2" override="TRANSFORM_QUEUE">EEMSIIB.PRIME_INBOUND_SMALL_TRANSFORM_IN</com.prime.inboundproc.PRIME_Inbound_Debatcher>
<com.prime.inboundproc.PRIME_Inbound_Debatcher intServ="EEMSIIB_PRIME_INBOUND" env="test2" override="INSTANCES_COUNT">1</com.prime.inboundproc.PRIME_Inbound_Debatcher>
<com.prime.inboundproc.PRIME_Inbound_Debatcher intServ="EEMSIIB_PRIME_INBOUND" env="test2" override="THRESH_QUEUE_DEPTH">5000</com.prime.inboundproc.PRIME_Inbound_Debatcher>
<com.prime.inboundproc.PRIME_Inbound_Debatcher intServ="EEMSIIB_PRIME_INBOUND" env="test2" override="SLEEP_TIME">60000</com.prime.inboundproc.PRIME_Inbound_Debatcher>
<com.prime.inboundproc.PRIME_Inbound_Debatcher intServ="EEMSIIB_PRIME_INBOUND" env="test2" override="DBLOAD_QUEUE">EEMSIIB.PRIME_INBOUND_SMALL_DBLOAD_IN</com.prime.inboundproc.PRIME_Inbound_Debatcher>
<com.prime.inboundproc.PRIME_Inbound_Debatcher intServ="EEMSIIB_PRIME_INBOUND" env="test2" override="DBLOAD_THRESH_QUEUE_DEPTH">5000</com.prime.inboundproc.PRIME_Inbound_Debatcher>
<com.prime.inboundproc.PRIME_Inbound_Debatcher intServ="EEMSIIB_PRIME_INBOUND" env="test2" override="BrkConfigKey">BRK_CONFIG</com.prime.inboundproc.PRIME_Inbound_Debatcher>
<com.prime.inboundproc.PRIME_Inbound_Debatcher intServ="EEMSIIB_PRIME_INBOUND" env="test2" override="brkrList">BKMBS12</com.prime.inboundproc.PRIME_Inbound_Debatcher>
<com.prime.inboundproc.PRIME_Inbound_Debatcher intServ="EEMSIIB_PRIME_INBOUND" env="test2" override="varGCMapName">PRIME_Common_Map</com.prime.inboundproc.PRIME_Inbound_Debatcher>
<com.prime.inboundproc.PRIME_Inbound_Debatcher intServ="EEMSIIB_PRIME_INBOUND" env="test2" override="SchemaName">ELECELIG</com.prime.inboundproc.PRIME_Inbound_Debatcher>
<com.prime.inboundproc.PRIME_Inbound_Debatcher intServ="EEMSIIB_PRIME_INBOUND" env="test2" override="SUB_SYS_NAME">IIB</com.prime.inboundproc.PRIME_Inbound_Debatcher>
<com.prime.inboundproc.PRIME_Inbound_Debatcher intServ="EEMSIIB_PRIME_INBOUND" env="test2" override="PRIME_ReadINB_PCFFile.inputDirectory">/eems/iib/PRIME/inbound/small</com.prime.inboundproc.PRIME_Inbound_Debatcher>
<com.prime.inboundproc.PRIME_Inbound_Debatcher intServ="EEMSIIB_PRIME_INBOUND" env="test2" override="PRIME_ReadINB_PCFFile.filenamePattern">*.pcf</com.prime.inboundproc.PRIME_Inbound_Debatcher>
<com.prime.inboundproc.PRIME_Inbound_Debatcher intServ="EEMSIIB_PRIME_INBOUND" env="test2" override="PRIME_ReadINB_PCFFile.waitInterval">2</com.prime.inboundproc.PRIME_Inbound_Debatcher>
<com.prime.inboundproc.PRIME_Inbound_Debatcher intServ="EEMSIIB_PRIME_INBOUND" env="test2" override="PRIME_ReadINB_PCFFile.additionalInstances">14</com.prime.inboundproc.PRIME_Inbound_Debatcher>
<com.prime.inboundproc.PRIME_Inbound_Debatcher intServ="EEMSIIB_PRIME_INBOUND" env="test2" override="PRIME_INB_TRANS_IN.queueName">EEMSIIB.PRIME_INBOUND_SMALL_TRANSFORM_IN</com.prime.inboundproc.PRIME_Inbound_Debatcher>
<com.prime.inboundproc.PRIME_Inbound_Debatcher intServ="EEMSIIB_PRIME_INBOUND" env="test2" override="PRIME_setMQMDHeader.dataSource">EEMS_DB</com.prime.inboundproc.PRIME_Inbound_Debatcher>
<com.prime.inboundproc.PRIME_Inbound_Debatcher intServ="EEMSIIB_PRIME_INBOUND" env="test2" override="ClearExternalCacheAndCreateAuditMsg.dataSource">EEMS_DB</com.prime.inboundproc.PRIME_Inbound_Debatcher>
<com.prime.inboundproc.PRIME_Inbound_Debatcher intServ="EEMSIIB_PRIME_INBOUND" env="test2" override="Common_AuditInMessage_SF.queueName">EEMSIIB.PRIME_COMMON_AUDITMESSAGE_DATA</com.prime.inboundproc.PRIME_Inbound_Debatcher>
<com.prime.inboundproc.PRIME_Inbound_Debatcher intServ="EEMSIIB_PRIME_INBOUND" env="test2" override="UpdateFailureStatusGlobalCache.dataSource">EEMS_DB</com.prime.inboundproc.PRIME_Inbound_Debatcher>
<com.prime.inboundproc.PRIME_Inbound_Debatcher intServ="EEMSIIB_PRIME_INBOUND" env="test2" override="EEMSIIB.PRIME_ERRORMESSAGE_DATA.queueName">EEMSIIB.PRIME_ERRORMESSAGE_DATA</com.prime.inboundproc.PRIME_Inbound_Debatcher>

<!--UAT-->

<com.prime.inboundproc.PRIME_Inbound_Debatcher intServ="EEMSIIB_PRIME_INBOUND" env="uat" override="additionalInstances">5</com.prime.inboundproc.PRIME_Inbound_Debatcher>
<com.prime.inboundproc.PRIME_Inbound_Debatcher intServ="EEMSIIB_PRIME_INBOUND" env="uat" override="BATCH_SIZE">100</com.prime.inboundproc.PRIME_Inbound_Debatcher>
<com.prime.inboundproc.PRIME_Inbound_Debatcher intServ="EEMSIIB_PRIME_INBOUND" env="uat" override="PAYLOAD_AUDIT_FL">FALSE</com.prime.inboundproc.PRIME_Inbound_Debatcher>
<com.prime.inboundproc.PRIME_Inbound_Debatcher intServ="EEMSIIB_PRIME_INBOUND" env="uat" override="DSN">EEMS_DB</com.prime.inboundproc.PRIME_Inbound_Debatcher>
<com.prime.inboundproc.PRIME_Inbound_Debatcher intServ="EEMSIIB_PRIME_INBOUND" env="uat" override="AUDIT_LEVEL">2</com.prime.inboundproc.PRIME_Inbound_Debatcher>
<com.prime.inboundproc.PRIME_Inbound_Debatcher intServ="EEMSIIB_PRIME_INBOUND" env="uat" override="MAXIMUM_AUDIT">2</com.prime.inboundproc.PRIME_Inbound_Debatcher>
<com.prime.inboundproc.PRIME_Inbound_Debatcher intServ="EEMSIIB_PRIME_INBOUND" env="uat" override="AUDIT_FL">true</com.prime.inboundproc.PRIME_Inbound_Debatcher>
<com.prime.inboundproc.PRIME_Inbound_Debatcher intServ="EEMSIIB_PRIME_INBOUND" env="uat" override="BECode">800</com.prime.inboundproc.PRIME_Inbound_Debatcher>
<com.prime.inboundproc.PRIME_Inbound_Debatcher intServ="EEMSIIB_PRIME_INBOUND" env="uat" override="ProjNumber">2</com.prime.inboundproc.PRIME_Inbound_Debatcher>
<com.prime.inboundproc.PRIME_Inbound_Debatcher intServ="EEMSIIB_PRIME_INBOUND" env="uat" override="TRANSFORM_QUEUE">EEMSIIB.PRIME_INBOUND_SMALL_TRANSFORM_IN</com.prime.inboundproc.PRIME_Inbound_Debatcher>
<com.prime.inboundproc.PRIME_Inbound_Debatcher intServ="EEMSIIB_PRIME_INBOUND" env="uat" override="INSTANCES_COUNT">1</com.prime.inboundproc.PRIME_Inbound_Debatcher>
<com.prime.inboundproc.PRIME_Inbound_Debatcher intServ="EEMSIIB_PRIME_INBOUND" env="uat" override="THRESH_QUEUE_DEPTH">5000</com.prime.inboundproc.PRIME_Inbound_Debatcher>
<com.prime.inboundproc.PRIME_Inbound_Debatcher intServ="EEMSIIB_PRIME_INBOUND" env="uat" override="SLEEP_TIME">60000</com.prime.inboundproc.PRIME_Inbound_Debatcher>
<com.prime.inboundproc.PRIME_Inbound_Debatcher intServ="EEMSIIB_PRIME_INBOUND" env="uat" override="DBLOAD_QUEUE">EEMSIIB.PRIME_INBOUND_DBLOAD</com.prime.inboundproc.PRIME_Inbound_Debatcher>
<com.prime.inboundproc.PRIME_Inbound_Debatcher intServ="EEMSIIB_PRIME_INBOUND" env="uat" override="DBLOAD_THRESH_QUEUE_DEPTH">5000</com.prime.inboundproc.PRIME_Inbound_Debatcher>
<com.prime.inboundproc.PRIME_Inbound_Debatcher intServ="EEMSIIB_PRIME_INBOUND" env="uat" override="BrkConfigKey">BRK_CONFIG</com.prime.inboundproc.PRIME_Inbound_Debatcher>
<com.prime.inboundproc.PRIME_Inbound_Debatcher intServ="EEMSIIB_PRIME_INBOUND" env="uat" override="brkrList">BKMBRA11</com.prime.inboundproc.PRIME_Inbound_Debatcher>
<com.prime.inboundproc.PRIME_Inbound_Debatcher intServ="EEMSIIB_PRIME_INBOUND" env="uat" override="varGCMapName">PRIME_Common_Map</com.prime.inboundproc.PRIME_Inbound_Debatcher>
<com.prime.inboundproc.PRIME_Inbound_Debatcher intServ="EEMSIIB_PRIME_INBOUND" env="uat" override="SchemaName">ELECELIG</com.prime.inboundproc.PRIME_Inbound_Debatcher>
<com.prime.inboundproc.PRIME_Inbound_Debatcher intServ="EEMSIIB_PRIME_INBOUND" env="uat" override="SUB_SYS_NAME">IIB</com.prime.inboundproc.PRIME_Inbound_Debatcher>
<com.prime.inboundproc.PRIME_Inbound_Debatcher intServ="EEMSIIB_PRIME_INBOUND" env="uat" override="PRIME_ReadINB_PCFFile.inputDirectory">/eems/iib/PRIME/inbound/small</com.prime.inboundproc.PRIME_Inbound_Debatcher>
<com.prime.inboundproc.PRIME_Inbound_Debatcher intServ="EEMSIIB_PRIME_INBOUND" env="uat" override="PRIME_ReadINB_PCFFile.filenamePattern">*.pcf</com.prime.inboundproc.PRIME_Inbound_Debatcher>
<com.prime.inboundproc.PRIME_Inbound_Debatcher intServ="EEMSIIB_PRIME_INBOUND" env="uat" override="PRIME_ReadINB_PCFFile.waitInterval">2</com.prime.inboundproc.PRIME_Inbound_Debatcher>
<com.prime.inboundproc.PRIME_Inbound_Debatcher intServ="EEMSIIB_PRIME_INBOUND" env="uat" override="PRIME_ReadINB_PCFFile.additionalInstances">14</com.prime.inboundproc.PRIME_Inbound_Debatcher>
<com.prime.inboundproc.PRIME_Inbound_Debatcher intServ="EEMSIIB_PRIME_INBOUND" env="uat" override="PRIME_INB_TRANS_IN.queueName">EEMSIIB.PRIME_INBOUND_SMALL_TRANSFORM_IN</com.prime.inboundproc.PRIME_Inbound_Debatcher>
<com.prime.inboundproc.PRIME_Inbound_Debatcher intServ="EEMSIIB_PRIME_INBOUND" env="uat" override="PRIME_setMQMDHeader.dataSource">EEMS_DB</com.prime.inboundproc.PRIME_Inbound_Debatcher>
<com.prime.inboundproc.PRIME_Inbound_Debatcher intServ="EEMSIIB_PRIME_INBOUND" env="uat" override="ClearExternalCacheAndCreateAuditMsg.dataSource">EEMS_DB</com.prime.inboundproc.PRIME_Inbound_Debatcher>
<com.prime.inboundproc.PRIME_Inbound_Debatcher intServ="EEMSIIB_PRIME_INBOUND" env="uat" override="Common_AuditInMessage_SF.queueName">EEMSIIB.PRIME_COMMON_AUDITMESSAGE_DATA</com.prime.inboundproc.PRIME_Inbound_Debatcher>
<com.prime.inboundproc.PRIME_Inbound_Debatcher intServ="EEMSIIB_PRIME_INBOUND" env="uat" override="UpdateFailureStatusGlobalCache.dataSource">EEMS_DB</com.prime.inboundproc.PRIME_Inbound_Debatcher>
<com.prime.inboundproc.PRIME_Inbound_Debatcher intServ="EEMSIIB_PRIME_INBOUND" env="uat" override="EEMSIIB.PRIME_ERRORMESSAGE_DATA.queueName">EEMSIIB.PRIME_ERRORMESSAGE_DATA</com.prime.inboundproc.PRIME_Inbound_Debatcher>

<!-- UAT-Bravo -->

<com.prime.inboundproc.PRIME_Inbound_Debatcher intServ="EEMSIIB_PRIME_INBOUND" env="uat-bravo" override="additionalInstances">5</com.prime.inboundproc.PRIME_Inbound_Debatcher>
<com.prime.inboundproc.PRIME_Inbound_Debatcher intServ="EEMSIIB_PRIME_INBOUND" env="uat-bravo" override="BATCH_SIZE">100</com.prime.inboundproc.PRIME_Inbound_Debatcher>
<com.prime.inboundproc.PRIME_Inbound_Debatcher intServ="EEMSIIB_PRIME_INBOUND" env="uat-bravo" override="PAYLOAD_AUDIT_FL">FALSE</com.prime.inboundproc.PRIME_Inbound_Debatcher>
<com.prime.inboundproc.PRIME_Inbound_Debatcher intServ="EEMSIIB_PRIME_INBOUND" env="uat-bravo" override="DSN">EEMS_DB</com.prime.inboundproc.PRIME_Inbound_Debatcher>
<com.prime.inboundproc.PRIME_Inbound_Debatcher intServ="EEMSIIB_PRIME_INBOUND" env="uat-bravo" override="AUDIT_LEVEL">2</com.prime.inboundproc.PRIME_Inbound_Debatcher>
<com.prime.inboundproc.PRIME_Inbound_Debatcher intServ="EEMSIIB_PRIME_INBOUND" env="uat-bravo" override="MAXIMUM_AUDIT">2</com.prime.inboundproc.PRIME_Inbound_Debatcher>
<com.prime.inboundproc.PRIME_Inbound_Debatcher intServ="EEMSIIB_PRIME_INBOUND" env="uat-bravo" override="AUDIT_FL">true</com.prime.inboundproc.PRIME_Inbound_Debatcher>
<com.prime.inboundproc.PRIME_Inbound_Debatcher intServ="EEMSIIB_PRIME_INBOUND" env="uat-bravo" override="BECode">800</com.prime.inboundproc.PRIME_Inbound_Debatcher>
<com.prime.inboundproc.PRIME_Inbound_Debatcher intServ="EEMSIIB_PRIME_INBOUND" env="uat-bravo" override="ProjNumber">2</com.prime.inboundproc.PRIME_Inbound_Debatcher>
<com.prime.inboundproc.PRIME_Inbound_Debatcher intServ="EEMSIIB_PRIME_INBOUND" env="uat-bravo" override="TRANSFORM_QUEUE">EEMSIIB.PRIME_INBOUND_SMALL_TRANSFORM_IN</com.prime.inboundproc.PRIME_Inbound_Debatcher>
<com.prime.inboundproc.PRIME_Inbound_Debatcher intServ="EEMSIIB_PRIME_INBOUND" env="uat-bravo" override="INSTANCES_COUNT">1</com.prime.inboundproc.PRIME_Inbound_Debatcher>
<com.prime.inboundproc.PRIME_Inbound_Debatcher intServ="EEMSIIB_PRIME_INBOUND" env="uat-bravo" override="THRESH_QUEUE_DEPTH">5000</com.prime.inboundproc.PRIME_Inbound_Debatcher>
<com.prime.inboundproc.PRIME_Inbound_Debatcher intServ="EEMSIIB_PRIME_INBOUND" env="uat-bravo" override="SLEEP_TIME">60000</com.prime.inboundproc.PRIME_Inbound_Debatcher>
<com.prime.inboundproc.PRIME_Inbound_Debatcher intServ="EEMSIIB_PRIME_INBOUND" env="uat-bravo" override="DBLOAD_QUEUE">EEMSIIB.PRIME_INBOUND_DBLOAD</com.prime.inboundproc.PRIME_Inbound_Debatcher>
<com.prime.inboundproc.PRIME_Inbound_Debatcher intServ="EEMSIIB_PRIME_INBOUND" env="uat-bravo" override="DBLOAD_THRESH_QUEUE_DEPTH">5000</com.prime.inboundproc.PRIME_Inbound_Debatcher>
<com.prime.inboundproc.PRIME_Inbound_Debatcher intServ="EEMSIIB_PRIME_INBOUND" env="uat-bravo" override="BrkConfigKey">BRK_CONFIG</com.prime.inboundproc.PRIME_Inbound_Debatcher>
<com.prime.inboundproc.PRIME_Inbound_Debatcher intServ="EEMSIIB_PRIME_INBOUND" env="uat-bravo" override="brkrList">BKMBRB11</com.prime.inboundproc.PRIME_Inbound_Debatcher>
<com.prime.inboundproc.PRIME_Inbound_Debatcher intServ="EEMSIIB_PRIME_INBOUND" env="uat-bravo" override="varGCMapName">PRIME_Common_Map</com.prime.inboundproc.PRIME_Inbound_Debatcher>
<com.prime.inboundproc.PRIME_Inbound_Debatcher intServ="EEMSIIB_PRIME_INBOUND" env="uat-bravo" override="SchemaName">ELECELIG</com.prime.inboundproc.PRIME_Inbound_Debatcher>
<com.prime.inboundproc.PRIME_Inbound_Debatcher intServ="EEMSIIB_PRIME_INBOUND" env="uat-bravo" override="SUB_SYS_NAME">IIB</com.prime.inboundproc.PRIME_Inbound_Debatcher>
<com.prime.inboundproc.PRIME_Inbound_Debatcher intServ="EEMSIIB_PRIME_INBOUND" env="uat-bravo" override="PRIME_ReadINB_PCFFile.inputDirectory">/eems/iib/PRIME/inbound/small</com.prime.inboundproc.PRIME_Inbound_Debatcher>
<com.prime.inboundproc.PRIME_Inbound_Debatcher intServ="EEMSIIB_PRIME_INBOUND" env="uat-bravo" override="PRIME_ReadINB_PCFFile.filenamePattern">*.pcf</com.prime.inboundproc.PRIME_Inbound_Debatcher>
<com.prime.inboundproc.PRIME_Inbound_Debatcher intServ="EEMSIIB_PRIME_INBOUND" env="uat-bravo" override="PRIME_ReadINB_PCFFile.waitInterval">2</com.prime.inboundproc.PRIME_Inbound_Debatcher>
<com.prime.inboundproc.PRIME_Inbound_Debatcher intServ="EEMSIIB_PRIME_INBOUND" env="uat-bravo" override="PRIME_ReadINB_PCFFile.additionalInstances">14</com.prime.inboundproc.PRIME_Inbound_Debatcher>
<com.prime.inboundproc.PRIME_Inbound_Debatcher intServ="EEMSIIB_PRIME_INBOUND" env="uat-bravo" override="PRIME_INB_TRANS_IN.queueName">EEMSIIB.PRIME_INBOUND_SMALL_TRANSFORM_IN</com.prime.inboundproc.PRIME_Inbound_Debatcher>
<com.prime.inboundproc.PRIME_Inbound_Debatcher intServ="EEMSIIB_PRIME_INBOUND" env="uat-bravo" override="PRIME_setMQMDHeader.dataSource">EEMS_DB</com.prime.inboundproc.PRIME_Inbound_Debatcher>
<com.prime.inboundproc.PRIME_Inbound_Debatcher intServ="EEMSIIB_PRIME_INBOUND" env="uat-bravo" override="ClearExternalCacheAndCreateAuditMsg.dataSource">EEMS_DB</com.prime.inboundproc.PRIME_Inbound_Debatcher>
<com.prime.inboundproc.PRIME_Inbound_Debatcher intServ="EEMSIIB_PRIME_INBOUND" env="uat-bravo" override="Common_AuditInMessage_SF.queueName">EEMSIIB.PRIME_COMMON_AUDITMESSAGE_DATA</com.prime.inboundproc.PRIME_Inbound_Debatcher>
<com.prime.inboundproc.PRIME_Inbound_Debatcher intServ="EEMSIIB_PRIME_INBOUND" env="uat-bravo" override="UpdateFailureStatusGlobalCache.dataSource">EEMS_DB</com.prime.inboundproc.PRIME_Inbound_Debatcher>
<com.prime.inboundproc.PRIME_Inbound_Debatcher intServ="EEMSIIB_PRIME_INBOUND" env="uat-bravo" override="EEMSIIB.PRIME_ERRORMESSAGE_DATA.queueName">EEMSIIB.PRIME_ERRORMESSAGE_DATA</com.prime.inboundproc.PRIME_Inbound_Debatcher>

<!--STAGE-->

<com.prime.inboundproc.PRIME_Inbound_Debatcher intServ="EEMSIIB_PRIME_APPS" env="stage" override="additionalInstances">5</com.prime.inboundproc.PRIME_Inbound_Debatcher>
<com.prime.inboundproc.PRIME_Inbound_Debatcher intServ="EEMSIIB_PRIME_APPS" env="stage" override="BATCH_SIZE">100</com.prime.inboundproc.PRIME_Inbound_Debatcher>
<com.prime.inboundproc.PRIME_Inbound_Debatcher intServ="EEMSIIB_PRIME_APPS" env="stage" override="PAYLOAD_AUDIT_FL">FALSE</com.prime.inboundproc.PRIME_Inbound_Debatcher>
<com.prime.inboundproc.PRIME_Inbound_Debatcher intServ="EEMSIIB_PRIME_APPS" env="stage" override="DSN">EEMS_DB</com.prime.inboundproc.PRIME_Inbound_Debatcher>
<com.prime.inboundproc.PRIME_Inbound_Debatcher intServ="EEMSIIB_PRIME_APPS" env="stage" override="AUDIT_LEVEL">2</com.prime.inboundproc.PRIME_Inbound_Debatcher>
<com.prime.inboundproc.PRIME_Inbound_Debatcher intServ="EEMSIIB_PRIME_APPS" env="stage" override="MAXIMUM_AUDIT">2</com.prime.inboundproc.PRIME_Inbound_Debatcher>
<com.prime.inboundproc.PRIME_Inbound_Debatcher intServ="EEMSIIB_PRIME_APPS" env="stage" override="AUDIT_FL">true</com.prime.inboundproc.PRIME_Inbound_Debatcher>
<com.prime.inboundproc.PRIME_Inbound_Debatcher intServ="EEMSIIB_PRIME_APPS" env="stage" override="BECode">800</com.prime.inboundproc.PRIME_Inbound_Debatcher>
<com.prime.inboundproc.PRIME_Inbound_Debatcher intServ="EEMSIIB_PRIME_APPS" env="stage" override="ProjNumber">2</com.prime.inboundproc.PRIME_Inbound_Debatcher>
<com.prime.inboundproc.PRIME_Inbound_Debatcher intServ="EEMSIIB_PRIME_APPS" env="stage" override="TRANSFORM_QUEUE">EEMSIIB.PRIME_INBOUND_SMALL_TRANSFORM_IN</com.prime.inboundproc.PRIME_Inbound_Debatcher>
<com.prime.inboundproc.PRIME_Inbound_Debatcher intServ="EEMSIIB_PRIME_APPS" env="stage" override="INSTANCES_COUNT">1</com.prime.inboundproc.PRIME_Inbound_Debatcher>
<com.prime.inboundproc.PRIME_Inbound_Debatcher intServ="EEMSIIB_PRIME_APPS" env="stage" override="THRESH_QUEUE_DEPTH">5000</com.prime.inboundproc.PRIME_Inbound_Debatcher>
<com.prime.inboundproc.PRIME_Inbound_Debatcher intServ="EEMSIIB_PRIME_APPS" env="stage" override="SLEEP_TIME">60000</com.prime.inboundproc.PRIME_Inbound_Debatcher>
<com.prime.inboundproc.PRIME_Inbound_Debatcher intServ="EEMSIIB_PRIME_APPS" env="stage" override="DBLOAD_QUEUE">EEMSIIB.PRIME_INBOUND_SMALL_DBLOAD_IN</com.prime.inboundproc.PRIME_Inbound_Debatcher>
<com.prime.inboundproc.PRIME_Inbound_Debatcher intServ="EEMSIIB_PRIME_APPS" env="stage" override="DBLOAD_THRESH_QUEUE_DEPTH">5000</com.prime.inboundproc.PRIME_Inbound_Debatcher>
<com.prime.inboundproc.PRIME_Inbound_Debatcher intServ="EEMSIIB_PRIME_APPS" env="stage" override="BrkConfigKey">BRK_CONFIG</com.prime.inboundproc.PRIME_Inbound_Debatcher>
<com.prime.inboundproc.PRIME_Inbound_Debatcher intServ="EEMSIIB_PRIME_APPS" env="stage" override="brkrList">BKMBRM11_BKMBRM12_BKMBRM13</com.prime.inboundproc.PRIME_Inbound_Debatcher>
<com.prime.inboundproc.PRIME_Inbound_Debatcher intServ="EEMSIIB_PRIME_APPS" env="stage" override="varGCMapName">PRIME_Common_Map</com.prime.inboundproc.PRIME_Inbound_Debatcher>
<com.prime.inboundproc.PRIME_Inbound_Debatcher intServ="EEMSIIB_PRIME_APPS" env="stage" override="SchemaName">ELECELIG</com.prime.inboundproc.PRIME_Inbound_Debatcher>
<com.prime.inboundproc.PRIME_Inbound_Debatcher intServ="EEMSIIB_PRIME_APPS" env="stage" override="SUB_SYS_NAME">IIB</com.prime.inboundproc.PRIME_Inbound_Debatcher>
<com.prime.inboundproc.PRIME_Inbound_Debatcher intServ="EEMSIIB_PRIME_APPS" env="stage" override="PRIME_ReadINB_PCFFile.inputDirectory">/eems/iib/PRIME/inbound/small</com.prime.inboundproc.PRIME_Inbound_Debatcher>
<com.prime.inboundproc.PRIME_Inbound_Debatcher intServ="EEMSIIB_PRIME_APPS" env="stage" override="PRIME_ReadINB_PCFFile.filenamePattern">*.pcf</com.prime.inboundproc.PRIME_Inbound_Debatcher>
<com.prime.inboundproc.PRIME_Inbound_Debatcher intServ="EEMSIIB_PRIME_APPS" env="stage" override="PRIME_ReadINB_PCFFile.waitInterval">2</com.prime.inboundproc.PRIME_Inbound_Debatcher>
<com.prime.inboundproc.PRIME_Inbound_Debatcher intServ="EEMSIIB_PRIME_APPS" env="stage" override="PRIME_ReadINB_PCFFile.additionalInstances">14</com.prime.inboundproc.PRIME_Inbound_Debatcher>
<com.prime.inboundproc.PRIME_Inbound_Debatcher intServ="EEMSIIB_PRIME_APPS" env="stage" override="PRIME_INB_TRANS_IN.queueName">EEMSIIB.PRIME_INBOUND_SMALL_TRANSFORM_IN</com.prime.inboundproc.PRIME_Inbound_Debatcher>
<com.prime.inboundproc.PRIME_Inbound_Debatcher intServ="EEMSIIB_PRIME_APPS" env="stage" override="PRIME_setMQMDHeader.dataSource">EEMS_DB</com.prime.inboundproc.PRIME_Inbound_Debatcher>
<com.prime.inboundproc.PRIME_Inbound_Debatcher intServ="EEMSIIB_PRIME_APPS" env="stage" override="ClearExternalCacheAndCreateAuditMsg.dataSource">EEMS_DB</com.prime.inboundproc.PRIME_Inbound_Debatcher>
<com.prime.inboundproc.PRIME_Inbound_Debatcher intServ="EEMSIIB_PRIME_APPS" env="stage" override="Common_AuditInMessage_SF.queueName">EEMSIIB.PRIME_COMMON_AUDITMESSAGE_DATA</com.prime.inboundproc.PRIME_Inbound_Debatcher>
<com.prime.inboundproc.PRIME_Inbound_Debatcher intServ="EEMSIIB_PRIME_APPS" env="stage" override="UpdateFailureStatusGlobalCache.dataSource">EEMS_DB</com.prime.inboundproc.PRIME_Inbound_Debatcher>
<com.prime.inboundproc.PRIME_Inbound_Debatcher intServ="EEMSIIB_PRIME_APPS" env="stage" override="EEMSIIB.PRIME_ERRORMESSAGE_DATA.queueName">EEMSIIB.PRIME_ERRORMESSAGE_DATA</com.prime.inboundproc.PRIME_Inbound_Debatcher>

<!--ADOPT-->

<com.prime.inboundproc.PRIME_Inbound_Debatcher intServ="EEMSIIB_PRIME_APPS" env="adopt" override="additionalInstances">5</com.prime.inboundproc.PRIME_Inbound_Debatcher>
<com.prime.inboundproc.PRIME_Inbound_Debatcher intServ="EEMSIIB_PRIME_APPS" env="adopt" override="BATCH_SIZE">100</com.prime.inboundproc.PRIME_Inbound_Debatcher>
<com.prime.inboundproc.PRIME_Inbound_Debatcher intServ="EEMSIIB_PRIME_APPS" env="adopt" override="PAYLOAD_AUDIT_FL">FALSE</com.prime.inboundproc.PRIME_Inbound_Debatcher>
<com.prime.inboundproc.PRIME_Inbound_Debatcher intServ="EEMSIIB_PRIME_APPS" env="adopt" override="DSN">EEMS_DB</com.prime.inboundproc.PRIME_Inbound_Debatcher>
<com.prime.inboundproc.PRIME_Inbound_Debatcher intServ="EEMSIIB_PRIME_APPS" env="adopt" override="AUDIT_LEVEL">2</com.prime.inboundproc.PRIME_Inbound_Debatcher>
<com.prime.inboundproc.PRIME_Inbound_Debatcher intServ="EEMSIIB_PRIME_APPS" env="adopt" override="MAXIMUM_AUDIT">2</com.prime.inboundproc.PRIME_Inbound_Debatcher>
<com.prime.inboundproc.PRIME_Inbound_Debatcher intServ="EEMSIIB_PRIME_APPS" env="adopt" override="AUDIT_FL">true</com.prime.inboundproc.PRIME_Inbound_Debatcher>
<com.prime.inboundproc.PRIME_Inbound_Debatcher intServ="EEMSIIB_PRIME_APPS" env="adopt" override="BECode">800</com.prime.inboundproc.PRIME_Inbound_Debatcher>
<com.prime.inboundproc.PRIME_Inbound_Debatcher intServ="EEMSIIB_PRIME_APPS" env="adopt" override="ProjNumber">2</com.prime.inboundproc.PRIME_Inbound_Debatcher>
<com.prime.inboundproc.PRIME_Inbound_Debatcher intServ="EEMSIIB_PRIME_APPS" env="adopt" override="TRANSFORM_QUEUE">EEMSIIB.ADP.PRIME_INBOUND_SMALL_TRANSFORM_IN</com.prime.inboundproc.PRIME_Inbound_Debatcher>
<com.prime.inboundproc.PRIME_Inbound_Debatcher intServ="EEMSIIB_PRIME_APPS" env="adopt" override="INSTANCES_COUNT">1</com.prime.inboundproc.PRIME_Inbound_Debatcher>
<com.prime.inboundproc.PRIME_Inbound_Debatcher intServ="EEMSIIB_PRIME_APPS" env="adopt" override="THRESH_QUEUE_DEPTH">5000</com.prime.inboundproc.PRIME_Inbound_Debatcher>
<com.prime.inboundproc.PRIME_Inbound_Debatcher intServ="EEMSIIB_PRIME_APPS" env="adopt" override="SLEEP_TIME">60000</com.prime.inboundproc.PRIME_Inbound_Debatcher>
<com.prime.inboundproc.PRIME_Inbound_Debatcher intServ="EEMSIIB_PRIME_APPS" env="adopt" override="DBLOAD_QUEUE">EEMSIIB.ADP.PRIME_INBOUND_SMALL_DBLOAD_IN</com.prime.inboundproc.PRIME_Inbound_Debatcher>
<com.prime.inboundproc.PRIME_Inbound_Debatcher intServ="EEMSIIB_PRIME_APPS" env="adopt" override="DBLOAD_THRESH_QUEUE_DEPTH">5000</com.prime.inboundproc.PRIME_Inbound_Debatcher>
<com.prime.inboundproc.PRIME_Inbound_Debatcher intServ="EEMSIIB_PRIME_APPS" env="adopt" override="BrkConfigKey">BRK_CONFIG</com.prime.inboundproc.PRIME_Inbound_Debatcher>
<com.prime.inboundproc.PRIME_Inbound_Debatcher intServ="EEMSIIB_PRIME_APPS" env="adopt" override="brkrList">BKMBPD07_BKMBPD08</com.prime.inboundproc.PRIME_Inbound_Debatcher>
<com.prime.inboundproc.PRIME_Inbound_Debatcher intServ="EEMSIIB_PRIME_APPS" env="adopt" override="varGCMapName">PRIME_Common_Map</com.prime.inboundproc.PRIME_Inbound_Debatcher>
<com.prime.inboundproc.PRIME_Inbound_Debatcher intServ="EEMSIIB_PRIME_APPS" env="adopt" override="SchemaName">ELECELIG</com.prime.inboundproc.PRIME_Inbound_Debatcher>
<com.prime.inboundproc.PRIME_Inbound_Debatcher intServ="EEMSIIB_PRIME_APPS" env="adopt" override="SUB_SYS_NAME">IIB</com.prime.inboundproc.PRIME_Inbound_Debatcher>
<com.prime.inboundproc.PRIME_Inbound_Debatcher intServ="EEMSIIB_PRIME_APPS" env="adopt" override="PRIME_ReadINB_PCFFile.inputDirectory">/eems/iib/PRIME/inbound/small</com.prime.inboundproc.PRIME_Inbound_Debatcher>
<com.prime.inboundproc.PRIME_Inbound_Debatcher intServ="EEMSIIB_PRIME_APPS" env="adopt" override="PRIME_ReadINB_PCFFile.filenamePattern">*.pcf</com.prime.inboundproc.PRIME_Inbound_Debatcher>
<com.prime.inboundproc.PRIME_Inbound_Debatcher intServ="EEMSIIB_PRIME_APPS" env="adopt" override="PRIME_ReadINB_PCFFile.waitInterval">2</com.prime.inboundproc.PRIME_Inbound_Debatcher>
<com.prime.inboundproc.PRIME_Inbound_Debatcher intServ="EEMSIIB_PRIME_APPS" env="adopt" override="PRIME_ReadINB_PCFFile.additionalInstances">14</com.prime.inboundproc.PRIME_Inbound_Debatcher>
<com.prime.inboundproc.PRIME_Inbound_Debatcher intServ="EEMSIIB_PRIME_APPS" env="adopt" override="PRIME_INB_TRANS_IN.queueName">EEMSIIB.ADP.PRIME_INBOUND_SMALL_TRANSFORM_IN</com.prime.inboundproc.PRIME_Inbound_Debatcher>
<com.prime.inboundproc.PRIME_Inbound_Debatcher intServ="EEMSIIB_PRIME_APPS" env="adopt" override="PRIME_setMQMDHeader.dataSource">EEMS_DB</com.prime.inboundproc.PRIME_Inbound_Debatcher>
<com.prime.inboundproc.PRIME_Inbound_Debatcher intServ="EEMSIIB_PRIME_APPS" env="adopt" override="ClearExternalCacheAndCreateAuditMsg.dataSource">EEMS_DB</com.prime.inboundproc.PRIME_Inbound_Debatcher>
<com.prime.inboundproc.PRIME_Inbound_Debatcher intServ="EEMSIIB_PRIME_APPS" env="adopt" override="Common_AuditInMessage_SF.queueName">EEMSIIB.ADP.PRIME_COMMON_AUDITMESSAGE_DATA</com.prime.inboundproc.PRIME_Inbound_Debatcher>
<com.prime.inboundproc.PRIME_Inbound_Debatcher intServ="EEMSIIB_PRIME_APPS" env="adopt" override="UpdateFailureStatusGlobalCache.dataSource">EEMS_DB</com.prime.inboundproc.PRIME_Inbound_Debatcher>
<com.prime.inboundproc.PRIME_Inbound_Debatcher intServ="EEMSIIB_PRIME_APPS" env="adopt" override="EEMSIIB.PRIME_ERRORMESSAGE_DATA.queueName">EEMSIIB.ADP.PRIME_ERRORMESSAGE_DATA</com.prime.inboundproc.PRIME_Inbound_Debatcher>



<!--PROD-->

<com.prime.inboundproc.PRIME_Inbound_Debatcher intServ="EEMSIIB_PRIME_APPS" env="prod" override="additionalInstances">5</com.prime.inboundproc.PRIME_Inbound_Debatcher>
<com.prime.inboundproc.PRIME_Inbound_Debatcher intServ="EEMSIIB_PRIME_APPS" env="prod" override="BATCH_SIZE">100</com.prime.inboundproc.PRIME_Inbound_Debatcher>
<com.prime.inboundproc.PRIME_Inbound_Debatcher intServ="EEMSIIB_PRIME_APPS" env="prod" override="PAYLOAD_AUDIT_FL">FALSE</com.prime.inboundproc.PRIME_Inbound_Debatcher>
<com.prime.inboundproc.PRIME_Inbound_Debatcher intServ="EEMSIIB_PRIME_APPS" env="prod" override="DSN">EEMS_DB</com.prime.inboundproc.PRIME_Inbound_Debatcher>
<com.prime.inboundproc.PRIME_Inbound_Debatcher intServ="EEMSIIB_PRIME_APPS" env="prod" override="AUDIT_LEVEL">2</com.prime.inboundproc.PRIME_Inbound_Debatcher>
<com.prime.inboundproc.PRIME_Inbound_Debatcher intServ="EEMSIIB_PRIME_APPS" env="prod" override="MAXIMUM_AUDIT">2</com.prime.inboundproc.PRIME_Inbound_Debatcher>
<com.prime.inboundproc.PRIME_Inbound_Debatcher intServ="EEMSIIB_PRIME_APPS" env="prod" override="AUDIT_FL">true</com.prime.inboundproc.PRIME_Inbound_Debatcher>
<com.prime.inboundproc.PRIME_Inbound_Debatcher intServ="EEMSIIB_PRIME_APPS" env="prod" override="BECode">800</com.prime.inboundproc.PRIME_Inbound_Debatcher>
<com.prime.inboundproc.PRIME_Inbound_Debatcher intServ="EEMSIIB_PRIME_APPS" env="prod" override="ProjNumber">2</com.prime.inboundproc.PRIME_Inbound_Debatcher>
<com.prime.inboundproc.PRIME_Inbound_Debatcher intServ="EEMSIIB_PRIME_APPS" env="prod" override="TRANSFORM_QUEUE">EEMSIIB.PRIME_INBOUND_SMALL_TRANSFORM_IN</com.prime.inboundproc.PRIME_Inbound_Debatcher>
<com.prime.inboundproc.PRIME_Inbound_Debatcher intServ="EEMSIIB_PRIME_APPS" env="prod" override="INSTANCES_COUNT">1</com.prime.inboundproc.PRIME_Inbound_Debatcher>
<com.prime.inboundproc.PRIME_Inbound_Debatcher intServ="EEMSIIB_PRIME_APPS" env="prod" override="THRESH_QUEUE_DEPTH">5000</com.prime.inboundproc.PRIME_Inbound_Debatcher>
<com.prime.inboundproc.PRIME_Inbound_Debatcher intServ="EEMSIIB_PRIME_APPS" env="prod" override="SLEEP_TIME">60000</com.prime.inboundproc.PRIME_Inbound_Debatcher>
<com.prime.inboundproc.PRIME_Inbound_Debatcher intServ="EEMSIIB_PRIME_APPS" env="prod" override="DBLOAD_QUEUE">EEMSIIB.PRIME_INBOUND_SMALL_DBLOAD_IN</com.prime.inboundproc.PRIME_Inbound_Debatcher>
<com.prime.inboundproc.PRIME_Inbound_Debatcher intServ="EEMSIIB_PRIME_APPS" env="prod" override="DBLOAD_THRESH_QUEUE_DEPTH">5000</com.prime.inboundproc.PRIME_Inbound_Debatcher>
<com.prime.inboundproc.PRIME_Inbound_Debatcher intServ="EEMSIIB_PRIME_APPS" env="prod" override="BrkConfigKey">BRK_CONFIG</com.prime.inboundproc.PRIME_Inbound_Debatcher>
<com.prime.inboundproc.PRIME_Inbound_Debatcher intServ="EEMSIIB_PRIME_APPS" env="prod" override="brkrList">BKMBPD15_BKMBPD16_BKMBPD30_BKMBPD31</com.prime.inboundproc.PRIME_Inbound_Debatcher>
<com.prime.inboundproc.PRIME_Inbound_Debatcher intServ="EEMSIIB_PRIME_APPS" env="prod" override="varGCMapName">PRIME_Common_Map</com.prime.inboundproc.PRIME_Inbound_Debatcher>
<com.prime.inboundproc.PRIME_Inbound_Debatcher intServ="EEMSIIB_PRIME_APPS" env="prod" override="SchemaName">ELECELIG</com.prime.inboundproc.PRIME_Inbound_Debatcher>
<com.prime.inboundproc.PRIME_Inbound_Debatcher intServ="EEMSIIB_PRIME_APPS" env="prod" override="SUB_SYS_NAME">IIB</com.prime.inboundproc.PRIME_Inbound_Debatcher>
<com.prime.inboundproc.PRIME_Inbound_Debatcher intServ="EEMSIIB_PRIME_APPS" env="prod" override="PRIME_ReadINB_PCFFile.inputDirectory">/eems/iib/PRIME/inbound/small</com.prime.inboundproc.PRIME_Inbound_Debatcher>
<com.prime.inboundproc.PRIME_Inbound_Debatcher intServ="EEMSIIB_PRIME_APPS" env="prod" override="PRIME_ReadINB_PCFFile.filenamePattern">*.pcf</com.prime.inboundproc.PRIME_Inbound_Debatcher>
<com.prime.inboundproc.PRIME_Inbound_Debatcher intServ="EEMSIIB_PRIME_APPS" env="prod" override="PRIME_ReadINB_PCFFile.waitInterval">2</com.prime.inboundproc.PRIME_Inbound_Debatcher>
<com.prime.inboundproc.PRIME_Inbound_Debatcher intServ="EEMSIIB_PRIME_APPS" env="prod" override="PRIME_ReadINB_PCFFile.additionalInstances">14</com.prime.inboundproc.PRIME_Inbound_Debatcher>
<com.prime.inboundproc.PRIME_Inbound_Debatcher intServ="EEMSIIB_PRIME_APPS" env="prod" override="PRIME_INB_TRANS_IN.queueName">EEMSIIB.PRIME_INBOUND_SMALL_TRANSFORM_IN</com.prime.inboundproc.PRIME_Inbound_Debatcher>
<com.prime.inboundproc.PRIME_Inbound_Debatcher intServ="EEMSIIB_PRIME_APPS" env="prod" override="PRIME_setMQMDHeader.dataSource">EEMS_DB</com.prime.inboundproc.PRIME_Inbound_Debatcher>
<com.prime.inboundproc.PRIME_Inbound_Debatcher intServ="EEMSIIB_PRIME_APPS" env="prod" override="ClearExternalCacheAndCreateAuditMsg.dataSource">EEMS_DB</com.prime.inboundproc.PRIME_Inbound_Debatcher>
<com.prime.inboundproc.PRIME_Inbound_Debatcher intServ="EEMSIIB_PRIME_APPS" env="prod" override="Common_AuditInMessage_SF.queueName">EEMSIIB.PRIME_COMMON_AUDITMESSAGE_DATA</com.prime.inboundproc.PRIME_Inbound_Debatcher>
<com.prime.inboundproc.PRIME_Inbound_Debatcher intServ="EEMSIIB_PRIME_APPS" env="prod" override="UpdateFailureStatusGlobalCache.dataSource">EEMS_DB</com.prime.inboundproc.PRIME_Inbound_Debatcher>
<com.prime.inboundproc.PRIME_Inbound_Debatcher intServ="EEMSIIB_PRIME_APPS" env="prod" override="EEMSIIB.PRIME_ERRORMESSAGE_DATA.queueName">EEMSIIB.PRIME_ERRORMESSAGE_DATA</com.prime.inboundproc.PRIME_Inbound_Debatcher>

</Broker>
