<?xml version="1.0" encoding="UTF-8" ?>
<Broker>
<!--DEV-->

<gen.com.gpscsp.updatesource.updateMember_MemberServiceV1_0_GPSCSP_Update_WS_Request_CSP_MF intServ="EEMSIIB_GPSCSP_UPDATE_WS" env="dev" override="Request.webServiceURL">https://api-int-stg.uhc.com:8443/web/ca4f/enrollment/members/V2/dev6</gen.com.gpscsp.updatesource.updateMember_MemberServiceV1_0_GPSCSP_Update_WS_Request_CSP_MF>
<gen.com.gpscsp.updatesource.updateMember_MemberServiceV1_0_GPSCSP_Update_WS_Request_CSP_MF intServ="EEMSIIB_GPSCSP_UPDATE_WS" env="dev" override="Request.sslProtocol">SSL_TLSv2</gen.com.gpscsp.updatesource.updateMember_MemberServiceV1_0_GPSCSP_Update_WS_Request_CSP_MF>
<com.gpscsp.updatesource.GPSCSP_Update_WS_Transformation_MF intServ="EEMSIIB_GPSCSP_UPDATE_WS" env="dev" override="additionalInstances">3</com.gpscsp.updatesource.GPSCSP_Update_WS_Transformation_MF>
<com.gpscsp.updatesource.GPSCSP_Update_WS_Transformation_MF intServ="EEMSIIB_GPSCSP_UPDATE_WS" env="dev" override="BrkConfigKey_Trans">BRK_CONFIG</com.gpscsp.updatesource.GPSCSP_Update_WS_Transformation_MF>
<com.gpscsp.updatesource.GPSCSP_Update_WS_Transformation_MF intServ="EEMSIIB_GPSCSP_UPDATE_WS" env="dev" override="SchemaName_Trans">ELECELIG</com.gpscsp.updatesource.GPSCSP_Update_WS_Transformation_MF>
<com.gpscsp.updatesource.GPSCSP_Update_WS_Transformation_MF intServ="EEMSIIB_GPSCSP_UPDATE_WS" env="dev" override="varGCMapName_Trans">GPSCSP_Common_Map</com.gpscsp.updatesource.GPSCSP_Update_WS_Transformation_MF>
<com.gpscsp.updatesource.GPSCSP_Update_WS_Transformation_MF intServ="EEMSIIB_GPSCSP_UPDATE_WS" env="dev" override="AuditQName">EEMSIIB.GPSCSP_COMMON_AUDITMESSAGE_DATA</com.gpscsp.updatesource.GPSCSP_Update_WS_Transformation_MF>
<com.gpscsp.updatesource.GPSCSP_Update_WS_Transformation_MF intServ="EEMSIIB_GPSCSP_UPDATE_WS" env="dev" override="BECode">700</com.gpscsp.updatesource.GPSCSP_Update_WS_Transformation_MF>
<com.gpscsp.updatesource.GPSCSP_Update_WS_Transformation_MF intServ="EEMSIIB_GPSCSP_UPDATE_WS" env="dev" override="ProjNumber">2</com.gpscsp.updatesource.GPSCSP_Update_WS_Transformation_MF>
<com.gpscsp.updatesource.GPSCSP_Update_WS_Transformation_MF intServ="EEMSIIB_GPSCSP_UPDATE_WS" env="dev" override="Read_.done_In.inputDirectory">/eems/iib/CSP/update</com.gpscsp.updatesource.GPSCSP_Update_WS_Transformation_MF>
<com.gpscsp.updatesource.GPSCSP_Update_WS_Transformation_MF intServ="EEMSIIB_GPSCSP_UPDATE_WS" env="dev" override="Read_.done_In.filenamePattern">*.done</com.gpscsp.updatesource.GPSCSP_Update_WS_Transformation_MF>
<com.gpscsp.updatesource.GPSCSP_Update_WS_Transformation_MF intServ="EEMSIIB_GPSCSP_UPDATE_WS" env="dev" override="GPSCSP_Update_Transformation.dataSource">E3CSP_DB</com.gpscsp.updatesource.GPSCSP_Update_WS_Transformation_MF>
<com.gpscsp.updatesource.GPSCSP_Update_WS_Transformation_MF intServ="EEMSIIB_GPSCSP_UPDATE_WS" env="dev" override="EEMSIIB.GPSCSP_UPDATE_REQUEST_DATA.queueName">EEMSIIB.GPSCSP_UPDATE_REQUEST_DATA</com.gpscsp.updatesource.GPSCSP_Update_WS_Transformation_MF>
<com.gpscsp.updatesource.GPSCSP_Update_WS_Transformation_MF intServ="EEMSIIB_GPSCSP_UPDATE_WS" env="dev" override="EEMSIIB.GPSCSP_ERRORMESSAGE_DATA.queueName">EEMSIIB.GPSCSP_ERRORMESSAGE_DATA</com.gpscsp.updatesource.GPSCSP_Update_WS_Transformation_MF>
<com.gpscsp.updatesource.GPSCSP_Update_WS_Transformation_MF intServ="EEMSIIB_GPSCSP_UPDATE_WS" env="dev" override="GPSCSP_Update_Fail.dataSource">E3CSP_DB</com.gpscsp.updatesource.GPSCSP_Update_WS_Transformation_MF>
<com.gpscsp.updatesource.GPSCSP_Update_WS_Request_CSP_MF intServ="EEMSIIB_GPSCSP_UPDATE_WS" env="dev" override="additionalInstances">3</com.gpscsp.updatesource.GPSCSP_Update_WS_Request_CSP_MF>
<com.gpscsp.updatesource.GPSCSP_Update_WS_Request_CSP_MF intServ="EEMSIIB_GPSCSP_UPDATE_WS" env="dev" override="BrkConfigKey_ReqResp">BRK_CONFIG</com.gpscsp.updatesource.GPSCSP_Update_WS_Request_CSP_MF>
<com.gpscsp.updatesource.GPSCSP_Update_WS_Request_CSP_MF intServ="EEMSIIB_GPSCSP_UPDATE_WS" env="dev" override="SchemaName_ReqResp">ELECELIG</com.gpscsp.updatesource.GPSCSP_Update_WS_Request_CSP_MF>
<com.gpscsp.updatesource.GPSCSP_Update_WS_Request_CSP_MF intServ="EEMSIIB_GPSCSP_UPDATE_WS" env="dev" override="varGCMapName_ReqResp">GPSCSP_Common_Map</com.gpscsp.updatesource.GPSCSP_Update_WS_Request_CSP_MF>
<com.gpscsp.updatesource.GPSCSP_Update_WS_Request_CSP_MF intServ="EEMSIIB_GPSCSP_UPDATE_WS" env="dev" override="AuditQName">EEMSIIB.GPSCSP_COMMON_AUDITMESSAGE_DATA</com.gpscsp.updatesource.GPSCSP_Update_WS_Request_CSP_MF>
<com.gpscsp.updatesource.GPSCSP_Update_WS_Request_CSP_MF intServ="EEMSIIB_GPSCSP_UPDATE_WS" env="dev" override="BECode">700</com.gpscsp.updatesource.GPSCSP_Update_WS_Request_CSP_MF>
<com.gpscsp.updatesource.GPSCSP_Update_WS_Request_CSP_MF intServ="EEMSIIB_GPSCSP_UPDATE_WS" env="dev" override="ProjNumber">2</com.gpscsp.updatesource.GPSCSP_Update_WS_Request_CSP_MF>
<com.gpscsp.updatesource.GPSCSP_Update_WS_Request_CSP_MF intServ="EEMSIIB_GPSCSP_UPDATE_WS" env="dev" override="EEMSIIB.GPSCSP_UPDATE_REQUEST_DATA.queueName">EEMSIIB.GPSCSP_UPDATE_REQUEST_DATA</com.gpscsp.updatesource.GPSCSP_Update_WS_Request_CSP_MF>
<com.gpscsp.updatesource.GPSCSP_Update_WS_Request_CSP_MF intServ="EEMSIIB_GPSCSP_UPDATE_WS" env="dev" override="EEMSIIB.GPSCSP_UPDATE_RESPONSE_DATA.queueName">EEMSIIB.GPSCSP_UPDATE_RESPONSE_DATA</com.gpscsp.updatesource.GPSCSP_Update_WS_Request_CSP_MF>
<com.gpscsp.updatesource.GPSCSP_Update_WS_Request_CSP_MF intServ="EEMSIIB_GPSCSP_UPDATE_WS" env="dev" override="EEMSIIB.GPSCSP_ERRORMESSAGE_DATA.queueName">EEMSIIB.GPSCSP_ERRORMESSAGE_DATA</com.gpscsp.updatesource.GPSCSP_Update_WS_Request_CSP_MF>
<com.gpscsp.updatesource.GPSCSP_Update_WS_Request_CSP_MF intServ="EEMSIIB_GPSCSP_UPDATE_WS" env="dev" override="GPSCSP_CreateWSRequest.dataSource">E3CSP_DB</com.gpscsp.updatesource.GPSCSP_Update_WS_Request_CSP_MF>
<com.gpscsp.updatesource.GPSCSP_Update_WS_Request_CSP_MF intServ="EEMSIIB_GPSCSP_UPDATE_WS" env="dev" override="GPSCSP_ProcessResponse.dataSource">E3CSP_DB</com.gpscsp.updatesource.GPSCSP_Update_WS_Request_CSP_MF>
<com.gpscsp.updatesource.GPSCSP_Update_WS_Request_CSP_MF intServ="EEMSIIB_GPSCSP_UPDATE_WS" env="dev" override="GPSCSP_ProcessException.dataSource">E3CSP_DB</com.gpscsp.updatesource.GPSCSP_Update_WS_Request_CSP_MF>
<com.gpscsp.updatesource.GPSCSP_Update_WS_Request_CSP_MF intServ="EEMSIIB_GPSCSP_UPDATE_WS" env="dev" override="updateMember_MemberServiceV1_0.webServiceURL">https://api-int-stg.uhc.com:8443/web/ca4f/enrollment/members/V2/dev6</com.gpscsp.updatesource.GPSCSP_Update_WS_Request_CSP_MF>
<com.gpscsp.updatesource.GPSCSP_Update_WS_Request_CSP_MF intServ="EEMSIIB_GPSCSP_UPDATE_WS" env="dev" override="updateMember_MemberServiceV1_0.sslProtocol">SSL_TLSv2</com.gpscsp.updatesource.GPSCSP_Update_WS_Request_CSP_MF>
<com.gpscsp.updatesource.GPSCSP_Update_WS_Request_CSP_MF intServ="EEMSIIB_GPSCSP_UPDATE_WS" env="dev" override="updateMember_MemberServiceV1_0.validateMaster">none</com.gpscsp.updatesource.GPSCSP_Update_WS_Request_CSP_MF>

<!--SIT-->

<gen.com.gpscsp.updatesource.updateMember_MemberServiceV1_0_GPSCSP_Update_WS_Request_CSP_MF intServ="EEMSIIB_GPSCSP_UPDATE_WS" env="test" override="Request.webServiceURL">https://api-int-stg.uhc.com:8444/web/ca4f/enrollment/members/V2/test11</gen.com.gpscsp.updatesource.updateMember_MemberServiceV1_0_GPSCSP_Update_WS_Request_CSP_MF>
<gen.com.gpscsp.updatesource.updateMember_MemberServiceV1_0_GPSCSP_Update_WS_Request_CSP_MF intServ="EEMSIIB_GPSCSP_UPDATE_WS" env="test" override="Request.sslProtocol">SSL_TLSv2</gen.com.gpscsp.updatesource.updateMember_MemberServiceV1_0_GPSCSP_Update_WS_Request_CSP_MF>
<com.gpscsp.updatesource.GPSCSP_Update_WS_Transformation_MF intServ="EEMSIIB_GPSCSP_UPDATE_WS" env="test" override="additionalInstances">3</com.gpscsp.updatesource.GPSCSP_Update_WS_Transformation_MF>
<com.gpscsp.updatesource.GPSCSP_Update_WS_Transformation_MF intServ="EEMSIIB_GPSCSP_UPDATE_WS" env="test" override="BrkConfigKey_Trans">BRK_CONFIG</com.gpscsp.updatesource.GPSCSP_Update_WS_Transformation_MF>
<com.gpscsp.updatesource.GPSCSP_Update_WS_Transformation_MF intServ="EEMSIIB_GPSCSP_UPDATE_WS" env="test" override="SchemaName_Trans">ELECELIG</com.gpscsp.updatesource.GPSCSP_Update_WS_Transformation_MF>
<com.gpscsp.updatesource.GPSCSP_Update_WS_Transformation_MF intServ="EEMSIIB_GPSCSP_UPDATE_WS" env="test" override="varGCMapName_Trans">GPSCSP_Common_Map</com.gpscsp.updatesource.GPSCSP_Update_WS_Transformation_MF>
<com.gpscsp.updatesource.GPSCSP_Update_WS_Transformation_MF intServ="EEMSIIB_GPSCSP_UPDATE_WS" env="test" override="AuditQName">EEMSIIB.GPSCSP_COMMON_AUDITMESSAGE_DATA</com.gpscsp.updatesource.GPSCSP_Update_WS_Transformation_MF>
<com.gpscsp.updatesource.GPSCSP_Update_WS_Transformation_MF intServ="EEMSIIB_GPSCSP_UPDATE_WS" env="test" override="BECode">700</com.gpscsp.updatesource.GPSCSP_Update_WS_Transformation_MF>
<com.gpscsp.updatesource.GPSCSP_Update_WS_Transformation_MF intServ="EEMSIIB_GPSCSP_UPDATE_WS" env="test" override="ProjNumber">2</com.gpscsp.updatesource.GPSCSP_Update_WS_Transformation_MF>
<com.gpscsp.updatesource.GPSCSP_Update_WS_Transformation_MF intServ="EEMSIIB_GPSCSP_UPDATE_WS" env="test" override="Read_.done_In.inputDirectory">/eems/iib/CSP/update</com.gpscsp.updatesource.GPSCSP_Update_WS_Transformation_MF>
<com.gpscsp.updatesource.GPSCSP_Update_WS_Transformation_MF intServ="EEMSIIB_GPSCSP_UPDATE_WS" env="test" override="Read_.done_In.filenamePattern">*.done</com.gpscsp.updatesource.GPSCSP_Update_WS_Transformation_MF>
<com.gpscsp.updatesource.GPSCSP_Update_WS_Transformation_MF intServ="EEMSIIB_GPSCSP_UPDATE_WS" env="test" override="GPSCSP_Update_Transformation.dataSource">E3CSP_DB</com.gpscsp.updatesource.GPSCSP_Update_WS_Transformation_MF>
<com.gpscsp.updatesource.GPSCSP_Update_WS_Transformation_MF intServ="EEMSIIB_GPSCSP_UPDATE_WS" env="test" override="EEMSIIB.GPSCSP_UPDATE_REQUEST_DATA.queueName">EEMSIIB.GPSCSP_UPDATE_REQUEST_DATA</com.gpscsp.updatesource.GPSCSP_Update_WS_Transformation_MF>
<com.gpscsp.updatesource.GPSCSP_Update_WS_Transformation_MF intServ="EEMSIIB_GPSCSP_UPDATE_WS" env="test" override="EEMSIIB.GPSCSP_ERRORMESSAGE_DATA.queueName">EEMSIIB.GPSCSP_ERRORMESSAGE_DATA</com.gpscsp.updatesource.GPSCSP_Update_WS_Transformation_MF>
<com.gpscsp.updatesource.GPSCSP_Update_WS_Transformation_MF intServ="EEMSIIB_GPSCSP_UPDATE_WS" env="test" override="GPSCSP_Update_Fail.dataSource">E3CSP_DB</com.gpscsp.updatesource.GPSCSP_Update_WS_Transformation_MF>
<com.gpscsp.updatesource.GPSCSP_Update_WS_Request_CSP_MF intServ="EEMSIIB_GPSCSP_UPDATE_WS" env="test" override="additionalInstances">3</com.gpscsp.updatesource.GPSCSP_Update_WS_Request_CSP_MF>
<com.gpscsp.updatesource.GPSCSP_Update_WS_Request_CSP_MF intServ="EEMSIIB_GPSCSP_UPDATE_WS" env="test" override="BrkConfigKey_ReqResp">BRK_CONFIG</com.gpscsp.updatesource.GPSCSP_Update_WS_Request_CSP_MF>
<com.gpscsp.updatesource.GPSCSP_Update_WS_Request_CSP_MF intServ="EEMSIIB_GPSCSP_UPDATE_WS" env="test" override="SchemaName_ReqResp">ELECELIG</com.gpscsp.updatesource.GPSCSP_Update_WS_Request_CSP_MF>
<com.gpscsp.updatesource.GPSCSP_Update_WS_Request_CSP_MF intServ="EEMSIIB_GPSCSP_UPDATE_WS" env="test" override="varGCMapName_ReqResp">GPSCSP_Common_Map</com.gpscsp.updatesource.GPSCSP_Update_WS_Request_CSP_MF>
<com.gpscsp.updatesource.GPSCSP_Update_WS_Request_CSP_MF intServ="EEMSIIB_GPSCSP_UPDATE_WS" env="test" override="AuditQName">EEMSIIB.GPSCSP_COMMON_AUDITMESSAGE_DATA</com.gpscsp.updatesource.GPSCSP_Update_WS_Request_CSP_MF>
<com.gpscsp.updatesource.GPSCSP_Update_WS_Request_CSP_MF intServ="EEMSIIB_GPSCSP_UPDATE_WS" env="test" override="BECode">700</com.gpscsp.updatesource.GPSCSP_Update_WS_Request_CSP_MF>
<com.gpscsp.updatesource.GPSCSP_Update_WS_Request_CSP_MF intServ="EEMSIIB_GPSCSP_UPDATE_WS" env="test" override="ProjNumber">2</com.gpscsp.updatesource.GPSCSP_Update_WS_Request_CSP_MF>
<com.gpscsp.updatesource.GPSCSP_Update_WS_Request_CSP_MF intServ="EEMSIIB_GPSCSP_UPDATE_WS" env="test" override="EEMSIIB.GPSCSP_UPDATE_REQUEST_DATA.queueName">EEMSIIB.GPSCSP_UPDATE_REQUEST_DATA</com.gpscsp.updatesource.GPSCSP_Update_WS_Request_CSP_MF>
<com.gpscsp.updatesource.GPSCSP_Update_WS_Request_CSP_MF intServ="EEMSIIB_GPSCSP_UPDATE_WS" env="test" override="EEMSIIB.GPSCSP_UPDATE_RESPONSE_DATA.queueName">EEMSIIB.GPSCSP_UPDATE_RESPONSE_DATA</com.gpscsp.updatesource.GPSCSP_Update_WS_Request_CSP_MF>
<com.gpscsp.updatesource.GPSCSP_Update_WS_Request_CSP_MF intServ="EEMSIIB_GPSCSP_UPDATE_WS" env="test" override="EEMSIIB.GPSCSP_ERRORMESSAGE_DATA.queueName">EEMSIIB.GPSCSP_ERRORMESSAGE_DATA</com.gpscsp.updatesource.GPSCSP_Update_WS_Request_CSP_MF>
<com.gpscsp.updatesource.GPSCSP_Update_WS_Request_CSP_MF intServ="EEMSIIB_GPSCSP_UPDATE_WS" env="test" override="GPSCSP_CreateWSRequest.dataSource">E3CSP_DB</com.gpscsp.updatesource.GPSCSP_Update_WS_Request_CSP_MF>
<com.gpscsp.updatesource.GPSCSP_Update_WS_Request_CSP_MF intServ="EEMSIIB_GPSCSP_UPDATE_WS" env="test" override="GPSCSP_ProcessResponse.dataSource">E3CSP_DB</com.gpscsp.updatesource.GPSCSP_Update_WS_Request_CSP_MF>
<com.gpscsp.updatesource.GPSCSP_Update_WS_Request_CSP_MF intServ="EEMSIIB_GPSCSP_UPDATE_WS" env="test" override="GPSCSP_ProcessException.dataSource">E3CSP_DB</com.gpscsp.updatesource.GPSCSP_Update_WS_Request_CSP_MF>
<com.gpscsp.updatesource.GPSCSP_Update_WS_Request_CSP_MF intServ="EEMSIIB_GPSCSP_UPDATE_WS" env="test" override="updateMember_MemberServiceV1_0.webServiceURL">https://api-int-stg.uhc.com:8444/web/ca4f/enrollment/members/V2/test11</com.gpscsp.updatesource.GPSCSP_Update_WS_Request_CSP_MF>
<com.gpscsp.updatesource.GPSCSP_Update_WS_Request_CSP_MF intServ="EEMSIIB_GPSCSP_UPDATE_WS" env="test" override="updateMember_MemberServiceV1_0.sslProtocol">SSL_TLSv2</com.gpscsp.updatesource.GPSCSP_Update_WS_Request_CSP_MF>


<!--SIT Bravo-->
<gen.com.gpscsp.updatesource.updateMember_MemberServiceV1_0_GPSCSP_Update_WS_Request_CSP_MF intServ="EEMSIIB_GPSCSP_UPDATE_WS" env="test2" override="Request.webServiceURL">https://api-int-stg.uhc.com:8444/web/ca4f/enrollment/members/V2/test5</gen.com.gpscsp.updatesource.updateMember_MemberServiceV1_0_GPSCSP_Update_WS_Request_CSP_MF>
<gen.com.gpscsp.updatesource.updateMember_MemberServiceV1_0_GPSCSP_Update_WS_Request_CSP_MF intServ="EEMSIIB_GPSCSP_UPDATE_WS" env="test2" override="Request.sslProtocol">SSL_TLSv2</gen.com.gpscsp.updatesource.updateMember_MemberServiceV1_0_GPSCSP_Update_WS_Request_CSP_MF>
<com.gpscsp.updatesource.GPSCSP_Update_WS_Transformation_MF intServ="EEMSIIB_GPSCSP_UPDATE_WS" env="test2" override="additionalInstances">3</com.gpscsp.updatesource.GPSCSP_Update_WS_Transformation_MF>
<com.gpscsp.updatesource.GPSCSP_Update_WS_Transformation_MF intServ="EEMSIIB_GPSCSP_UPDATE_WS" env="test2" override="BrkConfigKey_Trans">BRK_CONFIG</com.gpscsp.updatesource.GPSCSP_Update_WS_Transformation_MF>
<com.gpscsp.updatesource.GPSCSP_Update_WS_Transformation_MF intServ="EEMSIIB_GPSCSP_UPDATE_WS" env="test2" override="SchemaName_Trans">ELECELIG</com.gpscsp.updatesource.GPSCSP_Update_WS_Transformation_MF>
<com.gpscsp.updatesource.GPSCSP_Update_WS_Transformation_MF intServ="EEMSIIB_GPSCSP_UPDATE_WS" env="test2" override="varGCMapName_Trans">GPSCSP_Common_Map</com.gpscsp.updatesource.GPSCSP_Update_WS_Transformation_MF>
<com.gpscsp.updatesource.GPSCSP_Update_WS_Transformation_MF intServ="EEMSIIB_GPSCSP_UPDATE_WS" env="test2" override="AuditQName">EEMSIIB.GPSCSP_COMMON_AUDITMESSAGE_DATA</com.gpscsp.updatesource.GPSCSP_Update_WS_Transformation_MF>
<com.gpscsp.updatesource.GPSCSP_Update_WS_Transformation_MF intServ="EEMSIIB_GPSCSP_UPDATE_WS" env="test2" override="BECode">700</com.gpscsp.updatesource.GPSCSP_Update_WS_Transformation_MF>
<com.gpscsp.updatesource.GPSCSP_Update_WS_Transformation_MF intServ="EEMSIIB_GPSCSP_UPDATE_WS" env="test2" override="ProjNumber">2</com.gpscsp.updatesource.GPSCSP_Update_WS_Transformation_MF>
<com.gpscsp.updatesource.GPSCSP_Update_WS_Transformation_MF intServ="EEMSIIB_GPSCSP_UPDATE_WS" env="test2" override="Read_.done_In.inputDirectory">/eems/iib/CSP/update</com.gpscsp.updatesource.GPSCSP_Update_WS_Transformation_MF>
<com.gpscsp.updatesource.GPSCSP_Update_WS_Transformation_MF intServ="EEMSIIB_GPSCSP_UPDATE_WS" env="test2" override="Read_.done_In.filenamePattern">*.done</com.gpscsp.updatesource.GPSCSP_Update_WS_Transformation_MF>
<com.gpscsp.updatesource.GPSCSP_Update_WS_Transformation_MF intServ="EEMSIIB_GPSCSP_UPDATE_WS" env="test2" override="GPSCSP_Update_Transformation.dataSource">E3CSP_DB</com.gpscsp.updatesource.GPSCSP_Update_WS_Transformation_MF>
<com.gpscsp.updatesource.GPSCSP_Update_WS_Transformation_MF intServ="EEMSIIB_GPSCSP_UPDATE_WS" env="test2" override="EEMSIIB.GPSCSP_UPDATE_REQUEST_DATA.queueName">EEMSIIB.GPSCSP_UPDATE_REQUEST_DATA</com.gpscsp.updatesource.GPSCSP_Update_WS_Transformation_MF>
<com.gpscsp.updatesource.GPSCSP_Update_WS_Transformation_MF intServ="EEMSIIB_GPSCSP_UPDATE_WS" env="test2" override="EEMSIIB.GPSCSP_ERRORMESSAGE_DATA.queueName">EEMSIIB.GPSCSP_ERRORMESSAGE_DATA</com.gpscsp.updatesource.GPSCSP_Update_WS_Transformation_MF>
<com.gpscsp.updatesource.GPSCSP_Update_WS_Transformation_MF intServ="EEMSIIB_GPSCSP_UPDATE_WS" env="test2" override="GPSCSP_Update_Fail.dataSource">E3CSP_DB</com.gpscsp.updatesource.GPSCSP_Update_WS_Transformation_MF>
<com.gpscsp.updatesource.GPSCSP_Update_WS_Request_CSP_MF intServ="EEMSIIB_GPSCSP_UPDATE_WS" env="test2" override="additionalInstances">3</com.gpscsp.updatesource.GPSCSP_Update_WS_Request_CSP_MF>
<com.gpscsp.updatesource.GPSCSP_Update_WS_Request_CSP_MF intServ="EEMSIIB_GPSCSP_UPDATE_WS" env="test2" override="BrkConfigKey_ReqResp">BRK_CONFIG</com.gpscsp.updatesource.GPSCSP_Update_WS_Request_CSP_MF>
<com.gpscsp.updatesource.GPSCSP_Update_WS_Request_CSP_MF intServ="EEMSIIB_GPSCSP_UPDATE_WS" env="test2" override="SchemaName_ReqResp">ELECELIG</com.gpscsp.updatesource.GPSCSP_Update_WS_Request_CSP_MF>
<com.gpscsp.updatesource.GPSCSP_Update_WS_Request_CSP_MF intServ="EEMSIIB_GPSCSP_UPDATE_WS" env="test2" override="varGCMapName_ReqResp">GPSCSP_Common_Map</com.gpscsp.updatesource.GPSCSP_Update_WS_Request_CSP_MF>
<com.gpscsp.updatesource.GPSCSP_Update_WS_Request_CSP_MF intServ="EEMSIIB_GPSCSP_UPDATE_WS" env="test2" override="AuditQName">EEMSIIB.GPSCSP_COMMON_AUDITMESSAGE_DATA</com.gpscsp.updatesource.GPSCSP_Update_WS_Request_CSP_MF>
<com.gpscsp.updatesource.GPSCSP_Update_WS_Request_CSP_MF intServ="EEMSIIB_GPSCSP_UPDATE_WS" env="test2" override="BECode">700</com.gpscsp.updatesource.GPSCSP_Update_WS_Request_CSP_MF>
<com.gpscsp.updatesource.GPSCSP_Update_WS_Request_CSP_MF intServ="EEMSIIB_GPSCSP_UPDATE_WS" env="test2" override="ProjNumber">2</com.gpscsp.updatesource.GPSCSP_Update_WS_Request_CSP_MF>
<com.gpscsp.updatesource.GPSCSP_Update_WS_Request_CSP_MF intServ="EEMSIIB_GPSCSP_UPDATE_WS" env="test2" override="EEMSIIB.GPSCSP_UPDATE_REQUEST_DATA.queueName">EEMSIIB.GPSCSP_UPDATE_REQUEST_DATA</com.gpscsp.updatesource.GPSCSP_Update_WS_Request_CSP_MF>
<com.gpscsp.updatesource.GPSCSP_Update_WS_Request_CSP_MF intServ="EEMSIIB_GPSCSP_UPDATE_WS" env="test2" override="EEMSIIB.GPSCSP_UPDATE_RESPONSE_DATA.queueName">EEMSIIB.GPSCSP_UPDATE_RESPONSE_DATA</com.gpscsp.updatesource.GPSCSP_Update_WS_Request_CSP_MF>
<com.gpscsp.updatesource.GPSCSP_Update_WS_Request_CSP_MF intServ="EEMSIIB_GPSCSP_UPDATE_WS" env="test2" override="EEMSIIB.GPSCSP_ERRORMESSAGE_DATA.queueName">EEMSIIB.GPSCSP_ERRORMESSAGE_DATA</com.gpscsp.updatesource.GPSCSP_Update_WS_Request_CSP_MF>
<com.gpscsp.updatesource.GPSCSP_Update_WS_Request_CSP_MF intServ="EEMSIIB_GPSCSP_UPDATE_WS" env="test2" override="GPSCSP_CreateWSRequest.dataSource">E3CSP_DB</com.gpscsp.updatesource.GPSCSP_Update_WS_Request_CSP_MF>
<com.gpscsp.updatesource.GPSCSP_Update_WS_Request_CSP_MF intServ="EEMSIIB_GPSCSP_UPDATE_WS" env="test2" override="GPSCSP_ProcessResponse.dataSource">E3CSP_DB</com.gpscsp.updatesource.GPSCSP_Update_WS_Request_CSP_MF>
<com.gpscsp.updatesource.GPSCSP_Update_WS_Request_CSP_MF intServ="EEMSIIB_GPSCSP_UPDATE_WS" env="test2" override="GPSCSP_ProcessException.dataSource">E3CSP_DB</com.gpscsp.updatesource.GPSCSP_Update_WS_Request_CSP_MF>
<com.gpscsp.updatesource.GPSCSP_Update_WS_Request_CSP_MF intServ="EEMSIIB_GPSCSP_UPDATE_WS" env="test2" override="updateMember_MemberServiceV1_0.webServiceURL">https://api-int-stg.uhc.com:8444/web/ca4f/enrollment/members/V2/test5</com.gpscsp.updatesource.GPSCSP_Update_WS_Request_CSP_MF>
<com.gpscsp.updatesource.GPSCSP_Update_WS_Request_CSP_MF intServ="EEMSIIB_GPSCSP_UPDATE_WS" env="test2" override="updateMember_MemberServiceV1_0.sslProtocol">SSL_TLSv2</com.gpscsp.updatesource.GPSCSP_Update_WS_Request_CSP_MF>
<com.gpscsp.updatesource.GPSCSP_Update_WS_Request_CSP_MF intServ="EEMSIIB_GPSCSP_UPDATE_WS" env="test2" override="updateMember_MemberServiceV1_0.validateMaster">none</com.gpscsp.updatesource.GPSCSP_Update_WS_Request_CSP_MF>



<!--SIT Charlie-->

<gen.com.gpscsp.updatesource.updateMember_MemberServiceV1_0_GPSCSP_Update_WS_Request_CSP_MF intServ="EEMSIIB_GPSCSP_UPDATE_WS" env="test-charlie" override="Request.webServiceURL">https://api-int-stg.uhc.com:8444/web/ca4f/enrollment/members/V2/test1</gen.com.gpscsp.updatesource.updateMember_MemberServiceV1_0_GPSCSP_Update_WS_Request_CSP_MF>
<gen.com.gpscsp.updatesource.updateMember_MemberServiceV1_0_GPSCSP_Update_WS_Request_CSP_MF intServ="EEMSIIB_GPSCSP_UPDATE_WS" env="test-charlie" override="Request.sslProtocol">TLS</gen.com.gpscsp.updatesource.updateMember_MemberServiceV1_0_GPSCSP_Update_WS_Request_CSP_MF>
<com.gpscsp.updatesource.GPSCSP_Update_WS_Transformation_MF intServ="EEMSIIB_GPSCSP_UPDATE_WS" env="test-charlie" override="additionalInstances">5</com.gpscsp.updatesource.GPSCSP_Update_WS_Transformation_MF>
<com.gpscsp.updatesource.GPSCSP_Update_WS_Transformation_MF intServ="EEMSIIB_GPSCSP_UPDATE_WS" env="test-charlie" override="BrkConfigKey_Trans">BRK_CONFIG</com.gpscsp.updatesource.GPSCSP_Update_WS_Transformation_MF>
<com.gpscsp.updatesource.GPSCSP_Update_WS_Transformation_MF intServ="EEMSIIB_GPSCSP_UPDATE_WS" env="test-charlie" override="SchemaName_Trans">ELECELIG</com.gpscsp.updatesource.GPSCSP_Update_WS_Transformation_MF>
<com.gpscsp.updatesource.GPSCSP_Update_WS_Transformation_MF intServ="EEMSIIB_GPSCSP_UPDATE_WS" env="test-charlie" override="varGCMapName_Trans">GPSCSP_Common_Map</com.gpscsp.updatesource.GPSCSP_Update_WS_Transformation_MF>
<com.gpscsp.updatesource.GPSCSP_Update_WS_Transformation_MF intServ="EEMSIIB_GPSCSP_UPDATE_WS" env="test-charlie" override="AuditQName">EEMSIIB.GPSCSP_COMMON_AUDITMESSAGE_DATA</com.gpscsp.updatesource.GPSCSP_Update_WS_Transformation_MF>
<com.gpscsp.updatesource.GPSCSP_Update_WS_Transformation_MF intServ="EEMSIIB_GPSCSP_UPDATE_WS" env="test-charlie" override="BECode">700</com.gpscsp.updatesource.GPSCSP_Update_WS_Transformation_MF>
<com.gpscsp.updatesource.GPSCSP_Update_WS_Transformation_MF intServ="EEMSIIB_GPSCSP_UPDATE_WS" env="test-charlie" override="ProjNumber">2</com.gpscsp.updatesource.GPSCSP_Update_WS_Transformation_MF>
<com.gpscsp.updatesource.GPSCSP_Update_WS_Transformation_MF intServ="EEMSIIB_GPSCSP_UPDATE_WS" env="test-charlie" override="Read_.done_In.inputDirectory">/eems/iib/CSP/update</com.gpscsp.updatesource.GPSCSP_Update_WS_Transformation_MF>
<com.gpscsp.updatesource.GPSCSP_Update_WS_Transformation_MF intServ="EEMSIIB_GPSCSP_UPDATE_WS" env="test-charlie" override="Read_.done_In.filenamePattern">*.done</com.gpscsp.updatesource.GPSCSP_Update_WS_Transformation_MF>
<com.gpscsp.updatesource.GPSCSP_Update_WS_Transformation_MF intServ="EEMSIIB_GPSCSP_UPDATE_WS" env="test-charlie" override="GPSCSP_Update_Transformation.dataSource">E3CSP_DB</com.gpscsp.updatesource.GPSCSP_Update_WS_Transformation_MF>
<com.gpscsp.updatesource.GPSCSP_Update_WS_Transformation_MF intServ="EEMSIIB_GPSCSP_UPDATE_WS" env="test-charlie" override="EEMSIIB.GPSCSP_UPDATE_REQUEST_DATA.queueName">EEMSIIB.GPSCSP_UPDATE_REQUEST_DATA</com.gpscsp.updatesource.GPSCSP_Update_WS_Transformation_MF>
<com.gpscsp.updatesource.GPSCSP_Update_WS_Transformation_MF intServ="EEMSIIB_GPSCSP_UPDATE_WS" env="test-charlie" override="EEMSIIB.GPSCSP_ERRORMESSAGE_DATA.queueName">EEMSIIB.GPSCSP_ERRORMESSAGE_DATA</com.gpscsp.updatesource.GPSCSP_Update_WS_Transformation_MF>
<com.gpscsp.updatesource.GPSCSP_Update_WS_Transformation_MF intServ="EEMSIIB_GPSCSP_UPDATE_WS" env="test-charlie" override="GPSCSP_Update_Fail.dataSource">E3CSP_DB</com.gpscsp.updatesource.GPSCSP_Update_WS_Transformation_MF>
<com.gpscsp.updatesource.GPSCSP_Update_WS_Request_CSP_MF intServ="EEMSIIB_GPSCSP_UPDATE_WS" env="test-charlie" override="additionalInstances">5</com.gpscsp.updatesource.GPSCSP_Update_WS_Request_CSP_MF>
<com.gpscsp.updatesource.GPSCSP_Update_WS_Request_CSP_MF intServ="EEMSIIB_GPSCSP_UPDATE_WS" env="test-charlie" override="BrkConfigKey_ReqResp">BRK_CONFIG</com.gpscsp.updatesource.GPSCSP_Update_WS_Request_CSP_MF>
<com.gpscsp.updatesource.GPSCSP_Update_WS_Request_CSP_MF intServ="EEMSIIB_GPSCSP_UPDATE_WS" env="test-charlie" override="SchemaName_ReqResp">ELECELIG</com.gpscsp.updatesource.GPSCSP_Update_WS_Request_CSP_MF>
<com.gpscsp.updatesource.GPSCSP_Update_WS_Request_CSP_MF intServ="EEMSIIB_GPSCSP_UPDATE_WS" env="test-charlie" override="varGCMapName_ReqResp">GPSCSP_Common_Map</com.gpscsp.updatesource.GPSCSP_Update_WS_Request_CSP_MF>
<com.gpscsp.updatesource.GPSCSP_Update_WS_Request_CSP_MF intServ="EEMSIIB_GPSCSP_UPDATE_WS" env="test-charlie" override="AuditQName">EEMSIIB.GPSCSP_COMMON_AUDITMESSAGE_DATA</com.gpscsp.updatesource.GPSCSP_Update_WS_Request_CSP_MF>
<com.gpscsp.updatesource.GPSCSP_Update_WS_Request_CSP_MF intServ="EEMSIIB_GPSCSP_UPDATE_WS" env="test-charlie" override="BECode">700</com.gpscsp.updatesource.GPSCSP_Update_WS_Request_CSP_MF>
<com.gpscsp.updatesource.GPSCSP_Update_WS_Request_CSP_MF intServ="EEMSIIB_GPSCSP_UPDATE_WS" env="test-charlie" override="ProjNumber">2</com.gpscsp.updatesource.GPSCSP_Update_WS_Request_CSP_MF>
<com.gpscsp.updatesource.GPSCSP_Update_WS_Request_CSP_MF intServ="EEMSIIB_GPSCSP_UPDATE_WS" env="test-charlie" override="EEMSIIB.GPSCSP_UPDATE_REQUEST_DATA.queueName">EEMSIIB.GPSCSP_UPDATE_REQUEST_DATA</com.gpscsp.updatesource.GPSCSP_Update_WS_Request_CSP_MF>
<com.gpscsp.updatesource.GPSCSP_Update_WS_Request_CSP_MF intServ="EEMSIIB_GPSCSP_UPDATE_WS" env="test-charlie" override="EEMSIIB.GPSCSP_UPDATE_RESPONSE_DATA.queueName">EEMSIIB.GPSCSP_UPDATE_RESPONSE_DATA</com.gpscsp.updatesource.GPSCSP_Update_WS_Request_CSP_MF>
<com.gpscsp.updatesource.GPSCSP_Update_WS_Request_CSP_MF intServ="EEMSIIB_GPSCSP_UPDATE_WS" env="test-charlie" override="EEMSIIB.GPSCSP_ERRORMESSAGE_DATA.queueName">EEMSIIB.GPSCSP_ERRORMESSAGE_DATA</com.gpscsp.updatesource.GPSCSP_Update_WS_Request_CSP_MF>
<com.gpscsp.updatesource.GPSCSP_Update_WS_Request_CSP_MF intServ="EEMSIIB_GPSCSP_UPDATE_WS" env="test-charlie" override="GPSCSP_CreateWSRequest.dataSource">E3CSP_DB</com.gpscsp.updatesource.GPSCSP_Update_WS_Request_CSP_MF>
<com.gpscsp.updatesource.GPSCSP_Update_WS_Request_CSP_MF intServ="EEMSIIB_GPSCSP_UPDATE_WS" env="test-charlie" override="GPSCSP_ProcessResponse.dataSource">E3CSP_DB</com.gpscsp.updatesource.GPSCSP_Update_WS_Request_CSP_MF>
<com.gpscsp.updatesource.GPSCSP_Update_WS_Request_CSP_MF intServ="EEMSIIB_GPSCSP_UPDATE_WS" env="test-charlie" override="GPSCSP_ProcessException.dataSource">E3CSP_DB</com.gpscsp.updatesource.GPSCSP_Update_WS_Request_CSP_MF>
<com.gpscsp.updatesource.GPSCSP_Update_WS_Request_CSP_MF intServ="EEMSIIB_GPSCSP_UPDATE_WS" env="test-charlie" override="updateMember_MemberServiceV1_0.webServiceURL">https://api-int-stg.uhc.com:8444/web/ca4f/enrollment/members/V2/test1</com.gpscsp.updatesource.GPSCSP_Update_WS_Request_CSP_MF>
<com.gpscsp.updatesource.GPSCSP_Update_WS_Request_CSP_MF intServ="EEMSIIB_GPSCSP_UPDATE_WS" env="test-charlie" override="updateMember_MemberServiceV1_0.sslProtocol">TLS</com.gpscsp.updatesource.GPSCSP_Update_WS_Request_CSP_MF>
<com.gpscsp.updatesource.GPSCSP_Update_WS_Request_CSP_MF intServ="EEMSIIB_GPSCSP_UPDATE_WS" env="test-charlie" override="updateMember_MemberServiceV1_0.validateMaster">none</com.gpscsp.updatesource.GPSCSP_Update_WS_Request_CSP_MF>

<!--UAT-->


<gen.com.gpscsp.updatesource.updateMember_MemberServiceV1_0_GPSCSP_Update_WS_Request_CSP_MF intServ="EEMSIIB_GPSCSP_UPDATE_WS" env="uat" override="Request.webServiceURL">https://api-int-stg.uhc.com:8443/web/ca4f/enrollment/members/V2/test6</gen.com.gpscsp.updatesource.updateMember_MemberServiceV1_0_GPSCSP_Update_WS_Request_CSP_MF>
<gen.com.gpscsp.updatesource.updateMember_MemberServiceV1_0_GPSCSP_Update_WS_Request_CSP_MF intServ="EEMSIIB_GPSCSP_UPDATE_WS" env="uat" override="Request.sslProtocol">SSL_TLSv2</gen.com.gpscsp.updatesource.updateMember_MemberServiceV1_0_GPSCSP_Update_WS_Request_CSP_MF>
<com.gpscsp.updatesource.GPSCSP_Update_WS_Transformation_MF intServ="EEMSIIB_GPSCSP_UPDATE_WS" env="uat" override="additionalInstances">3</com.gpscsp.updatesource.GPSCSP_Update_WS_Transformation_MF>
<com.gpscsp.updatesource.GPSCSP_Update_WS_Transformation_MF intServ="EEMSIIB_GPSCSP_UPDATE_WS" env="uat" override="BrkConfigKey_Trans">BRK_CONFIG</com.gpscsp.updatesource.GPSCSP_Update_WS_Transformation_MF>
<com.gpscsp.updatesource.GPSCSP_Update_WS_Transformation_MF intServ="EEMSIIB_GPSCSP_UPDATE_WS" env="uat" override="SchemaName_Trans">ELECELIG</com.gpscsp.updatesource.GPSCSP_Update_WS_Transformation_MF>
<com.gpscsp.updatesource.GPSCSP_Update_WS_Transformation_MF intServ="EEMSIIB_GPSCSP_UPDATE_WS" env="uat" override="varGCMapName_Trans">GPSCSP_Common_Map</com.gpscsp.updatesource.GPSCSP_Update_WS_Transformation_MF>
<com.gpscsp.updatesource.GPSCSP_Update_WS_Transformation_MF intServ="EEMSIIB_GPSCSP_UPDATE_WS" env="uat" override="AuditQName">EEMSIIB.GPSCSP_COMMON_AUDITMESSAGE_DATA</com.gpscsp.updatesource.GPSCSP_Update_WS_Transformation_MF>
<com.gpscsp.updatesource.GPSCSP_Update_WS_Transformation_MF intServ="EEMSIIB_GPSCSP_UPDATE_WS" env="uat" override="BECode">700</com.gpscsp.updatesource.GPSCSP_Update_WS_Transformation_MF>
<com.gpscsp.updatesource.GPSCSP_Update_WS_Transformation_MF intServ="EEMSIIB_GPSCSP_UPDATE_WS" env="uat" override="ProjNumber">2</com.gpscsp.updatesource.GPSCSP_Update_WS_Transformation_MF>
<com.gpscsp.updatesource.GPSCSP_Update_WS_Transformation_MF intServ="EEMSIIB_GPSCSP_UPDATE_WS" env="uat" override="Read_.done_In.inputDirectory">/eems/iib/CSP/update</com.gpscsp.updatesource.GPSCSP_Update_WS_Transformation_MF>
<com.gpscsp.updatesource.GPSCSP_Update_WS_Transformation_MF intServ="EEMSIIB_GPSCSP_UPDATE_WS" env="uat" override="Read_.done_In.filenamePattern">*.done</com.gpscsp.updatesource.GPSCSP_Update_WS_Transformation_MF>
<com.gpscsp.updatesource.GPSCSP_Update_WS_Transformation_MF intServ="EEMSIIB_GPSCSP_UPDATE_WS" env="uat" override="GPSCSP_Update_Transformation.dataSource">E3CSP_DB</com.gpscsp.updatesource.GPSCSP_Update_WS_Transformation_MF>
<com.gpscsp.updatesource.GPSCSP_Update_WS_Transformation_MF intServ="EEMSIIB_GPSCSP_UPDATE_WS" env="uat" override="EEMSIIB.GPSCSP_UPDATE_REQUEST_DATA.queueName">EEMSIIB.GPSCSP_UPDATE_REQUEST_DATA</com.gpscsp.updatesource.GPSCSP_Update_WS_Transformation_MF>
<com.gpscsp.updatesource.GPSCSP_Update_WS_Transformation_MF intServ="EEMSIIB_GPSCSP_UPDATE_WS" env="uat" override="EEMSIIB.GPSCSP_ERRORMESSAGE_DATA.queueName">EEMSIIB.GPSCSP_ERRORMESSAGE_DATA</com.gpscsp.updatesource.GPSCSP_Update_WS_Transformation_MF>
<com.gpscsp.updatesource.GPSCSP_Update_WS_Transformation_MF intServ="EEMSIIB_GPSCSP_UPDATE_WS" env="uat" override="GPSCSP_Update_Fail.dataSource">E3CSP_DB</com.gpscsp.updatesource.GPSCSP_Update_WS_Transformation_MF>
<com.gpscsp.updatesource.GPSCSP_Update_WS_Request_CSP_MF intServ="EEMSIIB_GPSCSP_UPDATE_WS" env="uat" override="additionalInstances">3</com.gpscsp.updatesource.GPSCSP_Update_WS_Request_CSP_MF>
<com.gpscsp.updatesource.GPSCSP_Update_WS_Request_CSP_MF intServ="EEMSIIB_GPSCSP_UPDATE_WS" env="uat" override="BrkConfigKey_ReqResp">BRK_CONFIG</com.gpscsp.updatesource.GPSCSP_Update_WS_Request_CSP_MF>
<com.gpscsp.updatesource.GPSCSP_Update_WS_Request_CSP_MF intServ="EEMSIIB_GPSCSP_UPDATE_WS" env="uat" override="SchemaName_ReqResp">ELECELIG</com.gpscsp.updatesource.GPSCSP_Update_WS_Request_CSP_MF>
<com.gpscsp.updatesource.GPSCSP_Update_WS_Request_CSP_MF intServ="EEMSIIB_GPSCSP_UPDATE_WS" env="uat" override="varGCMapName_ReqResp">GPSCSP_Common_Map</com.gpscsp.updatesource.GPSCSP_Update_WS_Request_CSP_MF>
<com.gpscsp.updatesource.GPSCSP_Update_WS_Request_CSP_MF intServ="EEMSIIB_GPSCSP_UPDATE_WS" env="uat" override="AuditQName">EEMSIIB.GPSCSP_COMMON_AUDITMESSAGE_DATA</com.gpscsp.updatesource.GPSCSP_Update_WS_Request_CSP_MF>
<com.gpscsp.updatesource.GPSCSP_Update_WS_Request_CSP_MF intServ="EEMSIIB_GPSCSP_UPDATE_WS" env="uat" override="BECode">700</com.gpscsp.updatesource.GPSCSP_Update_WS_Request_CSP_MF>
<com.gpscsp.updatesource.GPSCSP_Update_WS_Request_CSP_MF intServ="EEMSIIB_GPSCSP_UPDATE_WS" env="uat" override="ProjNumber">2</com.gpscsp.updatesource.GPSCSP_Update_WS_Request_CSP_MF>
<com.gpscsp.updatesource.GPSCSP_Update_WS_Request_CSP_MF intServ="EEMSIIB_GPSCSP_UPDATE_WS" env="uat" override="EEMSIIB.GPSCSP_UPDATE_REQUEST_DATA.queueName">EEMSIIB.GPSCSP_UPDATE_REQUEST_DATA</com.gpscsp.updatesource.GPSCSP_Update_WS_Request_CSP_MF>
<com.gpscsp.updatesource.GPSCSP_Update_WS_Request_CSP_MF intServ="EEMSIIB_GPSCSP_UPDATE_WS" env="uat" override="EEMSIIB.GPSCSP_UPDATE_RESPONSE_DATA.queueName">EEMSIIB.GPSCSP_UPDATE_RESPONSE_DATA</com.gpscsp.updatesource.GPSCSP_Update_WS_Request_CSP_MF>
<com.gpscsp.updatesource.GPSCSP_Update_WS_Request_CSP_MF intServ="EEMSIIB_GPSCSP_UPDATE_WS" env="uat" override="EEMSIIB.GPSCSP_ERRORMESSAGE_DATA.queueName">EEMSIIB.GPSCSP_ERRORMESSAGE_DATA</com.gpscsp.updatesource.GPSCSP_Update_WS_Request_CSP_MF>
<com.gpscsp.updatesource.GPSCSP_Update_WS_Request_CSP_MF intServ="EEMSIIB_GPSCSP_UPDATE_WS" env="uat" override="GPSCSP_CreateWSRequest.dataSource">E3CSP_DB</com.gpscsp.updatesource.GPSCSP_Update_WS_Request_CSP_MF>
<com.gpscsp.updatesource.GPSCSP_Update_WS_Request_CSP_MF intServ="EEMSIIB_GPSCSP_UPDATE_WS" env="uat" override="GPSCSP_ProcessResponse.dataSource">E3CSP_DB</com.gpscsp.updatesource.GPSCSP_Update_WS_Request_CSP_MF>
<com.gpscsp.updatesource.GPSCSP_Update_WS_Request_CSP_MF intServ="EEMSIIB_GPSCSP_UPDATE_WS" env="uat" override="GPSCSP_ProcessException.dataSource">E3CSP_DB</com.gpscsp.updatesource.GPSCSP_Update_WS_Request_CSP_MF>
<com.gpscsp.updatesource.GPSCSP_Update_WS_Request_CSP_MF intServ="EEMSIIB_GPSCSP_UPDATE_WS" env="uat" override="updateMember_MemberServiceV1_0.webServiceURL">https://api-int-stg.uhc.com:8443/web/ca4f/enrollment/members/V2/test6</com.gpscsp.updatesource.GPSCSP_Update_WS_Request_CSP_MF>
<com.gpscsp.updatesource.GPSCSP_Update_WS_Request_CSP_MF intServ="EEMSIIB_GPSCSP_UPDATE_WS" env="uat" override="updateMember_MemberServiceV1_0.sslProtocol">SSL_TLSv2</com.gpscsp.updatesource.GPSCSP_Update_WS_Request_CSP_MF>
<com.gpscsp.updatesource.GPSCSP_Update_WS_Request_CSP_MF intServ="EEMSIIB_GPSCSP_UPDATE_WS" env="uat" override="updateMember_MemberServiceV1_0.validateMaster">none</com.gpscsp.updatesource.GPSCSP_Update_WS_Request_CSP_MF>



<!--UAT Bravo-->


<gen.com.gpscsp.updatesource.updateMember_MemberServiceV1_0_GPSCSP_Update_WS_Request_CSP_MF intServ="EEMSIIB_GPSCSP_UPDATE_WS" env="uat-bravo" override="Request.webServiceURL">https://api-int-stg.uhc.com:8443/web/ca4f/enrollment/members/V2/test6</gen.com.gpscsp.updatesource.updateMember_MemberServiceV1_0_GPSCSP_Update_WS_Request_CSP_MF>
<gen.com.gpscsp.updatesource.updateMember_MemberServiceV1_0_GPSCSP_Update_WS_Request_CSP_MF intServ="EEMSIIB_GPSCSP_UPDATE_WS" env="uat-bravo" override="Request.sslProtocol">TLS</gen.com.gpscsp.updatesource.updateMember_MemberServiceV1_0_GPSCSP_Update_WS_Request_CSP_MF>
<com.gpscsp.updatesource.GPSCSP_Update_WS_Transformation_MF intServ="EEMSIIB_GPSCSP_UPDATE_WS" env="uat-bravo" override="additionalInstances">3</com.gpscsp.updatesource.GPSCSP_Update_WS_Transformation_MF>
<com.gpscsp.updatesource.GPSCSP_Update_WS_Transformation_MF intServ="EEMSIIB_GPSCSP_UPDATE_WS" env="uat-bravo" override="BrkConfigKey_Trans">BRK_CONFIG</com.gpscsp.updatesource.GPSCSP_Update_WS_Transformation_MF>
<com.gpscsp.updatesource.GPSCSP_Update_WS_Transformation_MF intServ="EEMSIIB_GPSCSP_UPDATE_WS" env="uat-bravo" override="SchemaName_Trans">ELECELIG</com.gpscsp.updatesource.GPSCSP_Update_WS_Transformation_MF>
<com.gpscsp.updatesource.GPSCSP_Update_WS_Transformation_MF intServ="EEMSIIB_GPSCSP_UPDATE_WS" env="uat-bravo" override="varGCMapName_Trans">GPSCSP_Common_Map</com.gpscsp.updatesource.GPSCSP_Update_WS_Transformation_MF>
<com.gpscsp.updatesource.GPSCSP_Update_WS_Transformation_MF intServ="EEMSIIB_GPSCSP_UPDATE_WS" env="uat-bravo" override="AuditQName">EEMSIIB.GPSCSP_COMMON_AUDITMESSAGE_DATA</com.gpscsp.updatesource.GPSCSP_Update_WS_Transformation_MF>
<com.gpscsp.updatesource.GPSCSP_Update_WS_Transformation_MF intServ="EEMSIIB_GPSCSP_UPDATE_WS" env="uat-bravo" override="BECode">700</com.gpscsp.updatesource.GPSCSP_Update_WS_Transformation_MF>
<com.gpscsp.updatesource.GPSCSP_Update_WS_Transformation_MF intServ="EEMSIIB_GPSCSP_UPDATE_WS" env="uat-bravo" override="ProjNumber">2</com.gpscsp.updatesource.GPSCSP_Update_WS_Transformation_MF>
<com.gpscsp.updatesource.GPSCSP_Update_WS_Transformation_MF intServ="EEMSIIB_GPSCSP_UPDATE_WS" env="uat-bravo" override="Read_.done_In.inputDirectory">/eems/iib/CSP/update</com.gpscsp.updatesource.GPSCSP_Update_WS_Transformation_MF>
<com.gpscsp.updatesource.GPSCSP_Update_WS_Transformation_MF intServ="EEMSIIB_GPSCSP_UPDATE_WS" env="uat-bravo" override="Read_.done_In.filenamePattern">*.done</com.gpscsp.updatesource.GPSCSP_Update_WS_Transformation_MF>
<com.gpscsp.updatesource.GPSCSP_Update_WS_Transformation_MF intServ="EEMSIIB_GPSCSP_UPDATE_WS" env="uat-bravo" override="GPSCSP_Update_Transformation.dataSource">E3CSP_DB</com.gpscsp.updatesource.GPSCSP_Update_WS_Transformation_MF>
<com.gpscsp.updatesource.GPSCSP_Update_WS_Transformation_MF intServ="EEMSIIB_GPSCSP_UPDATE_WS" env="uat-bravo" override="EEMSIIB.GPSCSP_UPDATE_REQUEST_DATA.queueName">EEMSIIB.GPSCSP_UPDATE_REQUEST_DATA</com.gpscsp.updatesource.GPSCSP_Update_WS_Transformation_MF>
<com.gpscsp.updatesource.GPSCSP_Update_WS_Transformation_MF intServ="EEMSIIB_GPSCSP_UPDATE_WS" env="uat-bravo" override="EEMSIIB.GPSCSP_ERRORMESSAGE_DATA.queueName">EEMSIIB.GPSCSP_ERRORMESSAGE_DATA</com.gpscsp.updatesource.GPSCSP_Update_WS_Transformation_MF>
<com.gpscsp.updatesource.GPSCSP_Update_WS_Transformation_MF intServ="EEMSIIB_GPSCSP_UPDATE_WS" env="uat-bravo" override="GPSCSP_Update_Fail.dataSource">E3CSP_DB</com.gpscsp.updatesource.GPSCSP_Update_WS_Transformation_MF>
<com.gpscsp.updatesource.GPSCSP_Update_WS_Request_CSP_MF intServ="EEMSIIB_GPSCSP_UPDATE_WS" env="uat-bravo" override="additionalInstances">3</com.gpscsp.updatesource.GPSCSP_Update_WS_Request_CSP_MF>
<com.gpscsp.updatesource.GPSCSP_Update_WS_Request_CSP_MF intServ="EEMSIIB_GPSCSP_UPDATE_WS" env="uat-bravo" override="BrkConfigKey_ReqResp">BRK_CONFIG</com.gpscsp.updatesource.GPSCSP_Update_WS_Request_CSP_MF>
<com.gpscsp.updatesource.GPSCSP_Update_WS_Request_CSP_MF intServ="EEMSIIB_GPSCSP_UPDATE_WS" env="uat-bravo" override="SchemaName_ReqResp">ELECELIG</com.gpscsp.updatesource.GPSCSP_Update_WS_Request_CSP_MF>
<com.gpscsp.updatesource.GPSCSP_Update_WS_Request_CSP_MF intServ="EEMSIIB_GPSCSP_UPDATE_WS" env="uat-bravo" override="varGCMapName_ReqResp">GPSCSP_Common_Map</com.gpscsp.updatesource.GPSCSP_Update_WS_Request_CSP_MF>
<com.gpscsp.updatesource.GPSCSP_Update_WS_Request_CSP_MF intServ="EEMSIIB_GPSCSP_UPDATE_WS" env="uat-bravo" override="AuditQName">EEMSIIB.GPSCSP_COMMON_AUDITMESSAGE_DATA</com.gpscsp.updatesource.GPSCSP_Update_WS_Request_CSP_MF>
<com.gpscsp.updatesource.GPSCSP_Update_WS_Request_CSP_MF intServ="EEMSIIB_GPSCSP_UPDATE_WS" env="uat-bravo" override="BECode">700</com.gpscsp.updatesource.GPSCSP_Update_WS_Request_CSP_MF>
<com.gpscsp.updatesource.GPSCSP_Update_WS_Request_CSP_MF intServ="EEMSIIB_GPSCSP_UPDATE_WS" env="uat-bravo" override="ProjNumber">2</com.gpscsp.updatesource.GPSCSP_Update_WS_Request_CSP_MF>
<com.gpscsp.updatesource.GPSCSP_Update_WS_Request_CSP_MF intServ="EEMSIIB_GPSCSP_UPDATE_WS" env="uat-bravo" override="EEMSIIB.GPSCSP_UPDATE_REQUEST_DATA.queueName">EEMSIIB.GPSCSP_UPDATE_REQUEST_DATA</com.gpscsp.updatesource.GPSCSP_Update_WS_Request_CSP_MF>
<com.gpscsp.updatesource.GPSCSP_Update_WS_Request_CSP_MF intServ="EEMSIIB_GPSCSP_UPDATE_WS" env="uat-bravo" override="EEMSIIB.GPSCSP_UPDATE_RESPONSE_DATA.queueName">EEMSIIB.GPSCSP_UPDATE_RESPONSE_DATA</com.gpscsp.updatesource.GPSCSP_Update_WS_Request_CSP_MF>
<com.gpscsp.updatesource.GPSCSP_Update_WS_Request_CSP_MF intServ="EEMSIIB_GPSCSP_UPDATE_WS" env="uat-bravo" override="EEMSIIB.GPSCSP_ERRORMESSAGE_DATA.queueName">EEMSIIB.GPSCSP_ERRORMESSAGE_DATA</com.gpscsp.updatesource.GPSCSP_Update_WS_Request_CSP_MF>
<com.gpscsp.updatesource.GPSCSP_Update_WS_Request_CSP_MF intServ="EEMSIIB_GPSCSP_UPDATE_WS" env="uat-bravo" override="GPSCSP_CreateWSRequest.dataSource">E3CSP_DB</com.gpscsp.updatesource.GPSCSP_Update_WS_Request_CSP_MF>
<com.gpscsp.updatesource.GPSCSP_Update_WS_Request_CSP_MF intServ="EEMSIIB_GPSCSP_UPDATE_WS" env="uat-bravo" override="GPSCSP_ProcessResponse.dataSource">E3CSP_DB</com.gpscsp.updatesource.GPSCSP_Update_WS_Request_CSP_MF>
<com.gpscsp.updatesource.GPSCSP_Update_WS_Request_CSP_MF intServ="EEMSIIB_GPSCSP_UPDATE_WS" env="uat-bravo" override="GPSCSP_ProcessException.dataSource">E3CSP_DB</com.gpscsp.updatesource.GPSCSP_Update_WS_Request_CSP_MF>
<com.gpscsp.updatesource.GPSCSP_Update_WS_Request_CSP_MF intServ="EEMSIIB_GPSCSP_UPDATE_WS" env="uat-bravo" override="updateMember_MemberServiceV1_0.webServiceURL">https://api-int-stg.uhc.com:8443/web/ca4f/enrollment/members/V2/test6</com.gpscsp.updatesource.GPSCSP_Update_WS_Request_CSP_MF>
<com.gpscsp.updatesource.GPSCSP_Update_WS_Request_CSP_MF intServ="EEMSIIB_GPSCSP_UPDATE_WS" env="uat-bravo" override="updateMember_MemberServiceV1_0.sslProtocol">SSL_TLSv2</com.gpscsp.updatesource.GPSCSP_Update_WS_Request_CSP_MF>
<com.gpscsp.updatesource.GPSCSP_Update_WS_Request_CSP_MF intServ="EEMSIIB_GPSCSP_UPDATE_WS" env="uat-bravo" override="updateMember_MemberServiceV1_0.validateMaster">none</com.gpscsp.updatesource.GPSCSP_Update_WS_Request_CSP_MF>


<!--UAT Charlie-->


<gen.com.gpscsp.updatesource.updateMember_MemberServiceV1_0_GPSCSP_Update_WS_Request_CSP_MF intServ="EEMSIIB_GPSCSP_UPDATE_WS" env="uat-charlie" override="Request.webServiceURL">https://api-int-stg.uhc.com:8444/web/ca4f/enrollment/members/V2/test13</gen.com.gpscsp.updatesource.updateMember_MemberServiceV1_0_GPSCSP_Update_WS_Request_CSP_MF>
<gen.com.gpscsp.updatesource.updateMember_MemberServiceV1_0_GPSCSP_Update_WS_Request_CSP_MF intServ="EEMSIIB_GPSCSP_UPDATE_WS" env="uat-charlie" override="Request.sslProtocol">TLS</gen.com.gpscsp.updatesource.updateMember_MemberServiceV1_0_GPSCSP_Update_WS_Request_CSP_MF>
<com.gpscsp.updatesource.GPSCSP_Update_WS_Transformation_MF intServ="EEMSIIB_GPSCSP_UPDATE_WS" env="uat-charlie" override="additionalInstances">3</com.gpscsp.updatesource.GPSCSP_Update_WS_Transformation_MF>
<com.gpscsp.updatesource.GPSCSP_Update_WS_Transformation_MF intServ="EEMSIIB_GPSCSP_UPDATE_WS" env="uat-charlie" override="BrkConfigKey_Trans">BRK_CONFIG</com.gpscsp.updatesource.GPSCSP_Update_WS_Transformation_MF>
<com.gpscsp.updatesource.GPSCSP_Update_WS_Transformation_MF intServ="EEMSIIB_GPSCSP_UPDATE_WS" env="uat-charlie" override="SchemaName_Trans">ELECELIG</com.gpscsp.updatesource.GPSCSP_Update_WS_Transformation_MF>
<com.gpscsp.updatesource.GPSCSP_Update_WS_Transformation_MF intServ="EEMSIIB_GPSCSP_UPDATE_WS" env="uat-charlie" override="varGCMapName_Trans">GPSCSP_Common_Map</com.gpscsp.updatesource.GPSCSP_Update_WS_Transformation_MF>
<com.gpscsp.updatesource.GPSCSP_Update_WS_Transformation_MF intServ="EEMSIIB_GPSCSP_UPDATE_WS" env="uat-charlie" override="AuditQName">EEMSIIB.GPSCSP_COMMON_AUDITMESSAGE_DATA</com.gpscsp.updatesource.GPSCSP_Update_WS_Transformation_MF>
<com.gpscsp.updatesource.GPSCSP_Update_WS_Transformation_MF intServ="EEMSIIB_GPSCSP_UPDATE_WS" env="uat-charlie" override="BECode">700</com.gpscsp.updatesource.GPSCSP_Update_WS_Transformation_MF>
<com.gpscsp.updatesource.GPSCSP_Update_WS_Transformation_MF intServ="EEMSIIB_GPSCSP_UPDATE_WS" env="uat-charlie" override="ProjNumber">2</com.gpscsp.updatesource.GPSCSP_Update_WS_Transformation_MF>
<com.gpscsp.updatesource.GPSCSP_Update_WS_Transformation_MF intServ="EEMSIIB_GPSCSP_UPDATE_WS" env="uat-charlie" override="Read_.done_In.inputDirectory">/eems/iib/CSP/update</com.gpscsp.updatesource.GPSCSP_Update_WS_Transformation_MF>
<com.gpscsp.updatesource.GPSCSP_Update_WS_Transformation_MF intServ="EEMSIIB_GPSCSP_UPDATE_WS" env="uat-charlie" override="Read_.done_In.filenamePattern">*.done</com.gpscsp.updatesource.GPSCSP_Update_WS_Transformation_MF>
<com.gpscsp.updatesource.GPSCSP_Update_WS_Transformation_MF intServ="EEMSIIB_GPSCSP_UPDATE_WS" env="uat-charlie" override="GPSCSP_Update_Transformation.dataSource">E3CSP_DB</com.gpscsp.updatesource.GPSCSP_Update_WS_Transformation_MF>
<com.gpscsp.updatesource.GPSCSP_Update_WS_Transformation_MF intServ="EEMSIIB_GPSCSP_UPDATE_WS" env="uat-charlie" override="EEMSIIB.GPSCSP_UPDATE_REQUEST_DATA.queueName">EEMSIIB.GPSCSP_UPDATE_REQUEST_DATA</com.gpscsp.updatesource.GPSCSP_Update_WS_Transformation_MF>
<com.gpscsp.updatesource.GPSCSP_Update_WS_Transformation_MF intServ="EEMSIIB_GPSCSP_UPDATE_WS" env="uat-charlie" override="EEMSIIB.GPSCSP_ERRORMESSAGE_DATA.queueName">EEMSIIB.GPSCSP_ERRORMESSAGE_DATA</com.gpscsp.updatesource.GPSCSP_Update_WS_Transformation_MF>
<com.gpscsp.updatesource.GPSCSP_Update_WS_Transformation_MF intServ="EEMSIIB_GPSCSP_UPDATE_WS" env="uat-charlie" override="GPSCSP_Update_Fail.dataSource">E3CSP_DB</com.gpscsp.updatesource.GPSCSP_Update_WS_Transformation_MF>
<com.gpscsp.updatesource.GPSCSP_Update_WS_Request_CSP_MF intServ="EEMSIIB_GPSCSP_UPDATE_WS" env="uat-charlie" override="additionalInstances">3</com.gpscsp.updatesource.GPSCSP_Update_WS_Request_CSP_MF>
<com.gpscsp.updatesource.GPSCSP_Update_WS_Request_CSP_MF intServ="EEMSIIB_GPSCSP_UPDATE_WS" env="uat-charlie" override="BrkConfigKey_ReqResp">BRK_CONFIG</com.gpscsp.updatesource.GPSCSP_Update_WS_Request_CSP_MF>
<com.gpscsp.updatesource.GPSCSP_Update_WS_Request_CSP_MF intServ="EEMSIIB_GPSCSP_UPDATE_WS" env="uat-charlie" override="SchemaName_ReqResp">ELECELIG</com.gpscsp.updatesource.GPSCSP_Update_WS_Request_CSP_MF>
<com.gpscsp.updatesource.GPSCSP_Update_WS_Request_CSP_MF intServ="EEMSIIB_GPSCSP_UPDATE_WS" env="uat-charlie" override="varGCMapName_ReqResp">GPSCSP_Common_Map</com.gpscsp.updatesource.GPSCSP_Update_WS_Request_CSP_MF>
<com.gpscsp.updatesource.GPSCSP_Update_WS_Request_CSP_MF intServ="EEMSIIB_GPSCSP_UPDATE_WS" env="uat-charlie" override="AuditQName">EEMSIIB.GPSCSP_COMMON_AUDITMESSAGE_DATA</com.gpscsp.updatesource.GPSCSP_Update_WS_Request_CSP_MF>
<com.gpscsp.updatesource.GPSCSP_Update_WS_Request_CSP_MF intServ="EEMSIIB_GPSCSP_UPDATE_WS" env="uat-charlie" override="BECode">700</com.gpscsp.updatesource.GPSCSP_Update_WS_Request_CSP_MF>
<com.gpscsp.updatesource.GPSCSP_Update_WS_Request_CSP_MF intServ="EEMSIIB_GPSCSP_UPDATE_WS" env="uat-charlie" override="ProjNumber">2</com.gpscsp.updatesource.GPSCSP_Update_WS_Request_CSP_MF>
<com.gpscsp.updatesource.GPSCSP_Update_WS_Request_CSP_MF intServ="EEMSIIB_GPSCSP_UPDATE_WS" env="uat-charlie" override="EEMSIIB.GPSCSP_UPDATE_REQUEST_DATA.queueName">EEMSIIB.GPSCSP_UPDATE_REQUEST_DATA</com.gpscsp.updatesource.GPSCSP_Update_WS_Request_CSP_MF>
<com.gpscsp.updatesource.GPSCSP_Update_WS_Request_CSP_MF intServ="EEMSIIB_GPSCSP_UPDATE_WS" env="uat-charlie" override="EEMSIIB.GPSCSP_UPDATE_RESPONSE_DATA.queueName">EEMSIIB.GPSCSP_UPDATE_RESPONSE_DATA</com.gpscsp.updatesource.GPSCSP_Update_WS_Request_CSP_MF>
<com.gpscsp.updatesource.GPSCSP_Update_WS_Request_CSP_MF intServ="EEMSIIB_GPSCSP_UPDATE_WS" env="uat-charlie" override="EEMSIIB.GPSCSP_ERRORMESSAGE_DATA.queueName">EEMSIIB.GPSCSP_ERRORMESSAGE_DATA</com.gpscsp.updatesource.GPSCSP_Update_WS_Request_CSP_MF>
<com.gpscsp.updatesource.GPSCSP_Update_WS_Request_CSP_MF intServ="EEMSIIB_GPSCSP_UPDATE_WS" env="uat-charlie" override="GPSCSP_CreateWSRequest.dataSource">E3CSP_DB</com.gpscsp.updatesource.GPSCSP_Update_WS_Request_CSP_MF>
<com.gpscsp.updatesource.GPSCSP_Update_WS_Request_CSP_MF intServ="EEMSIIB_GPSCSP_UPDATE_WS" env="uat-charlie" override="GPSCSP_ProcessResponse.dataSource">E3CSP_DB</com.gpscsp.updatesource.GPSCSP_Update_WS_Request_CSP_MF>
<com.gpscsp.updatesource.GPSCSP_Update_WS_Request_CSP_MF intServ="EEMSIIB_GPSCSP_UPDATE_WS" env="uat-charlie" override="GPSCSP_ProcessException.dataSource">E3CSP_DB</com.gpscsp.updatesource.GPSCSP_Update_WS_Request_CSP_MF>
<com.gpscsp.updatesource.GPSCSP_Update_WS_Request_CSP_MF intServ="EEMSIIB_GPSCSP_UPDATE_WS" env="uat-charlie" override="updateMember_MemberServiceV1_0.webServiceURL">https://api-int-stg.uhc.com:8444/web/ca4f/enrollment/members/V2/test13</com.gpscsp.updatesource.GPSCSP_Update_WS_Request_CSP_MF>
<com.gpscsp.updatesource.GPSCSP_Update_WS_Request_CSP_MF intServ="EEMSIIB_GPSCSP_UPDATE_WS" env="uat-charlie" override="updateMember_MemberServiceV1_0.sslProtocol">TLS</com.gpscsp.updatesource.GPSCSP_Update_WS_Request_CSP_MF>
<com.gpscsp.updatesource.GPSCSP_Update_WS_Request_CSP_MF intServ="EEMSIIB_GPSCSP_UPDATE_WS" env="uat-charlie" override="updateMember_MemberServiceV1_0.validateMaster">none</com.gpscsp.updatesource.GPSCSP_Update_WS_Request_CSP_MF>


<!--STAGE-->

<gen.com.gpscsp.updatesource.updateMember_MemberServiceV1_0_GPSCSP_Update_WS_Request_CSP_MF intServ="EEMSIIB_GPSCSP_UPDATE_WS" env="stage" override="Request.webServiceURL">https://api-int-stg.uhc.com:8444/web/ca4f/enrollment/members/V2/test6</gen.com.gpscsp.updatesource.updateMember_MemberServiceV1_0_GPSCSP_Update_WS_Request_CSP_MF>
<gen.com.gpscsp.updatesource.updateMember_MemberServiceV1_0_GPSCSP_Update_WS_Request_CSP_MF intServ="EEMSIIB_GPSCSP_UPDATE_WS" env="stage" override="Request.sslProtocol">SSL_TLSv2</gen.com.gpscsp.updatesource.updateMember_MemberServiceV1_0_GPSCSP_Update_WS_Request_CSP_MF>
<com.gpscsp.updatesource.GPSCSP_Update_WS_Transformation_MF intServ="EEMSIIB_GPSCSP_UPDATE_WS" env="stage" override="additionalInstances">29</com.gpscsp.updatesource.GPSCSP_Update_WS_Transformation_MF>
<com.gpscsp.updatesource.GPSCSP_Update_WS_Transformation_MF intServ="EEMSIIB_GPSCSP_UPDATE_WS" env="stage" override="BrkConfigKey_Trans">BRK_CONFIG</com.gpscsp.updatesource.GPSCSP_Update_WS_Transformation_MF>
<com.gpscsp.updatesource.GPSCSP_Update_WS_Transformation_MF intServ="EEMSIIB_GPSCSP_UPDATE_WS" env="stage" override="SchemaName_Trans">ELECELIG</com.gpscsp.updatesource.GPSCSP_Update_WS_Transformation_MF>
<com.gpscsp.updatesource.GPSCSP_Update_WS_Transformation_MF intServ="EEMSIIB_GPSCSP_UPDATE_WS" env="stage" override="varGCMapName_Trans">GPSCSP_Common_Map</com.gpscsp.updatesource.GPSCSP_Update_WS_Transformation_MF>
<com.gpscsp.updatesource.GPSCSP_Update_WS_Transformation_MF intServ="EEMSIIB_GPSCSP_UPDATE_WS" env="stage" override="AuditQName">EEMSIIB.GPSCSP_COMMON_AUDITMESSAGE_DATA</com.gpscsp.updatesource.GPSCSP_Update_WS_Transformation_MF>
<com.gpscsp.updatesource.GPSCSP_Update_WS_Transformation_MF intServ="EEMSIIB_GPSCSP_UPDATE_WS" env="stage" override="BECode">700</com.gpscsp.updatesource.GPSCSP_Update_WS_Transformation_MF>
<com.gpscsp.updatesource.GPSCSP_Update_WS_Transformation_MF intServ="EEMSIIB_GPSCSP_UPDATE_WS" env="stage" override="ProjNumber">2</com.gpscsp.updatesource.GPSCSP_Update_WS_Transformation_MF>
<com.gpscsp.updatesource.GPSCSP_Update_WS_Transformation_MF intServ="EEMSIIB_GPSCSP_UPDATE_WS" env="stage" override="Read_.done_In.inputDirectory">/eems/iib/CSP/update</com.gpscsp.updatesource.GPSCSP_Update_WS_Transformation_MF>
<com.gpscsp.updatesource.GPSCSP_Update_WS_Transformation_MF intServ="EEMSIIB_GPSCSP_UPDATE_WS" env="stage" override="Read_.done_In.filenamePattern">*.done</com.gpscsp.updatesource.GPSCSP_Update_WS_Transformation_MF>
<com.gpscsp.updatesource.GPSCSP_Update_WS_Transformation_MF intServ="EEMSIIB_GPSCSP_UPDATE_WS" env="stage" override="GPSCSP_Update_Transformation.dataSource">E3CSP_DB</com.gpscsp.updatesource.GPSCSP_Update_WS_Transformation_MF>
<com.gpscsp.updatesource.GPSCSP_Update_WS_Transformation_MF intServ="EEMSIIB_GPSCSP_UPDATE_WS" env="stage" override="EEMSIIB.GPSCSP_UPDATE_REQUEST_DATA.queueName">EEMSIIB.GPSCSP_UPDATE_REQUEST_DATA</com.gpscsp.updatesource.GPSCSP_Update_WS_Transformation_MF>
<com.gpscsp.updatesource.GPSCSP_Update_WS_Transformation_MF intServ="EEMSIIB_GPSCSP_UPDATE_WS" env="stage" override="EEMSIIB.GPSCSP_ERRORMESSAGE_DATA.queueName">EEMSIIB.GPSCSP_ERRORMESSAGE_DATA</com.gpscsp.updatesource.GPSCSP_Update_WS_Transformation_MF>
<com.gpscsp.updatesource.GPSCSP_Update_WS_Transformation_MF intServ="EEMSIIB_GPSCSP_UPDATE_WS" env="stage" override="GPSCSP_Update_Fail.dataSource">E3CSP_DB</com.gpscsp.updatesource.GPSCSP_Update_WS_Transformation_MF>
<com.gpscsp.updatesource.GPSCSP_Update_WS_Request_CSP_MF intServ="EEMSIIB_GPSCSP_UPDATE_WS" env="stage" override="additionalInstances">3</com.gpscsp.updatesource.GPSCSP_Update_WS_Request_CSP_MF>
<com.gpscsp.updatesource.GPSCSP_Update_WS_Request_CSP_MF intServ="EEMSIIB_GPSCSP_UPDATE_WS" env="stage" override="BrkConfigKey_ReqResp">BRK_CONFIG</com.gpscsp.updatesource.GPSCSP_Update_WS_Request_CSP_MF>
<com.gpscsp.updatesource.GPSCSP_Update_WS_Request_CSP_MF intServ="EEMSIIB_GPSCSP_UPDATE_WS" env="stage" override="SchemaName_ReqResp">ELECELIG</com.gpscsp.updatesource.GPSCSP_Update_WS_Request_CSP_MF>
<com.gpscsp.updatesource.GPSCSP_Update_WS_Request_CSP_MF intServ="EEMSIIB_GPSCSP_UPDATE_WS" env="stage" override="varGCMapName_ReqResp">GPSCSP_Common_Map</com.gpscsp.updatesource.GPSCSP_Update_WS_Request_CSP_MF>
<com.gpscsp.updatesource.GPSCSP_Update_WS_Request_CSP_MF intServ="EEMSIIB_GPSCSP_UPDATE_WS" env="stage" override="AuditQName">EEMSIIB.GPSCSP_COMMON_AUDITMESSAGE_DATA</com.gpscsp.updatesource.GPSCSP_Update_WS_Request_CSP_MF>
<com.gpscsp.updatesource.GPSCSP_Update_WS_Request_CSP_MF intServ="EEMSIIB_GPSCSP_UPDATE_WS" env="stage" override="BECode">700</com.gpscsp.updatesource.GPSCSP_Update_WS_Request_CSP_MF>
<com.gpscsp.updatesource.GPSCSP_Update_WS_Request_CSP_MF intServ="EEMSIIB_GPSCSP_UPDATE_WS" env="stage" override="ProjNumber">2</com.gpscsp.updatesource.GPSCSP_Update_WS_Request_CSP_MF>
<com.gpscsp.updatesource.GPSCSP_Update_WS_Request_CSP_MF intServ="EEMSIIB_GPSCSP_UPDATE_WS" env="stage" override="EEMSIIB.GPSCSP_UPDATE_REQUEST_DATA.queueName">EEMSIIB.GPSCSP_UPDATE_REQUEST_DATA</com.gpscsp.updatesource.GPSCSP_Update_WS_Request_CSP_MF>
<com.gpscsp.updatesource.GPSCSP_Update_WS_Request_CSP_MF intServ="EEMSIIB_GPSCSP_UPDATE_WS" env="stage" override="EEMSIIB.GPSCSP_UPDATE_RESPONSE_DATA.queueName">EEMSIIB.GPSCSP_UPDATE_RESPONSE_DATA</com.gpscsp.updatesource.GPSCSP_Update_WS_Request_CSP_MF>
<com.gpscsp.updatesource.GPSCSP_Update_WS_Request_CSP_MF intServ="EEMSIIB_GPSCSP_UPDATE_WS" env="stage" override="EEMSIIB.GPSCSP_ERRORMESSAGE_DATA.queueName">EEMSIIB.GPSCSP_ERRORMESSAGE_DATA</com.gpscsp.updatesource.GPSCSP_Update_WS_Request_CSP_MF>
<com.gpscsp.updatesource.GPSCSP_Update_WS_Request_CSP_MF intServ="EEMSIIB_GPSCSP_UPDATE_WS" env="stage" override="GPSCSP_CreateWSRequest.dataSource">E3CSP_DB</com.gpscsp.updatesource.GPSCSP_Update_WS_Request_CSP_MF>
<com.gpscsp.updatesource.GPSCSP_Update_WS_Request_CSP_MF intServ="EEMSIIB_GPSCSP_UPDATE_WS" env="stage" override="GPSCSP_ProcessResponse.dataSource">E3CSP_DB</com.gpscsp.updatesource.GPSCSP_Update_WS_Request_CSP_MF>
<com.gpscsp.updatesource.GPSCSP_Update_WS_Request_CSP_MF intServ="EEMSIIB_GPSCSP_UPDATE_WS" env="stage" override="GPSCSP_ProcessException.dataSource">E3CSP_DB</com.gpscsp.updatesource.GPSCSP_Update_WS_Request_CSP_MF>
<com.gpscsp.updatesource.GPSCSP_Update_WS_Request_CSP_MF intServ="EEMSIIB_GPSCSP_UPDATE_WS" env="stage" override="updateMember_MemberServiceV1_0.webServiceURL">https://api-int-stg.uhc.com:8444/web/ca4f/enrollment/members/V2/test6</com.gpscsp.updatesource.GPSCSP_Update_WS_Request_CSP_MF>
<com.gpscsp.updatesource.GPSCSP_Update_WS_Request_CSP_MF intServ="EEMSIIB_GPSCSP_UPDATE_WS" env="stage" override="updateMember_MemberServiceV1_0.sslProtocol">SSL_TLSv2</com.gpscsp.updatesource.GPSCSP_Update_WS_Request_CSP_MF>
<com.gpscsp.updatesource.GPSCSP_Update_WS_Request_CSP_MF intServ="EEMSIIB_GPSCSP_UPDATE_WS" env="stage" override="updateMember_MemberServiceV1_0.validateMaster">none</com.gpscsp.updatesource.GPSCSP_Update_WS_Request_CSP_MF>

<!--ADOPT-->

<gen.com.gpscsp.updatesource.updateMember_MemberServiceV1_0_GPSCSP_Update_WS_Request_CSP_MF intServ="EEMSIIB_GPSCSP_UPDATE_WS" env="adopt" override="Request.webServiceURL">https://api-int-stg.uhc.com:8443/web/ca4f/enrollment/members/V2</gen.com.gpscsp.updatesource.updateMember_MemberServiceV1_0_GPSCSP_Update_WS_Request_CSP_MF>
<gen.com.gpscsp.updatesource.updateMember_MemberServiceV1_0_GPSCSP_Update_WS_Request_CSP_MF intServ="EEMSIIB_GPSCSP_UPDATE_WS" env="adopt" override="Request.sslProtocol">SSL_TLSv2</gen.com.gpscsp.updatesource.updateMember_MemberServiceV1_0_GPSCSP_Update_WS_Request_CSP_MF>
<com.gpscsp.updatesource.GPSCSP_Update_WS_Transformation_MF intServ="EEMSIIB_GPSCSP_UPDATE_WS" env="adopt" override="additionalInstances">29</com.gpscsp.updatesource.GPSCSP_Update_WS_Transformation_MF>
<com.gpscsp.updatesource.GPSCSP_Update_WS_Transformation_MF intServ="EEMSIIB_GPSCSP_UPDATE_WS" env="adopt" override="BrkConfigKey_Trans">BRK_CONFIG</com.gpscsp.updatesource.GPSCSP_Update_WS_Transformation_MF>
<com.gpscsp.updatesource.GPSCSP_Update_WS_Transformation_MF intServ="EEMSIIB_GPSCSP_UPDATE_WS" env="adopt" override="SchemaName_Trans">ELECELIG</com.gpscsp.updatesource.GPSCSP_Update_WS_Transformation_MF>
<com.gpscsp.updatesource.GPSCSP_Update_WS_Transformation_MF intServ="EEMSIIB_GPSCSP_UPDATE_WS" env="adopt" override="varGCMapName_Trans">GPSCSP_Common_Map</com.gpscsp.updatesource.GPSCSP_Update_WS_Transformation_MF>
<com.gpscsp.updatesource.GPSCSP_Update_WS_Transformation_MF intServ="EEMSIIB_GPSCSP_UPDATE_WS" env="adopt" override="AuditQName">EEMSIIB.ADP.GPSCSP_COMMON_AUDITMESSAGE_DATA</com.gpscsp.updatesource.GPSCSP_Update_WS_Transformation_MF>
<com.gpscsp.updatesource.GPSCSP_Update_WS_Transformation_MF intServ="EEMSIIB_GPSCSP_UPDATE_WS" env="adopt" override="BECode">700</com.gpscsp.updatesource.GPSCSP_Update_WS_Transformation_MF>
<com.gpscsp.updatesource.GPSCSP_Update_WS_Transformation_MF intServ="EEMSIIB_GPSCSP_UPDATE_WS" env="adopt" override="ProjNumber">2</com.gpscsp.updatesource.GPSCSP_Update_WS_Transformation_MF>
<com.gpscsp.updatesource.GPSCSP_Update_WS_Transformation_MF intServ="EEMSIIB_GPSCSP_UPDATE_WS" env="adopt" override="Read_.done_In.inputDirectory">/eems/iib/CSP/update</com.gpscsp.updatesource.GPSCSP_Update_WS_Transformation_MF>
<com.gpscsp.updatesource.GPSCSP_Update_WS_Transformation_MF intServ="EEMSIIB_GPSCSP_UPDATE_WS" env="adopt" override="Read_.done_In.filenamePattern">*.done</com.gpscsp.updatesource.GPSCSP_Update_WS_Transformation_MF>
<com.gpscsp.updatesource.GPSCSP_Update_WS_Transformation_MF intServ="EEMSIIB_GPSCSP_UPDATE_WS" env="adopt" override="GPSCSP_Update_Transformation.dataSource">E3CSP_DB</com.gpscsp.updatesource.GPSCSP_Update_WS_Transformation_MF>
<com.gpscsp.updatesource.GPSCSP_Update_WS_Transformation_MF intServ="EEMSIIB_GPSCSP_UPDATE_WS" env="adopt" override="EEMSIIB.GPSCSP_UPDATE_REQUEST_DATA.queueName">EEMSIIB.ADP.GPSCSP_UPDATE_REQUEST_DATA</com.gpscsp.updatesource.GPSCSP_Update_WS_Transformation_MF>
<com.gpscsp.updatesource.GPSCSP_Update_WS_Transformation_MF intServ="EEMSIIB_GPSCSP_UPDATE_WS" env="adopt" override="EEMSIIB.GPSCSP_ERRORMESSAGE_DATA.queueName">EEMSIIB.ADP.GPSCSP_ERRORMESSAGE_DATA</com.gpscsp.updatesource.GPSCSP_Update_WS_Transformation_MF>
<com.gpscsp.updatesource.GPSCSP_Update_WS_Transformation_MF intServ="EEMSIIB_GPSCSP_UPDATE_WS" env="adopt" override="GPSCSP_Update_Fail.dataSource">E3CSP_DB</com.gpscsp.updatesource.GPSCSP_Update_WS_Transformation_MF>
<com.gpscsp.updatesource.GPSCSP_Update_WS_Request_CSP_MF intServ="EEMSIIB_GPSCSP_UPDATE_WS" env="adopt" override="additionalInstances">29</com.gpscsp.updatesource.GPSCSP_Update_WS_Request_CSP_MF>
<com.gpscsp.updatesource.GPSCSP_Update_WS_Request_CSP_MF intServ="EEMSIIB_GPSCSP_UPDATE_WS" env="adopt" override="BrkConfigKey_ReqResp">BRK_CONFIG</com.gpscsp.updatesource.GPSCSP_Update_WS_Request_CSP_MF>
<com.gpscsp.updatesource.GPSCSP_Update_WS_Request_CSP_MF intServ="EEMSIIB_GPSCSP_UPDATE_WS" env="adopt" override="SchemaName_ReqResp">ELECELIG</com.gpscsp.updatesource.GPSCSP_Update_WS_Request_CSP_MF>
<com.gpscsp.updatesource.GPSCSP_Update_WS_Request_CSP_MF intServ="EEMSIIB_GPSCSP_UPDATE_WS" env="adopt" override="varGCMapName_ReqResp">GPSCSP_Common_Map</com.gpscsp.updatesource.GPSCSP_Update_WS_Request_CSP_MF>
<com.gpscsp.updatesource.GPSCSP_Update_WS_Request_CSP_MF intServ="EEMSIIB_GPSCSP_UPDATE_WS" env="adopt" override="AuditQName">EEMSIIB.ADP.GPSCSP_COMMON_AUDITMESSAGE_DATA</com.gpscsp.updatesource.GPSCSP_Update_WS_Request_CSP_MF>
<com.gpscsp.updatesource.GPSCSP_Update_WS_Request_CSP_MF intServ="EEMSIIB_GPSCSP_UPDATE_WS" env="adopt" override="BECode">700</com.gpscsp.updatesource.GPSCSP_Update_WS_Request_CSP_MF>
<com.gpscsp.updatesource.GPSCSP_Update_WS_Request_CSP_MF intServ="EEMSIIB_GPSCSP_UPDATE_WS" env="adopt" override="ProjNumber">2</com.gpscsp.updatesource.GPSCSP_Update_WS_Request_CSP_MF>
<com.gpscsp.updatesource.GPSCSP_Update_WS_Request_CSP_MF intServ="EEMSIIB_GPSCSP_UPDATE_WS" env="adopt" override="EEMSIIB.GPSCSP_UPDATE_REQUEST_DATA.queueName">EEMSIIB.ADP.GPSCSP_UPDATE_REQUEST_DATA</com.gpscsp.updatesource.GPSCSP_Update_WS_Request_CSP_MF>
<com.gpscsp.updatesource.GPSCSP_Update_WS_Request_CSP_MF intServ="EEMSIIB_GPSCSP_UPDATE_WS" env="adopt" override="EEMSIIB.GPSCSP_UPDATE_RESPONSE_DATA.queueName">EEMSIIB.ADP.GPSCSP_UPDATE_RESPONSE_DATA</com.gpscsp.updatesource.GPSCSP_Update_WS_Request_CSP_MF>
<com.gpscsp.updatesource.GPSCSP_Update_WS_Request_CSP_MF intServ="EEMSIIB_GPSCSP_UPDATE_WS" env="adopt" override="EEMSIIB.GPSCSP_ERRORMESSAGE_DATA.queueName">EEMSIIB.ADP.GPSCSP_ERRORMESSAGE_DATA</com.gpscsp.updatesource.GPSCSP_Update_WS_Request_CSP_MF>
<com.gpscsp.updatesource.GPSCSP_Update_WS_Request_CSP_MF intServ="EEMSIIB_GPSCSP_UPDATE_WS" env="adopt" override="GPSCSP_CreateWSRequest.dataSource">E3CSP_DB</com.gpscsp.updatesource.GPSCSP_Update_WS_Request_CSP_MF>
<com.gpscsp.updatesource.GPSCSP_Update_WS_Request_CSP_MF intServ="EEMSIIB_GPSCSP_UPDATE_WS" env="adopt" override="GPSCSP_ProcessResponse.dataSource">E3CSP_DB</com.gpscsp.updatesource.GPSCSP_Update_WS_Request_CSP_MF>
<com.gpscsp.updatesource.GPSCSP_Update_WS_Request_CSP_MF intServ="EEMSIIB_GPSCSP_UPDATE_WS" env="adopt" override="GPSCSP_ProcessException.dataSource">E3CSP_DB</com.gpscsp.updatesource.GPSCSP_Update_WS_Request_CSP_MF>
<com.gpscsp.updatesource.GPSCSP_Update_WS_Request_CSP_MF intServ="EEMSIIB_GPSCSP_UPDATE_WS" env="adopt" override="updateMember_MemberServiceV1_0.webServiceURL">https://api-int-stg.uhc.com:8443/web/ca4f/enrollment/members/V2</com.gpscsp.updatesource.GPSCSP_Update_WS_Request_CSP_MF>
<com.gpscsp.updatesource.GPSCSP_Update_WS_Request_CSP_MF intServ="EEMSIIB_GPSCSP_UPDATE_WS" env="adopt" override="updateMember_MemberServiceV1_0.sslProtocol">SSL_TLSv2</com.gpscsp.updatesource.GPSCSP_Update_WS_Request_CSP_MF>
<com.gpscsp.updatesource.GPSCSP_Update_WS_Request_CSP_MF intServ="EEMSIIB_GPSCSP_UPDATE_WS" env="adopt" override="updateMember_MemberServiceV1_0.validateMaster">none</com.gpscsp.updatesource.GPSCSP_Update_WS_Request_CSP_MF>

<!--PROD-->

<gen.com.gpscsp.updatesource.updateMember_MemberServiceV1_0_GPSCSP_Update_WS_Request_CSP_MF intServ="EEMSIIB_GPSCSP_UPDATE_WS" env="prod" override="Request.webServiceURL">https://api-int.uhc.com:8443/web/ca4f/enrollment/members/V2</gen.com.gpscsp.updatesource.updateMember_MemberServiceV1_0_GPSCSP_Update_WS_Request_CSP_MF>
<gen.com.gpscsp.updatesource.updateMember_MemberServiceV1_0_GPSCSP_Update_WS_Request_CSP_MF intServ="EEMSIIB_GPSCSP_UPDATE_WS" env="prod" override="Request.sslProtocol">SSL_TLSv2</gen.com.gpscsp.updatesource.updateMember_MemberServiceV1_0_GPSCSP_Update_WS_Request_CSP_MF>
<com.gpscsp.updatesource.GPSCSP_Update_WS_Transformation_MF intServ="EEMSIIB_GPSCSP_UPDATE_WS" env="prod" override="additionalInstances">29</com.gpscsp.updatesource.GPSCSP_Update_WS_Transformation_MF>
<com.gpscsp.updatesource.GPSCSP_Update_WS_Transformation_MF intServ="EEMSIIB_GPSCSP_UPDATE_WS" env="prod" override="BrkConfigKey_Trans">BRK_CONFIG</com.gpscsp.updatesource.GPSCSP_Update_WS_Transformation_MF>
<com.gpscsp.updatesource.GPSCSP_Update_WS_Transformation_MF intServ="EEMSIIB_GPSCSP_UPDATE_WS" env="prod" override="SchemaName_Trans">ELECELIG</com.gpscsp.updatesource.GPSCSP_Update_WS_Transformation_MF>
<com.gpscsp.updatesource.GPSCSP_Update_WS_Transformation_MF intServ="EEMSIIB_GPSCSP_UPDATE_WS" env="prod" override="varGCMapName_Trans">GPSCSP_Common_Map</com.gpscsp.updatesource.GPSCSP_Update_WS_Transformation_MF>
<com.gpscsp.updatesource.GPSCSP_Update_WS_Transformation_MF intServ="EEMSIIB_GPSCSP_UPDATE_WS" env="prod" override="AuditQName">EEMSIIB.GPSCSP_COMMON_AUDITMESSAGE_DATA</com.gpscsp.updatesource.GPSCSP_Update_WS_Transformation_MF>
<com.gpscsp.updatesource.GPSCSP_Update_WS_Transformation_MF intServ="EEMSIIB_GPSCSP_UPDATE_WS" env="prod" override="BECode">700</com.gpscsp.updatesource.GPSCSP_Update_WS_Transformation_MF>
<com.gpscsp.updatesource.GPSCSP_Update_WS_Transformation_MF intServ="EEMSIIB_GPSCSP_UPDATE_WS" env="prod" override="ProjNumber">2</com.gpscsp.updatesource.GPSCSP_Update_WS_Transformation_MF>
<com.gpscsp.updatesource.GPSCSP_Update_WS_Transformation_MF intServ="EEMSIIB_GPSCSP_UPDATE_WS" env="prod" override="Read_.done_In.inputDirectory">/eems/iib/CSP/update</com.gpscsp.updatesource.GPSCSP_Update_WS_Transformation_MF>
<com.gpscsp.updatesource.GPSCSP_Update_WS_Transformation_MF intServ="EEMSIIB_GPSCSP_UPDATE_WS" env="prod" override="Read_.done_In.filenamePattern">*.done</com.gpscsp.updatesource.GPSCSP_Update_WS_Transformation_MF>
<com.gpscsp.updatesource.GPSCSP_Update_WS_Transformation_MF intServ="EEMSIIB_GPSCSP_UPDATE_WS" env="prod" override="GPSCSP_Update_Transformation.dataSource">E3CSP_DB</com.gpscsp.updatesource.GPSCSP_Update_WS_Transformation_MF>
<com.gpscsp.updatesource.GPSCSP_Update_WS_Transformation_MF intServ="EEMSIIB_GPSCSP_UPDATE_WS" env="prod" override="EEMSIIB.GPSCSP_UPDATE_REQUEST_DATA.queueName">EEMSIIB.GPSCSP_UPDATE_REQUEST_DATA</com.gpscsp.updatesource.GPSCSP_Update_WS_Transformation_MF>
<com.gpscsp.updatesource.GPSCSP_Update_WS_Transformation_MF intServ="EEMSIIB_GPSCSP_UPDATE_WS" env="prod" override="EEMSIIB.GPSCSP_ERRORMESSAGE_DATA.queueName">EEMSIIB.GPSCSP_ERRORMESSAGE_DATA</com.gpscsp.updatesource.GPSCSP_Update_WS_Transformation_MF>
<com.gpscsp.updatesource.GPSCSP_Update_WS_Transformation_MF intServ="EEMSIIB_GPSCSP_UPDATE_WS" env="prod" override="GPSCSP_Update_Fail.dataSource">E3CSP_DB</com.gpscsp.updatesource.GPSCSP_Update_WS_Transformation_MF>
<com.gpscsp.updatesource.GPSCSP_Update_WS_Request_CSP_MF intServ="EEMSIIB_GPSCSP_UPDATE_WS" env="prod" override="additionalInstances">29</com.gpscsp.updatesource.GPSCSP_Update_WS_Request_CSP_MF>
<com.gpscsp.updatesource.GPSCSP_Update_WS_Request_CSP_MF intServ="EEMSIIB_GPSCSP_UPDATE_WS" env="prod" override="BrkConfigKey_ReqResp">BRK_CONFIG</com.gpscsp.updatesource.GPSCSP_Update_WS_Request_CSP_MF>
<com.gpscsp.updatesource.GPSCSP_Update_WS_Request_CSP_MF intServ="EEMSIIB_GPSCSP_UPDATE_WS" env="prod" override="SchemaName_ReqResp">ELECELIG</com.gpscsp.updatesource.GPSCSP_Update_WS_Request_CSP_MF>
<com.gpscsp.updatesource.GPSCSP_Update_WS_Request_CSP_MF intServ="EEMSIIB_GPSCSP_UPDATE_WS" env="prod" override="varGCMapName_ReqResp">GPSCSP_Common_Map</com.gpscsp.updatesource.GPSCSP_Update_WS_Request_CSP_MF>
<com.gpscsp.updatesource.GPSCSP_Update_WS_Request_CSP_MF intServ="EEMSIIB_GPSCSP_UPDATE_WS" env="prod" override="AuditQName">EEMSIIB.GPSCSP_COMMON_AUDITMESSAGE_DATA</com.gpscsp.updatesource.GPSCSP_Update_WS_Request_CSP_MF>
<com.gpscsp.updatesource.GPSCSP_Update_WS_Request_CSP_MF intServ="EEMSIIB_GPSCSP_UPDATE_WS" env="prod" override="BECode">700</com.gpscsp.updatesource.GPSCSP_Update_WS_Request_CSP_MF>
<com.gpscsp.updatesource.GPSCSP_Update_WS_Request_CSP_MF intServ="EEMSIIB_GPSCSP_UPDATE_WS" env="prod" override="ProjNumber">2</com.gpscsp.updatesource.GPSCSP_Update_WS_Request_CSP_MF>
<com.gpscsp.updatesource.GPSCSP_Update_WS_Request_CSP_MF intServ="EEMSIIB_GPSCSP_UPDATE_WS" env="prod" override="EEMSIIB.GPSCSP_UPDATE_REQUEST_DATA.queueName">EEMSIIB.GPSCSP_UPDATE_REQUEST_DATA</com.gpscsp.updatesource.GPSCSP_Update_WS_Request_CSP_MF>
<com.gpscsp.updatesource.GPSCSP_Update_WS_Request_CSP_MF intServ="EEMSIIB_GPSCSP_UPDATE_WS" env="prod" override="EEMSIIB.GPSCSP_UPDATE_RESPONSE_DATA.queueName">EEMSIIB.GPSCSP_UPDATE_RESPONSE_DATA</com.gpscsp.updatesource.GPSCSP_Update_WS_Request_CSP_MF>
<com.gpscsp.updatesource.GPSCSP_Update_WS_Request_CSP_MF intServ="EEMSIIB_GPSCSP_UPDATE_WS" env="prod" override="EEMSIIB.GPSCSP_ERRORMESSAGE_DATA.queueName">EEMSIIB.GPSCSP_ERRORMESSAGE_DATA</com.gpscsp.updatesource.GPSCSP_Update_WS_Request_CSP_MF>
<com.gpscsp.updatesource.GPSCSP_Update_WS_Request_CSP_MF intServ="EEMSIIB_GPSCSP_UPDATE_WS" env="prod" override="GPSCSP_CreateWSRequest.dataSource">E3CSP_DB</com.gpscsp.updatesource.GPSCSP_Update_WS_Request_CSP_MF>
<com.gpscsp.updatesource.GPSCSP_Update_WS_Request_CSP_MF intServ="EEMSIIB_GPSCSP_UPDATE_WS" env="prod" override="GPSCSP_ProcessResponse.dataSource">E3CSP_DB</com.gpscsp.updatesource.GPSCSP_Update_WS_Request_CSP_MF>
<com.gpscsp.updatesource.GPSCSP_Update_WS_Request_CSP_MF intServ="EEMSIIB_GPSCSP_UPDATE_WS" env="prod" override="GPSCSP_ProcessException.dataSource">E3CSP_DB</com.gpscsp.updatesource.GPSCSP_Update_WS_Request_CSP_MF>
<com.gpscsp.updatesource.GPSCSP_Update_WS_Request_CSP_MF intServ="EEMSIIB_GPSCSP_UPDATE_WS" env="prod" override="updateMember_MemberServiceV1_0.webServiceURL">https://api-int.uhc.com:8443/web/ca4f/enrollment/members/V2</com.gpscsp.updatesource.GPSCSP_Update_WS_Request_CSP_MF>
<com.gpscsp.updatesource.GPSCSP_Update_WS_Request_CSP_MF intServ="EEMSIIB_GPSCSP_UPDATE_WS" env="prod" override="updateMember_MemberServiceV1_0.sslProtocol">SSL_TLSv2</com.gpscsp.updatesource.GPSCSP_Update_WS_Request_CSP_MF>
<com.gpscsp.updatesource.GPSCSP_Update_WS_Request_CSP_MF intServ="EEMSIIB_GPSCSP_UPDATE_WS" env="prod" override="updateMember_MemberServiceV1_0.validateMaster">none</com.gpscsp.updatesource.GPSCSP_Update_WS_Request_CSP_MF>

</Broker>
