{
  "swagger" : "2.0",
  "info" : {
    "title" : "ReportManagement",
    "version" : "1.0.0",
    "description" : "ReportManagement"
  },
  "paths" : {
    "/getTransactionRecords" : { },
    "/PostTransactionRecords" : {
      "post" : {
        "operationId" : "postPostTransactionRecords",
        "responses" : {
          "200" : {
            "description" : "The operation was successful."
          }
        },
        "consumes" : [ "application/json" ],
        "produces" : [ "application/json" ],
        "description" : "Insert a PostTransactionRecords",
        "parameters" : [ {
          "name" : "body",
          "in" : "body",
          "schema" : {
            "$ref" : "#/definitions/TransactionRecordsRequest"
          },
          "description" : "The request body for the operation",
          "required" : true
        } ]
      }
    },
    "/DashboardDateData" : {
      "get" : {
        "operationId" : "getDashboardDateData",
        "responses" : {
          "200" : {
            "description" : "The operation was successful.",
            "schema" : {
              "type" : "string"
            }
          }
        },
        "produces" : [ "application/json" ],
        "description" : "Retrieve DashboardDateData",
        "parameters" : [ {
          "name" : "FromDate",
          "in" : "query",
          "type" : "string"
        }, {
          "name" : "ToDate",
          "in" : "query",
          "type" : "string"
        } ]
      }
    },
    "/DashboardWeekData" : {
      "get" : {
        "operationId" : "getDashboardWeekData",
        "responses" : {
          "200" : {
            "description" : "The operation was successful.",
            "schema" : {
              "type" : "string"
            }
          }
        },
        "produces" : [ "application/json" ],
        "description" : "Retrieve DashboardWeekData",
        "parameters" : [ {
          "name" : "ToDate",
          "in" : "query",
          "type" : "string"
        }, {
          "name" : "FromDate",
          "in" : "query",
          "type" : "string"
        } ]
      }
    }
  },
  "basePath" : "/reportmanagement/v1",
  "definitions" : {
    "TransactionRecordsRequest" : {
      "type" : "object",
      "properties" : {
        "Source" : {
          "type" : "object",
          "properties" : { }
        },
        "ReportType" : {
          "type" : "string"
        },
        "ToDate" : {
          "type" : "string"
        },
        "AccountNumber" : {
          "type" : "string"
        },
        "FromDate" : {
          "type" : "string"
        },
        "Company" : {
          "type" : "string"
        },
        "InvoiceNumber" : {
          "type" : "string"
        },
        "MerchantName" : {
          "type" : "string"
        },
        "UsertName" : {
          "type" : "string"
        }
      }
    }
  }
}