<?xml version="1.0" encoding="UTF-8" ?>
<Broker>
<!-- DEV -->
<com.gpscsp.Inquiry.GPSCSP_SourceInquiry_MF intServ="EEMSIIB_GPSCSP_SOURCEINQ" env="dev" override="additionalInstances">3</com.gpscsp.Inquiry.GPSCSP_SourceInquiry_MF>
<com.gpscsp.Inquiry.GPSCSP_SourceInquiry_MF intServ="EEMSIIB_GPSCSP_SOURCEINQ" env="dev" override="BrkConfigKey">BRK_CONFIG</com.gpscsp.Inquiry.GPSCSP_SourceInquiry_MF>
<com.gpscsp.Inquiry.GPSCSP_SourceInquiry_MF intServ="EEMSIIB_GPSCSP_SOURCEINQ" env="dev" override="SchemaName">ELECELIG</com.gpscsp.Inquiry.GPSCSP_SourceInquiry_MF>
<com.gpscsp.Inquiry.GPSCSP_SourceInquiry_MF intServ="EEMSIIB_GPSCSP_SOURCEINQ" env="dev" override="instance">CSP</com.gpscsp.Inquiry.GPSCSP_SourceInquiry_MF>
<com.gpscsp.Inquiry.GPSCSP_SourceInquiry_MF intServ="EEMSIIB_GPSCSP_SOURCEINQ" env="dev" override="clientCode">EEMS</com.gpscsp.Inquiry.GPSCSP_SourceInquiry_MF>
<com.gpscsp.Inquiry.GPSCSP_SourceInquiry_MF intServ="EEMSIIB_GPSCSP_SOURCEINQ" env="dev" override="GlobalCacheMap">GPSCSP_Common_Map</com.gpscsp.Inquiry.GPSCSP_SourceInquiry_MF>
<com.gpscsp.Inquiry.GPSCSP_SourceInquiry_MF intServ="EEMSIIB_GPSCSP_SOURCEINQ" env="dev" override="MedicarerequestType">Medicare</com.gpscsp.Inquiry.GPSCSP_SourceInquiry_MF>
<com.gpscsp.Inquiry.GPSCSP_SourceInquiry_MF intServ="EEMSIIB_GPSCSP_SOURCEINQ" env="dev" override="RetryNoOfTimes">3</com.gpscsp.Inquiry.GPSCSP_SourceInquiry_MF>
<com.gpscsp.Inquiry.GPSCSP_SourceInquiry_MF intServ="EEMSIIB_GPSCSP_SOURCEINQ" env="dev" override="sleepInterval">5000</com.gpscsp.Inquiry.GPSCSP_SourceInquiry_MF>
<com.gpscsp.Inquiry.GPSCSP_SourceInquiry_MF intServ="EEMSIIB_GPSCSP_SOURCEINQ" env="dev" override="CSP_IN">EEMSIIB.GPSCSP_SOURCE_CSP_IN</com.gpscsp.Inquiry.GPSCSP_SourceInquiry_MF>
<com.gpscsp.Inquiry.GPSCSP_SourceInquiry_MF intServ="EEMSIIB_GPSCSP_SOURCEINQ" env="dev" override="TRANSFORM_IN">EEMSIIB.GPSCSP_SOURCE_TRANSFORM_IN</com.gpscsp.Inquiry.GPSCSP_SourceInquiry_MF>
<com.gpscsp.Inquiry.GPSCSP_SourceInquiry_MF intServ="EEMSIIB_GPSCSP_SOURCEINQ" env="dev" override="AuditQName">EEMSIIB.GPSCSP_COMMON_AUDITMESSAGE_DATA</com.gpscsp.Inquiry.GPSCSP_SourceInquiry_MF>
<com.gpscsp.Inquiry.GPSCSP_SourceInquiry_MF intServ="EEMSIIB_GPSCSP_SOURCEINQ" env="dev" override="BECode">700</com.gpscsp.Inquiry.GPSCSP_SourceInquiry_MF>
<com.gpscsp.Inquiry.GPSCSP_SourceInquiry_MF intServ="EEMSIIB_GPSCSP_SOURCEINQ" env="dev" override="ProjNumber">2</com.gpscsp.Inquiry.GPSCSP_SourceInquiry_MF>
<com.gpscsp.Inquiry.GPSCSP_SourceInquiry_MF intServ="EEMSIIB_GPSCSP_SOURCEINQ" env="dev" override="MedicaidrequestType">Medicaid</com.gpscsp.Inquiry.GPSCSP_SourceInquiry_MF>
<com.gpscsp.Inquiry.GPSCSP_SourceInquiry_MF intServ="EEMSIIB_GPSCSP_SOURCEINQ" env="dev" override="SourceProfileMap">GPSCSP_CustomerProfile_Map</com.gpscsp.Inquiry.GPSCSP_SourceInquiry_MF>
<com.gpscsp.Inquiry.GPSCSP_SourceInquiry_MF intServ="EEMSIIB_GPSCSP_SOURCEINQ" env="dev" override="Build_CSPRequest.dataSource">E3CSP_DB</com.gpscsp.Inquiry.GPSCSP_SourceInquiry_MF>
<com.gpscsp.Inquiry.GPSCSP_SourceInquiry_MF intServ="EEMSIIB_GPSCSP_SOURCEINQ" env="dev" override="EEMSIIB.GPSCSP_ERRORMESSAGE_DATA.queueName">EEMSIIB.GPSCSP_ERRORMESSAGE_DATA</com.gpscsp.Inquiry.GPSCSP_SourceInquiry_MF>
<com.gpscsp.Inquiry.GPSCSP_SourceInquiry_MF intServ="EEMSIIB_GPSCSP_SOURCEINQ" env="dev" override="EEMSIIB.GPSCSP_SOURCE_CSP_IN.componentLevel">node</com.gpscsp.Inquiry.GPSCSP_SourceInquiry_MF>
<com.gpscsp.Inquiry.GPSCSP_SourceInquiry_MF intServ="EEMSIIB_GPSCSP_SOURCEINQ" env="dev" override="EEMSIIB.GPSCSP_SOURCE_CSP_IN.additionalInstances">3</com.gpscsp.Inquiry.GPSCSP_SourceInquiry_MF>
<com.gpscsp.Inquiry.GPSCSP_SourceInquiry_MF intServ="EEMSIIB_GPSCSP_SOURCEINQ" env="dev" override="SourceInq_ProcessException.dataSource">E3CSP_DB</com.gpscsp.Inquiry.GPSCSP_SourceInquiry_MF>
<com.gpscsp.Inquiry.GPSCSP_SourceInquiry_MF intServ="EEMSIIB_GPSCSP_SOURCEINQ" env="dev" override="getConsolidatedMember_MemberServiceV1_0_CallingCSP.webServiceURL">https://api-int-stg.uhc.com:8443/web/ca4f/enrollment/members/V2/dev6</com.gpscsp.Inquiry.GPSCSP_SourceInquiry_MF>
<com.gpscsp.Inquiry.GPSCSP_SourceInquiry_MF intServ="EEMSIIB_GPSCSP_SOURCEINQ" env="dev" override="EEMSIIB.GPSCSP_PROC_FL_STS_EVENT_IN.queueName">EEMSIIB.GPSCSP_PROC_FL_STS_EVENT_IN</com.gpscsp.Inquiry.GPSCSP_SourceInquiry_MF>
<com.gpscsp.Inquiry.getConsolidatedMember_MemberServiceV1_0_CallingCSP intServ="EEMSIIB_GPSCSP_SOURCEINQ" env="dev" override="webServiceURL">https://api-int-stg.uhc.com:8443/web/ca4f/enrollment/members/V2/dev6</com.gpscsp.Inquiry.getConsolidatedMember_MemberServiceV1_0_CallingCSP>
<com.gpscsp.Inquiry.getConsolidatedMember_MemberServiceV1_0_CallingCSP intServ="EEMSIIB_GPSCSP_SOURCEINQ" env="dev" override="Request.sslProtocol">SSL_TLSv2</com.gpscsp.Inquiry.getConsolidatedMember_MemberServiceV1_0_CallingCSP>
<com.gpscsp.Inquiry.getConsolidatedMember_MemberServiceV1_0_CallingCSP intServ="EEMSIIB_GPSCSP_SOURCEINQ" env="dev" override="Request.validateMaster">none</com.gpscsp.Inquiry.getConsolidatedMember_MemberServiceV1_0_CallingCSP>

<!-- SIT -->
<com.gpscsp.Inquiry.GPSCSP_SourceInquiry_MF intServ="EEMSIIB_GPSCSP_SOURCEINQ" env="test" override="additionalInstances">3</com.gpscsp.Inquiry.GPSCSP_SourceInquiry_MF>
<com.gpscsp.Inquiry.GPSCSP_SourceInquiry_MF intServ="EEMSIIB_GPSCSP_SOURCEINQ" env="test" override="BrkConfigKey">BRK_CONFIG</com.gpscsp.Inquiry.GPSCSP_SourceInquiry_MF>
<com.gpscsp.Inquiry.GPSCSP_SourceInquiry_MF intServ="EEMSIIB_GPSCSP_SOURCEINQ" env="test" override="SchemaName">ELECELIG</com.gpscsp.Inquiry.GPSCSP_SourceInquiry_MF>
<com.gpscsp.Inquiry.GPSCSP_SourceInquiry_MF intServ="EEMSIIB_GPSCSP_SOURCEINQ" env="test" override="instance">CSP</com.gpscsp.Inquiry.GPSCSP_SourceInquiry_MF>
<com.gpscsp.Inquiry.GPSCSP_SourceInquiry_MF intServ="EEMSIIB_GPSCSP_SOURCEINQ" env="test" override="clientCode">EEMS</com.gpscsp.Inquiry.GPSCSP_SourceInquiry_MF>
<com.gpscsp.Inquiry.GPSCSP_SourceInquiry_MF intServ="EEMSIIB_GPSCSP_SOURCEINQ" env="test" override="GlobalCacheMap">GPSCSP_Common_Map</com.gpscsp.Inquiry.GPSCSP_SourceInquiry_MF>
<com.gpscsp.Inquiry.GPSCSP_SourceInquiry_MF intServ="EEMSIIB_GPSCSP_SOURCEINQ" env="test" override="MedicarerequestType">Medicare</com.gpscsp.Inquiry.GPSCSP_SourceInquiry_MF>
<com.gpscsp.Inquiry.GPSCSP_SourceInquiry_MF intServ="EEMSIIB_GPSCSP_SOURCEINQ" env="test" override="RetryNoOfTimes">3</com.gpscsp.Inquiry.GPSCSP_SourceInquiry_MF>
<com.gpscsp.Inquiry.GPSCSP_SourceInquiry_MF intServ="EEMSIIB_GPSCSP_SOURCEINQ" env="test" override="sleepInterval">5000</com.gpscsp.Inquiry.GPSCSP_SourceInquiry_MF>
<com.gpscsp.Inquiry.GPSCSP_SourceInquiry_MF intServ="EEMSIIB_GPSCSP_SOURCEINQ" env="test" override="CSP_IN">EEMSIIB.GPSCSP_SOURCE_CSP_IN</com.gpscsp.Inquiry.GPSCSP_SourceInquiry_MF>
<com.gpscsp.Inquiry.GPSCSP_SourceInquiry_MF intServ="EEMSIIB_GPSCSP_SOURCEINQ" env="test" override="TRANSFORM_IN">EEMSIIB.GPSCSP_SOURCE_TRANSFORM_IN</com.gpscsp.Inquiry.GPSCSP_SourceInquiry_MF>
<com.gpscsp.Inquiry.GPSCSP_SourceInquiry_MF intServ="EEMSIIB_GPSCSP_SOURCEINQ" env="test" override="AuditQName">EEMSIIB.GPSCSP_COMMON_AUDITMESSAGE_DATA</com.gpscsp.Inquiry.GPSCSP_SourceInquiry_MF>
<com.gpscsp.Inquiry.GPSCSP_SourceInquiry_MF intServ="EEMSIIB_GPSCSP_SOURCEINQ" env="test" override="BECode">700</com.gpscsp.Inquiry.GPSCSP_SourceInquiry_MF>
<com.gpscsp.Inquiry.GPSCSP_SourceInquiry_MF intServ="EEMSIIB_GPSCSP_SOURCEINQ" env="test" override="ProjNumber">2</com.gpscsp.Inquiry.GPSCSP_SourceInquiry_MF>
<com.gpscsp.Inquiry.GPSCSP_SourceInquiry_MF intServ="EEMSIIB_GPSCSP_SOURCEINQ" env="test" override="MedicaidrequestType">Medicaid</com.gpscsp.Inquiry.GPSCSP_SourceInquiry_MF>
<com.gpscsp.Inquiry.GPSCSP_SourceInquiry_MF intServ="EEMSIIB_GPSCSP_SOURCEINQ" env="test" override="SourceProfileMap">GPSCSP_CustomerProfile_Map</com.gpscsp.Inquiry.GPSCSP_SourceInquiry_MF>
<com.gpscsp.Inquiry.GPSCSP_SourceInquiry_MF intServ="EEMSIIB_GPSCSP_SOURCEINQ" env="test" override="Build_CSPRequest.dataSource">E3CSP_DB</com.gpscsp.Inquiry.GPSCSP_SourceInquiry_MF>
<com.gpscsp.Inquiry.GPSCSP_SourceInquiry_MF intServ="EEMSIIB_GPSCSP_SOURCEINQ" env="test" override="EEMSIIB.GPSCSP_ERRORMESSAGE_DATA.queueName">EEMSIIB.GPSCSP_ERRORMESSAGE_DATA</com.gpscsp.Inquiry.GPSCSP_SourceInquiry_MF>
<com.gpscsp.Inquiry.GPSCSP_SourceInquiry_MF intServ="EEMSIIB_GPSCSP_SOURCEINQ" env="test" override="EEMSIIB.GPSCSP_SOURCE_CSP_IN.componentLevel">node</com.gpscsp.Inquiry.GPSCSP_SourceInquiry_MF>
<com.gpscsp.Inquiry.GPSCSP_SourceInquiry_MF intServ="EEMSIIB_GPSCSP_SOURCEINQ" env="test" override="EEMSIIB.GPSCSP_SOURCE_CSP_IN.additionalInstances">3</com.gpscsp.Inquiry.GPSCSP_SourceInquiry_MF>
<com.gpscsp.Inquiry.GPSCSP_SourceInquiry_MF intServ="EEMSIIB_GPSCSP_SOURCEINQ" env="test" override="SourceInq_ProcessException.dataSource">E3CSP_DB</com.gpscsp.Inquiry.GPSCSP_SourceInquiry_MF>
<com.gpscsp.Inquiry.GPSCSP_SourceInquiry_MF intServ="EEMSIIB_GPSCSP_SOURCEINQ" env="test" override="getConsolidatedMember_MemberServiceV1_0_CallingCSP.webServiceURL">https://api-int-stg.uhc.com:8444/web/ca4f/enrollment/members/V2/test11</com.gpscsp.Inquiry.GPSCSP_SourceInquiry_MF>
<com.gpscsp.Inquiry.GPSCSP_SourceInquiry_MF intServ="EEMSIIB_GPSCSP_SOURCEINQ" env="test" override="EEMSIIB.GPSCSP_PROC_FL_STS_EVENT_IN.queueName">EEMSIIB.GPSCSP_PROC_FL_STS_EVENT_IN</com.gpscsp.Inquiry.GPSCSP_SourceInquiry_MF>
<com.gpscsp.Inquiry.getConsolidatedMember_MemberServiceV1_0_CallingCSP intServ="EEMSIIB_GPSCSP_SOURCEINQ" env="test" override="webServiceURL">https://api-int-stg.uhc.com:8444/web/ca4f/enrollment/members/V2/test11</com.gpscsp.Inquiry.getConsolidatedMember_MemberServiceV1_0_CallingCSP>
<com.gpscsp.Inquiry.getConsolidatedMember_MemberServiceV1_0_CallingCSP intServ="EEMSIIB_GPSCSP_SOURCEINQ" env="test" override="Request.sslProtocol">SSL_TLSv2</com.gpscsp.Inquiry.getConsolidatedMember_MemberServiceV1_0_CallingCSP>
<com.gpscsp.Inquiry.getConsolidatedMember_MemberServiceV1_0_CallingCSP intServ="EEMSIIB_GPSCSP_SOURCEINQ" env="test" override="Request.validateMaster">none</com.gpscsp.Inquiry.getConsolidatedMember_MemberServiceV1_0_CallingCSP>


<!-- SIT Bravo-->
<com.gpscsp.Inquiry.GPSCSP_SourceInquiry_MF intServ="EEMSIIB_GPSCSP_SOURCEINQ" env="test2" override="additionalInstances">3</com.gpscsp.Inquiry.GPSCSP_SourceInquiry_MF>
<com.gpscsp.Inquiry.GPSCSP_SourceInquiry_MF intServ="EEMSIIB_GPSCSP_SOURCEINQ" env="test2" override="BrkConfigKey">BRK_CONFIG</com.gpscsp.Inquiry.GPSCSP_SourceInquiry_MF>
<com.gpscsp.Inquiry.GPSCSP_SourceInquiry_MF intServ="EEMSIIB_GPSCSP_SOURCEINQ" env="test2" override="SchemaName">ELECELIG</com.gpscsp.Inquiry.GPSCSP_SourceInquiry_MF>
<com.gpscsp.Inquiry.GPSCSP_SourceInquiry_MF intServ="EEMSIIB_GPSCSP_SOURCEINQ" env="test2" override="instance">CSP</com.gpscsp.Inquiry.GPSCSP_SourceInquiry_MF>
<com.gpscsp.Inquiry.GPSCSP_SourceInquiry_MF intServ="EEMSIIB_GPSCSP_SOURCEINQ" env="test2" override="clientCode">EEMS</com.gpscsp.Inquiry.GPSCSP_SourceInquiry_MF>
<com.gpscsp.Inquiry.GPSCSP_SourceInquiry_MF intServ="EEMSIIB_GPSCSP_SOURCEINQ" env="test2" override="GlobalCacheMap">GPSCSP_Common_Map</com.gpscsp.Inquiry.GPSCSP_SourceInquiry_MF>
<com.gpscsp.Inquiry.GPSCSP_SourceInquiry_MF intServ="EEMSIIB_GPSCSP_SOURCEINQ" env="test2" override="MedicarerequestType">Medicare</com.gpscsp.Inquiry.GPSCSP_SourceInquiry_MF>
<com.gpscsp.Inquiry.GPSCSP_SourceInquiry_MF intServ="EEMSIIB_GPSCSP_SOURCEINQ" env="test2" override="RetryNoOfTimes">3</com.gpscsp.Inquiry.GPSCSP_SourceInquiry_MF>
<com.gpscsp.Inquiry.GPSCSP_SourceInquiry_MF intServ="EEMSIIB_GPSCSP_SOURCEINQ" env="test2" override="sleepInterval">5000</com.gpscsp.Inquiry.GPSCSP_SourceInquiry_MF>
<com.gpscsp.Inquiry.GPSCSP_SourceInquiry_MF intServ="EEMSIIB_GPSCSP_SOURCEINQ" env="test2" override="CSP_IN">EEMSIIB.GPSCSP_SOURCE_CSP_IN</com.gpscsp.Inquiry.GPSCSP_SourceInquiry_MF>
<com.gpscsp.Inquiry.GPSCSP_SourceInquiry_MF intServ="EEMSIIB_GPSCSP_SOURCEINQ" env="test2" override="TRANSFORM_IN">EEMSIIB.GPSCSP_SOURCE_TRANSFORM_IN</com.gpscsp.Inquiry.GPSCSP_SourceInquiry_MF>
<com.gpscsp.Inquiry.GPSCSP_SourceInquiry_MF intServ="EEMSIIB_GPSCSP_SOURCEINQ" env="test2" override="AuditQName">EEMSIIB.GPSCSP_COMMON_AUDITMESSAGE_DATA</com.gpscsp.Inquiry.GPSCSP_SourceInquiry_MF>
<com.gpscsp.Inquiry.GPSCSP_SourceInquiry_MF intServ="EEMSIIB_GPSCSP_SOURCEINQ" env="test2" override="BECode">700</com.gpscsp.Inquiry.GPSCSP_SourceInquiry_MF>
<com.gpscsp.Inquiry.GPSCSP_SourceInquiry_MF intServ="EEMSIIB_GPSCSP_SOURCEINQ" env="test2" override="ProjNumber">2</com.gpscsp.Inquiry.GPSCSP_SourceInquiry_MF>
<com.gpscsp.Inquiry.GPSCSP_SourceInquiry_MF intServ="EEMSIIB_GPSCSP_SOURCEINQ" env="test2" override="MedicaidrequestType">Medicaid</com.gpscsp.Inquiry.GPSCSP_SourceInquiry_MF>
<com.gpscsp.Inquiry.GPSCSP_SourceInquiry_MF intServ="EEMSIIB_GPSCSP_SOURCEINQ" env="test2" override="SourceProfileMap">GPSCSP_CustomerProfile_Map</com.gpscsp.Inquiry.GPSCSP_SourceInquiry_MF>
<com.gpscsp.Inquiry.GPSCSP_SourceInquiry_MF intServ="EEMSIIB_GPSCSP_SOURCEINQ" env="test2" override="Build_CSPRequest.dataSource">E3CSP_DB</com.gpscsp.Inquiry.GPSCSP_SourceInquiry_MF>
<com.gpscsp.Inquiry.GPSCSP_SourceInquiry_MF intServ="EEMSIIB_GPSCSP_SOURCEINQ" env="test2" override="EEMSIIB.GPSCSP_ERRORMESSAGE_DATA.queueName">EEMSIIB.GPSCSP_ERRORMESSAGE_DATA</com.gpscsp.Inquiry.GPSCSP_SourceInquiry_MF>
<com.gpscsp.Inquiry.GPSCSP_SourceInquiry_MF intServ="EEMSIIB_GPSCSP_SOURCEINQ" env="test2" override="EEMSIIB.GPSCSP_SOURCE_CSP_IN.componentLevel">node</com.gpscsp.Inquiry.GPSCSP_SourceInquiry_MF>
<com.gpscsp.Inquiry.GPSCSP_SourceInquiry_MF intServ="EEMSIIB_GPSCSP_SOURCEINQ" env="test2" override="EEMSIIB.GPSCSP_SOURCE_CSP_IN.additionalInstances">3</com.gpscsp.Inquiry.GPSCSP_SourceInquiry_MF>
<com.gpscsp.Inquiry.GPSCSP_SourceInquiry_MF intServ="EEMSIIB_GPSCSP_SOURCEINQ" env="test2" override="SourceInq_ProcessException.dataSource">E3CSP_DB</com.gpscsp.Inquiry.GPSCSP_SourceInquiry_MF>
<com.gpscsp.Inquiry.GPSCSP_SourceInquiry_MF intServ="EEMSIIB_GPSCSP_SOURCEINQ" env="test2" override="getConsolidatedMember_MemberServiceV1_0_CallingCSP.webServiceURL">https://api-int-stg.uhc.com:8444/web/ca4f/enrollment/members/V2/test5</com.gpscsp.Inquiry.GPSCSP_SourceInquiry_MF>
<com.gpscsp.Inquiry.GPSCSP_SourceInquiry_MF intServ="EEMSIIB_GPSCSP_SOURCEINQ" env="test2" override="EEMSIIB.GPSCSP_PROC_FL_STS_EVENT_IN.queueName">EEMSIIB.GPSCSP_PROC_FL_STS_EVENT_IN</com.gpscsp.Inquiry.GPSCSP_SourceInquiry_MF>
<com.gpscsp.Inquiry.getConsolidatedMember_MemberServiceV1_0_CallingCSP intServ="EEMSIIB_GPSCSP_SOURCEINQ" env="test2" override="webServiceURL">https://api-int-stg.uhc.com:8444/web/ca4f/enrollment/members/V2/test5</com.gpscsp.Inquiry.getConsolidatedMember_MemberServiceV1_0_CallingCSP>
<com.gpscsp.Inquiry.getConsolidatedMember_MemberServiceV1_0_CallingCSP intServ="EEMSIIB_GPSCSP_SOURCEINQ" env="test2" override="Request.sslProtocol">SSL_TLSv2</com.gpscsp.Inquiry.getConsolidatedMember_MemberServiceV1_0_CallingCSP>
<com.gpscsp.Inquiry.getConsolidatedMember_MemberServiceV1_0_CallingCSP intServ="EEMSIIB_GPSCSP_SOURCEINQ" env="test2" override="Request.validateMaster">none</com.gpscsp.Inquiry.getConsolidatedMember_MemberServiceV1_0_CallingCSP>


<!-- SIT Charlie-->
<com.gpscsp.Inquiry.GPSCSP_SourceInquiry_MF intServ="EEMSIIB_GPSCSP_SOURCEINQ" env="test-charlie" override="additionalInstances">3</com.gpscsp.Inquiry.GPSCSP_SourceInquiry_MF>
<com.gpscsp.Inquiry.GPSCSP_SourceInquiry_MF intServ="EEMSIIB_GPSCSP_SOURCEINQ" env="test-charlie" override="BrkConfigKey">BRK_CONFIG</com.gpscsp.Inquiry.GPSCSP_SourceInquiry_MF>
<com.gpscsp.Inquiry.GPSCSP_SourceInquiry_MF intServ="EEMSIIB_GPSCSP_SOURCEINQ" env="test-charlie" override="SchemaName">ELECELIG</com.gpscsp.Inquiry.GPSCSP_SourceInquiry_MF>
<com.gpscsp.Inquiry.GPSCSP_SourceInquiry_MF intServ="EEMSIIB_GPSCSP_SOURCEINQ" env="test-charlie" override="instance">CSP</com.gpscsp.Inquiry.GPSCSP_SourceInquiry_MF>
<com.gpscsp.Inquiry.GPSCSP_SourceInquiry_MF intServ="EEMSIIB_GPSCSP_SOURCEINQ" env="test-charlie" override="clientCode">EEMS</com.gpscsp.Inquiry.GPSCSP_SourceInquiry_MF>
<com.gpscsp.Inquiry.GPSCSP_SourceInquiry_MF intServ="EEMSIIB_GPSCSP_SOURCEINQ" env="test-charlie" override="GlobalCacheMap">GPSCSP_Common_Map</com.gpscsp.Inquiry.GPSCSP_SourceInquiry_MF>
<com.gpscsp.Inquiry.GPSCSP_SourceInquiry_MF intServ="EEMSIIB_GPSCSP_SOURCEINQ" env="test-charlie" override="MedicarerequestType">Medicare</com.gpscsp.Inquiry.GPSCSP_SourceInquiry_MF>
<com.gpscsp.Inquiry.GPSCSP_SourceInquiry_MF intServ="EEMSIIB_GPSCSP_SOURCEINQ" env="test-charlie" override="RetryNoOfTimes">3</com.gpscsp.Inquiry.GPSCSP_SourceInquiry_MF>
<com.gpscsp.Inquiry.GPSCSP_SourceInquiry_MF intServ="EEMSIIB_GPSCSP_SOURCEINQ" env="test-charlie" override="sleepInterval">5000</com.gpscsp.Inquiry.GPSCSP_SourceInquiry_MF>
<com.gpscsp.Inquiry.GPSCSP_SourceInquiry_MF intServ="EEMSIIB_GPSCSP_SOURCEINQ" env="test-charlie" override="CSP_IN">EEMSIIB.GPSCSP_SOURCE_CSP_IN</com.gpscsp.Inquiry.GPSCSP_SourceInquiry_MF>
<com.gpscsp.Inquiry.GPSCSP_SourceInquiry_MF intServ="EEMSIIB_GPSCSP_SOURCEINQ" env="test-charlie" override="TRANSFORM_IN">EEMSIIB.GPSCSP_SOURCE_TRANSFORM_IN</com.gpscsp.Inquiry.GPSCSP_SourceInquiry_MF>
<com.gpscsp.Inquiry.GPSCSP_SourceInquiry_MF intServ="EEMSIIB_GPSCSP_SOURCEINQ" env="test-charlie" override="AuditQName">EEMSIIB.GPSCSP_COMMON_AUDITMESSAGE_DATA</com.gpscsp.Inquiry.GPSCSP_SourceInquiry_MF>
<com.gpscsp.Inquiry.GPSCSP_SourceInquiry_MF intServ="EEMSIIB_GPSCSP_SOURCEINQ" env="test-charlie" override="BECode">700</com.gpscsp.Inquiry.GPSCSP_SourceInquiry_MF>
<com.gpscsp.Inquiry.GPSCSP_SourceInquiry_MF intServ="EEMSIIB_GPSCSP_SOURCEINQ" env="test-charlie" override="ProjNumber">2</com.gpscsp.Inquiry.GPSCSP_SourceInquiry_MF>
<com.gpscsp.Inquiry.GPSCSP_SourceInquiry_MF intServ="EEMSIIB_GPSCSP_SOURCEINQ" env="test-charlie" override="MedicaidrequestType">Medicaid</com.gpscsp.Inquiry.GPSCSP_SourceInquiry_MF>
<com.gpscsp.Inquiry.GPSCSP_SourceInquiry_MF intServ="EEMSIIB_GPSCSP_SOURCEINQ" env="test-charlie" override="SourceProfileMap">GPSCSP_CustomerProfile_Map</com.gpscsp.Inquiry.GPSCSP_SourceInquiry_MF>
<com.gpscsp.Inquiry.GPSCSP_SourceInquiry_MF intServ="EEMSIIB_GPSCSP_SOURCEINQ" env="test-charlie" override="Build_CSPRequest.dataSource">E3CSP_DB</com.gpscsp.Inquiry.GPSCSP_SourceInquiry_MF>
<com.gpscsp.Inquiry.GPSCSP_SourceInquiry_MF intServ="EEMSIIB_GPSCSP_SOURCEINQ" env="test-charlie" override="EEMSIIB.GPSCSP_ERRORMESSAGE_DATA.queueName">EEMSIIB.GPSCSP_ERRORMESSAGE_DATA</com.gpscsp.Inquiry.GPSCSP_SourceInquiry_MF>
<com.gpscsp.Inquiry.GPSCSP_SourceInquiry_MF intServ="EEMSIIB_GPSCSP_SOURCEINQ" env="test-charlie" override="EEMSIIB.GPSCSP_SOURCE_CSP_IN.componentLevel">node</com.gpscsp.Inquiry.GPSCSP_SourceInquiry_MF>
<com.gpscsp.Inquiry.GPSCSP_SourceInquiry_MF intServ="EEMSIIB_GPSCSP_SOURCEINQ" env="test-charlie" override="EEMSIIB.GPSCSP_SOURCE_CSP_IN.additionalInstances">3</com.gpscsp.Inquiry.GPSCSP_SourceInquiry_MF>
<com.gpscsp.Inquiry.GPSCSP_SourceInquiry_MF intServ="EEMSIIB_GPSCSP_SOURCEINQ" env="test-charlie" override="SourceInq_ProcessException.dataSource">E3CSP_DB</com.gpscsp.Inquiry.GPSCSP_SourceInquiry_MF>
<com.gpscsp.Inquiry.GPSCSP_SourceInquiry_MF intServ="EEMSIIB_GPSCSP_SOURCEINQ" env="test-charlie" override="getConsolidatedMember_MemberServiceV1_0_CallingCSP.webServiceURL">https://api-int-stg.uhc.com:8444/web/ca4f/enrollment/members/V2/test1</com.gpscsp.Inquiry.GPSCSP_SourceInquiry_MF>
<com.gpscsp.Inquiry.GPSCSP_SourceInquiry_MF intServ="EEMSIIB_GPSCSP_SOURCEINQ" env="test-charlie" override="EEMSIIB.GPSCSP_PROC_FL_STS_EVENT_IN.queueName">EEMSIIB.GPSCSP_PROC_FL_STS_EVENT_IN</com.gpscsp.Inquiry.GPSCSP_SourceInquiry_MF>
<com.gpscsp.Inquiry.getConsolidatedMember_MemberServiceV1_0_CallingCSP intServ="EEMSIIB_GPSCSP_SOURCEINQ" env="test-charlie" override="webServiceURL">https://api-int-stg.uhc.com:8444/web/ca4f/enrollment/members/V2/test1</com.gpscsp.Inquiry.getConsolidatedMember_MemberServiceV1_0_CallingCSP>
<com.gpscsp.Inquiry.getConsolidatedMember_MemberServiceV1_0_CallingCSP intServ="EEMSIIB_GPSCSP_SOURCEINQ" env="test-charlie" override="Request.sslProtocol">TLS</com.gpscsp.Inquiry.getConsolidatedMember_MemberServiceV1_0_CallingCSP>
<com.gpscsp.Inquiry.getConsolidatedMember_MemberServiceV1_0_CallingCSP intServ="EEMSIIB_GPSCSP_SOURCEINQ" env="test-charlie" override="Request.validateMaster">none</com.gpscsp.Inquiry.getConsolidatedMember_MemberServiceV1_0_CallingCSP>

<!-- UAT -->
<com.gpscsp.Inquiry.GPSCSP_SourceInquiry_MF intServ="EEMSIIB_GPSCSP_SOURCEINQ" env="uat" override="additionalInstances">3</com.gpscsp.Inquiry.GPSCSP_SourceInquiry_MF>
<com.gpscsp.Inquiry.GPSCSP_SourceInquiry_MF intServ="EEMSIIB_GPSCSP_SOURCEINQ" env="uat" override="BrkConfigKey">BRK_CONFIG</com.gpscsp.Inquiry.GPSCSP_SourceInquiry_MF>
<com.gpscsp.Inquiry.GPSCSP_SourceInquiry_MF intServ="EEMSIIB_GPSCSP_SOURCEINQ" env="uat" override="SchemaName">ELECELIG</com.gpscsp.Inquiry.GPSCSP_SourceInquiry_MF>
<com.gpscsp.Inquiry.GPSCSP_SourceInquiry_MF intServ="EEMSIIB_GPSCSP_SOURCEINQ" env="uat" override="instance">CSP</com.gpscsp.Inquiry.GPSCSP_SourceInquiry_MF>
<com.gpscsp.Inquiry.GPSCSP_SourceInquiry_MF intServ="EEMSIIB_GPSCSP_SOURCEINQ" env="uat" override="clientCode">EEMS</com.gpscsp.Inquiry.GPSCSP_SourceInquiry_MF>
<com.gpscsp.Inquiry.GPSCSP_SourceInquiry_MF intServ="EEMSIIB_GPSCSP_SOURCEINQ" env="uat" override="GlobalCacheMap">GPSCSP_Common_Map</com.gpscsp.Inquiry.GPSCSP_SourceInquiry_MF>
<com.gpscsp.Inquiry.GPSCSP_SourceInquiry_MF intServ="EEMSIIB_GPSCSP_SOURCEINQ" env="uat" override="MedicarerequestType">Medicare</com.gpscsp.Inquiry.GPSCSP_SourceInquiry_MF>
<com.gpscsp.Inquiry.GPSCSP_SourceInquiry_MF intServ="EEMSIIB_GPSCSP_SOURCEINQ" env="uat" override="RetryNoOfTimes">3</com.gpscsp.Inquiry.GPSCSP_SourceInquiry_MF>
<com.gpscsp.Inquiry.GPSCSP_SourceInquiry_MF intServ="EEMSIIB_GPSCSP_SOURCEINQ" env="uat" override="sleepInterval">5000</com.gpscsp.Inquiry.GPSCSP_SourceInquiry_MF>
<com.gpscsp.Inquiry.GPSCSP_SourceInquiry_MF intServ="EEMSIIB_GPSCSP_SOURCEINQ" env="uat" override="CSP_IN">EEMSIIB.GPSCSP_SOURCE_CSP_IN</com.gpscsp.Inquiry.GPSCSP_SourceInquiry_MF>
<com.gpscsp.Inquiry.GPSCSP_SourceInquiry_MF intServ="EEMSIIB_GPSCSP_SOURCEINQ" env="uat" override="TRANSFORM_IN">EEMSIIB.GPSCSP_SOURCE_TRANSFORM_IN</com.gpscsp.Inquiry.GPSCSP_SourceInquiry_MF>
<com.gpscsp.Inquiry.GPSCSP_SourceInquiry_MF intServ="EEMSIIB_GPSCSP_SOURCEINQ" env="uat" override="AuditQName">EEMSIIB.GPSCSP_COMMON_AUDITMESSAGE_DATA</com.gpscsp.Inquiry.GPSCSP_SourceInquiry_MF>
<com.gpscsp.Inquiry.GPSCSP_SourceInquiry_MF intServ="EEMSIIB_GPSCSP_SOURCEINQ" env="uat" override="BECode">700</com.gpscsp.Inquiry.GPSCSP_SourceInquiry_MF>
<com.gpscsp.Inquiry.GPSCSP_SourceInquiry_MF intServ="EEMSIIB_GPSCSP_SOURCEINQ" env="uat" override="ProjNumber">2</com.gpscsp.Inquiry.GPSCSP_SourceInquiry_MF>
<com.gpscsp.Inquiry.GPSCSP_SourceInquiry_MF intServ="EEMSIIB_GPSCSP_SOURCEINQ" env="uat" override="MedicaidrequestType">Medicaid</com.gpscsp.Inquiry.GPSCSP_SourceInquiry_MF>
<com.gpscsp.Inquiry.GPSCSP_SourceInquiry_MF intServ="EEMSIIB_GPSCSP_SOURCEINQ" env="uat" override="SourceProfileMap">GPSCSP_CustomerProfile_Map</com.gpscsp.Inquiry.GPSCSP_SourceInquiry_MF>
<com.gpscsp.Inquiry.GPSCSP_SourceInquiry_MF intServ="EEMSIIB_GPSCSP_SOURCEINQ" env="uat" override="Build_CSPRequest.dataSource">E3CSP_DB</com.gpscsp.Inquiry.GPSCSP_SourceInquiry_MF>
<com.gpscsp.Inquiry.GPSCSP_SourceInquiry_MF intServ="EEMSIIB_GPSCSP_SOURCEINQ" env="uat" override="EEMSIIB.GPSCSP_ERRORMESSAGE_DATA.queueName">EEMSIIB.GPSCSP_ERRORMESSAGE_DATA</com.gpscsp.Inquiry.GPSCSP_SourceInquiry_MF>
<com.gpscsp.Inquiry.GPSCSP_SourceInquiry_MF intServ="EEMSIIB_GPSCSP_SOURCEINQ" env="uat" override="EEMSIIB.GPSCSP_SOURCE_CSP_IN.componentLevel">node</com.gpscsp.Inquiry.GPSCSP_SourceInquiry_MF>
<com.gpscsp.Inquiry.GPSCSP_SourceInquiry_MF intServ="EEMSIIB_GPSCSP_SOURCEINQ" env="uat" override="EEMSIIB.GPSCSP_SOURCE_CSP_IN.additionalInstances">3</com.gpscsp.Inquiry.GPSCSP_SourceInquiry_MF>
<com.gpscsp.Inquiry.GPSCSP_SourceInquiry_MF intServ="EEMSIIB_GPSCSP_SOURCEINQ" env="uat" override="SourceInq_ProcessException.dataSource">E3CSP_DB</com.gpscsp.Inquiry.GPSCSP_SourceInquiry_MF>
<com.gpscsp.Inquiry.GPSCSP_SourceInquiry_MF intServ="EEMSIIB_GPSCSP_SOURCEINQ" env="uat" override="getConsolidatedMember_MemberServiceV1_0_CallingCSP.webServiceURL">https://api-int-stg.uhc.com:8443/web/ca4f/enrollment/members/V2/test6</com.gpscsp.Inquiry.GPSCSP_SourceInquiry_MF>
<com.gpscsp.Inquiry.GPSCSP_SourceInquiry_MF intServ="EEMSIIB_GPSCSP_SOURCEINQ" env="uat" override="EEMSIIB.GPSCSP_PROC_FL_STS_EVENT_IN.queueName">EEMSIIB.GPSCSP_PROC_FL_STS_EVENT_IN</com.gpscsp.Inquiry.GPSCSP_SourceInquiry_MF>
<com.gpscsp.Inquiry.getConsolidatedMember_MemberServiceV1_0_CallingCSP intServ="EEMSIIB_GPSCSP_SOURCEINQ" env="uat" override="webServiceURL">https://api-int-stg.uhc.com:8443/web/ca4f/enrollment/members/V2/test6</com.gpscsp.Inquiry.getConsolidatedMember_MemberServiceV1_0_CallingCSP>
<com.gpscsp.Inquiry.getConsolidatedMember_MemberServiceV1_0_CallingCSP intServ="EEMSIIB_GPSCSP_SOURCEINQ" env="uat" override="Request.sslProtocol">SSL_TLSv2</com.gpscsp.Inquiry.getConsolidatedMember_MemberServiceV1_0_CallingCSP>
<com.gpscsp.Inquiry.getConsolidatedMember_MemberServiceV1_0_CallingCSP intServ="EEMSIIB_GPSCSP_SOURCEINQ" env="uat" override="Request.validateMaster">none</com.gpscsp.Inquiry.getConsolidatedMember_MemberServiceV1_0_CallingCSP>


<!-- UAT Bravo-->
<com.gpscsp.Inquiry.GPSCSP_SourceInquiry_MF intServ="EEMSIIB_GPSCSP_SOURCEINQ" env="uat-bravo" override="additionalInstances">3</com.gpscsp.Inquiry.GPSCSP_SourceInquiry_MF>
<com.gpscsp.Inquiry.GPSCSP_SourceInquiry_MF intServ="EEMSIIB_GPSCSP_SOURCEINQ" env="uat-bravo" override="BrkConfigKey">BRK_CONFIG</com.gpscsp.Inquiry.GPSCSP_SourceInquiry_MF>
<com.gpscsp.Inquiry.GPSCSP_SourceInquiry_MF intServ="EEMSIIB_GPSCSP_SOURCEINQ" env="uat-bravo" override="SchemaName">ELECELIG</com.gpscsp.Inquiry.GPSCSP_SourceInquiry_MF>
<com.gpscsp.Inquiry.GPSCSP_SourceInquiry_MF intServ="EEMSIIB_GPSCSP_SOURCEINQ" env="uat-bravo" override="instance">CSP</com.gpscsp.Inquiry.GPSCSP_SourceInquiry_MF>
<com.gpscsp.Inquiry.GPSCSP_SourceInquiry_MF intServ="EEMSIIB_GPSCSP_SOURCEINQ" env="uat-bravo" override="clientCode">EEMS</com.gpscsp.Inquiry.GPSCSP_SourceInquiry_MF>
<com.gpscsp.Inquiry.GPSCSP_SourceInquiry_MF intServ="EEMSIIB_GPSCSP_SOURCEINQ" env="uat-bravo" override="GlobalCacheMap">GPSCSP_Common_Map</com.gpscsp.Inquiry.GPSCSP_SourceInquiry_MF>
<com.gpscsp.Inquiry.GPSCSP_SourceInquiry_MF intServ="EEMSIIB_GPSCSP_SOURCEINQ" env="uat-bravo" override="MedicarerequestType">Medicare</com.gpscsp.Inquiry.GPSCSP_SourceInquiry_MF>
<com.gpscsp.Inquiry.GPSCSP_SourceInquiry_MF intServ="EEMSIIB_GPSCSP_SOURCEINQ" env="uat-bravo" override="RetryNoOfTimes">3</com.gpscsp.Inquiry.GPSCSP_SourceInquiry_MF>
<com.gpscsp.Inquiry.GPSCSP_SourceInquiry_MF intServ="EEMSIIB_GPSCSP_SOURCEINQ" env="uat-bravo" override="sleepInterval">5000</com.gpscsp.Inquiry.GPSCSP_SourceInquiry_MF>
<com.gpscsp.Inquiry.GPSCSP_SourceInquiry_MF intServ="EEMSIIB_GPSCSP_SOURCEINQ" env="uat-bravo" override="CSP_IN">EEMSIIB.GPSCSP_SOURCE_CSP_IN</com.gpscsp.Inquiry.GPSCSP_SourceInquiry_MF>
<com.gpscsp.Inquiry.GPSCSP_SourceInquiry_MF intServ="EEMSIIB_GPSCSP_SOURCEINQ" env="uat-bravo" override="TRANSFORM_IN">EEMSIIB.GPSCSP_SOURCE_TRANSFORM_IN</com.gpscsp.Inquiry.GPSCSP_SourceInquiry_MF>
<com.gpscsp.Inquiry.GPSCSP_SourceInquiry_MF intServ="EEMSIIB_GPSCSP_SOURCEINQ" env="uat-bravo" override="AuditQName">EEMSIIB.GPSCSP_COMMON_AUDITMESSAGE_DATA</com.gpscsp.Inquiry.GPSCSP_SourceInquiry_MF>
<com.gpscsp.Inquiry.GPSCSP_SourceInquiry_MF intServ="EEMSIIB_GPSCSP_SOURCEINQ" env="uat-bravo" override="BECode">700</com.gpscsp.Inquiry.GPSCSP_SourceInquiry_MF>
<com.gpscsp.Inquiry.GPSCSP_SourceInquiry_MF intServ="EEMSIIB_GPSCSP_SOURCEINQ" env="uat-bravo" override="ProjNumber">2</com.gpscsp.Inquiry.GPSCSP_SourceInquiry_MF>
<com.gpscsp.Inquiry.GPSCSP_SourceInquiry_MF intServ="EEMSIIB_GPSCSP_SOURCEINQ" env="uat-bravo" override="MedicaidrequestType">Medicaid</com.gpscsp.Inquiry.GPSCSP_SourceInquiry_MF>
<com.gpscsp.Inquiry.GPSCSP_SourceInquiry_MF intServ="EEMSIIB_GPSCSP_SOURCEINQ" env="uat-bravo" override="SourceProfileMap">GPSCSP_CustomerProfile_Map</com.gpscsp.Inquiry.GPSCSP_SourceInquiry_MF>
<com.gpscsp.Inquiry.GPSCSP_SourceInquiry_MF intServ="EEMSIIB_GPSCSP_SOURCEINQ" env="uat-bravo" override="Build_CSPRequest.dataSource">E3CSP_DB</com.gpscsp.Inquiry.GPSCSP_SourceInquiry_MF>
<com.gpscsp.Inquiry.GPSCSP_SourceInquiry_MF intServ="EEMSIIB_GPSCSP_SOURCEINQ" env="uat-bravo" override="EEMSIIB.GPSCSP_ERRORMESSAGE_DATA.queueName">EEMSIIB.GPSCSP_ERRORMESSAGE_DATA</com.gpscsp.Inquiry.GPSCSP_SourceInquiry_MF>
<com.gpscsp.Inquiry.GPSCSP_SourceInquiry_MF intServ="EEMSIIB_GPSCSP_SOURCEINQ" env="uat-bravo" override="EEMSIIB.GPSCSP_SOURCE_CSP_IN.componentLevel">node</com.gpscsp.Inquiry.GPSCSP_SourceInquiry_MF>
<com.gpscsp.Inquiry.GPSCSP_SourceInquiry_MF intServ="EEMSIIB_GPSCSP_SOURCEINQ" env="uat-bravo" override="EEMSIIB.GPSCSP_SOURCE_CSP_IN.additionalInstances">3</com.gpscsp.Inquiry.GPSCSP_SourceInquiry_MF>
<com.gpscsp.Inquiry.GPSCSP_SourceInquiry_MF intServ="EEMSIIB_GPSCSP_SOURCEINQ" env="uat-bravo" override="SourceInq_ProcessException.dataSource">E3CSP_DB</com.gpscsp.Inquiry.GPSCSP_SourceInquiry_MF>
<com.gpscsp.Inquiry.GPSCSP_SourceInquiry_MF intServ="EEMSIIB_GPSCSP_SOURCEINQ" env="uat-bravo" override="getConsolidatedMember_MemberServiceV1_0_CallingCSP.webServiceURL">https://api-int-stg.uhc.com:8443/web/ca4f/enrollment/members/V2/test6</com.gpscsp.Inquiry.GPSCSP_SourceInquiry_MF>
<com.gpscsp.Inquiry.GPSCSP_SourceInquiry_MF intServ="EEMSIIB_GPSCSP_SOURCEINQ" env="uat-bravo" override="EEMSIIB.GPSCSP_PROC_FL_STS_EVENT_IN.queueName">EEMSIIB.GPSCSP_PROC_FL_STS_EVENT_IN</com.gpscsp.Inquiry.GPSCSP_SourceInquiry_MF>
<com.gpscsp.Inquiry.getConsolidatedMember_MemberServiceV1_0_CallingCSP intServ="EEMSIIB_GPSCSP_SOURCEINQ" env="uat-bravo" override="webServiceURL">https://api-int-stg.uhc.com:8443/web/ca4f/enrollment/members/V2/test6</com.gpscsp.Inquiry.getConsolidatedMember_MemberServiceV1_0_CallingCSP>
<com.gpscsp.Inquiry.getConsolidatedMember_MemberServiceV1_0_CallingCSP intServ="EEMSIIB_GPSCSP_SOURCEINQ" env="uat-bravo" override="Request.sslProtocol">SSL_TLSv2</com.gpscsp.Inquiry.getConsolidatedMember_MemberServiceV1_0_CallingCSP>
<com.gpscsp.Inquiry.getConsolidatedMember_MemberServiceV1_0_CallingCSP intServ="EEMSIIB_GPSCSP_SOURCEINQ" env="uat-bravo" override="Request.validateMaster">none</com.gpscsp.Inquiry.getConsolidatedMember_MemberServiceV1_0_CallingCSP>

<!-- UAT Charlie-->
<com.gpscsp.Inquiry.GPSCSP_SourceInquiry_MF intServ="EEMSIIB_GPSCSP_SOURCEINQ" env="uat-charlie" override="additionalInstances">3</com.gpscsp.Inquiry.GPSCSP_SourceInquiry_MF>
<com.gpscsp.Inquiry.GPSCSP_SourceInquiry_MF intServ="EEMSIIB_GPSCSP_SOURCEINQ" env="uat-charlie" override="BrkConfigKey">BRK_CONFIG</com.gpscsp.Inquiry.GPSCSP_SourceInquiry_MF>
<com.gpscsp.Inquiry.GPSCSP_SourceInquiry_MF intServ="EEMSIIB_GPSCSP_SOURCEINQ" env="uat-charlie" override="SchemaName">ELECELIG</com.gpscsp.Inquiry.GPSCSP_SourceInquiry_MF>
<com.gpscsp.Inquiry.GPSCSP_SourceInquiry_MF intServ="EEMSIIB_GPSCSP_SOURCEINQ" env="uat-charlie" override="instance">CSP</com.gpscsp.Inquiry.GPSCSP_SourceInquiry_MF>
<com.gpscsp.Inquiry.GPSCSP_SourceInquiry_MF intServ="EEMSIIB_GPSCSP_SOURCEINQ" env="uat-charlie" override="clientCode">EEMS</com.gpscsp.Inquiry.GPSCSP_SourceInquiry_MF>
<com.gpscsp.Inquiry.GPSCSP_SourceInquiry_MF intServ="EEMSIIB_GPSCSP_SOURCEINQ" env="uat-charlie" override="GlobalCacheMap">GPSCSP_Common_Map</com.gpscsp.Inquiry.GPSCSP_SourceInquiry_MF>
<com.gpscsp.Inquiry.GPSCSP_SourceInquiry_MF intServ="EEMSIIB_GPSCSP_SOURCEINQ" env="uat-charlie" override="MedicarerequestType">Medicare</com.gpscsp.Inquiry.GPSCSP_SourceInquiry_MF>
<com.gpscsp.Inquiry.GPSCSP_SourceInquiry_MF intServ="EEMSIIB_GPSCSP_SOURCEINQ" env="uat-charlie" override="RetryNoOfTimes">3</com.gpscsp.Inquiry.GPSCSP_SourceInquiry_MF>
<com.gpscsp.Inquiry.GPSCSP_SourceInquiry_MF intServ="EEMSIIB_GPSCSP_SOURCEINQ" env="uat-charlie" override="sleepInterval">5000</com.gpscsp.Inquiry.GPSCSP_SourceInquiry_MF>
<com.gpscsp.Inquiry.GPSCSP_SourceInquiry_MF intServ="EEMSIIB_GPSCSP_SOURCEINQ" env="uat-charlie" override="CSP_IN">EEMSIIB.GPSCSP_SOURCE_CSP_IN</com.gpscsp.Inquiry.GPSCSP_SourceInquiry_MF>
<com.gpscsp.Inquiry.GPSCSP_SourceInquiry_MF intServ="EEMSIIB_GPSCSP_SOURCEINQ" env="uat-charlie" override="TRANSFORM_IN">EEMSIIB.GPSCSP_SOURCE_TRANSFORM_IN</com.gpscsp.Inquiry.GPSCSP_SourceInquiry_MF>
<com.gpscsp.Inquiry.GPSCSP_SourceInquiry_MF intServ="EEMSIIB_GPSCSP_SOURCEINQ" env="uat-charlie" override="AuditQName">EEMSIIB.GPSCSP_COMMON_AUDITMESSAGE_DATA</com.gpscsp.Inquiry.GPSCSP_SourceInquiry_MF>
<com.gpscsp.Inquiry.GPSCSP_SourceInquiry_MF intServ="EEMSIIB_GPSCSP_SOURCEINQ" env="uat-charlie" override="BECode">700</com.gpscsp.Inquiry.GPSCSP_SourceInquiry_MF>
<com.gpscsp.Inquiry.GPSCSP_SourceInquiry_MF intServ="EEMSIIB_GPSCSP_SOURCEINQ" env="uat-charlie" override="ProjNumber">2</com.gpscsp.Inquiry.GPSCSP_SourceInquiry_MF>
<com.gpscsp.Inquiry.GPSCSP_SourceInquiry_MF intServ="EEMSIIB_GPSCSP_SOURCEINQ" env="uat-charlie" override="MedicaidrequestType">Medicaid</com.gpscsp.Inquiry.GPSCSP_SourceInquiry_MF>
<com.gpscsp.Inquiry.GPSCSP_SourceInquiry_MF intServ="EEMSIIB_GPSCSP_SOURCEINQ" env="uat-charlie" override="SourceProfileMap">GPSCSP_CustomerProfile_Map</com.gpscsp.Inquiry.GPSCSP_SourceInquiry_MF>
<com.gpscsp.Inquiry.GPSCSP_SourceInquiry_MF intServ="EEMSIIB_GPSCSP_SOURCEINQ" env="uat-charlie" override="Build_CSPRequest.dataSource">E3CSP_DB</com.gpscsp.Inquiry.GPSCSP_SourceInquiry_MF>
<com.gpscsp.Inquiry.GPSCSP_SourceInquiry_MF intServ="EEMSIIB_GPSCSP_SOURCEINQ" env="uat-charlie" override="EEMSIIB.GPSCSP_ERRORMESSAGE_DATA.queueName">EEMSIIB.GPSCSP_ERRORMESSAGE_DATA</com.gpscsp.Inquiry.GPSCSP_SourceInquiry_MF>
<com.gpscsp.Inquiry.GPSCSP_SourceInquiry_MF intServ="EEMSIIB_GPSCSP_SOURCEINQ" env="uat-charlie" override="EEMSIIB.GPSCSP_SOURCE_CSP_IN.componentLevel">node</com.gpscsp.Inquiry.GPSCSP_SourceInquiry_MF>
<com.gpscsp.Inquiry.GPSCSP_SourceInquiry_MF intServ="EEMSIIB_GPSCSP_SOURCEINQ" env="uat-charlie" override="EEMSIIB.GPSCSP_SOURCE_CSP_IN.additionalInstances">3</com.gpscsp.Inquiry.GPSCSP_SourceInquiry_MF>
<com.gpscsp.Inquiry.GPSCSP_SourceInquiry_MF intServ="EEMSIIB_GPSCSP_SOURCEINQ" env="uat-charlie" override="SourceInq_ProcessException.dataSource">E3CSP_DB</com.gpscsp.Inquiry.GPSCSP_SourceInquiry_MF>
<com.gpscsp.Inquiry.GPSCSP_SourceInquiry_MF intServ="EEMSIIB_GPSCSP_SOURCEINQ" env="uat-charlie" override="getConsolidatedMember_MemberServiceV1_0_CallingCSP.webServiceURL">https://api-int-stg.uhc.com:8444/web/ca4f/enrollment/members/V2/test13</com.gpscsp.Inquiry.GPSCSP_SourceInquiry_MF>
<com.gpscsp.Inquiry.GPSCSP_SourceInquiry_MF intServ="EEMSIIB_GPSCSP_SOURCEINQ" env="uat-charlie" override="EEMSIIB.GPSCSP_PROC_FL_STS_EVENT_IN.queueName">EEMSIIB.GPSCSP_PROC_FL_STS_EVENT_IN</com.gpscsp.Inquiry.GPSCSP_SourceInquiry_MF>
<com.gpscsp.Inquiry.getConsolidatedMember_MemberServiceV1_0_CallingCSP intServ="EEMSIIB_GPSCSP_SOURCEINQ" env="uat-charlie" override="webServiceURL">https://api-int-stg.uhc.com:8444/web/ca4f/enrollment/members/V2/test13</com.gpscsp.Inquiry.getConsolidatedMember_MemberServiceV1_0_CallingCSP>
<com.gpscsp.Inquiry.getConsolidatedMember_MemberServiceV1_0_CallingCSP intServ="EEMSIIB_GPSCSP_SOURCEINQ" env="uat-charlie" override="Request.sslProtocol">TLS</com.gpscsp.Inquiry.getConsolidatedMember_MemberServiceV1_0_CallingCSP>
<com.gpscsp.Inquiry.getConsolidatedMember_MemberServiceV1_0_CallingCSP intServ="EEMSIIB_GPSCSP_SOURCEINQ" env="uat-charlie" override="Request.validateMaster">none</com.gpscsp.Inquiry.getConsolidatedMember_MemberServiceV1_0_CallingCSP>



<!-- STAGE -->
<com.gpscsp.Inquiry.GPSCSP_SourceInquiry_MF intServ="EEMSIIB_GPSCSP_SOURCEINQ" env="stage" override="additionalInstances">30</com.gpscsp.Inquiry.GPSCSP_SourceInquiry_MF>
<com.gpscsp.Inquiry.GPSCSP_SourceInquiry_MF intServ="EEMSIIB_GPSCSP_SOURCEINQ" env="stage" override="BrkConfigKey">BRK_CONFIG</com.gpscsp.Inquiry.GPSCSP_SourceInquiry_MF>
<com.gpscsp.Inquiry.GPSCSP_SourceInquiry_MF intServ="EEMSIIB_GPSCSP_SOURCEINQ" env="stage" override="SchemaName">ELECELIG</com.gpscsp.Inquiry.GPSCSP_SourceInquiry_MF>
<com.gpscsp.Inquiry.GPSCSP_SourceInquiry_MF intServ="EEMSIIB_GPSCSP_SOURCEINQ" env="stage" override="instance">CSP</com.gpscsp.Inquiry.GPSCSP_SourceInquiry_MF>
<com.gpscsp.Inquiry.GPSCSP_SourceInquiry_MF intServ="EEMSIIB_GPSCSP_SOURCEINQ" env="stage" override="clientCode">EEMS</com.gpscsp.Inquiry.GPSCSP_SourceInquiry_MF>
<com.gpscsp.Inquiry.GPSCSP_SourceInquiry_MF intServ="EEMSIIB_GPSCSP_SOURCEINQ" env="stage" override="GlobalCacheMap">GPSCSP_Common_Map</com.gpscsp.Inquiry.GPSCSP_SourceInquiry_MF>
<com.gpscsp.Inquiry.GPSCSP_SourceInquiry_MF intServ="EEMSIIB_GPSCSP_SOURCEINQ" env="stage" override="MedicarerequestType">Medicare</com.gpscsp.Inquiry.GPSCSP_SourceInquiry_MF>
<com.gpscsp.Inquiry.GPSCSP_SourceInquiry_MF intServ="EEMSIIB_GPSCSP_SOURCEINQ" env="stage" override="RetryNoOfTimes">3</com.gpscsp.Inquiry.GPSCSP_SourceInquiry_MF>
<com.gpscsp.Inquiry.GPSCSP_SourceInquiry_MF intServ="EEMSIIB_GPSCSP_SOURCEINQ" env="stage" override="sleepInterval">5000</com.gpscsp.Inquiry.GPSCSP_SourceInquiry_MF>
<com.gpscsp.Inquiry.GPSCSP_SourceInquiry_MF intServ="EEMSIIB_GPSCSP_SOURCEINQ" env="stage" override="CSP_IN">EEMSIIB.GPSCSP_SOURCE_CSP_IN</com.gpscsp.Inquiry.GPSCSP_SourceInquiry_MF>
<com.gpscsp.Inquiry.GPSCSP_SourceInquiry_MF intServ="EEMSIIB_GPSCSP_SOURCEINQ" env="stage" override="TRANSFORM_IN">EEMSIIB.GPSCSP_SOURCE_TRANSFORM_IN</com.gpscsp.Inquiry.GPSCSP_SourceInquiry_MF>
<com.gpscsp.Inquiry.GPSCSP_SourceInquiry_MF intServ="EEMSIIB_GPSCSP_SOURCEINQ" env="stage" override="AuditQName">EEMSIIB.GPSCSP_COMMON_AUDITMESSAGE_DATA</com.gpscsp.Inquiry.GPSCSP_SourceInquiry_MF>
<com.gpscsp.Inquiry.GPSCSP_SourceInquiry_MF intServ="EEMSIIB_GPSCSP_SOURCEINQ" env="stage" override="BECode">700</com.gpscsp.Inquiry.GPSCSP_SourceInquiry_MF>
<com.gpscsp.Inquiry.GPSCSP_SourceInquiry_MF intServ="EEMSIIB_GPSCSP_SOURCEINQ" env="stage" override="ProjNumber">2</com.gpscsp.Inquiry.GPSCSP_SourceInquiry_MF>
<com.gpscsp.Inquiry.GPSCSP_SourceInquiry_MF intServ="EEMSIIB_GPSCSP_SOURCEINQ" env="stage" override="MedicaidrequestType">Medicaid</com.gpscsp.Inquiry.GPSCSP_SourceInquiry_MF>
<com.gpscsp.Inquiry.GPSCSP_SourceInquiry_MF intServ="EEMSIIB_GPSCSP_SOURCEINQ" env="stage" override="SourceProfileMap">GPSCSP_CustomerProfile_Map</com.gpscsp.Inquiry.GPSCSP_SourceInquiry_MF>
<com.gpscsp.Inquiry.GPSCSP_SourceInquiry_MF intServ="EEMSIIB_GPSCSP_SOURCEINQ" env="stage" override="Build_CSPRequest.dataSource">E3CSP_DB</com.gpscsp.Inquiry.GPSCSP_SourceInquiry_MF>
<com.gpscsp.Inquiry.GPSCSP_SourceInquiry_MF intServ="EEMSIIB_GPSCSP_SOURCEINQ" env="stage" override="EEMSIIB.GPSCSP_ERRORMESSAGE_DATA.queueName">EEMSIIB.GPSCSP_ERRORMESSAGE_DATA</com.gpscsp.Inquiry.GPSCSP_SourceInquiry_MF>
<com.gpscsp.Inquiry.GPSCSP_SourceInquiry_MF intServ="EEMSIIB_GPSCSP_SOURCEINQ" env="stage" override="EEMSIIB.GPSCSP_SOURCE_CSP_IN.componentLevel">node</com.gpscsp.Inquiry.GPSCSP_SourceInquiry_MF>
<com.gpscsp.Inquiry.GPSCSP_SourceInquiry_MF intServ="EEMSIIB_GPSCSP_SOURCEINQ" env="stage" override="EEMSIIB.GPSCSP_SOURCE_CSP_IN.additionalInstances">3</com.gpscsp.Inquiry.GPSCSP_SourceInquiry_MF>
<com.gpscsp.Inquiry.GPSCSP_SourceInquiry_MF intServ="EEMSIIB_GPSCSP_SOURCEINQ" env="stage" override="SourceInq_ProcessException.dataSource">E3CSP_DB</com.gpscsp.Inquiry.GPSCSP_SourceInquiry_MF>
<com.gpscsp.Inquiry.GPSCSP_SourceInquiry_MF intServ="EEMSIIB_GPSCSP_SOURCEINQ" env="stage" override="getConsolidatedMember_MemberServiceV1_0_CallingCSP.webServiceURL">https://api-int-stg.uhc.com:8444/web/ca4f/enrollment/members/V2/test6</com.gpscsp.Inquiry.GPSCSP_SourceInquiry_MF>
<com.gpscsp.Inquiry.GPSCSP_SourceInquiry_MF intServ="EEMSIIB_GPSCSP_SOURCEINQ" env="stage" override="EEMSIIB.GPSCSP_PROC_FL_STS_EVENT_IN.queueName">EEMSIIB.GPSCSP_PROC_FL_STS_EVENT_IN</com.gpscsp.Inquiry.GPSCSP_SourceInquiry_MF>
<com.gpscsp.Inquiry.getConsolidatedMember_MemberServiceV1_0_CallingCSP intServ="EEMSIIB_GPSCSP_SOURCEINQ" env="stage" override="webServiceURL">https://api-int-stg.uhc.com:8444/web/ca4f/enrollment/members/V2/test6</com.gpscsp.Inquiry.getConsolidatedMember_MemberServiceV1_0_CallingCSP>
<com.gpscsp.Inquiry.getConsolidatedMember_MemberServiceV1_0_CallingCSP intServ="EEMSIIB_GPSCSP_SOURCEINQ" env="stage" override="Request.sslProtocol">SSL_TLSv2</com.gpscsp.Inquiry.getConsolidatedMember_MemberServiceV1_0_CallingCSP>
<com.gpscsp.Inquiry.getConsolidatedMember_MemberServiceV1_0_CallingCSP intServ="EEMSIIB_GPSCSP_SOURCEINQ" env="stage" override="Request.validateMaster">none</com.gpscsp.Inquiry.getConsolidatedMember_MemberServiceV1_0_CallingCSP>

<!-- ADOPT -->

<com.gpscsp.Inquiry.GPSCSP_SourceInquiry_MF intServ="EEMSIIB_GPSCSP_SOURCEINQ" env="adopt" override="additionalInstances">30</com.gpscsp.Inquiry.GPSCSP_SourceInquiry_MF>
<com.gpscsp.Inquiry.GPSCSP_SourceInquiry_MF intServ="EEMSIIB_GPSCSP_SOURCEINQ" env="adopt" override="BrkConfigKey">BRK_CONFIG</com.gpscsp.Inquiry.GPSCSP_SourceInquiry_MF>
<com.gpscsp.Inquiry.GPSCSP_SourceInquiry_MF intServ="EEMSIIB_GPSCSP_SOURCEINQ" env="adopt" override="SchemaName">ELECELIG</com.gpscsp.Inquiry.GPSCSP_SourceInquiry_MF>
<com.gpscsp.Inquiry.GPSCSP_SourceInquiry_MF intServ="EEMSIIB_GPSCSP_SOURCEINQ" env="adopt" override="instance">CSP</com.gpscsp.Inquiry.GPSCSP_SourceInquiry_MF>
<com.gpscsp.Inquiry.GPSCSP_SourceInquiry_MF intServ="EEMSIIB_GPSCSP_SOURCEINQ" env="adopt" override="clientCode">EEMS</com.gpscsp.Inquiry.GPSCSP_SourceInquiry_MF>
<com.gpscsp.Inquiry.GPSCSP_SourceInquiry_MF intServ="EEMSIIB_GPSCSP_SOURCEINQ" env="adopt" override="GlobalCacheMap">GPSCSP_Common_Map</com.gpscsp.Inquiry.GPSCSP_SourceInquiry_MF>
<com.gpscsp.Inquiry.GPSCSP_SourceInquiry_MF intServ="EEMSIIB_GPSCSP_SOURCEINQ" env="adopt" override="MedicarerequestType">Medicare</com.gpscsp.Inquiry.GPSCSP_SourceInquiry_MF>
<com.gpscsp.Inquiry.GPSCSP_SourceInquiry_MF intServ="EEMSIIB_GPSCSP_SOURCEINQ" env="adopt" override="RetryNoOfTimes">3</com.gpscsp.Inquiry.GPSCSP_SourceInquiry_MF>
<com.gpscsp.Inquiry.GPSCSP_SourceInquiry_MF intServ="EEMSIIB_GPSCSP_SOURCEINQ" env="adopt" override="sleepInterval">5000</com.gpscsp.Inquiry.GPSCSP_SourceInquiry_MF>
<com.gpscsp.Inquiry.GPSCSP_SourceInquiry_MF intServ="EEMSIIB_GPSCSP_SOURCEINQ" env="adopt" override="CSP_IN">EEMSIIB.ADP.GPSCSP_SOURCE_CSP_IN</com.gpscsp.Inquiry.GPSCSP_SourceInquiry_MF>
<com.gpscsp.Inquiry.GPSCSP_SourceInquiry_MF intServ="EEMSIIB_GPSCSP_SOURCEINQ" env="adopt" override="TRANSFORM_IN">EEMSIIB.ADP.GPSCSP_SOURCE_TRANSFORM_IN</com.gpscsp.Inquiry.GPSCSP_SourceInquiry_MF>
<com.gpscsp.Inquiry.GPSCSP_SourceInquiry_MF intServ="EEMSIIB_GPSCSP_SOURCEINQ" env="adopt" override="AuditQName">EEMSIIB.ADP.GPSCSP_COMMON_AUDITMESSAGE_DATA</com.gpscsp.Inquiry.GPSCSP_SourceInquiry_MF>
<com.gpscsp.Inquiry.GPSCSP_SourceInquiry_MF intServ="EEMSIIB_GPSCSP_SOURCEINQ" env="adopt" override="BECode">700</com.gpscsp.Inquiry.GPSCSP_SourceInquiry_MF>
<com.gpscsp.Inquiry.GPSCSP_SourceInquiry_MF intServ="EEMSIIB_GPSCSP_SOURCEINQ" env="adopt" override="ProjNumber">2</com.gpscsp.Inquiry.GPSCSP_SourceInquiry_MF>
<com.gpscsp.Inquiry.GPSCSP_SourceInquiry_MF intServ="EEMSIIB_GPSCSP_SOURCEINQ" env="adopt" override="MedicaidrequestType">Medicaid</com.gpscsp.Inquiry.GPSCSP_SourceInquiry_MF>
<com.gpscsp.Inquiry.GPSCSP_SourceInquiry_MF intServ="EEMSIIB_GPSCSP_SOURCEINQ" env="adopt" override="SourceProfileMap">GPSCSP_CustomerProfile_Map</com.gpscsp.Inquiry.GPSCSP_SourceInquiry_MF>
<com.gpscsp.Inquiry.GPSCSP_SourceInquiry_MF intServ="EEMSIIB_GPSCSP_SOURCEINQ" env="adopt" override="Build_CSPRequest.dataSource">E3CSP_DB</com.gpscsp.Inquiry.GPSCSP_SourceInquiry_MF>
<com.gpscsp.Inquiry.GPSCSP_SourceInquiry_MF intServ="EEMSIIB_GPSCSP_SOURCEINQ" env="adopt" override="EEMSIIB.GPSCSP_ERRORMESSAGE_DATA.queueName">EEMSIIB.ADP.GPSCSP_ERRORMESSAGE_DATA</com.gpscsp.Inquiry.GPSCSP_SourceInquiry_MF>
<com.gpscsp.Inquiry.GPSCSP_SourceInquiry_MF intServ="EEMSIIB_GPSCSP_SOURCEINQ" env="adopt" override="EEMSIIB.GPSCSP_SOURCE_CSP_IN.componentLevel">node</com.gpscsp.Inquiry.GPSCSP_SourceInquiry_MF>
<com.gpscsp.Inquiry.GPSCSP_SourceInquiry_MF intServ="EEMSIIB_GPSCSP_SOURCEINQ" env="adopt" override="EEMSIIB.GPSCSP_SOURCE_CSP_IN.additionalInstances">30</com.gpscsp.Inquiry.GPSCSP_SourceInquiry_MF>
<com.gpscsp.Inquiry.GPSCSP_SourceInquiry_MF intServ="EEMSIIB_GPSCSP_SOURCEINQ" env="adopt" override="SourceInq_ProcessException.dataSource">E3CSP_DB</com.gpscsp.Inquiry.GPSCSP_SourceInquiry_MF>
<com.gpscsp.Inquiry.GPSCSP_SourceInquiry_MF intServ="EEMSIIB_GPSCSP_SOURCEINQ" env="adopt" override="getConsolidatedMember_MemberServiceV1_0_CallingCSP.webServiceURL">https://api-int-stg.uhc.com:8443/web/ca4f/enrollment/members/V2</com.gpscsp.Inquiry.GPSCSP_SourceInquiry_MF>
<com.gpscsp.Inquiry.GPSCSP_SourceInquiry_MF intServ="EEMSIIB_GPSCSP_SOURCEINQ" env="adopt" override="EEMSIIB.GPSCSP_PROC_FL_STS_EVENT_IN.queueName">EEMSIIB.ADP.GPSCSP_PROC_FL_STS_EVENT_IN</com.gpscsp.Inquiry.GPSCSP_SourceInquiry_MF>
<com.gpscsp.Inquiry.getConsolidatedMember_MemberServiceV1_0_CallingCSP intServ="EEMSIIB_GPSCSP_SOURCEINQ" env="adopt" override="webServiceURL">https://api-int-stg.uhc.com:8443/web/ca4f/enrollment/members/V2</com.gpscsp.Inquiry.getConsolidatedMember_MemberServiceV1_0_CallingCSP>
<com.gpscsp.Inquiry.getConsolidatedMember_MemberServiceV1_0_CallingCSP intServ="EEMSIIB_GPSCSP_SOURCEINQ" env="adopt" override="Request.sslProtocol">SSL_TLSv2</com.gpscsp.Inquiry.getConsolidatedMember_MemberServiceV1_0_CallingCSP>
<com.gpscsp.Inquiry.getConsolidatedMember_MemberServiceV1_0_CallingCSP intServ="EEMSIIB_GPSCSP_SOURCEINQ" env="adopt" override="Request.validateMaster">none</com.gpscsp.Inquiry.getConsolidatedMember_MemberServiceV1_0_CallingCSP>

<!-- PROD -->

<com.gpscsp.Inquiry.GPSCSP_SourceInquiry_MF intServ="EEMSIIB_GPSCSP_SOURCEINQ" env="prod" override="additionalInstances">30</com.gpscsp.Inquiry.GPSCSP_SourceInquiry_MF>
<com.gpscsp.Inquiry.GPSCSP_SourceInquiry_MF intServ="EEMSIIB_GPSCSP_SOURCEINQ" env="prod" override="BrkConfigKey">BRK_CONFIG</com.gpscsp.Inquiry.GPSCSP_SourceInquiry_MF>
<com.gpscsp.Inquiry.GPSCSP_SourceInquiry_MF intServ="EEMSIIB_GPSCSP_SOURCEINQ" env="prod" override="SchemaName">ELECELIG</com.gpscsp.Inquiry.GPSCSP_SourceInquiry_MF>
<com.gpscsp.Inquiry.GPSCSP_SourceInquiry_MF intServ="EEMSIIB_GPSCSP_SOURCEINQ" env="prod" override="instance">CSP</com.gpscsp.Inquiry.GPSCSP_SourceInquiry_MF>
<com.gpscsp.Inquiry.GPSCSP_SourceInquiry_MF intServ="EEMSIIB_GPSCSP_SOURCEINQ" env="prod" override="clientCode">EEMS</com.gpscsp.Inquiry.GPSCSP_SourceInquiry_MF>
<com.gpscsp.Inquiry.GPSCSP_SourceInquiry_MF intServ="EEMSIIB_GPSCSP_SOURCEINQ" env="prod" override="GlobalCacheMap">GPSCSP_Common_Map</com.gpscsp.Inquiry.GPSCSP_SourceInquiry_MF>
<com.gpscsp.Inquiry.GPSCSP_SourceInquiry_MF intServ="EEMSIIB_GPSCSP_SOURCEINQ" env="prod" override="MedicarerequestType">Medicare</com.gpscsp.Inquiry.GPSCSP_SourceInquiry_MF>
<com.gpscsp.Inquiry.GPSCSP_SourceInquiry_MF intServ="EEMSIIB_GPSCSP_SOURCEINQ" env="prod" override="RetryNoOfTimes">3</com.gpscsp.Inquiry.GPSCSP_SourceInquiry_MF>
<com.gpscsp.Inquiry.GPSCSP_SourceInquiry_MF intServ="EEMSIIB_GPSCSP_SOURCEINQ" env="prod" override="sleepInterval">5000</com.gpscsp.Inquiry.GPSCSP_SourceInquiry_MF>
<com.gpscsp.Inquiry.GPSCSP_SourceInquiry_MF intServ="EEMSIIB_GPSCSP_SOURCEINQ" env="prod" override="CSP_IN">EEMSIIB.GPSCSP_SOURCE_CSP_IN</com.gpscsp.Inquiry.GPSCSP_SourceInquiry_MF>
<com.gpscsp.Inquiry.GPSCSP_SourceInquiry_MF intServ="EEMSIIB_GPSCSP_SOURCEINQ" env="prod" override="TRANSFORM_IN">EEMSIIB.GPSCSP_SOURCE_TRANSFORM_IN</com.gpscsp.Inquiry.GPSCSP_SourceInquiry_MF>
<com.gpscsp.Inquiry.GPSCSP_SourceInquiry_MF intServ="EEMSIIB_GPSCSP_SOURCEINQ" env="prod" override="AuditQName">EEMSIIB.GPSCSP_COMMON_AUDITMESSAGE_DATA</com.gpscsp.Inquiry.GPSCSP_SourceInquiry_MF>
<com.gpscsp.Inquiry.GPSCSP_SourceInquiry_MF intServ="EEMSIIB_GPSCSP_SOURCEINQ" env="prod" override="BECode">700</com.gpscsp.Inquiry.GPSCSP_SourceInquiry_MF>
<com.gpscsp.Inquiry.GPSCSP_SourceInquiry_MF intServ="EEMSIIB_GPSCSP_SOURCEINQ" env="prod" override="ProjNumber">2</com.gpscsp.Inquiry.GPSCSP_SourceInquiry_MF>
<com.gpscsp.Inquiry.GPSCSP_SourceInquiry_MF intServ="EEMSIIB_GPSCSP_SOURCEINQ" env="prod" override="MedicaidrequestType">Medicaid</com.gpscsp.Inquiry.GPSCSP_SourceInquiry_MF>
<com.gpscsp.Inquiry.GPSCSP_SourceInquiry_MF intServ="EEMSIIB_GPSCSP_SOURCEINQ" env="prod" override="SourceProfileMap">GPSCSP_CustomerProfile_Map</com.gpscsp.Inquiry.GPSCSP_SourceInquiry_MF>
<com.gpscsp.Inquiry.GPSCSP_SourceInquiry_MF intServ="EEMSIIB_GPSCSP_SOURCEINQ" env="prod" override="Build_CSPRequest.dataSource">E3CSP_DB</com.gpscsp.Inquiry.GPSCSP_SourceInquiry_MF>
<com.gpscsp.Inquiry.GPSCSP_SourceInquiry_MF intServ="EEMSIIB_GPSCSP_SOURCEINQ" env="prod" override="EEMSIIB.GPSCSP_ERRORMESSAGE_DATA.queueName">EEMSIIB.GPSCSP_ERRORMESSAGE_DATA</com.gpscsp.Inquiry.GPSCSP_SourceInquiry_MF>
<com.gpscsp.Inquiry.GPSCSP_SourceInquiry_MF intServ="EEMSIIB_GPSCSP_SOURCEINQ" env="prod" override="EEMSIIB.GPSCSP_SOURCE_CSP_IN.componentLevel">node</com.gpscsp.Inquiry.GPSCSP_SourceInquiry_MF>
<com.gpscsp.Inquiry.GPSCSP_SourceInquiry_MF intServ="EEMSIIB_GPSCSP_SOURCEINQ" env="prod" override="EEMSIIB.GPSCSP_SOURCE_CSP_IN.additionalInstances">30</com.gpscsp.Inquiry.GPSCSP_SourceInquiry_MF>
<com.gpscsp.Inquiry.GPSCSP_SourceInquiry_MF intServ="EEMSIIB_GPSCSP_SOURCEINQ" env="prod" override="SourceInq_ProcessException.dataSource">E3CSP_DB</com.gpscsp.Inquiry.GPSCSP_SourceInquiry_MF>
<com.gpscsp.Inquiry.GPSCSP_SourceInquiry_MF intServ="EEMSIIB_GPSCSP_SOURCEINQ" env="prod" override="getConsolidatedMember_MemberServiceV1_0_CallingCSP.webServiceURL">https://api-int.uhc.com:8443/web/ca4f/enrollment/members/V2</com.gpscsp.Inquiry.GPSCSP_SourceInquiry_MF>
<com.gpscsp.Inquiry.GPSCSP_SourceInquiry_MF intServ="EEMSIIB_GPSCSP_SOURCEINQ" env="prod" override="EEMSIIB.GPSCSP_PROC_FL_STS_EVENT_IN.queueName">EEMSIIB.GPSCSP_PROC_FL_STS_EVENT_IN</com.gpscsp.Inquiry.GPSCSP_SourceInquiry_MF>
<com.gpscsp.Inquiry.getConsolidatedMember_MemberServiceV1_0_CallingCSP intServ="EEMSIIB_GPSCSP_SOURCEINQ" env="prod" override="webServiceURL">https://api-int.uhc.com:8443/web/ca4f/enrollment/members/V2</com.gpscsp.Inquiry.getConsolidatedMember_MemberServiceV1_0_CallingCSP>
<com.gpscsp.Inquiry.getConsolidatedMember_MemberServiceV1_0_CallingCSP intServ="EEMSIIB_GPSCSP_SOURCEINQ" env="prod" override="Request.sslProtocol">SSL_TLSv2</com.gpscsp.Inquiry.getConsolidatedMember_MemberServiceV1_0_CallingCSP>
<com.gpscsp.Inquiry.getConsolidatedMember_MemberServiceV1_0_CallingCSP intServ="EEMSIIB_GPSCSP_SOURCEINQ" env="prod" override="Request.validateMaster">none</com.gpscsp.Inquiry.getConsolidatedMember_MemberServiceV1_0_CallingCSP>

</Broker>
