<?xml version="1.0" encoding="UTF-8"?>
<!DOCTYPE log4j:configuration SYSTEM "log4j.dtd">
<log4j:configuration xmlns:log4j='http://jakarta.apache.org/log4j/'>
<appender name="InitialProcessing" class="org.apache.log4j.DailyRollingFileAppender">
	    <param name="append" value="true" />
		<param name="maxFileSize" value="2MB" />
		<!--<param name="maxBackupIndex" value="5"/> -->
		<!--<param name="Threshold" value="INFO" />-->
		<param name="DatePattern" value="'.'yyyy-MM-dd"/>
		<param name="file" value="/eems/iib/be128/logs/initialprocess/BE128_InitialProcessing.log" />
		<layout class="org.apache.log4j.PatternLayout">
		  <param name="ConversionPattern"  value=" %d{dd MMM yyyy HH:mm:ss:SSS}  %-5p [%-10t]%n %-1m%n" />
         </layout>
		
</appender>
	<logger name="BE128_InitialProcessing_APP" additivity="true">
		<level value="DEBUG"/>
		<appender-ref ref="InitialProcessing"/>
	</logger>


<appender name="BE128_InboundProcessing" class="org.apache.log4j.DailyRollingFileAppender">
	    <param name="append" value="true" />
		<param name="maxFileSize" value="2MB" />
		<!--<param name="maxBackupIndex" value="5"/> -->
		<!--<param name="Threshold" value="INFO" />-->
		<param name="DatePattern" value="'.'yyyy-MM-dd"/>
		<param name="file" value="/eems/iib/be128/logs/inbound/BE128_InboundProcessing.log" />
		<layout class="org.apache.log4j.PatternLayout">
		  <param name="ConversionPattern"  value=" %d{dd MMM yyyy HH:mm:ss:SSS}  %-5p [%-10t]%n %-1m%n" />
         </layout>
		
</appender>
	<logger name="BE128_InboundProcessing_APP" additivity="true">
		<level value="DEBUG"/>
		<appender-ref ref="BE128_InboundProcessing"/>
	</logger>
	
	<appender name="BE128_SP_DBLoad" class="org.apache.log4j.DailyRollingFileAppender">
	    <param name="append" value="true" />
		<param name="maxFileSize" value="2MB" />
		<!--<param name="maxBackupIndex" value="5"/> -->
		<!--<param name="Threshold" value="INFO" />-->
		<param name="DatePattern" value="'.'yyyy-MM-dd"/>
		<param name="file" value="/eems/iib/be128/logs/sourceprocess/BE128_SP_DBLoad.log" />
		<layout class="org.apache.log4j.PatternLayout">
		  <param name="ConversionPattern"  value=" %d{dd MMM yyyy HH:mm:ss:SSS}  %-5p [%-10t]%n %-1m%n" />
         </layout>
		
</appender>
	<logger name="BE128_SP_DBLoad_APP" additivity="true">
		<level value="DEBUG"/>
		<appender-ref ref="BE128_SP_DBLoad"/>
	</logger>
	
	<appender name="BE128_SP_Transformation" class="org.apache.log4j.DailyRollingFileAppender">
	    <param name="append" value="true" />
		<param name="maxFileSize" value="2MB" />
		<!--<param name="maxBackupIndex" value="5"/> -->
		<!--<param name="Threshold" value="INFO" />-->
		<param name="DatePattern" value="'.'yyyy-MM-dd"/>
		<param name="file" value="/eems/iib/be128/logs/sourceprocess/BE128_SP_Transformation.log" />
		<layout class="org.apache.log4j.PatternLayout">
		  <param name="ConversionPattern"  value=" %d{dd MMM yyyy HH:mm:ss:SSS}  %-5p [%-10t]%n %-1m%n" />
         </layout>
		
</appender>
	<logger name="BE128_SP_Transformation_APP" additivity="true">
		<level value="DEBUG"/>
		<appender-ref ref="BE128_SP_Transformation"/>
	</logger>
	
	<appender name="BE128_SP_TransactionalInquiry" class="org.apache.log4j.DailyRollingFileAppender">
	    <param name="append" value="true" />
		<param name="maxFileSize" value="2MB" />
		<!--<param name="maxBackupIndex" value="5"/> -->
		<!--<param name="Threshold" value="INFO" />-->
		<param name="DatePattern" value="'.'yyyy-MM-dd"/>
		<param name="file" value="/eems/iib/be128/logs/sourceprocess/BE128_SP_TransactionalInquiry.log" />
		<layout class="org.apache.log4j.PatternLayout">
		  <param name="ConversionPattern"  value=" %d{dd MMM yyyy HH:mm:ss:SSS}  %-5p [%-10t]%n %-1m%n" />
         </layout>
		
</appender>
	<logger name="BE128_SP_TransactionalInquiry_APP" additivity="true">
		<level value="DEBUG"/>
		<appender-ref ref="BE128_SP_TransactionalInquiry"/>
	</logger>
	
	<appender name="BE128_SP_FullMbrShpInq_Debatcher" class="org.apache.log4j.DailyRollingFileAppender">
	    <param name="append" value="true" />
		<param name="maxFileSize" value="2MB" />
		<!--<param name="maxBackupIndex" value="5"/> -->
		<!--<param name="Threshold" value="INFO" />-->
		<param name="DatePattern" value="'.'yyyy-MM-dd"/>
		<param name="file" value="/eems/iib/be128/logs/sourceprocess/BE128_SP_FullMbrShpInq_Debatcher.log" />
		<layout class="org.apache.log4j.PatternLayout">
		  <param name="ConversionPattern"  value=" %d{dd MMM yyyy HH:mm:ss:SSS}  %-5p [%-10t]%n %-1m%n" />
         </layout>
		
</appender>
	<logger name="BE128_SP_FullMbrShpInq_Debatcher_APP" additivity="true">
		<level value="DEBUG"/>
		<appender-ref ref="BE128_SP_FullMbrShpInq_Debatcher"/>
	</logger>
	
	<appender name="BE128_CaseProcessing" class="org.apache.log4j.DailyRollingFileAppender">
	    <param name="append" value="true" />
		<param name="maxFileSize" value="2MB" />
		<!--<param name="maxBackupIndex" value="5"/> -->
		<!--<param name="Threshold" value="INFO" />-->
		<param name="DatePattern" value="'.'yyyy-MM-dd"/>
		<param name="file" value="/eems/iib/be128/logs/caseprocess/BE128_CaseProcessing.log" />
		<layout class="org.apache.log4j.PatternLayout">
		  <param name="ConversionPattern"  value=" %d{dd MMM yyyy HH:mm:ss:SSS}  %-5p [%-10t]%n %-1m%n" />
         </layout>
		
</appender>
	<logger name="BE128_CaseProcessing_APP" additivity="true">
		<level value="DEBUG"/>
		<appender-ref ref="BE128_CaseProcessing"/>
	</logger>
	
	<appender name="Common_ExceptionHandling" class="org.apache.log4j.DailyRollingFileAppender">
	    <param name="append" value="true" />
		<param name="maxFileSize" value="2MB" />
		<!--<param name="maxBackupIndex" value="5"/> -->
		<!--<param name="Threshold" value="INFO" />-->
		<param name="DatePattern" value="'.'yyyy-MM-dd"/>
		<param name="file" value="/eems/iib/common/logs/Common_ExceptionHandling.log" />
		<layout class="org.apache.log4j.PatternLayout">
		  <param name="ConversionPattern"  value=" %d{dd MMM yyyy HH:mm:ss:SSS}  %-5p [%-10t]%n %-1m%n" />
         </layout>
		
</appender>
	<logger name="Common_ExceptionHandling_APP" additivity="true">
		<level value="ERROR"/>
		<appender-ref ref="Common_ExceptionHandling"/>
	</logger>
		<appender name="BE085_Update_Source" class="org.apache.log4j.DailyRollingFileAppender">
	    <param name="append" value="true" />
		<param name="maxFileSize" value="2MB" />
		<!--<param name="maxBackupIndex" value="5"/> -->
		<!--<param name="Threshold" value="INFO" />-->
		<param name="DatePattern" value="'.'yyyy-MM-dd"/>
		<param name="file" value="/eems/iib/be085/logs/BE085updatesource/BE085_Update_Source.log" />
		<layout class="org.apache.log4j.PatternLayout">
		  <param name="ConversionPattern"  value=" %d{dd MMM yyyy HH:mm:ss:SSS}  %-5p [%-10t]%n %-1m%n" />
         </layout>
		
</appender>
	<logger name="BE085_Update_Source_APP" additivity="true">
		<level value="DEBUG"/>
		<appender-ref ref="BE085_Update_Source"/>
	</logger>
	<appender name="BE128_UpdateProc_FL_STS" class="org.apache.log4j.DailyRollingFileAppender">
	    <param name="append" value="true" />
		<param name="maxFileSize" value="2MB" />
		<!--<param name="maxBackupIndex" value="5"/> -->
		<!--<param name="Threshold" value="INFO" />-->
		<param name="DatePattern" value="'.'yyyy-MM-dd"/>
		<param name="file" value="/eems/iib/be128/logs/sourceprocess/BE128_UpdateProc_FL_STS.log" />
		<layout class="org.apache.log4j.PatternLayout">
		  <param name="ConversionPattern"  value=" %d{dd MMM yyyy HH:mm:ss:SSS}  %-5p [%-10t]%n %-1m%n" />
         </layout>
		
</appender>
	<logger name="BE128_UpdateProc_FL_STS_APP" additivity="true">
		<level value="DEBUG"/>
		<appender-ref ref="BE128_UpdateProc_FL_STS"/>
	</logger>
	
	<appender name="BE128_IsReadyToProcess" class="org.apache.log4j.DailyRollingFileAppender">
	    <param name="append" value="true" />
		<param name="maxFileSize" value="2MB" />
		<!--<param name="maxBackupIndex" value="5"/> -->
		<!--<param name="Threshold" value="INFO" />-->
		<param name="DatePattern" value="'.'yyyy-MM-dd"/>
		<param name="file" value="/eems/iib/be128/logs/Isreadytoprocess/BE128_IsReadyToProcess.log" />
		<layout class="org.apache.log4j.PatternLayout">
		  <param name="ConversionPattern"  value=" %d{dd MMM yyyy HH:mm:ss:SSS}  %-5p [%-10t]%n %-1m%n" />
         </layout>
		
</appender>
	<logger name="BE128_IsReadyToProcess_APP" additivity="true">
		<level value="DEBUG"/>
		<appender-ref ref="BE128_IsReadyToProcess"/>
	</logger>
	
	<appender name="BE128_SP_FullMbrShpInq_ReqResp" class="org.apache.log4j.DailyRollingFileAppender">
	    <param name="append" value="true" />
		<param name="maxFileSize" value="2MB" />
		<param name="DatePattern" value="'.'yyyy-MM-dd"/>
		<param name="file" value="/eems/iib/be128/logs/sourceprocess/BE128_SP_FullMbrShpInq_ReqResp.log" />
		<layout class="org.apache.log4j.PatternLayout">
		  <param name="ConversionPattern"  value=" %d{dd MMM yyyy HH:mm:ss:SSS}  %-5p [%-10t]%n %-1m%n" />
         </layout>
		
</appender>
	<logger name="BE128_SP_FullMbrShpInq_ReqResp_APP" additivity="true">
		<level value="DEBUG"/>
		<appender-ref ref="BE128_SP_FullMbrShpInq_ReqResp"/>
	</logger>
	<appender name="BE128_SP_FullMbrShpInq_PollerFlow" class="org.apache.log4j.DailyRollingFileAppender">
	    <param name="append" value="true" />
		<param name="maxFileSize" value="2MB" />
		<param name="DatePattern" value="'.'yyyy-MM-dd"/>
		<param name="file" value="/eems/iib/be128/logs/sourceprocess/BE128_SP_FullMbrShpInq_PollerFlow.log" />
		<layout class="org.apache.log4j.PatternLayout">
		  <param name="ConversionPattern"  value=" %d{dd MMM yyyy HH:mm:ss:SSS}  %-5p [%-10t]%n %-1m%n" />
         </layout>
		
</appender>
	<logger name="BE128_SP_FullMbrShpInq_PollerFlow_APP" additivity="true">
		<level value="DEBUG"/>
		<appender-ref ref="BE128_SP_FullMbrShpInq_PollerFlow"/>
	</logger>
	<appender name="RailRoadCustomer_Processing" class="org.apache.log4j.DailyRollingFileAppender">
	    <param name="append" value="true" />
		<param name="maxFileSize" value="2MB" />
		<param name="DatePattern" value="'.'yyyy-MM-dd"/>
		<param name="file" value="/eems/iib/RailRoadCustomerProcess/logs/RailRoadCustomer_Processing.log" />
		<layout class="org.apache.log4j.PatternLayout">
		  <param name="ConversionPattern"  value=" %d{dd MMM yyyy HH:mm:ss:SSS}  %-5p [%-10t]%n %-1m%n" />
         </layout>
		
</appender>
	<logger name="RailRoadCustomer_Processing_APP" additivity="true">
		<level value="DEBUG"/>
		<appender-ref ref="RailRoadCustomer_Processing"/>
	</logger>
	<appender name="BE123_CDBResponseProcessing" class="org.apache.log4j.DailyRollingFileAppender">
	    <param name="append" value="true" />
		<param name="maxFileSize" value="2MB" />
		<param name="DatePattern" value="'.'yyyy-MM-dd"/>
		<param name="file" value="/eems/iib/be123/logs/BE123CDBResponseProcessing/BE123_CDBResponseProcessing.log" />
		<layout class="org.apache.log4j.PatternLayout">
		  <param name="ConversionPattern"  value=" %d{dd MMM yyyy HH:mm:ss:SSS}  %-5p [%-10t]%n %-1m%n" />
         </layout>
		
</appender>
	<logger name="BE123_CDBResponseProcessing_APP" additivity="true">
		<level value="DEBUG"/>
		<appender-ref ref="BE123_CDBResponseProcessing"/>
	</logger>
	<appender name="BE128_SP_FullMbrShpInq_AutoCancel" class="org.apache.log4j.DailyRollingFileAppender">
	    <param name="append" value="true" />
		<param name="maxFileSize" value="2MB" />
		<param name="DatePattern" value="'.'yyyy-MM-dd"/>
		<param name="file" value="/eems/iib/be128/logs/sourceprocess/BE128_SP_FullMbrShpInq_AutoCancel.log" />
		<layout class="org.apache.log4j.PatternLayout">
		  <param name="ConversionPattern"  value=" %d{dd MMM yyyy HH:mm:ss:SSS}  %-5p [%-10t]%n %-1m%n" />
         </layout>
		
</appender>
	<logger name="BE128_SP_FullMbrShpInq_AutoCancel_APP" additivity="true">
		<level value="DEBUG"/>
		<appender-ref ref="BE128_SP_FullMbrShpInq_AutoCancel"/>
	</logger>
	<appender name="BE128_CaseProcessing_PollerFlow" class="org.apache.log4j.DailyRollingFileAppender">
	    <param name="append" value="true" />
		<param name="maxFileSize" value="2MB" />
		<param name="DatePattern" value="'.'yyyy-MM-dd"/>
		<param name="file" value="/eems/iib/be128/logs/caseprocess/BE128_CaseProcessing_PollerFlow.log" />
		<layout class="org.apache.log4j.PatternLayout">
		  <param name="ConversionPattern"  value=" %d{dd MMM yyyy HH:mm:ss:SSS}  %-5p [%-10t]%n %-1m%n" />
         </layout>
		
</appender>
	<logger name="BE128_CaseProcessing_PollerFlow_APP" additivity="true">
		<level value="DEBUG"/>
		<appender-ref ref="BE128_CaseProcessing_PollerFlow"/>
	</logger>
<appender name="EEMS_ExchangeFileProcessing" class="org.apache.log4j.DailyRollingFileAppender">
	    <param name="append" value="true" />
		<param name="maxFileSize" value="2MB" />
		<param name="DatePattern" value="'.'yyyy-MM-dd"/>
		<param name="file" value="/eems/iib/be128/logs/exchangeprocess/EEMS_ExchangeFileProcessing.log" />
		<layout class="org.apache.log4j.PatternLayout">
		  <param name="ConversionPattern"  value=" %d{dd MMM yyyy HH:mm:ss:SSS}  %-5p [%-10t]%n %-1m%n" />
         </layout>
		
</appender>
	<logger name="EEMS_ExchangeFileProcessing_APP" additivity="true">
		<level value="DEBUG"/>
		<appender-ref ref="EEMS_ExchangeFileProcessing"/>
	</logger>
</log4j:configuration>
