<?xml version="1.0" encoding="UTF-8"?>
<Broker>

<!--DEV-->
<com.prime.inboundProc.PRIME_Inbound_Transform_MF intServ="EEMSIIB_PRIME_INBOUND" env="dev" override="additionalInstances">7</com.prime.inboundProc.PRIME_Inbound_Transform_MF>
<com.prime.inboundProc.PRIME_Inbound_Transform_MF intServ="EEMSIIB_PRIME_INBOUND" env="dev" override="CommonMap_trans">PRIME_Common_Map</com.prime.inboundProc.PRIME_Inbound_Transform_MF>
<com.prime.inboundProc.PRIME_Inbound_Transform_MF intServ="EEMSIIB_PRIME_INBOUND" env="dev" override="BrkConfigKey">BRK_CONFIG</com.prime.inboundProc.PRIME_Inbound_Transform_MF>
<com.prime.inboundProc.PRIME_Inbound_Transform_MF intServ="EEMSIIB_PRIME_INBOUND" env="dev" override="SchemaName">ELECELIG</com.prime.inboundProc.PRIME_Inbound_Transform_MF>
<com.prime.inboundProc.PRIME_Inbound_Transform_MF intServ="EEMSIIB_PRIME_INBOUND" env="dev" override="varGCMapName">PRIME_Common_Map</com.prime.inboundProc.PRIME_Inbound_Transform_MF>
<com.prime.inboundProc.PRIME_Inbound_Transform_MF intServ="EEMSIIB_PRIME_INBOUND" env="dev" override="EEMSIIB.PRIME_ERRORMESSAGE_DATA.queueName">EEMSIIB.PRIME_ERRORMESSAGE_DATA</com.prime.inboundProc.PRIME_Inbound_Transform_MF>
<com.prime.inboundProc.PRIME_Inbound_Transform_MF intServ="EEMSIIB_PRIME_INBOUND" env="dev" override="AuditQName">EEMSIIB.PRIME_COMMON_AUDITMESSAGE_DATA</com.prime.inboundProc.PRIME_Inbound_Transform_MF>
<com.prime.inboundProc.PRIME_Inbound_Transform_MF intServ="EEMSIIB_PRIME_INBOUND" env="dev" override="BECode">800</com.prime.inboundProc.PRIME_Inbound_Transform_MF>
<com.prime.inboundProc.PRIME_Inbound_Transform_MF intServ="EEMSIIB_PRIME_INBOUND" env="dev" override="ProjNumber">3</com.prime.inboundProc.PRIME_Inbound_Transform_MF>
<com.prime.inboundProc.PRIME_Inbound_Transform_MF intServ="EEMSIIB_PRIME_INBOUND" env="dev" override="EEMSIIB.PRIME_INBOUND_SMALL_TRANSFORM_IN.queueName">EEMSIIB.PRIME_INBOUND_SMALL_TRANSFORM_IN</com.prime.inboundProc.PRIME_Inbound_Transform_MF>
<com.prime.inboundProc.PRIME_Inbound_Transform_MF intServ="EEMSIIB_PRIME_INBOUND" env="dev" override="EEMSIIB.PRIME_INBOUND_SMALL_DBLOAD_IN.queueName">EEMSIIB.PRIME_INBOUND_SMALL_DBLOAD_IN</com.prime.inboundProc.PRIME_Inbound_Transform_MF>
<com.prime.inboundProc.PRIME_Inbound_Transform_MF intServ="EEMSIIB_PRIME_INBOUND" env="dev" override="DataSource">EEMS_DB</com.prime.inboundProc.PRIME_Inbound_Transform_MF>
<com.prime.inboundProc.PRIME_Inbound_Transform_MF intServ="EEMSIIB_PRIME_INBOUND" env="dev" override="Common_ExceptionHandling_SF.BECode">800</com.prime.inboundProc.PRIME_Inbound_Transform_MF>
<com.prime.inboundProc.PRIME_Inbound_Transform_MF intServ="EEMSIIB_PRIME_INBOUND" env="dev" override="Common_ExceptionHandling_SF.ProjNumber">3</com.prime.inboundProc.PRIME_Inbound_Transform_MF>
<com.prime.inboundProc.PRIME_Inbound_Transform_MF intServ="EEMSIIB_PRIME_INBOUND" env="dev" override="DSN">EEMS_DB</com.prime.inboundProc.PRIME_Inbound_Transform_MF>
<com.prime.inboundProc.PRIME_Inbound_Transform_MF intServ="EEMSIIB_PRIME_INBOUND" env="dev" override="SourceProfileMap">CustomerProfile_Map</com.prime.inboundProc.PRIME_Inbound_Transform_MF>
<com.prime.inboundProc.PRIME_Inbound_Transform_MF intServ="EEMSIIB_PRIME_INBOUND" env="dev" override="CH_DBSchema">ELECELIG</com.prime.inboundProc.PRIME_Inbound_Transform_MF>


<!--SIT-->
<com.prime.inboundProc.PRIME_Inbound_Transform_MF intServ="EEMSIIB_PRIME_INBOUND" env="test" override="additionalInstances">7</com.prime.inboundProc.PRIME_Inbound_Transform_MF>
<com.prime.inboundProc.PRIME_Inbound_Transform_MF intServ="EEMSIIB_PRIME_INBOUND" env="test" override="CommonMap_trans">PRIME_Common_Map</com.prime.inboundProc.PRIME_Inbound_Transform_MF>
<com.prime.inboundProc.PRIME_Inbound_Transform_MF intServ="EEMSIIB_PRIME_INBOUND" env="test" override="BrkConfigKey">BRK_CONFIG</com.prime.inboundProc.PRIME_Inbound_Transform_MF>
<com.prime.inboundProc.PRIME_Inbound_Transform_MF intServ="EEMSIIB_PRIME_INBOUND" env="test" override="SchemaName">ELECELIG</com.prime.inboundProc.PRIME_Inbound_Transform_MF>
<com.prime.inboundProc.PRIME_Inbound_Transform_MF intServ="EEMSIIB_PRIME_INBOUND" env="test" override="varGCMapName">PRIME_Common_Map</com.prime.inboundProc.PRIME_Inbound_Transform_MF>
<com.prime.inboundProc.PRIME_Inbound_Transform_MF intServ="EEMSIIB_PRIME_INBOUND" env="test" override="EEMSIIB.PRIME_ERRORMESSAGE_DATA.queueName">EEMSIIB.PRIME_ERRORMESSAGE_DATA</com.prime.inboundProc.PRIME_Inbound_Transform_MF>
<com.prime.inboundProc.PRIME_Inbound_Transform_MF intServ="EEMSIIB_PRIME_INBOUND" env="test" override="AuditQName">EEMSIIB.PRIME_COMMON_AUDITMESSAGE_DATA</com.prime.inboundProc.PRIME_Inbound_Transform_MF>
<com.prime.inboundProc.PRIME_Inbound_Transform_MF intServ="EEMSIIB_PRIME_INBOUND" env="test" override="BECode">800</com.prime.inboundProc.PRIME_Inbound_Transform_MF>
<com.prime.inboundProc.PRIME_Inbound_Transform_MF intServ="EEMSIIB_PRIME_INBOUND" env="test" override="ProjNumber">3</com.prime.inboundProc.PRIME_Inbound_Transform_MF>
<com.prime.inboundProc.PRIME_Inbound_Transform_MF intServ="EEMSIIB_PRIME_INBOUND" env="test" override="EEMSIIB.PRIME_INBOUND_SMALL_TRANSFORM_IN.queueName">EEMSIIB.PRIME_INBOUND_SMALL_TRANSFORM_IN</com.prime.inboundProc.PRIME_Inbound_Transform_MF>
<com.prime.inboundProc.PRIME_Inbound_Transform_MF intServ="EEMSIIB_PRIME_INBOUND" env="test" override="EEMSIIB.PRIME_INBOUND_SMALL_DBLOAD_IN.queueName">EEMSIIB.PRIME_INBOUND_SMALL_DBLOAD_IN</com.prime.inboundProc.PRIME_Inbound_Transform_MF>
<com.prime.inboundProc.PRIME_Inbound_Transform_MF intServ="EEMSIIB_PRIME_INBOUND" env="test" override="DataSource">EEMS_DB</com.prime.inboundProc.PRIME_Inbound_Transform_MF>
<com.prime.inboundProc.PRIME_Inbound_Transform_MF intServ="EEMSIIB_PRIME_INBOUND" env="test" override="Common_ExceptionHandling_SF.BECode">800</com.prime.inboundProc.PRIME_Inbound_Transform_MF>
<com.prime.inboundProc.PRIME_Inbound_Transform_MF intServ="EEMSIIB_PRIME_INBOUND" env="test" override="Common_ExceptionHandling_SF.ProjNumber">3</com.prime.inboundProc.PRIME_Inbound_Transform_MF>
<com.prime.inboundProc.PRIME_Inbound_Transform_MF intServ="EEMSIIB_PRIME_INBOUND" env="test" override="MBR_PROCESS_INITIATE.queueName">EEMSIIB.PRIME_INB_TRANSFORM_MBR_PROCESS</com.prime.inboundProc.PRIME_Inbound_Transform_MF>
<com.prime.inboundProc.PRIME_Inbound_Transform_MF intServ="EEMSIIB_PRIME_INBOUND" env="test" override="MBR_PROCESS_START.queueName">EEMSIIB.PRIME_INB_TRANSFORM_MBR_PROCESS</com.prime.inboundProc.PRIME_Inbound_Transform_MF>
<com.prime.inboundProc.PRIME_Inbound_Transform_MF intServ="EEMSIIB_PRIME_INBOUND" env="test" override="DSN">EEMS_DB</com.prime.inboundProc.PRIME_Inbound_Transform_MF>
<com.prime.inboundProc.PRIME_Inbound_Transform_MF intServ="EEMSIIB_PRIME_INBOUND" env="test" override="SourceProfileMap">CustomerProfile_Map</com.prime.inboundProc.PRIME_Inbound_Transform_MF>
<com.prime.inboundProc.PRIME_Inbound_Transform_MF intServ="EEMSIIB_PRIME_INBOUND" env="test" override="CH_DBSchema">ELECELIG</com.prime.inboundProc.PRIME_Inbound_Transform_MF>


<!--SIT BRAVO-->
<com.prime.inboundProc.PRIME_Inbound_Transform_MF intServ="EEMSIIB_PRIME_INBOUND" env="test2" override="additionalInstances">7</com.prime.inboundProc.PRIME_Inbound_Transform_MF>
<com.prime.inboundProc.PRIME_Inbound_Transform_MF intServ="EEMSIIB_PRIME_INBOUND" env="test2" override="CommonMap_trans">PRIME_Common_Map</com.prime.inboundProc.PRIME_Inbound_Transform_MF>
<com.prime.inboundProc.PRIME_Inbound_Transform_MF intServ="EEMSIIB_PRIME_INBOUND" env="test2" override="BrkConfigKey">BRK_CONFIG</com.prime.inboundProc.PRIME_Inbound_Transform_MF>
<com.prime.inboundProc.PRIME_Inbound_Transform_MF intServ="EEMSIIB_PRIME_INBOUND" env="test2" override="SchemaName">ELECELIG</com.prime.inboundProc.PRIME_Inbound_Transform_MF>
<com.prime.inboundProc.PRIME_Inbound_Transform_MF intServ="EEMSIIB_PRIME_INBOUND" env="test2" override="varGCMapName">PRIME_Common_Map</com.prime.inboundProc.PRIME_Inbound_Transform_MF>
<com.prime.inboundProc.PRIME_Inbound_Transform_MF intServ="EEMSIIB_PRIME_INBOUND" env="test2" override="EEMSIIB.PRIME_ERRORMESSAGE_DATA.queueName">EEMSIIB.PRIME_ERRORMESSAGE_DATA</com.prime.inboundProc.PRIME_Inbound_Transform_MF>
<com.prime.inboundProc.PRIME_Inbound_Transform_MF intServ="EEMSIIB_PRIME_INBOUND" env="test2" override="AuditQName">EEMSIIB.PRIME_COMMON_AUDITMESSAGE_DATA</com.prime.inboundProc.PRIME_Inbound_Transform_MF>
<com.prime.inboundProc.PRIME_Inbound_Transform_MF intServ="EEMSIIB_PRIME_INBOUND" env="test2" override="BECode">800</com.prime.inboundProc.PRIME_Inbound_Transform_MF>
<com.prime.inboundProc.PRIME_Inbound_Transform_MF intServ="EEMSIIB_PRIME_INBOUND" env="test2" override="ProjNumber">3</com.prime.inboundProc.PRIME_Inbound_Transform_MF>
<com.prime.inboundProc.PRIME_Inbound_Transform_MF intServ="EEMSIIB_PRIME_INBOUND" env="test2" override="EEMSIIB.PRIME_INBOUND_SMALL_TRANSFORM_IN.queueName">EEMSIIB.PRIME_INBOUND_SMALL_TRANSFORM_IN</com.prime.inboundProc.PRIME_Inbound_Transform_MF>
<com.prime.inboundProc.PRIME_Inbound_Transform_MF intServ="EEMSIIB_PRIME_INBOUND" env="test2" override="EEMSIIB.PRIME_INBOUND_SMALL_DBLOAD_IN.queueName">EEMSIIB.PRIME_INBOUND_SMALL_DBLOAD_IN</com.prime.inboundProc.PRIME_Inbound_Transform_MF>
<com.prime.inboundProc.PRIME_Inbound_Transform_MF intServ="EEMSIIB_PRIME_INBOUND" env="test2" override="DataSource">EEMS_DB</com.prime.inboundProc.PRIME_Inbound_Transform_MF>
<com.prime.inboundProc.PRIME_Inbound_Transform_MF intServ="EEMSIIB_PRIME_INBOUND" env="test2" override="Common_ExceptionHandling_SF.BECode">800</com.prime.inboundProc.PRIME_Inbound_Transform_MF>
<com.prime.inboundProc.PRIME_Inbound_Transform_MF intServ="EEMSIIB_PRIME_INBOUND" env="test2" override="Common_ExceptionHandling_SF.ProjNumber">3</com.prime.inboundProc.PRIME_Inbound_Transform_MF>
<com.prime.inboundProc.PRIME_Inbound_Transform_MF intServ="EEMSIIB_PRIME_INBOUND" env="test2" override="MBR_PROCESS_INITIATE.queueName">EEMSIIB.PRIME_INB_TRANSFORM_MBR_PROCESS</com.prime.inboundProc.PRIME_Inbound_Transform_MF>
<com.prime.inboundProc.PRIME_Inbound_Transform_MF intServ="EEMSIIB_PRIME_INBOUND" env="test2" override="MBR_PROCESS_START.queueName">EEMSIIB.PRIME_INB_TRANSFORM_MBR_PROCESS</com.prime.inboundProc.PRIME_Inbound_Transform_MF>
<com.prime.inboundProc.PRIME_Inbound_Transform_MF intServ="EEMSIIB_PRIME_INBOUND" env="test2" override="DSN">EEMS_DB</com.prime.inboundProc.PRIME_Inbound_Transform_MF>
<com.prime.inboundProc.PRIME_Inbound_Transform_MF intServ="EEMSIIB_PRIME_INBOUND" env="test2" override="SourceProfileMap">CustomerProfile_Map</com.prime.inboundProc.PRIME_Inbound_Transform_MF>
<com.prime.inboundProc.PRIME_Inbound_Transform_MF intServ="EEMSIIB_PRIME_INBOUND" env="test2" override="CH_DBSchema">ELECELIG</com.prime.inboundProc.PRIME_Inbound_Transform_MF>


<!--UAT-->
<com.prime.inboundProc.PRIME_Inbound_Transform_MF intServ="EEMSIIB_PRIME_INBOUND" env="uat" override="additionalInstances">7</com.prime.inboundProc.PRIME_Inbound_Transform_MF>
<com.prime.inboundProc.PRIME_Inbound_Transform_MF intServ="EEMSIIB_PRIME_INBOUND" env="uat" override="CommonMap_trans">PRIME_Common_Map</com.prime.inboundProc.PRIME_Inbound_Transform_MF>
<com.prime.inboundProc.PRIME_Inbound_Transform_MF intServ="EEMSIIB_PRIME_INBOUND" env="uat" override="BrkConfigKey">BRK_CONFIG</com.prime.inboundProc.PRIME_Inbound_Transform_MF>
<com.prime.inboundProc.PRIME_Inbound_Transform_MF intServ="EEMSIIB_PRIME_INBOUND" env="uat" override="SchemaName">ELECELIG</com.prime.inboundProc.PRIME_Inbound_Transform_MF>
<com.prime.inboundProc.PRIME_Inbound_Transform_MF intServ="EEMSIIB_PRIME_INBOUND" env="uat" override="varGCMapName">PRIME_Common_Map</com.prime.inboundProc.PRIME_Inbound_Transform_MF>
<com.prime.inboundProc.PRIME_Inbound_Transform_MF intServ="EEMSIIB_PRIME_INBOUND" env="uat" override="EEMSIIB.PRIME_ERRORMESSAGE_DATA.queueName">EEMSIIB.PRIME_ERRORMESSAGE_DATA</com.prime.inboundProc.PRIME_Inbound_Transform_MF>
<com.prime.inboundProc.PRIME_Inbound_Transform_MF intServ="EEMSIIB_PRIME_INBOUND" env="uat" override="AuditQName">EEMSIIB.PRIME_COMMON_AUDITMESSAGE_DATA</com.prime.inboundProc.PRIME_Inbound_Transform_MF>
<com.prime.inboundProc.PRIME_Inbound_Transform_MF intServ="EEMSIIB_PRIME_INBOUND" env="uat" override="BECode">800</com.prime.inboundProc.PRIME_Inbound_Transform_MF>
<com.prime.inboundProc.PRIME_Inbound_Transform_MF intServ="EEMSIIB_PRIME_INBOUND" env="uat" override="ProjNumber">3</com.prime.inboundProc.PRIME_Inbound_Transform_MF>
<com.prime.inboundProc.PRIME_Inbound_Transform_MF intServ="EEMSIIB_PRIME_INBOUND" env="uat" override="EEMSIIB.PRIME_INBOUND_SMALL_TRANSFORM_IN.queueName">EEMSIIB.PRIME_INBOUND_SMALL_TRANSFORM_IN</com.prime.inboundProc.PRIME_Inbound_Transform_MF>
<com.prime.inboundProc.PRIME_Inbound_Transform_MF intServ="EEMSIIB_PRIME_INBOUND" env="uat" override="EEMSIIB.PRIME_INBOUND_SMALL_DBLOAD_IN.queueName">EEMSIIB.PRIME_INBOUND_SMALL_DBLOAD_IN</com.prime.inboundProc.PRIME_Inbound_Transform_MF>
<com.prime.inboundProc.PRIME_Inbound_Transform_MF intServ="EEMSIIB_PRIME_INBOUND" env="uat" override="DataSource">EEMS_DB</com.prime.inboundProc.PRIME_Inbound_Transform_MF>
<com.prime.inboundProc.PRIME_Inbound_Transform_MF intServ="EEMSIIB_PRIME_INBOUND" env="uat" override="Common_ExceptionHandling_SF.BECode">800</com.prime.inboundProc.PRIME_Inbound_Transform_MF>
<com.prime.inboundProc.PRIME_Inbound_Transform_MF intServ="EEMSIIB_PRIME_INBOUND" env="uat" override="Common_ExceptionHandling_SF.ProjNumber">3</com.prime.inboundProc.PRIME_Inbound_Transform_MF>
<com.prime.inboundProc.PRIME_Inbound_Transform_MF intServ="EEMSIIB_PRIME_INBOUND" env="uat" override="MBR_PROCESS_INITIATE.queueName">EEMSIIB.PRIME_INB_TRANSFORM_MBR_PROCESS</com.prime.inboundProc.PRIME_Inbound_Transform_MF>
<com.prime.inboundProc.PRIME_Inbound_Transform_MF intServ="EEMSIIB_PRIME_INBOUND" env="uat" override="MBR_PROCESS_START.queueName">EEMSIIB.PRIME_INB_TRANSFORM_MBR_PROCESS</com.prime.inboundProc.PRIME_Inbound_Transform_MF>
<com.prime.inboundProc.PRIME_Inbound_Transform_MF intServ="EEMSIIB_PRIME_INBOUND" env="uat" override="DSN">EEMS_DB</com.prime.inboundProc.PRIME_Inbound_Transform_MF>
<com.prime.inboundProc.PRIME_Inbound_Transform_MF intServ="EEMSIIB_PRIME_INBOUND" env="uat" override="SourceProfileMap">CustomerProfile_Map</com.prime.inboundProc.PRIME_Inbound_Transform_MF>
<com.prime.inboundProc.PRIME_Inbound_Transform_MF intServ="EEMSIIB_PRIME_INBOUND" env="uat" override="CH_DBSchema">ELECELIG</com.prime.inboundProc.PRIME_Inbound_Transform_MF>


<!-- UAT-Bravo -->
<com.prime.inboundProc.PRIME_Inbound_Transform_MF intServ="EEMSIIB_PRIME_INBOUND" env="uat-bravo" override="additionalInstances">7</com.prime.inboundProc.PRIME_Inbound_Transform_MF>
<com.prime.inboundProc.PRIME_Inbound_Transform_MF intServ="EEMSIIB_PRIME_INBOUND" env="uat-bravo" override="CommonMap_trans">PRIME_Common_Map</com.prime.inboundProc.PRIME_Inbound_Transform_MF>
<com.prime.inboundProc.PRIME_Inbound_Transform_MF intServ="EEMSIIB_PRIME_INBOUND" env="uat-bravo" override="BrkConfigKey">BRK_CONFIG</com.prime.inboundProc.PRIME_Inbound_Transform_MF>
<com.prime.inboundProc.PRIME_Inbound_Transform_MF intServ="EEMSIIB_PRIME_INBOUND" env="uat-bravo" override="SchemaName">ELECELIG</com.prime.inboundProc.PRIME_Inbound_Transform_MF>
<com.prime.inboundProc.PRIME_Inbound_Transform_MF intServ="EEMSIIB_PRIME_INBOUND" env="uat-bravo" override="varGCMapName">PRIME_Common_Map</com.prime.inboundProc.PRIME_Inbound_Transform_MF>
<com.prime.inboundProc.PRIME_Inbound_Transform_MF intServ="EEMSIIB_PRIME_INBOUND" env="uat-bravo" override="EEMSIIB.PRIME_ERRORMESSAGE_DATA.queueName">EEMSIIB.PRIME_ERRORMESSAGE_DATA</com.prime.inboundProc.PRIME_Inbound_Transform_MF>
<com.prime.inboundProc.PRIME_Inbound_Transform_MF intServ="EEMSIIB_PRIME_INBOUND" env="uat-bravo" override="AuditQName">EEMSIIB.PRIME_COMMON_AUDITMESSAGE_DATA</com.prime.inboundProc.PRIME_Inbound_Transform_MF>
<com.prime.inboundProc.PRIME_Inbound_Transform_MF intServ="EEMSIIB_PRIME_INBOUND" env="uat-bravo" override="BECode">800</com.prime.inboundProc.PRIME_Inbound_Transform_MF>
<com.prime.inboundProc.PRIME_Inbound_Transform_MF intServ="EEMSIIB_PRIME_INBOUND" env="uat-bravo" override="ProjNumber">3</com.prime.inboundProc.PRIME_Inbound_Transform_MF>
<com.prime.inboundProc.PRIME_Inbound_Transform_MF intServ="EEMSIIB_PRIME_INBOUND" env="uat-bravo" override="EEMSIIB.PRIME_INBOUND_SMALL_TRANSFORM_IN.queueName">EEMSIIB.PRIME_INBOUND_SMALL_TRANSFORM_IN</com.prime.inboundProc.PRIME_Inbound_Transform_MF>
<com.prime.inboundProc.PRIME_Inbound_Transform_MF intServ="EEMSIIB_PRIME_INBOUND" env="uat-bravo" override="EEMSIIB.PRIME_INBOUND_SMALL_DBLOAD_IN.queueName">EEMSIIB.PRIME_INBOUND_SMALL_DBLOAD_IN</com.prime.inboundProc.PRIME_Inbound_Transform_MF>
<com.prime.inboundProc.PRIME_Inbound_Transform_MF intServ="EEMSIIB_PRIME_INBOUND" env="uat-bravo" override="DataSource">EEMS_DB</com.prime.inboundProc.PRIME_Inbound_Transform_MF>
<com.prime.inboundProc.PRIME_Inbound_Transform_MF intServ="EEMSIIB_PRIME_INBOUND" env="uat-bravo" override="Common_ExceptionHandling_SF.BECode">800</com.prime.inboundProc.PRIME_Inbound_Transform_MF>
<com.prime.inboundProc.PRIME_Inbound_Transform_MF intServ="EEMSIIB_PRIME_INBOUND" env="uat-bravo" override="Common_ExceptionHandling_SF.ProjNumber">3</com.prime.inboundProc.PRIME_Inbound_Transform_MF>
<com.prime.inboundProc.PRIME_Inbound_Transform_MF intServ="EEMSIIB_PRIME_INBOUND" env="uat-bravo" override="MBR_PROCESS_INITIATE.queueName">EEMSIIB.PRIME_INB_TRANSFORM_MBR_PROCESS</com.prime.inboundProc.PRIME_Inbound_Transform_MF>
<com.prime.inboundProc.PRIME_Inbound_Transform_MF intServ="EEMSIIB_PRIME_INBOUND" env="uat-bravo" override="MBR_PROCESS_START.queueName">EEMSIIB.PRIME_INB_TRANSFORM_MBR_PROCESS</com.prime.inboundProc.PRIME_Inbound_Transform_MF>
<com.prime.inboundProc.PRIME_Inbound_Transform_MF intServ="EEMSIIB_PRIME_INBOUND" env="uat-bravo" override="DSN">EEMS_DB</com.prime.inboundProc.PRIME_Inbound_Transform_MF>
<com.prime.inboundProc.PRIME_Inbound_Transform_MF intServ="EEMSIIB_PRIME_INBOUND" env="uat-bravo" override="SourceProfileMap">CustomerProfile_Map</com.prime.inboundProc.PRIME_Inbound_Transform_MF>
<com.prime.inboundProc.PRIME_Inbound_Transform_MF intServ="EEMSIIB_PRIME_INBOUND" env="uat-bravo" override="CH_DBSchema">ELECELIG</com.prime.inboundProc.PRIME_Inbound_Transform_MF>


<!--STAGE-->
<com.prime.inboundProc.PRIME_Inbound_Transform_MF intServ="EEMSIIB_PRIME_APPS" env="stage" override="additionalInstances">7</com.prime.inboundProc.PRIME_Inbound_Transform_MF>
<com.prime.inboundProc.PRIME_Inbound_Transform_MF intServ="EEMSIIB_PRIME_APPS" env="stage" override="CommonMap_trans">PRIME_Common_Map</com.prime.inboundProc.PRIME_Inbound_Transform_MF>
<com.prime.inboundProc.PRIME_Inbound_Transform_MF intServ="EEMSIIB_PRIME_APPS" env="stage" override="BrkConfigKey">BRK_CONFIG</com.prime.inboundProc.PRIME_Inbound_Transform_MF>
<com.prime.inboundProc.PRIME_Inbound_Transform_MF intServ="EEMSIIB_PRIME_APPS" env="stage" override="SchemaName">ELECELIG</com.prime.inboundProc.PRIME_Inbound_Transform_MF>
<com.prime.inboundProc.PRIME_Inbound_Transform_MF intServ="EEMSIIB_PRIME_APPS" env="stage" override="varGCMapName">PRIME_Common_Map</com.prime.inboundProc.PRIME_Inbound_Transform_MF>
<com.prime.inboundProc.PRIME_Inbound_Transform_MF intServ="EEMSIIB_PRIME_APPS" env="stage" override="EEMSIIB.PRIME_ERRORMESSAGE_DATA.queueName">EEMSIIB.PRIME_ERRORMESSAGE_DATA</com.prime.inboundProc.PRIME_Inbound_Transform_MF>
<com.prime.inboundProc.PRIME_Inbound_Transform_MF intServ="EEMSIIB_PRIME_APPS" env="stage" override="AuditQName">EEMSIIB.PRIME_COMMON_AUDITMESSAGE_DATA</com.prime.inboundProc.PRIME_Inbound_Transform_MF>
<com.prime.inboundProc.PRIME_Inbound_Transform_MF intServ="EEMSIIB_PRIME_APPS" env="stage" override="BECode">800</com.prime.inboundProc.PRIME_Inbound_Transform_MF>
<com.prime.inboundProc.PRIME_Inbound_Transform_MF intServ="EEMSIIB_PRIME_APPS" env="stage" override="ProjNumber">3</com.prime.inboundProc.PRIME_Inbound_Transform_MF>
<com.prime.inboundProc.PRIME_Inbound_Transform_MF intServ="EEMSIIB_PRIME_APPS" env="stage" override="EEMSIIB.PRIME_INBOUND_SMALL_TRANSFORM_IN.queueName">EEMSIIB.PRIME_INBOUND_SMALL_TRANSFORM_IN</com.prime.inboundProc.PRIME_Inbound_Transform_MF>
<com.prime.inboundProc.PRIME_Inbound_Transform_MF intServ="EEMSIIB_PRIME_APPS" env="stage" override="EEMSIIB.PRIME_INBOUND_SMALL_DBLOAD_IN.queueName">EEMSIIB.PRIME_INBOUND_SMALL_DBLOAD_IN</com.prime.inboundProc.PRIME_Inbound_Transform_MF>
<com.prime.inboundProc.PRIME_Inbound_Transform_MF intServ="EEMSIIB_PRIME_APPS" env="stage" override="DataSource">EEMS_DB</com.prime.inboundProc.PRIME_Inbound_Transform_MF>
<com.prime.inboundProc.PRIME_Inbound_Transform_MF intServ="EEMSIIB_PRIME_APPS" env="stage" override="Common_ExceptionHandling_SF.BECode">800</com.prime.inboundProc.PRIME_Inbound_Transform_MF>
<com.prime.inboundProc.PRIME_Inbound_Transform_MF intServ="EEMSIIB_PRIME_APPS" env="stage" override="Common_ExceptionHandling_SF.ProjNumber">3</com.prime.inboundProc.PRIME_Inbound_Transform_MF>
<com.prime.inboundProc.PRIME_Inbound_Transform_MF intServ="EEMSIIB_PRIME_APPS" env="stage" override="MBR_PROCESS_INITIATE.queueName">EEMSIIB.PRIME_INB_TRANSFORM_MBR_PROCESS</com.prime.inboundProc.PRIME_Inbound_Transform_MF>
<com.prime.inboundProc.PRIME_Inbound_Transform_MF intServ="EEMSIIB_PRIME_APPS" env="stage" override="MBR_PROCESS_START.queueName">EEMSIIB.PRIME_INB_TRANSFORM_MBR_PROCESS</com.prime.inboundProc.PRIME_Inbound_Transform_MF>
<com.prime.inboundProc.PRIME_Inbound_Transform_MF intServ="EEMSIIB_PRIME_APPS" env="stage" override="DSN">EEMS_DB</com.prime.inboundProc.PRIME_Inbound_Transform_MF>
<com.prime.inboundProc.PRIME_Inbound_Transform_MF intServ="EEMSIIB_PRIME_APPS" env="stage" override="SourceProfileMap">CustomerProfile_Map</com.prime.inboundProc.PRIME_Inbound_Transform_MF>
<com.prime.inboundProc.PRIME_Inbound_Transform_MF intServ="EEMSIIB_PRIME_APPS" env="stage" override="CH_DBSchema">ELECELIG</com.prime.inboundProc.PRIME_Inbound_Transform_MF>


<!--ADOPT-->
<com.prime.inboundProc.PRIME_Inbound_Transform_MF intServ="EEMSIIB_PRIME_APPS" env="adopt" override="additionalInstances">7</com.prime.inboundProc.PRIME_Inbound_Transform_MF>
<com.prime.inboundProc.PRIME_Inbound_Transform_MF intServ="EEMSIIB_PRIME_APPS" env="adopt" override="CommonMap_trans">PRIME_Common_Map</com.prime.inboundProc.PRIME_Inbound_Transform_MF>
<com.prime.inboundProc.PRIME_Inbound_Transform_MF intServ="EEMSIIB_PRIME_APPS" env="adopt" override="BrkConfigKey">BRK_CONFIG</com.prime.inboundProc.PRIME_Inbound_Transform_MF>
<com.prime.inboundProc.PRIME_Inbound_Transform_MF intServ="EEMSIIB_PRIME_APPS" env="adopt" override="SchemaName">ELECELIG</com.prime.inboundProc.PRIME_Inbound_Transform_MF>
<com.prime.inboundProc.PRIME_Inbound_Transform_MF intServ="EEMSIIB_PRIME_APPS" env="adopt" override="varGCMapName">PRIME_Common_Map</com.prime.inboundProc.PRIME_Inbound_Transform_MF>
<com.prime.inboundProc.PRIME_Inbound_Transform_MF intServ="EEMSIIB_PRIME_APPS" env="adopt" override="EEMSIIB.PRIME_ERRORMESSAGE_DATA.queueName">EEMSIIB.ADP.PRIME_ERRORMESSAGE_DATA</com.prime.inboundProc.PRIME_Inbound_Transform_MF>
<com.prime.inboundProc.PRIME_Inbound_Transform_MF intServ="EEMSIIB_PRIME_APPS" env="adopt" override="AuditQName">EEMSIIB.ADP.PRIME_COMMON_AUDITMESSAGE_DATA</com.prime.inboundProc.PRIME_Inbound_Transform_MF>
<com.prime.inboundProc.PRIME_Inbound_Transform_MF intServ="EEMSIIB_PRIME_APPS" env="adopt" override="BECode">800</com.prime.inboundProc.PRIME_Inbound_Transform_MF>
<com.prime.inboundProc.PRIME_Inbound_Transform_MF intServ="EEMSIIB_PRIME_APPS" env="adopt" override="ProjNumber">3</com.prime.inboundProc.PRIME_Inbound_Transform_MF>
<com.prime.inboundProc.PRIME_Inbound_Transform_MF intServ="EEMSIIB_PRIME_APPS" env="adopt" override="EEMSIIB.PRIME_INBOUND_SMALL_TRANSFORM_IN.queueName">EEMSIIB.ADP.PRIME_INBOUND_SMALL_TRANSFORM_IN</com.prime.inboundProc.PRIME_Inbound_Transform_MF>
<com.prime.inboundProc.PRIME_Inbound_Transform_MF intServ="EEMSIIB_PRIME_APPS" env="adopt" override="EEMSIIB.PRIME_INBOUND_SMALL_DBLOAD_IN.queueName">EEMSIIB.ADP.PRIME_INBOUND_SMALL_DBLOAD_IN</com.prime.inboundProc.PRIME_Inbound_Transform_MF>
<com.prime.inboundProc.PRIME_Inbound_Transform_MF intServ="EEMSIIB_PRIME_APPS" env="adopt" override="DataSource">EEMS_DB</com.prime.inboundProc.PRIME_Inbound_Transform_MF>
<com.prime.inboundProc.PRIME_Inbound_Transform_MF intServ="EEMSIIB_PRIME_APPS" env="adopt" override="Common_ExceptionHandling_SF.BECode">800</com.prime.inboundProc.PRIME_Inbound_Transform_MF>
<com.prime.inboundProc.PRIME_Inbound_Transform_MF intServ="EEMSIIB_PRIME_APPS" env="adopt" override="Common_ExceptionHandling_SF.ProjNumber">3</com.prime.inboundProc.PRIME_Inbound_Transform_MF>
<com.prime.inboundProc.PRIME_Inbound_Transform_MF intServ="EEMSIIB_PRIME_APPS" env="adopt" override="MBR_PROCESS_INITIATE.queueName">EEMSIIB.ADP.PRIME_INB_TRANSFORM_MBR_PROCESS</com.prime.inboundProc.PRIME_Inbound_Transform_MF>
<com.prime.inboundProc.PRIME_Inbound_Transform_MF intServ="EEMSIIB_PRIME_APPS" env="adopt" override="MBR_PROCESS_START.queueName">EEMSIIB.ADP.PRIME_INB_TRANSFORM_MBR_PROCESS</com.prime.inboundProc.PRIME_Inbound_Transform_MF>
<com.prime.inboundProc.PRIME_Inbound_Transform_MF intServ="EEMSIIB_PRIME_APPS" env="adopt" override="DSN">EEMS_DB</com.prime.inboundProc.PRIME_Inbound_Transform_MF>
<com.prime.inboundProc.PRIME_Inbound_Transform_MF intServ="EEMSIIB_PRIME_APPS" env="adopt" override="SourceProfileMap">CustomerProfile_Map</com.prime.inboundProc.PRIME_Inbound_Transform_MF>
<com.prime.inboundProc.PRIME_Inbound_Transform_MF intServ="EEMSIIB_PRIME_APPS" env="adopt" override="CH_DBSchema">ELECELIG</com.prime.inboundProc.PRIME_Inbound_Transform_MF>


<!--PROD-->
<com.prime.inboundProc.PRIME_Inbound_Transform_MF intServ="EEMSIIB_PRIME_APPS" env="prod" override="additionalInstances">7</com.prime.inboundProc.PRIME_Inbound_Transform_MF>
<com.prime.inboundProc.PRIME_Inbound_Transform_MF intServ="EEMSIIB_PRIME_APPS" env="prod" override="CommonMap_trans">PRIME_Common_Map</com.prime.inboundProc.PRIME_Inbound_Transform_MF>
<com.prime.inboundProc.PRIME_Inbound_Transform_MF intServ="EEMSIIB_PRIME_APPS" env="prod" override="BrkConfigKey">BRK_CONFIG</com.prime.inboundProc.PRIME_Inbound_Transform_MF>
<com.prime.inboundProc.PRIME_Inbound_Transform_MF intServ="EEMSIIB_PRIME_APPS" env="prod" override="SchemaName">ELECELIG</com.prime.inboundProc.PRIME_Inbound_Transform_MF>
<com.prime.inboundProc.PRIME_Inbound_Transform_MF intServ="EEMSIIB_PRIME_APPS" env="prod" override="varGCMapName">PRIME_Common_Map</com.prime.inboundProc.PRIME_Inbound_Transform_MF>
<com.prime.inboundProc.PRIME_Inbound_Transform_MF intServ="EEMSIIB_PRIME_APPS" env="prod" override="EEMSIIB.PRIME_ERRORMESSAGE_DATA.queueName">EEMSIIB.PRIME_ERRORMESSAGE_DATA</com.prime.inboundProc.PRIME_Inbound_Transform_MF>
<com.prime.inboundProc.PRIME_Inbound_Transform_MF intServ="EEMSIIB_PRIME_APPS" env="prod" override="AuditQName">EEMSIIB.PRIME_COMMON_AUDITMESSAGE_DATA</com.prime.inboundProc.PRIME_Inbound_Transform_MF>
<com.prime.inboundProc.PRIME_Inbound_Transform_MF intServ="EEMSIIB_PRIME_APPS" env="prod" override="BECode">800</com.prime.inboundProc.PRIME_Inbound_Transform_MF>
<com.prime.inboundProc.PRIME_Inbound_Transform_MF intServ="EEMSIIB_PRIME_APPS" env="prod" override="ProjNumber">3</com.prime.inboundProc.PRIME_Inbound_Transform_MF>
<com.prime.inboundProc.PRIME_Inbound_Transform_MF intServ="EEMSIIB_PRIME_APPS" env="prod" override="EEMSIIB.PRIME_INBOUND_SMALL_TRANSFORM_IN.queueName">EEMSIIB.PRIME_INBOUND_SMALL_TRANSFORM_IN</com.prime.inboundProc.PRIME_Inbound_Transform_MF>
<com.prime.inboundProc.PRIME_Inbound_Transform_MF intServ="EEMSIIB_PRIME_APPS" env="prod" override="EEMSIIB.PRIME_INBOUND_SMALL_DBLOAD_IN.queueName">EEMSIIB.PRIME_INBOUND_SMALL_DBLOAD_IN</com.prime.inboundProc.PRIME_Inbound_Transform_MF>
<com.prime.inboundProc.PRIME_Inbound_Transform_MF intServ="EEMSIIB_PRIME_APPS" env="prod" override="DataSource">EEMS_DB</com.prime.inboundProc.PRIME_Inbound_Transform_MF>
<com.prime.inboundProc.PRIME_Inbound_Transform_MF intServ="EEMSIIB_PRIME_APPS" env="prod" override="Common_ExceptionHandling_SF.BECode">800</com.prime.inboundProc.PRIME_Inbound_Transform_MF>
<com.prime.inboundProc.PRIME_Inbound_Transform_MF intServ="EEMSIIB_PRIME_APPS" env="prod" override="Common_ExceptionHandling_SF.ProjNumber">3</com.prime.inboundProc.PRIME_Inbound_Transform_MF>
<com.prime.inboundProc.PRIME_Inbound_Transform_MF intServ="EEMSIIB_PRIME_APPS" env="prod" override="MBR_PROCESS_INITIATE.queueName">EEMSIIB.PRIME_INB_TRANSFORM_MBR_PROCESS</com.prime.inboundProc.PRIME_Inbound_Transform_MF>
<com.prime.inboundProc.PRIME_Inbound_Transform_MF intServ="EEMSIIB_PRIME_APPS" env="prod" override="MBR_PROCESS_START.queueName">EEMSIIB.PRIME_INB_TRANSFORM_MBR_PROCESS</com.prime.inboundProc.PRIME_Inbound_Transform_MF>
<com.prime.inboundProc.PRIME_Inbound_Transform_MF intServ="EEMSIIB_PRIME_APPS" env="prod" override="DSN">EEMS_DB</com.prime.inboundProc.PRIME_Inbound_Transform_MF>
<com.prime.inboundProc.PRIME_Inbound_Transform_MF intServ="EEMSIIB_PRIME_APPS" env="prod" override="SourceProfileMap">CustomerProfile_Map</com.prime.inboundProc.PRIME_Inbound_Transform_MF>
<com.prime.inboundProc.PRIME_Inbound_Transform_MF intServ="EEMSIIB_PRIME_APPS" env="prod" override="CH_DBSchema">ELECELIG</com.prime.inboundProc.PRIME_Inbound_Transform_MF>

</Broker>
