<?xml version="1.0" encoding="UTF-8" ?> 
<Broker>
<!-- DEV-->	

<gen.GPS_Invoke_Webservice intServ="EEMSIIB_GPS_FEEDBACK" env="dev" override="webServiceURL">http://apsrd6920.uhc.com:9088/GatewayPreprocWeb/ws/gpsfeedbackprocess</gen.GPS_Invoke_Webservice>
<gen.GPS_Invoke_Webservice intServ="EEMSIIB_GPS_FEEDBACK" env="dev" override="SOAP Request.sslProtocol">TLS</gen.GPS_Invoke_Webservice>
<gen.GPS_Invoke_Webservice intServ="EEMSIIB_GPS_FEEDBACK" env="dev" override="SOAP Request.validateMaster">none</gen.GPS_Invoke_Webservice>
<com.gps.feedback.GPS_Inputfile_Processing_MF intServ="EEMSIIB_GPS_FEEDBACK" env="dev" override="EMAIL_TO">amresh_kosuru@uhc.com,samudrala_Srikanth@optum.com,eems-iib_DL_DL@ds.uhc.com</com.gps.feedback.GPS_Inputfile_Processing_MF>
<com.gps.feedback.GPS_Inputfile_Processing_MF intServ="EEMSIIB_GPS_FEEDBACK" env="dev" override="EMAIL_FROM">eservices_electronic_eligibility_system@uhc.com</com.gps.feedback.GPS_Inputfile_Processing_MF>
<com.gps.feedback.GPS_Inputfile_Processing_MF intServ="EEMSIIB_GPS_FEEDBACK" env="dev" override="SMTPHost">mailo2.uhc.com:25</com.gps.feedback.GPS_Inputfile_Processing_MF>
<com.gps.feedback.GPS_Inputfile_Processing_MF intServ="EEMSIIB_GPS_FEEDBACK" env="dev" override="Timeout Notification.uniqueIdentifier">Fileunzipper</com.gps.feedback.GPS_Inputfile_Processing_MF>
<com.gps.feedback.GPS_Inputfile_Processing_MF intServ="EEMSIIB_GPS_FEEDBACK" env="dev" override="Timeout Notification.timeoutInterval">1800</com.gps.feedback.GPS_Inputfile_Processing_MF>
<com.gps.feedback.GPS_Inputfile_Processing_MF intServ="EEMSIIB_GPS_FEEDBACK" env="dev" override="GPS_FeedbackinputFile.inputDirectory">/eems/iib/inbound/GPS/feedback/daily</com.gps.feedback.GPS_Inputfile_Processing_MF>
<com.gps.feedback.GPS_Inputfile_Processing_MF intServ="EEMSIIB_GPS_FEEDBACK" env="dev" override="GPS_FeedbackinputFile.filenamePattern">*.DAT</com.gps.feedback.GPS_Inputfile_Processing_MF>
<com.gps.feedback.GPS_Inputfile_Processing_MF intServ="EEMSIIB_GPS_FEEDBACK" env="dev" override="inputLocation">/eems/iib/inbound/GPS/feedback/daily</com.gps.feedback.GPS_Inputfile_Processing_MF>
<com.gps.feedback.GPS_Inputfile_Processing_MF intServ="EEMSIIB_GPS_FEEDBACK" env="dev" override="archiveLocation">/eems/iib/archive/inbound/GPS/feedback/daily</com.gps.feedback.GPS_Inputfile_Processing_MF>
<com.gps.feedback.GPS_Inputfile_Processing_MF intServ="EEMSIIB_GPS_FEEDBACK" env="dev" override="additionalInstances">0</com.gps.feedback.GPS_Inputfile_Processing_MF>
<com.gps.feedback.GPS_Inputfile_Processing_MF intServ="EEMSIIB_GPS_FEEDBACK" env="dev" override="RetryCount">3</com.gps.feedback.GPS_Inputfile_Processing_MF>
<com.gps.feedback.GPS_Inputfile_Processing_MF intServ="EEMSIIB_GPS_FEEDBACK" env="dev" override="Payload">true</com.gps.feedback.GPS_Inputfile_Processing_MF>
<com.gps.feedback.GPS_Inputfile_Processing_MF intServ="EEMSIIB_GPS_FEEDBACK" env="dev" override="BECode">600</com.gps.feedback.GPS_Inputfile_Processing_MF>
<com.gps.feedback.GPS_Inputfile_Processing_MF intServ="EEMSIIB_GPS_FEEDBACK" env="dev" override="ProjNumber">3</com.gps.feedback.GPS_Inputfile_Processing_MF>
<com.gps.feedback.GPS_Inputfile_Processing_MF intServ="EEMSIIB_GPS_FEEDBACK" env="dev" override="Trnsfrm_MSG_GW.queueName">EEMSIIB.GPS_FEEDBACK_IN</com.gps.feedback.GPS_Inputfile_Processing_MF>
<com.gps.feedback.GPS_Inputfile_Processing_MF intServ="EEMSIIB_GPS_FEEDBACK" env="dev" override="EEMSIIB.ERRORMESSAGE_DATA.queueName">EEMSIIB.GPS_ERRORMESSAGE_DATA</com.gps.feedback.GPS_Inputfile_Processing_MF>
<com.gps.feedback.GPS_Inputfile_Processing_MF intServ="EEMSIIB_GPS_FEEDBACK" env="dev" override="BrkConfigKey">BRK_CONFIG</com.gps.feedback.GPS_Inputfile_Processing_MF>
<com.gps.feedback.GPS_Inputfile_Processing_MF intServ="EEMSIIB_GPS_FEEDBACK" env="dev" override="SCHEMA_NAME">ELECELIG</com.gps.feedback.GPS_Inputfile_Processing_MF>
<com.gps.feedback.GPS_Inputfile_Processing_MF intServ="EEMSIIB_GPS_FEEDBACK" env="dev" override="varGCMapName">GPS_Common_Map</com.gps.feedback.GPS_Inputfile_Processing_MF>
<com.gps.feedback.GPS_Inputfile_Processing_MF intServ="EEMSIIB_GPS_FEEDBACK" env="dev" override="UDP_ApplicationName">GPS_FeedbackProcessing_APP</com.gps.feedback.GPS_Inputfile_Processing_MF>
<com.gps.feedback.GPS_Inputfile_Processing_MF intServ="EEMSIIB_GPS_FEEDBACK" env="dev" override="Region1">[DEV]</com.gps.feedback.GPS_Inputfile_Processing_MF>
<com.gps.feedback.GPS_Inputfile_Processing_MF intServ="EEMSIIB_GPS_FEEDBACK" env="dev" override="AuditQName">EEMSIIB.GPS_COMMON_AUDITMESSAGE_DATA</com.gps.feedback.GPS_Inputfile_Processing_MF>
<com.gps.feedback.GPS_Inputfile_Processing_MF intServ="EEMSIIB_GPS_FEEDBACK" env="dev" override="DSN">EEMS_DB</com.gps.feedback.GPS_Inputfile_Processing_MF>
<com.gps.feedback.GPS_Inputfile_Processing_MF intServ="EEMSIIB_GPS_FEEDBACK" env="dev" override="commonMap">GPS_Common_Map</com.gps.feedback.GPS_Inputfile_Processing_MF>

<com.gps.feedback.GPSFeedBack_SendResponseToGateway_MF intServ="EEMSIIB_GPS_FEEDBACK" env="dev" override="EMAIL_TOO">amresh_kosuru@uhc.com,samudrala_Srikanth@optum.com,eems-iib_DL_DL@ds.uhc.com</com.gps.feedback.GPSFeedBack_SendResponseToGateway_MF>
<com.gps.feedback.GPSFeedBack_SendResponseToGateway_MF intServ="EEMSIIB_GPS_FEEDBACK" env="dev" override="EMAIL_FROOM">eservices_electronic_eligibility_system@uhc.com</com.gps.feedback.GPSFeedBack_SendResponseToGateway_MF>
<com.gps.feedback.GPSFeedBack_SendResponseToGateway_MF intServ="EEMSIIB_GPS_FEEDBACK" env="dev" override="SMTPHoost">mailo2.uhc.com:25</com.gps.feedback.GPSFeedBack_SendResponseToGateway_MF>
<com.gps.feedback.GPSFeedBack_SendResponseToGateway_MF intServ="EEMSIIB_GPS_FEEDBACK" env="dev" override="Username">signFiles</com.gps.feedback.GPSFeedBack_SendResponseToGateway_MF>
<com.gps.feedback.GPSFeedBack_SendResponseToGateway_MF intServ="EEMSIIB_GPS_FEEDBACK" env="dev" override="Password">eemsws123</com.gps.feedback.GPSFeedBack_SendResponseToGateway_MF>
<com.gps.feedback.GPSFeedBack_SendResponseToGateway_MF intServ="EEMSIIB_GPS_FEEDBACK" env="dev" override="Payload">true</com.gps.feedback.GPSFeedBack_SendResponseToGateway_MF>
<com.gps.feedback.GPSFeedBack_SendResponseToGateway_MF intServ="EEMSIIB_GPS_FEEDBACK" env="dev" override="RetryCount">3</com.gps.feedback.GPSFeedBack_SendResponseToGateway_MF>
<com.gps.feedback.GPSFeedBack_SendResponseToGateway_MF intServ="EEMSIIB_GPS_FEEDBACK" env="dev" override="BECode">600</com.gps.feedback.GPSFeedBack_SendResponseToGateway_MF>
<com.gps.feedback.GPSFeedBack_SendResponseToGateway_MF intServ="EEMSIIB_GPS_FEEDBACK" env="dev" override="ProjNumber">3</com.gps.feedback.GPSFeedBack_SendResponseToGateway_MF>
<com.gps.feedback.GPSFeedBack_SendResponseToGateway_MF intServ="EEMSIIB_GPS_FEEDBACK" env="dev" override="GPS_Store_Message.queueName">EEMSIIB.GPS_FEEDBACK_IN</com.gps.feedback.GPSFeedBack_SendResponseToGateway_MF>
<com.gps.feedback.GPSFeedBack_SendResponseToGateway_MF intServ="EEMSIIB_GPS_FEEDBACK" env="dev" override="EEMSIIB.ERRORMESSAGE_DATA.queueName">EEMSIIB.GPS_ERRORMESSAGE_DATA</com.gps.feedback.GPSFeedBack_SendResponseToGateway_MF>
<com.gps.feedback.GPSFeedBack_SendResponseToGateway_MF intServ="EEMSIIB_GPS_FEEDBACK" env="dev" override="GPS_Store_Message_Retry.queueName">EEMSIIB.GPS_FEEDBACK_IN</com.gps.feedback.GPSFeedBack_SendResponseToGateway_MF>
<com.gps.feedback.GPSFeedBack_SendResponseToGateway_MF intServ="EEMSIIB_GPS_FEEDBACK" env="dev" override="BrkConfigKey">BRK_CONFIG</com.gps.feedback.GPSFeedBack_SendResponseToGateway_MF>
<com.gps.feedback.GPSFeedBack_SendResponseToGateway_MF intServ="EEMSIIB_GPS_FEEDBACK" env="dev" override="SCHEMA_NAME">ELECELIG</com.gps.feedback.GPSFeedBack_SendResponseToGateway_MF>
<com.gps.feedback.GPSFeedBack_SendResponseToGateway_MF intServ="EEMSIIB_GPS_FEEDBACK" env="dev" override="varGCMapName1">GPS_Common_Map</com.gps.feedback.GPSFeedBack_SendResponseToGateway_MF>
<com.gps.feedback.GPSFeedBack_SendResponseToGateway_MF intServ="EEMSIIB_GPS_FEEDBACK" env="dev" override="Region">[DEV]</com.gps.feedback.GPSFeedBack_SendResponseToGateway_MF>
<com.gps.feedback.GPSFeedBack_SendResponseToGateway_MF intServ="EEMSIIB_GPS_FEEDBACK" env="dev" override="AuditQName">EEMSIIB.GPS_COMMON_AUDITMESSAGE_DATA</com.gps.feedback.GPSFeedBack_SendResponseToGateway_MF>

<!-- SIT -->

<gen.GPS_Invoke_Webservice intServ="EEMSIIB_GPS_FEEDBACK" env="test" override="webServiceURL">http://apsrt2957:9089/GatewayPreprocWeb/ws/gpsfeedbackprocess</gen.GPS_Invoke_Webservice>
<gen.GPS_Invoke_Webservice intServ="EEMSIIB_GPS_FEEDBACK" env="test" override="SOAP Request.sslProtocol">TLS</gen.GPS_Invoke_Webservice>
<gen.GPS_Invoke_Webservice intServ="EEMSIIB_GPS_FEEDBACK" env="test" override="SOAP Request.validateMaster">none</gen.GPS_Invoke_Webservice>
<com.gps.feedback.GPS_Inputfile_Processing_MF intServ="EEMSIIB_GPS_FEEDBACK" env="test" override="EMAIL_TO">E3_DEV_LEADS@UHC.COM,samudrala_Srikanth@optum.com,a_swapna@optum.com,vinod_vemareddy@optum.com,eems-iib_DL_DL@ds.uhc.com</com.gps.feedback.GPS_Inputfile_Processing_MF>
<com.gps.feedback.GPS_Inputfile_Processing_MF intServ="EEMSIIB_GPS_FEEDBACK" env="test" override="EMAIL_FROM">eservices_electronic_eligibility_system@uhc.com</com.gps.feedback.GPS_Inputfile_Processing_MF>
<com.gps.feedback.GPS_Inputfile_Processing_MF intServ="EEMSIIB_GPS_FEEDBACK" env="test" override="SMTPHost">mailo2.uhc.com:25</com.gps.feedback.GPS_Inputfile_Processing_MF>
<com.gps.feedback.GPS_Inputfile_Processing_MF intServ="EEMSIIB_GPS_FEEDBACK" env="test" override="Timeout Notification.uniqueIdentifier">Fileunzipper</com.gps.feedback.GPS_Inputfile_Processing_MF>
<com.gps.feedback.GPS_Inputfile_Processing_MF intServ="EEMSIIB_GPS_FEEDBACK" env="test" override="Timeout Notification.timeoutInterval">1800</com.gps.feedback.GPS_Inputfile_Processing_MF>
<com.gps.feedback.GPS_Inputfile_Processing_MF intServ="EEMSIIB_GPS_FEEDBACK" env="test" override="GPS_FeedbackinputFile.inputDirectory">/eems/iib/inbound/GPS/feedback/daily</com.gps.feedback.GPS_Inputfile_Processing_MF>
<com.gps.feedback.GPS_Inputfile_Processing_MF intServ="EEMSIIB_GPS_FEEDBACK" env="test" override="GPS_FeedbackinputFile.filenamePattern">*.DAT</com.gps.feedback.GPS_Inputfile_Processing_MF>
<com.gps.feedback.GPS_Inputfile_Processing_MF intServ="EEMSIIB_GPS_FEEDBACK" env="test" override="inputLocation">/eems/iib/inbound/GPS/feedback/daily</com.gps.feedback.GPS_Inputfile_Processing_MF>
<com.gps.feedback.GPS_Inputfile_Processing_MF intServ="EEMSIIB_GPS_FEEDBACK" env="test" override="archiveLocation">/eems/iib/archive/inbound/GPS/feedback/daily</com.gps.feedback.GPS_Inputfile_Processing_MF>
<com.gps.feedback.GPS_Inputfile_Processing_MF intServ="EEMSIIB_GPS_FEEDBACK" env="test" override="additionalInstances">0</com.gps.feedback.GPS_Inputfile_Processing_MF>
<com.gps.feedback.GPS_Inputfile_Processing_MF intServ="EEMSIIB_GPS_FEEDBACK" env="test" override="RetryCount">3</com.gps.feedback.GPS_Inputfile_Processing_MF>
<com.gps.feedback.GPS_Inputfile_Processing_MF intServ="EEMSIIB_GPS_FEEDBACK" env="test" override="Payload">true</com.gps.feedback.GPS_Inputfile_Processing_MF>
<com.gps.feedback.GPS_Inputfile_Processing_MF intServ="EEMSIIB_GPS_FEEDBACK" env="test" override="BECode">600</com.gps.feedback.GPS_Inputfile_Processing_MF>
<com.gps.feedback.GPS_Inputfile_Processing_MF intServ="EEMSIIB_GPS_FEEDBACK" env="test" override="ProjNumber">3</com.gps.feedback.GPS_Inputfile_Processing_MF>
<com.gps.feedback.GPS_Inputfile_Processing_MF intServ="EEMSIIB_GPS_FEEDBACK" env="test" override="Trnsfrm_MSG_GW.queueName">EEMSIIB.GPS_FEEDBACK_IN</com.gps.feedback.GPS_Inputfile_Processing_MF>
<com.gps.feedback.GPS_Inputfile_Processing_MF intServ="EEMSIIB_GPS_FEEDBACK" env="test" override="EEMSIIB.ERRORMESSAGE_DATA.queueName">EEMSIIB.GPS_ERRORMESSAGE_DATA</com.gps.feedback.GPS_Inputfile_Processing_MF>
<com.gps.feedback.GPS_Inputfile_Processing_MF intServ="EEMSIIB_GPS_FEEDBACK" env="test" override="BrkConfigKey">BRK_CONFIG</com.gps.feedback.GPS_Inputfile_Processing_MF>
<com.gps.feedback.GPS_Inputfile_Processing_MF intServ="EEMSIIB_GPS_FEEDBACK" env="test" override="SCHEMA_NAME">ELECELIG</com.gps.feedback.GPS_Inputfile_Processing_MF>
<com.gps.feedback.GPS_Inputfile_Processing_MF intServ="EEMSIIB_GPS_FEEDBACK" env="test" override="varGCMapName">GPS_Common_Map</com.gps.feedback.GPS_Inputfile_Processing_MF>
<com.gps.feedback.GPS_Inputfile_Processing_MF intServ="EEMSIIB_GPS_FEEDBACK" env="test" override="UDP_ApplicationName">GPS_FeedbackProcessing_APP</com.gps.feedback.GPS_Inputfile_Processing_MF>
<com.gps.feedback.GPS_Inputfile_Processing_MF intServ="EEMSIIB_GPS_FEEDBACK" env="test" override="Region1">[Systest]</com.gps.feedback.GPS_Inputfile_Processing_MF>
<com.gps.feedback.GPS_Inputfile_Processing_MF intServ="EEMSIIB_GPS_FEEDBACK" env="test" override="AuditQName">EEMSIIB.GPS_COMMON_AUDITMESSAGE_DATA</com.gps.feedback.GPS_Inputfile_Processing_MF>
<com.gps.feedback.GPS_Inputfile_Processing_MF intServ="EEMSIIB_GPS_FEEDBACK" env="test" override="DSN">EEMS_DB</com.gps.feedback.GPS_Inputfile_Processing_MF>
<com.gps.feedback.GPS_Inputfile_Processing_MF intServ="EEMSIIB_GPS_FEEDBACK" env="test" override="commonMap">GPS_Common_Map</com.gps.feedback.GPS_Inputfile_Processing_MF>

<com.gps.feedback.GPSFeedBack_SendResponseToGateway_MF intServ="EEMSIIB_GPS_FEEDBACK" env="test" override="EMAIL_TOO">E3_DEV_LEADS@UHC.COM,samudrala_Srikanth@optum.com,a_swapna@optum.com,vinod_vemareddy@optum.com,eems-iib_DL_DL@ds.uhc.com</com.gps.feedback.GPSFeedBack_SendResponseToGateway_MF>
<com.gps.feedback.GPSFeedBack_SendResponseToGateway_MF intServ="EEMSIIB_GPS_FEEDBACK" env="test" override="EMAIL_FROOM">eservices_electronic_eligibility_system@uhc.com</com.gps.feedback.GPSFeedBack_SendResponseToGateway_MF>
<com.gps.feedback.GPSFeedBack_SendResponseToGateway_MF intServ="EEMSIIB_GPS_FEEDBACK" env="test" override="SMTPHoost">mailo2.uhc.com:25</com.gps.feedback.GPSFeedBack_SendResponseToGateway_MF>
<com.gps.feedback.GPSFeedBack_SendResponseToGateway_MF intServ="EEMSIIB_GPS_FEEDBACK" env="test" override="Username">signFiles</com.gps.feedback.GPSFeedBack_SendResponseToGateway_MF>
<com.gps.feedback.GPSFeedBack_SendResponseToGateway_MF intServ="EEMSIIB_GPS_FEEDBACK" env="test" override="Password">eemsws123</com.gps.feedback.GPSFeedBack_SendResponseToGateway_MF>
<com.gps.feedback.GPSFeedBack_SendResponseToGateway_MF intServ="EEMSIIB_GPS_FEEDBACK" env="test" override="Payload">true</com.gps.feedback.GPSFeedBack_SendResponseToGateway_MF>
<com.gps.feedback.GPSFeedBack_SendResponseToGateway_MF intServ="EEMSIIB_GPS_FEEDBACK" env="test" override="RetryCount">3</com.gps.feedback.GPSFeedBack_SendResponseToGateway_MF>
<com.gps.feedback.GPSFeedBack_SendResponseToGateway_MF intServ="EEMSIIB_GPS_FEEDBACK" env="test" override="BECode">600</com.gps.feedback.GPSFeedBack_SendResponseToGateway_MF>
<com.gps.feedback.GPSFeedBack_SendResponseToGateway_MF intServ="EEMSIIB_GPS_FEEDBACK" env="test" override="ProjNumber">3</com.gps.feedback.GPSFeedBack_SendResponseToGateway_MF>
<com.gps.feedback.GPSFeedBack_SendResponseToGateway_MF intServ="EEMSIIB_GPS_FEEDBACK" env="test" override="GPS_Store_Message.queueName">EEMSIIB.GPS_FEEDBACK_IN</com.gps.feedback.GPSFeedBack_SendResponseToGateway_MF>
<com.gps.feedback.GPSFeedBack_SendResponseToGateway_MF intServ="EEMSIIB_GPS_FEEDBACK" env="test" override="EEMSIIB.ERRORMESSAGE_DATA.queueName">EEMSIIB.GPS_ERRORMESSAGE_DATA</com.gps.feedback.GPSFeedBack_SendResponseToGateway_MF>
<com.gps.feedback.GPSFeedBack_SendResponseToGateway_MF intServ="EEMSIIB_GPS_FEEDBACK" env="test" override="GPS_Store_Message_Retry.queueName">EEMSIIB.GPS_FEEDBACK_IN</com.gps.feedback.GPSFeedBack_SendResponseToGateway_MF>
<com.gps.feedback.GPSFeedBack_SendResponseToGateway_MF intServ="EEMSIIB_GPS_FEEDBACK" env="test" override="BrkConfigKey">BRK_CONFIG</com.gps.feedback.GPSFeedBack_SendResponseToGateway_MF>
<com.gps.feedback.GPSFeedBack_SendResponseToGateway_MF intServ="EEMSIIB_GPS_FEEDBACK" env="test" override="SCHEMA_NAME">ELECELIG</com.gps.feedback.GPSFeedBack_SendResponseToGateway_MF>
<com.gps.feedback.GPSFeedBack_SendResponseToGateway_MF intServ="EEMSIIB_GPS_FEEDBACK" env="test" override="varGCMapName1">GPS_Common_Map</com.gps.feedback.GPSFeedBack_SendResponseToGateway_MF>
<com.gps.feedback.GPSFeedBack_SendResponseToGateway_MF intServ="EEMSIIB_GPS_FEEDBACK" env="test" override="Region">[Systest]</com.gps.feedback.GPSFeedBack_SendResponseToGateway_MF>
<com.gps.feedback.GPSFeedBack_SendResponseToGateway_MF intServ="EEMSIIB_GPS_FEEDBACK" env="test" override="AuditQName">EEMSIIB.GPS_COMMON_AUDITMESSAGE_DATA</com.gps.feedback.GPSFeedBack_SendResponseToGateway_MF>
<!-- SIT-Bravo -->

<gen.GPS_Invoke_Webservice intServ="EEMSIIB_GPS_FEEDBACK" env="test2" override="webServiceURL">http://apsrt3363:9043/GatewayPreprocWeb/ws/gpsfeedbackprocess</gen.GPS_Invoke_Webservice>
<gen.GPS_Invoke_Webservice intServ="EEMSIIB_GPS_FEEDBACK" env="test2" override="SOAP Request.sslProtocol">TLS</gen.GPS_Invoke_Webservice>
<gen.GPS_Invoke_Webservice intServ="EEMSIIB_GPS_FEEDBACK" env="test2" override="SOAP Request.validateMaster">none</gen.GPS_Invoke_Webservice>
<com.gps.feedback.GPS_Inputfile_Processing_MF intServ="EEMSIIB_GPS_FEEDBACK" env="test2" override="EMAIL_TO">E3_DEV_LEADS@UHC.COM,samudrala_Srikanth@optum.com,eems-iib_DL_DL@ds.uhc.com</com.gps.feedback.GPS_Inputfile_Processing_MF>
<com.gps.feedback.GPS_Inputfile_Processing_MF intServ="EEMSIIB_GPS_FEEDBACK" env="test2" override="EMAIL_FROM">eservices_electronic_eligibility_system@uhc.com</com.gps.feedback.GPS_Inputfile_Processing_MF>
<com.gps.feedback.GPS_Inputfile_Processing_MF intServ="EEMSIIB_GPS_FEEDBACK" env="test2" override="SMTPHost">mailo2.uhc.com:25</com.gps.feedback.GPS_Inputfile_Processing_MF>
<com.gps.feedback.GPS_Inputfile_Processing_MF intServ="EEMSIIB_GPS_FEEDBACK" env="test2" override="Timeout Notification.uniqueIdentifier">Fileunzipper</com.gps.feedback.GPS_Inputfile_Processing_MF>
<com.gps.feedback.GPS_Inputfile_Processing_MF intServ="EEMSIIB_GPS_FEEDBACK" env="test2" override="Timeout Notification.timeoutInterval">1800</com.gps.feedback.GPS_Inputfile_Processing_MF>
<com.gps.feedback.GPS_Inputfile_Processing_MF intServ="EEMSIIB_GPS_FEEDBACK" env="test2" override="GPS_FeedbackinputFile.inputDirectory">/eems/iib/inbound/GPS/feedback/daily</com.gps.feedback.GPS_Inputfile_Processing_MF>
<com.gps.feedback.GPS_Inputfile_Processing_MF intServ="EEMSIIB_GPS_FEEDBACK" env="test2" override="GPS_FeedbackinputFile.filenamePattern">*.DAT</com.gps.feedback.GPS_Inputfile_Processing_MF>
<com.gps.feedback.GPS_Inputfile_Processing_MF intServ="EEMSIIB_GPS_FEEDBACK" env="test2" override="inputLocation">/eems/iib/inbound/GPS/feedback/daily</com.gps.feedback.GPS_Inputfile_Processing_MF>
<com.gps.feedback.GPS_Inputfile_Processing_MF intServ="EEMSIIB_GPS_FEEDBACK" env="test2" override="archiveLocation">/eems/iib/archive/inbound/GPS/feedback/daily</com.gps.feedback.GPS_Inputfile_Processing_MF>
<com.gps.feedback.GPS_Inputfile_Processing_MF intServ="EEMSIIB_GPS_FEEDBACK" env="test2" override="additionalInstances">0</com.gps.feedback.GPS_Inputfile_Processing_MF>
<com.gps.feedback.GPS_Inputfile_Processing_MF intServ="EEMSIIB_GPS_FEEDBACK" env="test2" override="RetryCount">3</com.gps.feedback.GPS_Inputfile_Processing_MF>
<com.gps.feedback.GPS_Inputfile_Processing_MF intServ="EEMSIIB_GPS_FEEDBACK" env="test2" override="Payload">true</com.gps.feedback.GPS_Inputfile_Processing_MF>
<com.gps.feedback.GPS_Inputfile_Processing_MF intServ="EEMSIIB_GPS_FEEDBACK" env="test2" override="BECode">600</com.gps.feedback.GPS_Inputfile_Processing_MF>
<com.gps.feedback.GPS_Inputfile_Processing_MF intServ="EEMSIIB_GPS_FEEDBACK" env="test2" override="ProjNumber">3</com.gps.feedback.GPS_Inputfile_Processing_MF>
<com.gps.feedback.GPS_Inputfile_Processing_MF intServ="EEMSIIB_GPS_FEEDBACK" env="test2" override="Trnsfrm_MSG_GW.queueName">EEMSIIB.GPS_FEEDBACK_IN</com.gps.feedback.GPS_Inputfile_Processing_MF>
<com.gps.feedback.GPS_Inputfile_Processing_MF intServ="EEMSIIB_GPS_FEEDBACK" env="test2" override="EEMSIIB.ERRORMESSAGE_DATA.queueName">EEMSIIB.GPS_ERRORMESSAGE_DATA</com.gps.feedback.GPS_Inputfile_Processing_MF>
<com.gps.feedback.GPS_Inputfile_Processing_MF intServ="EEMSIIB_GPS_FEEDBACK" env="test2" override="BrkConfigKey">BRK_CONFIG</com.gps.feedback.GPS_Inputfile_Processing_MF>
<com.gps.feedback.GPS_Inputfile_Processing_MF intServ="EEMSIIB_GPS_FEEDBACK" env="test2" override="SCHEMA_NAME">ELECELIG</com.gps.feedback.GPS_Inputfile_Processing_MF>
<com.gps.feedback.GPS_Inputfile_Processing_MF intServ="EEMSIIB_GPS_FEEDBACK" env="test2" override="varGCMapName">GPS_Common_Map</com.gps.feedback.GPS_Inputfile_Processing_MF>
<com.gps.feedback.GPS_Inputfile_Processing_MF intServ="EEMSIIB_GPS_FEEDBACK" env="test2" override="UDP_ApplicationName">GPS_FeedbackProcessing_APP</com.gps.feedback.GPS_Inputfile_Processing_MF>
<com.gps.feedback.GPS_Inputfile_Processing_MF intServ="EEMSIIB_GPS_FEEDBACK" env="test2" override="Region1">[Systest2]</com.gps.feedback.GPS_Inputfile_Processing_MF>
<com.gps.feedback.GPS_Inputfile_Processing_MF intServ="EEMSIIB_GPS_FEEDBACK" env="test2" override="AuditQName">EEMSIIB.GPS_COMMON_AUDITMESSAGE_DATA</com.gps.feedback.GPS_Inputfile_Processing_MF>
<com.gps.feedback.GPS_Inputfile_Processing_MF intServ="EEMSIIB_GPS_FEEDBACK" env="test2" override="DSN">EEMS_DB</com.gps.feedback.GPS_Inputfile_Processing_MF>
<com.gps.feedback.GPS_Inputfile_Processing_MF intServ="EEMSIIB_GPS_FEEDBACK" env="test2" override="commonMap">GPS_Common_Map</com.gps.feedback.GPS_Inputfile_Processing_MF>

<com.gps.feedback.GPSFeedBack_SendResponseToGateway_MF intServ="EEMSIIB_GPS_FEEDBACK" env="test2" override="EMAIL_TOO">E3_DEV_LEADS@UHC.COM,samudrala_Srikanth@optum.com,eems-iib_DL_DL@ds.uhc.com</com.gps.feedback.GPSFeedBack_SendResponseToGateway_MF>
<com.gps.feedback.GPSFeedBack_SendResponseToGateway_MF intServ="EEMSIIB_GPS_FEEDBACK" env="test2" override="EMAIL_FROOM">eservices_electronic_eligibility_system@uhc.com</com.gps.feedback.GPSFeedBack_SendResponseToGateway_MF>
<com.gps.feedback.GPSFeedBack_SendResponseToGateway_MF intServ="EEMSIIB_GPS_FEEDBACK" env="test2" override="SMTPHoost">mailo2.uhc.com:25</com.gps.feedback.GPSFeedBack_SendResponseToGateway_MF>
<com.gps.feedback.GPSFeedBack_SendResponseToGateway_MF intServ="EEMSIIB_GPS_FEEDBACK" env="test2" override="Username">signFiles</com.gps.feedback.GPSFeedBack_SendResponseToGateway_MF>
<com.gps.feedback.GPSFeedBack_SendResponseToGateway_MF intServ="EEMSIIB_GPS_FEEDBACK" env="test2" override="Password">eemsws123</com.gps.feedback.GPSFeedBack_SendResponseToGateway_MF>
<com.gps.feedback.GPSFeedBack_SendResponseToGateway_MF intServ="EEMSIIB_GPS_FEEDBACK" env="test2" override="Payload">true</com.gps.feedback.GPSFeedBack_SendResponseToGateway_MF>
<com.gps.feedback.GPSFeedBack_SendResponseToGateway_MF intServ="EEMSIIB_GPS_FEEDBACK" env="test2" override="RetryCount">3</com.gps.feedback.GPSFeedBack_SendResponseToGateway_MF>
<com.gps.feedback.GPSFeedBack_SendResponseToGateway_MF intServ="EEMSIIB_GPS_FEEDBACK" env="test2" override="BECode">600</com.gps.feedback.GPSFeedBack_SendResponseToGateway_MF>
<com.gps.feedback.GPSFeedBack_SendResponseToGateway_MF intServ="EEMSIIB_GPS_FEEDBACK" env="test2" override="ProjNumber">3</com.gps.feedback.GPSFeedBack_SendResponseToGateway_MF>
<com.gps.feedback.GPSFeedBack_SendResponseToGateway_MF intServ="EEMSIIB_GPS_FEEDBACK" env="test2" override="GPS_Store_Message.queueName">EEMSIIB.GPS_FEEDBACK_IN</com.gps.feedback.GPSFeedBack_SendResponseToGateway_MF>
<com.gps.feedback.GPSFeedBack_SendResponseToGateway_MF intServ="EEMSIIB_GPS_FEEDBACK" env="test2" override="EEMSIIB.ERRORMESSAGE_DATA.queueName">EEMSIIB.GPS_ERRORMESSAGE_DATA</com.gps.feedback.GPSFeedBack_SendResponseToGateway_MF>
<com.gps.feedback.GPSFeedBack_SendResponseToGateway_MF intServ="EEMSIIB_GPS_FEEDBACK" env="test2" override="GPS_Store_Message_Retry.queueName">EEMSIIB.GPS_FEEDBACK_IN</com.gps.feedback.GPSFeedBack_SendResponseToGateway_MF>
<com.gps.feedback.GPSFeedBack_SendResponseToGateway_MF intServ="EEMSIIB_GPS_FEEDBACK" env="test2" override="BrkConfigKey">BRK_CONFIG</com.gps.feedback.GPSFeedBack_SendResponseToGateway_MF>
<com.gps.feedback.GPSFeedBack_SendResponseToGateway_MF intServ="EEMSIIB_GPS_FEEDBACK" env="test2" override="SCHEMA_NAME">ELECELIG</com.gps.feedback.GPSFeedBack_SendResponseToGateway_MF>
<com.gps.feedback.GPSFeedBack_SendResponseToGateway_MF intServ="EEMSIIB_GPS_FEEDBACK" env="test2" override="varGCMapName1">GPS_Common_Map</com.gps.feedback.GPSFeedBack_SendResponseToGateway_MF>
<com.gps.feedback.GPSFeedBack_SendResponseToGateway_MF intServ="EEMSIIB_GPS_FEEDBACK" env="test2" override="Region">[Systest2]</com.gps.feedback.GPSFeedBack_SendResponseToGateway_MF>
<com.gps.feedback.GPSFeedBack_SendResponseToGateway_MF intServ="EEMSIIB_GPS_FEEDBACK" env="test2" override="AuditQName">EEMSIIB.GPS_COMMON_AUDITMESSAGE_DATA</com.gps.feedback.GPSFeedBack_SendResponseToGateway_MF>

<!-- UAT -->

<gen.GPS_Invoke_Webservice intServ="EEMSIIB_GPS_FEEDBACK" env="uat" override="webServiceURL">http://eems-uat-new.uhc.com/GatewayPreprocWeb/ws/gpsfeedbackprocess</gen.GPS_Invoke_Webservice>
<gen.GPS_Invoke_Webservice intServ="EEMSIIB_GPS_FEEDBACK" env="uat" override="SOAP Request.sslProtocol">TLS</gen.GPS_Invoke_Webservice>
<gen.GPS_Invoke_Webservice intServ="EEMSIIB_GPS_FEEDBACK" env="uat" override="SOAP Request.validateMaster">none</gen.GPS_Invoke_Webservice>
<com.gps.feedback.GPS_Inputfile_Processing_MF intServ="EEMSIIB_GPS_FEEDBACK" env="uat" override="EMAIL_TO">E3_DEV_LEADS@UHC.COM,samudrala_Srikanth@optum.com,eems-iib_DL_DL@ds.uhc.com</com.gps.feedback.GPS_Inputfile_Processing_MF>
<com.gps.feedback.GPS_Inputfile_Processing_MF intServ="EEMSIIB_GPS_FEEDBACK" env="uat" override="EMAIL_FROM">eservices_electronic_eligibility_system@uhc.com</com.gps.feedback.GPS_Inputfile_Processing_MF>
<com.gps.feedback.GPS_Inputfile_Processing_MF intServ="EEMSIIB_GPS_FEEDBACK" env="uat" override="SMTPHost">mailo2.uhc.com:25</com.gps.feedback.GPS_Inputfile_Processing_MF>
<com.gps.feedback.GPS_Inputfile_Processing_MF intServ="EEMSIIB_GPS_FEEDBACK" env="uat" override="Timeout Notification.uniqueIdentifier">Fileunzipper</com.gps.feedback.GPS_Inputfile_Processing_MF>
<com.gps.feedback.GPS_Inputfile_Processing_MF intServ="EEMSIIB_GPS_FEEDBACK" env="uat" override="Timeout Notification.timeoutInterval">1800</com.gps.feedback.GPS_Inputfile_Processing_MF>
<com.gps.feedback.GPS_Inputfile_Processing_MF intServ="EEMSIIB_GPS_FEEDBACK" env="uat" override="GPS_FeedbackinputFile.inputDirectory">/eems/iib/inbound/GPS/feedback/daily</com.gps.feedback.GPS_Inputfile_Processing_MF>
<com.gps.feedback.GPS_Inputfile_Processing_MF intServ="EEMSIIB_GPS_FEEDBACK" env="uat" override="GPS_FeedbackinputFile.filenamePattern">*.DAT</com.gps.feedback.GPS_Inputfile_Processing_MF>
<com.gps.feedback.GPS_Inputfile_Processing_MF intServ="EEMSIIB_GPS_FEEDBACK" env="uat" override="inputLocation">/eems/iib/inbound/GPS/feedback/daily</com.gps.feedback.GPS_Inputfile_Processing_MF>
<com.gps.feedback.GPS_Inputfile_Processing_MF intServ="EEMSIIB_GPS_FEEDBACK" env="uat" override="archiveLocation">/eems/iib/archive/inbound/GPS/feedback/daily</com.gps.feedback.GPS_Inputfile_Processing_MF>
<com.gps.feedback.GPS_Inputfile_Processing_MF intServ="EEMSIIB_GPS_FEEDBACK" env="uat" override="additionalInstances">0</com.gps.feedback.GPS_Inputfile_Processing_MF>
<com.gps.feedback.GPS_Inputfile_Processing_MF intServ="EEMSIIB_GPS_FEEDBACK" env="uat" override="RetryCount">3</com.gps.feedback.GPS_Inputfile_Processing_MF>
<com.gps.feedback.GPS_Inputfile_Processing_MF intServ="EEMSIIB_GPS_FEEDBACK" env="uat" override="Payload">true</com.gps.feedback.GPS_Inputfile_Processing_MF>
<com.gps.feedback.GPS_Inputfile_Processing_MF intServ="EEMSIIB_GPS_FEEDBACK" env="uat" override="BECode">600</com.gps.feedback.GPS_Inputfile_Processing_MF>
<com.gps.feedback.GPS_Inputfile_Processing_MF intServ="EEMSIIB_GPS_FEEDBACK" env="uat" override="ProjNumber">3</com.gps.feedback.GPS_Inputfile_Processing_MF>
<com.gps.feedback.GPS_Inputfile_Processing_MF intServ="EEMSIIB_GPS_FEEDBACK" env="uat" override="Trnsfrm_MSG_GW.queueName">EEMSIIB.GPS_FEEDBACK_IN</com.gps.feedback.GPS_Inputfile_Processing_MF>
<com.gps.feedback.GPS_Inputfile_Processing_MF intServ="EEMSIIB_GPS_FEEDBACK" env="uat" override="EEMSIIB.ERRORMESSAGE_DATA.queueName">EEMSIIB.GPS_ERRORMESSAGE_DATA</com.gps.feedback.GPS_Inputfile_Processing_MF>
<com.gps.feedback.GPS_Inputfile_Processing_MF intServ="EEMSIIB_GPS_FEEDBACK" env="uat" override="BrkConfigKey">BRK_CONFIG</com.gps.feedback.GPS_Inputfile_Processing_MF>
<com.gps.feedback.GPS_Inputfile_Processing_MF intServ="EEMSIIB_GPS_FEEDBACK" env="uat" override="SCHEMA_NAME">ELECELIG</com.gps.feedback.GPS_Inputfile_Processing_MF>
<com.gps.feedback.GPS_Inputfile_Processing_MF intServ="EEMSIIB_GPS_FEEDBACK" env="uat" override="varGCMapName">GPS_Common_Map</com.gps.feedback.GPS_Inputfile_Processing_MF>
<com.gps.feedback.GPS_Inputfile_Processing_MF intServ="EEMSIIB_GPS_FEEDBACK" env="uat" override="UDP_ApplicationName">GPS_FeedbackProcessing_APP</com.gps.feedback.GPS_Inputfile_Processing_MF>
<com.gps.feedback.GPS_Inputfile_Processing_MF intServ="EEMSIIB_GPS_FEEDBACK" env="uat" override="Region1">[UAT]</com.gps.feedback.GPS_Inputfile_Processing_MF>
<com.gps.feedback.GPS_Inputfile_Processing_MF intServ="EEMSIIB_GPS_FEEDBACK" env="uat" override="AuditQName">EEMSIIB.GPS_COMMON_AUDITMESSAGE_DATA</com.gps.feedback.GPS_Inputfile_Processing_MF>
<com.gps.feedback.GPS_Inputfile_Processing_MF intServ="EEMSIIB_GPS_FEEDBACK" env="uat" override="DSN">EEMS_DB</com.gps.feedback.GPS_Inputfile_Processing_MF>
<com.gps.feedback.GPS_Inputfile_Processing_MF intServ="EEMSIIB_GPS_FEEDBACK" env="uat" override="commonMap">GPS_Common_Map</com.gps.feedback.GPS_Inputfile_Processing_MF>

<com.gps.feedback.GPSFeedBack_SendResponseToGateway_MF intServ="EEMSIIB_GPS_FEEDBACK" env="uat" override="EMAIL_TOO">E3_DEV_LEADS@UHC.COM,samudrala_Srikanth@optum.com,eems-iib_DL_DL@ds.uhc.com</com.gps.feedback.GPSFeedBack_SendResponseToGateway_MF>
<com.gps.feedback.GPSFeedBack_SendResponseToGateway_MF intServ="EEMSIIB_GPS_FEEDBACK" env="uat" override="EMAIL_FROOM">eservices_electronic_eligibility_system@uhc.com</com.gps.feedback.GPSFeedBack_SendResponseToGateway_MF>
<com.gps.feedback.GPSFeedBack_SendResponseToGateway_MF intServ="EEMSIIB_GPS_FEEDBACK" env="uat" override="SMTPHoost">mailo2.uhc.com:25</com.gps.feedback.GPSFeedBack_SendResponseToGateway_MF>
<com.gps.feedback.GPSFeedBack_SendResponseToGateway_MF intServ="EEMSIIB_GPS_FEEDBACK" env="uat" override="Username">signFiles</com.gps.feedback.GPSFeedBack_SendResponseToGateway_MF>
<com.gps.feedback.GPSFeedBack_SendResponseToGateway_MF intServ="EEMSIIB_GPS_FEEDBACK" env="uat" override="Password">eemsws123</com.gps.feedback.GPSFeedBack_SendResponseToGateway_MF>
<com.gps.feedback.GPSFeedBack_SendResponseToGateway_MF intServ="EEMSIIB_GPS_FEEDBACK" env="uat" override="Payload">true</com.gps.feedback.GPSFeedBack_SendResponseToGateway_MF>
<com.gps.feedback.GPSFeedBack_SendResponseToGateway_MF intServ="EEMSIIB_GPS_FEEDBACK" env="uat" override="RetryCount">3</com.gps.feedback.GPSFeedBack_SendResponseToGateway_MF>
<com.gps.feedback.GPSFeedBack_SendResponseToGateway_MF intServ="EEMSIIB_GPS_FEEDBACK" env="uat" override="BECode">600</com.gps.feedback.GPSFeedBack_SendResponseToGateway_MF>
<com.gps.feedback.GPSFeedBack_SendResponseToGateway_MF intServ="EEMSIIB_GPS_FEEDBACK" env="uat" override="ProjNumber">3</com.gps.feedback.GPSFeedBack_SendResponseToGateway_MF>
<com.gps.feedback.GPSFeedBack_SendResponseToGateway_MF intServ="EEMSIIB_GPS_FEEDBACK" env="uat" override="GPS_Store_Message.queueName">EEMSIIB.GPS_FEEDBACK_IN</com.gps.feedback.GPSFeedBack_SendResponseToGateway_MF>
<com.gps.feedback.GPSFeedBack_SendResponseToGateway_MF intServ="EEMSIIB_GPS_FEEDBACK" env="uat" override="EEMSIIB.ERRORMESSAGE_DATA.queueName">EEMSIIB.GPS_ERRORMESSAGE_DATA</com.gps.feedback.GPSFeedBack_SendResponseToGateway_MF>
<com.gps.feedback.GPSFeedBack_SendResponseToGateway_MF intServ="EEMSIIB_GPS_FEEDBACK" env="uat" override="GPS_Store_Message_Retry.queueName">EEMSIIB.GPS_FEEDBACK_IN</com.gps.feedback.GPSFeedBack_SendResponseToGateway_MF>
<com.gps.feedback.GPSFeedBack_SendResponseToGateway_MF intServ="EEMSIIB_GPS_FEEDBACK" env="uat" override="BrkConfigKey">BRK_CONFIG</com.gps.feedback.GPSFeedBack_SendResponseToGateway_MF>
<com.gps.feedback.GPSFeedBack_SendResponseToGateway_MF intServ="EEMSIIB_GPS_FEEDBACK" env="uat" override="SCHEMA_NAME">ELECELIG</com.gps.feedback.GPSFeedBack_SendResponseToGateway_MF>
<com.gps.feedback.GPSFeedBack_SendResponseToGateway_MF intServ="EEMSIIB_GPS_FEEDBACK" env="uat" override="varGCMapName1">GPS_Common_Map</com.gps.feedback.GPSFeedBack_SendResponseToGateway_MF>
<com.gps.feedback.GPSFeedBack_SendResponseToGateway_MF intServ="EEMSIIB_GPS_FEEDBACK" env="uat" override="Region">[UAT]</com.gps.feedback.GPSFeedBack_SendResponseToGateway_MF>
<com.gps.feedback.GPSFeedBack_SendResponseToGateway_MF intServ="EEMSIIB_GPS_FEEDBACK" env="uat" override="AuditQName">EEMSIIB.GPS_COMMON_AUDITMESSAGE_DATA</com.gps.feedback.GPSFeedBack_SendResponseToGateway_MF>

<!-- UAT Bravo -->

<gen.GPS_Invoke_Webservice intServ="EEMSIIB_GPS_FEEDBACK" env="uat-bravo" override="webServiceURL">http://apsrt3363.uhc.com:9086/GatewayPreprocWeb/ws/gpsfeedbackprocess</gen.GPS_Invoke_Webservice>
<gen.GPS_Invoke_Webservice intServ="EEMSIIB_GPS_FEEDBACK" env="uat-bravo" override="SOAP Request.sslProtocol">TLS</gen.GPS_Invoke_Webservice>
<gen.GPS_Invoke_Webservice intServ="EEMSIIB_GPS_FEEDBACK" env="uat-bravo" override="SOAP Request.validateMaster">none</gen.GPS_Invoke_Webservice>
<com.gps.feedback.GPS_Inputfile_Processing_MF intServ="EEMSIIB_GPS_FEEDBACK" env="uat-bravo" override="EMAIL_TO">E3_DEV_LEADS@UHC.COM,samudrala_Srikanth@optum.com,eems-iib_DL_DL@ds.uhc.com</com.gps.feedback.GPS_Inputfile_Processing_MF>
<com.gps.feedback.GPS_Inputfile_Processing_MF intServ="EEMSIIB_GPS_FEEDBACK" env="uat-bravo" override="EMAIL_FROM">eservices_electronic_eligibility_system@uhc.com</com.gps.feedback.GPS_Inputfile_Processing_MF>
<com.gps.feedback.GPS_Inputfile_Processing_MF intServ="EEMSIIB_GPS_FEEDBACK" env="uat-bravo" override="SMTPHost">mailo2.uhc.com:25</com.gps.feedback.GPS_Inputfile_Processing_MF>
<com.gps.feedback.GPS_Inputfile_Processing_MF intServ="EEMSIIB_GPS_FEEDBACK" env="uat-bravo" override="Timeout Notification.uniqueIdentifier">Fileunzipper</com.gps.feedback.GPS_Inputfile_Processing_MF>
<com.gps.feedback.GPS_Inputfile_Processing_MF intServ="EEMSIIB_GPS_FEEDBACK" env="uat-bravo" override="Timeout Notification.timeoutInterval">1800</com.gps.feedback.GPS_Inputfile_Processing_MF>
<com.gps.feedback.GPS_Inputfile_Processing_MF intServ="EEMSIIB_GPS_FEEDBACK" env="uat-bravo" override="GPS_FeedbackinputFile.inputDirectory">/eems/iib/inbound/GPS/feedback/daily</com.gps.feedback.GPS_Inputfile_Processing_MF>
<com.gps.feedback.GPS_Inputfile_Processing_MF intServ="EEMSIIB_GPS_FEEDBACK" env="uat-bravo" override="GPS_FeedbackinputFile.filenamePattern">*.DAT</com.gps.feedback.GPS_Inputfile_Processing_MF>
<com.gps.feedback.GPS_Inputfile_Processing_MF intServ="EEMSIIB_GPS_FEEDBACK" env="uat-bravo" override="inputLocation">/eems/iib/inbound/GPS/feedback/daily</com.gps.feedback.GPS_Inputfile_Processing_MF>
<com.gps.feedback.GPS_Inputfile_Processing_MF intServ="EEMSIIB_GPS_FEEDBACK" env="uat-bravo" override="archiveLocation">/eems/iib/archive/inbound/GPS/feedback/daily</com.gps.feedback.GPS_Inputfile_Processing_MF>
<com.gps.feedback.GPS_Inputfile_Processing_MF intServ="EEMSIIB_GPS_FEEDBACK" env="uat-bravo" override="additionalInstances">0</com.gps.feedback.GPS_Inputfile_Processing_MF>
<com.gps.feedback.GPS_Inputfile_Processing_MF intServ="EEMSIIB_GPS_FEEDBACK" env="uat-bravo" override="RetryCount">3</com.gps.feedback.GPS_Inputfile_Processing_MF>
<com.gps.feedback.GPS_Inputfile_Processing_MF intServ="EEMSIIB_GPS_FEEDBACK" env="uat-bravo" override="Payload">true</com.gps.feedback.GPS_Inputfile_Processing_MF>
<com.gps.feedback.GPS_Inputfile_Processing_MF intServ="EEMSIIB_GPS_FEEDBACK" env="uat-bravo" override="BECode">600</com.gps.feedback.GPS_Inputfile_Processing_MF>
<com.gps.feedback.GPS_Inputfile_Processing_MF intServ="EEMSIIB_GPS_FEEDBACK" env="uat-bravo" override="ProjNumber">3</com.gps.feedback.GPS_Inputfile_Processing_MF>
<com.gps.feedback.GPS_Inputfile_Processing_MF intServ="EEMSIIB_GPS_FEEDBACK" env="uat-bravo" override="Trnsfrm_MSG_GW.queueName">EEMSIIB.GPS_FEEDBACK_IN</com.gps.feedback.GPS_Inputfile_Processing_MF>
<com.gps.feedback.GPS_Inputfile_Processing_MF intServ="EEMSIIB_GPS_FEEDBACK" env="uat-bravo" override="EEMSIIB.ERRORMESSAGE_DATA.queueName">EEMSIIB.GPS_ERRORMESSAGE_DATA</com.gps.feedback.GPS_Inputfile_Processing_MF>
<com.gps.feedback.GPS_Inputfile_Processing_MF intServ="EEMSIIB_GPS_FEEDBACK" env="uat-bravo" override="BrkConfigKey">BRK_CONFIG</com.gps.feedback.GPS_Inputfile_Processing_MF>
<com.gps.feedback.GPS_Inputfile_Processing_MF intServ="EEMSIIB_GPS_FEEDBACK" env="uat-bravo" override="SCHEMA_NAME">ELECELIG</com.gps.feedback.GPS_Inputfile_Processing_MF>
<com.gps.feedback.GPS_Inputfile_Processing_MF intServ="EEMSIIB_GPS_FEEDBACK" env="uat-bravo" override="varGCMapName">GPS_Common_Map</com.gps.feedback.GPS_Inputfile_Processing_MF>
<com.gps.feedback.GPS_Inputfile_Processing_MF intServ="EEMSIIB_GPS_FEEDBACK" env="uat-bravo" override="UDP_ApplicationName">GPS_FeedbackProcessing_APP</com.gps.feedback.GPS_Inputfile_Processing_MF>
<com.gps.feedback.GPS_Inputfile_Processing_MF intServ="EEMSIIB_GPS_FEEDBACK" env="uat-bravo" override="Region1">[UAT-Bravo]</com.gps.feedback.GPS_Inputfile_Processing_MF>
<com.gps.feedback.GPS_Inputfile_Processing_MF intServ="EEMSIIB_GPS_FEEDBACK" env="uat-bravo" override="AuditQName">EEMSIIB.GPS_COMMON_AUDITMESSAGE_DATA</com.gps.feedback.GPS_Inputfile_Processing_MF>
<com.gps.feedback.GPS_Inputfile_Processing_MF intServ="EEMSIIB_GPS_FEEDBACK" env="uat-bravo" override="DSN">EEMS_DB</com.gps.feedback.GPS_Inputfile_Processing_MF>
<com.gps.feedback.GPS_Inputfile_Processing_MF intServ="EEMSIIB_GPS_FEEDBACK" env="uat-bravo" override="commonMap">GPS_Common_Map</com.gps.feedback.GPS_Inputfile_Processing_MF>

<com.gps.feedback.GPSFeedBack_SendResponseToGateway_MF intServ="EEMSIIB_GPS_FEEDBACK" env="uat-bravo" override="EMAIL_TOO">E3_DEV_LEADS@UHC.COM,samudrala_Srikanth@optum.com,eems-iib_DL_DL@ds.uhc.com</com.gps.feedback.GPSFeedBack_SendResponseToGateway_MF>
<com.gps.feedback.GPSFeedBack_SendResponseToGateway_MF intServ="EEMSIIB_GPS_FEEDBACK" env="uat-bravo" override="EMAIL_FROOM">eservices_electronic_eligibility_system@uhc.com</com.gps.feedback.GPSFeedBack_SendResponseToGateway_MF>
<com.gps.feedback.GPSFeedBack_SendResponseToGateway_MF intServ="EEMSIIB_GPS_FEEDBACK" env="uat-bravo" override="SMTPHoost">mailo2.uhc.com:25</com.gps.feedback.GPSFeedBack_SendResponseToGateway_MF>
<com.gps.feedback.GPSFeedBack_SendResponseToGateway_MF intServ="EEMSIIB_GPS_FEEDBACK" env="uat-bravo" override="Username">signFiles</com.gps.feedback.GPSFeedBack_SendResponseToGateway_MF>
<com.gps.feedback.GPSFeedBack_SendResponseToGateway_MF intServ="EEMSIIB_GPS_FEEDBACK" env="uat-bravo" override="Password">eemsws123</com.gps.feedback.GPSFeedBack_SendResponseToGateway_MF>
<com.gps.feedback.GPSFeedBack_SendResponseToGateway_MF intServ="EEMSIIB_GPS_FEEDBACK" env="uat-bravo" override="Payload">true</com.gps.feedback.GPSFeedBack_SendResponseToGateway_MF>
<com.gps.feedback.GPSFeedBack_SendResponseToGateway_MF intServ="EEMSIIB_GPS_FEEDBACK" env="uat-bravo" override="RetryCount">3</com.gps.feedback.GPSFeedBack_SendResponseToGateway_MF>
<com.gps.feedback.GPSFeedBack_SendResponseToGateway_MF intServ="EEMSIIB_GPS_FEEDBACK" env="uat-bravo" override="BECode">600</com.gps.feedback.GPSFeedBack_SendResponseToGateway_MF>
<com.gps.feedback.GPSFeedBack_SendResponseToGateway_MF intServ="EEMSIIB_GPS_FEEDBACK" env="uat-bravo" override="ProjNumber">3</com.gps.feedback.GPSFeedBack_SendResponseToGateway_MF>
<com.gps.feedback.GPSFeedBack_SendResponseToGateway_MF intServ="EEMSIIB_GPS_FEEDBACK" env="uat-bravo" override="GPS_Store_Message.queueName">EEMSIIB.GPS_FEEDBACK_IN</com.gps.feedback.GPSFeedBack_SendResponseToGateway_MF>
<com.gps.feedback.GPSFeedBack_SendResponseToGateway_MF intServ="EEMSIIB_GPS_FEEDBACK" env="uat-bravo" override="EEMSIIB.ERRORMESSAGE_DATA.queueName">EEMSIIB.GPS_ERRORMESSAGE_DATA</com.gps.feedback.GPSFeedBack_SendResponseToGateway_MF>
<com.gps.feedback.GPSFeedBack_SendResponseToGateway_MF intServ="EEMSIIB_GPS_FEEDBACK" env="uat-bravo" override="GPS_Store_Message_Retry.queueName">EEMSIIB.GPS_FEEDBACK_IN</com.gps.feedback.GPSFeedBack_SendResponseToGateway_MF>
<com.gps.feedback.GPSFeedBack_SendResponseToGateway_MF intServ="EEMSIIB_GPS_FEEDBACK" env="uat-bravo" override="BrkConfigKey">BRK_CONFIG</com.gps.feedback.GPSFeedBack_SendResponseToGateway_MF>
<com.gps.feedback.GPSFeedBack_SendResponseToGateway_MF intServ="EEMSIIB_GPS_FEEDBACK" env="uat-bravo" override="SCHEMA_NAME">ELECELIG</com.gps.feedback.GPSFeedBack_SendResponseToGateway_MF>
<com.gps.feedback.GPSFeedBack_SendResponseToGateway_MF intServ="EEMSIIB_GPS_FEEDBACK" env="uat-bravo" override="varGCMapName1">GPS_Common_Map</com.gps.feedback.GPSFeedBack_SendResponseToGateway_MF>
<com.gps.feedback.GPSFeedBack_SendResponseToGateway_MF intServ="EEMSIIB_GPS_FEEDBACK" env="uat-bravo" override="Region">[UAT-Bravo]</com.gps.feedback.GPSFeedBack_SendResponseToGateway_MF>
<com.gps.feedback.GPSFeedBack_SendResponseToGateway_MF intServ="EEMSIIB_GPS_FEEDBACK" env="uat-bravo" override="AuditQName">EEMSIIB.GPS_COMMON_AUDITMESSAGE_DATA</com.gps.feedback.GPSFeedBack_SendResponseToGateway_MF>

<!-- STAGE -->

<gen.GPS_Invoke_Webservice intServ="EEMSIIB_GPS_FEEDBACK" env="stage" override="webServiceURL">http://apsrs4508.uhc.com:9086/GatewayPreprocWeb/ws/gpsfeedbackprocess</gen.GPS_Invoke_Webservice>
<gen.GPS_Invoke_Webservice intServ="EEMSIIB_GPS_FEEDBACK" env="stage" override="SOAP Request.sslProtocol">TLS</gen.GPS_Invoke_Webservice>
<gen.GPS_Invoke_Webservice intServ="EEMSIIB_GPS_FEEDBACK" env="stage" override="SOAP Request.validateMaster">none</gen.GPS_Invoke_Webservice>
<com.gps.feedback.GPS_Inputfile_Processing_MF intServ="EEMSIIB_GPS_FEEDBACK" env="stage" override="EMAIL_TO">E3_DEV_LEADS@UHC.COM,samudrala_Srikanth@optum.com,eems-iib_DL_DL@ds.uhc.com</com.gps.feedback.GPS_Inputfile_Processing_MF>
<com.gps.feedback.GPS_Inputfile_Processing_MF intServ="EEMSIIB_GPS_FEEDBACK" env="stage" override="EMAIL_FROM">eservices_electronic_eligibility_system@uhc.com</com.gps.feedback.GPS_Inputfile_Processing_MF>
<com.gps.feedback.GPS_Inputfile_Processing_MF intServ="EEMSIIB_GPS_FEEDBACK" env="stage" override="SMTPHost">mailo2.uhc.com:25</com.gps.feedback.GPS_Inputfile_Processing_MF>
<com.gps.feedback.GPS_Inputfile_Processing_MF intServ="EEMSIIB_GPS_FEEDBACK" env="stage" override="Timeout Notification.uniqueIdentifier">Fileunzipper</com.gps.feedback.GPS_Inputfile_Processing_MF>
<com.gps.feedback.GPS_Inputfile_Processing_MF intServ="EEMSIIB_GPS_FEEDBACK" env="stage" override="Timeout Notification.timeoutInterval">1800</com.gps.feedback.GPS_Inputfile_Processing_MF>
<com.gps.feedback.GPS_Inputfile_Processing_MF intServ="EEMSIIB_GPS_FEEDBACK" env="stage" override="GPS_FeedbackinputFile.inputDirectory">/eems/iib/inbound/GPS/feedback/daily</com.gps.feedback.GPS_Inputfile_Processing_MF>
<com.gps.feedback.GPS_Inputfile_Processing_MF intServ="EEMSIIB_GPS_FEEDBACK" env="stage" override="GPS_FeedbackinputFile.filenamePattern">*.DAT</com.gps.feedback.GPS_Inputfile_Processing_MF>
<com.gps.feedback.GPS_Inputfile_Processing_MF intServ="EEMSIIB_GPS_FEEDBACK" env="stage" override="inputLocation">/eems/iib/inbound/GPS/feedback/daily</com.gps.feedback.GPS_Inputfile_Processing_MF>
<com.gps.feedback.GPS_Inputfile_Processing_MF intServ="EEMSIIB_GPS_FEEDBACK" env="stage" override="archiveLocation">/eems/iib/archive/inbound/GPS/feedback/daily</com.gps.feedback.GPS_Inputfile_Processing_MF>
<com.gps.feedback.GPS_Inputfile_Processing_MF intServ="EEMSIIB_GPS_FEEDBACK" env="stage" override="additionalInstances">0</com.gps.feedback.GPS_Inputfile_Processing_MF>
<com.gps.feedback.GPS_Inputfile_Processing_MF intServ="EEMSIIB_GPS_FEEDBACK" env="stage" override="RetryCount">3</com.gps.feedback.GPS_Inputfile_Processing_MF>
<com.gps.feedback.GPS_Inputfile_Processing_MF intServ="EEMSIIB_GPS_FEEDBACK" env="stage" override="Payload">true</com.gps.feedback.GPS_Inputfile_Processing_MF>
<com.gps.feedback.GPS_Inputfile_Processing_MF intServ="EEMSIIB_GPS_FEEDBACK" env="stage" override="BECode">600</com.gps.feedback.GPS_Inputfile_Processing_MF>
<com.gps.feedback.GPS_Inputfile_Processing_MF intServ="EEMSIIB_GPS_FEEDBACK" env="stage" override="ProjNumber">3</com.gps.feedback.GPS_Inputfile_Processing_MF>
<com.gps.feedback.GPS_Inputfile_Processing_MF intServ="EEMSIIB_GPS_FEEDBACK" env="stage" override="Trnsfrm_MSG_GW.queueName">EEMSIIB.GPS_FEEDBACK_IN</com.gps.feedback.GPS_Inputfile_Processing_MF>
<com.gps.feedback.GPS_Inputfile_Processing_MF intServ="EEMSIIB_GPS_FEEDBACK" env="stage" override="EEMSIIB.ERRORMESSAGE_DATA.queueName">EEMSIIB.GPS_ERRORMESSAGE_DATA</com.gps.feedback.GPS_Inputfile_Processing_MF>
<com.gps.feedback.GPS_Inputfile_Processing_MF intServ="EEMSIIB_GPS_FEEDBACK" env="stage" override="BrkConfigKey">BRK_CONFIG</com.gps.feedback.GPS_Inputfile_Processing_MF>
<com.gps.feedback.GPS_Inputfile_Processing_MF intServ="EEMSIIB_GPS_FEEDBACK" env="stage" override="SCHEMA_NAME">ELECELIG</com.gps.feedback.GPS_Inputfile_Processing_MF>
<com.gps.feedback.GPS_Inputfile_Processing_MF intServ="EEMSIIB_GPS_FEEDBACK" env="stage" override="varGCMapName">GPS_Common_Map</com.gps.feedback.GPS_Inputfile_Processing_MF>
<com.gps.feedback.GPS_Inputfile_Processing_MF intServ="EEMSIIB_GPS_FEEDBACK" env="stage" override="UDP_ApplicationName">GPS_FeedbackProcessing_APP</com.gps.feedback.GPS_Inputfile_Processing_MF>
<com.gps.feedback.GPS_Inputfile_Processing_MF intServ="EEMSIIB_GPS_FEEDBACK" env="stage" override="Region1">[STAGE]</com.gps.feedback.GPS_Inputfile_Processing_MF>
<com.gps.feedback.GPS_Inputfile_Processing_MF intServ="EEMSIIB_GPS_FEEDBACK" env="stage" override="AuditQName">EEMSIIB.GPS_COMMON_AUDITMESSAGE_DATA</com.gps.feedback.GPS_Inputfile_Processing_MF>
<com.gps.feedback.GPS_Inputfile_Processing_MF intServ="EEMSIIB_GPS_FEEDBACK" env="stage" override="DSN">EEMS_DB</com.gps.feedback.GPS_Inputfile_Processing_MF>
<com.gps.feedback.GPS_Inputfile_Processing_MF intServ="EEMSIIB_GPS_FEEDBACK" env="stage" override="commonMap">GPS_Common_Map</com.gps.feedback.GPS_Inputfile_Processing_MF>

<com.gps.feedback.GPSFeedBack_SendResponseToGateway_MF intServ="EEMSIIB_GPS_FEEDBACK" env="stage" override="EMAIL_TOO">E3_DEV_LEADS@UHC.COM,samudrala_Srikanth@optum.com,,eems-iib_DL_DL@ds.uhc.com</com.gps.feedback.GPSFeedBack_SendResponseToGateway_MF>
<com.gps.feedback.GPSFeedBack_SendResponseToGateway_MF intServ="EEMSIIB_GPS_FEEDBACK" env="stage" override="EMAIL_FROOM">eservices_electronic_eligibility_system@uhc.com</com.gps.feedback.GPSFeedBack_SendResponseToGateway_MF>
<com.gps.feedback.GPSFeedBack_SendResponseToGateway_MF intServ="EEMSIIB_GPS_FEEDBACK" env="stage" override="SMTPHoost">mailo2.uhc.com:25</com.gps.feedback.GPSFeedBack_SendResponseToGateway_MF>
<com.gps.feedback.GPSFeedBack_SendResponseToGateway_MF intServ="EEMSIIB_GPS_FEEDBACK" env="stage" override="Username">gwsvcusr</com.gps.feedback.GPSFeedBack_SendResponseToGateway_MF>
<com.gps.feedback.GPSFeedBack_SendResponseToGateway_MF intServ="EEMSIIB_GPS_FEEDBACK" env="stage" override="Password">eemsws!$</com.gps.feedback.GPSFeedBack_SendResponseToGateway_MF>
<com.gps.feedback.GPSFeedBack_SendResponseToGateway_MF intServ="EEMSIIB_GPS_FEEDBACK" env="stage" override="Payload">true</com.gps.feedback.GPSFeedBack_SendResponseToGateway_MF>
<com.gps.feedback.GPSFeedBack_SendResponseToGateway_MF intServ="EEMSIIB_GPS_FEEDBACK" env="stage" override="RetryCount">3</com.gps.feedback.GPSFeedBack_SendResponseToGateway_MF>
<com.gps.feedback.GPSFeedBack_SendResponseToGateway_MF intServ="EEMSIIB_GPS_FEEDBACK" env="stage" override="BECode">600</com.gps.feedback.GPSFeedBack_SendResponseToGateway_MF>
<com.gps.feedback.GPSFeedBack_SendResponseToGateway_MF intServ="EEMSIIB_GPS_FEEDBACK" env="stage" override="ProjNumber">3</com.gps.feedback.GPSFeedBack_SendResponseToGateway_MF>
<com.gps.feedback.GPSFeedBack_SendResponseToGateway_MF intServ="EEMSIIB_GPS_FEEDBACK" env="stage" override="GPS_Store_Message.queueName">EEMSIIB.GPS_FEEDBACK_IN</com.gps.feedback.GPSFeedBack_SendResponseToGateway_MF>
<com.gps.feedback.GPSFeedBack_SendResponseToGateway_MF intServ="EEMSIIB_GPS_FEEDBACK" env="stage" override="EEMSIIB.ERRORMESSAGE_DATA.queueName">EEMSIIB.GPS_ERRORMESSAGE_DATA</com.gps.feedback.GPSFeedBack_SendResponseToGateway_MF>
<com.gps.feedback.GPSFeedBack_SendResponseToGateway_MF intServ="EEMSIIB_GPS_FEEDBACK" env="stage" override="GPS_Store_Message_Retry.queueName">EEMSIIB.GPS_FEEDBACK_IN</com.gps.feedback.GPSFeedBack_SendResponseToGateway_MF>
<com.gps.feedback.GPSFeedBack_SendResponseToGateway_MF intServ="EEMSIIB_GPS_FEEDBACK" env="stage" override="BrkConfigKey">BRK_CONFIG</com.gps.feedback.GPSFeedBack_SendResponseToGateway_MF>
<com.gps.feedback.GPSFeedBack_SendResponseToGateway_MF intServ="EEMSIIB_GPS_FEEDBACK" env="stage" override="SCHEMA_NAME">ELECELIG</com.gps.feedback.GPSFeedBack_SendResponseToGateway_MF>
<com.gps.feedback.GPSFeedBack_SendResponseToGateway_MF intServ="EEMSIIB_GPS_FEEDBACK" env="stage" override="varGCMapName1">GPS_Common_Map</com.gps.feedback.GPSFeedBack_SendResponseToGateway_MF>
<com.gps.feedback.GPSFeedBack_SendResponseToGateway_MF intServ="EEMSIIB_GPS_FEEDBACK" env="stage" override="Region">[STAGE]</com.gps.feedback.GPSFeedBack_SendResponseToGateway_MF>
<com.gps.feedback.GPSFeedBack_SendResponseToGateway_MF intServ="EEMSIIB_GPS_FEEDBACK" env="stage" override="AuditQName">EEMSIIB.GPS_COMMON_AUDITMESSAGE_DATA</com.gps.feedback.GPSFeedBack_SendResponseToGateway_MF>

<!-- ADOPT -->


<gen.GPS_Invoke_Webservice intServ="EEMSIIB_GPS_FEEDBACK" env="adopt" override="webServiceURL">http://apsrp8494.uhc.com:9086/GatewayPreprocWeb/ws/gpsfeedbackprocess</gen.GPS_Invoke_Webservice>
<gen.GPS_Invoke_Webservice intServ="EEMSIIB_GPS_FEEDBACK" env="adopt" override="SOAP Request.sslProtocol">TLS</gen.GPS_Invoke_Webservice>
<gen.GPS_Invoke_Webservice intServ="EEMSIIB_GPS_FEEDBACK" env="adopt" override="SOAP Request.validateMaster">none</gen.GPS_Invoke_Webservice>
<com.gps.feedback.GPS_Inputfile_Processing_MF intServ="EEMSIIB_GPS_FEEDBACK" env="adopt" override="EMAIL_TO">E3_OM@UHC.COM,E3_DEV_LEADS@UHC.COM,eems-iib_DL_DL@ds.uhc.com</com.gps.feedback.GPS_Inputfile_Processing_MF>
<com.gps.feedback.GPS_Inputfile_Processing_MF intServ="EEMSIIB_GPS_FEEDBACK" env="adopt" override="EMAIL_FROM">eservices_electronic_eligibility_system@uhc.com</com.gps.feedback.GPS_Inputfile_Processing_MF>
<com.gps.feedback.GPS_Inputfile_Processing_MF intServ="EEMSIIB_GPS_FEEDBACK" env="adopt" override="SMTPHost">mailo2.uhc.com:25</com.gps.feedback.GPS_Inputfile_Processing_MF>
<com.gps.feedback.GPS_Inputfile_Processing_MF intServ="EEMSIIB_GPS_FEEDBACK" env="adopt" override="Timeout Notification.uniqueIdentifier">Fileunzipper</com.gps.feedback.GPS_Inputfile_Processing_MF>
<com.gps.feedback.GPS_Inputfile_Processing_MF intServ="EEMSIIB_GPS_FEEDBACK" env="adopt" override="Timeout Notification.timeoutInterval">1800</com.gps.feedback.GPS_Inputfile_Processing_MF>
<com.gps.feedback.GPS_Inputfile_Processing_MF intServ="EEMSIIB_GPS_FEEDBACK" env="adopt" override="GPS_FeedbackinputFile.inputDirectory">/eems/iib/inbound/GPS/feedback/daily</com.gps.feedback.GPS_Inputfile_Processing_MF>
<com.gps.feedback.GPS_Inputfile_Processing_MF intServ="EEMSIIB_GPS_FEEDBACK" env="adopt" override="GPS_FeedbackinputFile.filenamePattern">*.DAT</com.gps.feedback.GPS_Inputfile_Processing_MF>
<com.gps.feedback.GPS_Inputfile_Processing_MF intServ="EEMSIIB_GPS_FEEDBACK" env="adopt" override="inputLocation">/eems/iib/inbound/GPS/feedback/daily</com.gps.feedback.GPS_Inputfile_Processing_MF>
<com.gps.feedback.GPS_Inputfile_Processing_MF intServ="EEMSIIB_GPS_FEEDBACK" env="adopt" override="archiveLocation">/eems/iib/archive/inbound/GPS/feedback/daily</com.gps.feedback.GPS_Inputfile_Processing_MF>
<com.gps.feedback.GPS_Inputfile_Processing_MF intServ="EEMSIIB_GPS_FEEDBACK" env="adopt" override="additionalInstances">0</com.gps.feedback.GPS_Inputfile_Processing_MF>
<com.gps.feedback.GPS_Inputfile_Processing_MF intServ="EEMSIIB_GPS_FEEDBACK" env="adopt" override="RetryCount">3</com.gps.feedback.GPS_Inputfile_Processing_MF>
<com.gps.feedback.GPS_Inputfile_Processing_MF intServ="EEMSIIB_GPS_FEEDBACK" env="adopt" override="Payload">true</com.gps.feedback.GPS_Inputfile_Processing_MF>
<com.gps.feedback.GPS_Inputfile_Processing_MF intServ="EEMSIIB_GPS_FEEDBACK" env="adopt" override="BECode">600</com.gps.feedback.GPS_Inputfile_Processing_MF>
<com.gps.feedback.GPS_Inputfile_Processing_MF intServ="EEMSIIB_GPS_FEEDBACK" env="adopt" override="ProjNumber">3</com.gps.feedback.GPS_Inputfile_Processing_MF>
<com.gps.feedback.GPS_Inputfile_Processing_MF intServ="EEMSIIB_GPS_FEEDBACK" env="adopt" override="Trnsfrm_MSG_GW.queueName">EEMSIIB.ADP.GPS_FEEDBACK_IN</com.gps.feedback.GPS_Inputfile_Processing_MF>
<com.gps.feedback.GPS_Inputfile_Processing_MF intServ="EEMSIIB_GPS_FEEDBACK" env="adopt" override="EEMSIIB.ERRORMESSAGE_DATA.queueName">EEMSIIB.ADP.GPS_ERRORMESSAGE_DATA</com.gps.feedback.GPS_Inputfile_Processing_MF>
<com.gps.feedback.GPS_Inputfile_Processing_MF intServ="EEMSIIB_GPS_FEEDBACK" env="adopt" override="BrkConfigKey">BRK_CONFIG</com.gps.feedback.GPS_Inputfile_Processing_MF>
<com.gps.feedback.GPS_Inputfile_Processing_MF intServ="EEMSIIB_GPS_FEEDBACK" env="adopt" override="SCHEMA_NAME">ELECELIG</com.gps.feedback.GPS_Inputfile_Processing_MF>
<com.gps.feedback.GPS_Inputfile_Processing_MF intServ="EEMSIIB_GPS_FEEDBACK" env="adopt" override="varGCMapName">GPS_Common_Map</com.gps.feedback.GPS_Inputfile_Processing_MF>
<com.gps.feedback.GPS_Inputfile_Processing_MF intServ="EEMSIIB_GPS_FEEDBACK" env="adopt" override="UDP_ApplicationName">GPS_FeedbackProcessing_APP</com.gps.feedback.GPS_Inputfile_Processing_MF>
<com.gps.feedback.GPS_Inputfile_Processing_MF intServ="EEMSIIB_GPS_FEEDBACK" env="adopt" override="Region1">[ADOPT]</com.gps.feedback.GPS_Inputfile_Processing_MF>
<com.gps.feedback.GPS_Inputfile_Processing_MF intServ="EEMSIIB_GPS_FEEDBACK" env="adopt" override="AuditQName">EEMSIIB.ADP.GPS_COMMON_AUDITMESSAGE_DATA</com.gps.feedback.GPS_Inputfile_Processing_MF>
<com.gps.feedback.GPS_Inputfile_Processing_MF intServ="EEMSIIB_GPS_FEEDBACK" env="adopt" override="DSN">EEMS_DB</com.gps.feedback.GPS_Inputfile_Processing_MF>
<com.gps.feedback.GPS_Inputfile_Processing_MF intServ="EEMSIIB_GPS_FEEDBACK" env="adopt" override="commonMap">GPS_Common_Map</com.gps.feedback.GPS_Inputfile_Processing_MF>

<com.gps.feedback.GPSFeedBack_SendResponseToGateway_MF intServ="EEMSIIB_GPS_FEEDBACK" env="adopt" override="EMAIL_TOO">E3_OM@UHC.COM,E3_DEV_LEADS@UHC.COM,eems-iib_DL_DL@ds.uhc.com</com.gps.feedback.GPSFeedBack_SendResponseToGateway_MF>
<com.gps.feedback.GPSFeedBack_SendResponseToGateway_MF intServ="EEMSIIB_GPS_FEEDBACK" env="adopt" override="EMAIL_FROOM">eservices_electronic_eligibility_system@uhc.com</com.gps.feedback.GPSFeedBack_SendResponseToGateway_MF>
<com.gps.feedback.GPSFeedBack_SendResponseToGateway_MF intServ="EEMSIIB_GPS_FEEDBACK" env="adopt" override="SMTPHoost">mailo2.uhc.com:25</com.gps.feedback.GPSFeedBack_SendResponseToGateway_MF>
<com.gps.feedback.GPSFeedBack_SendResponseToGateway_MF intServ="EEMSIIB_GPS_FEEDBACK" env="adopt" override="Username">gwsvcusr</com.gps.feedback.GPSFeedBack_SendResponseToGateway_MF>
<com.gps.feedback.GPSFeedBack_SendResponseToGateway_MF intServ="EEMSIIB_GPS_FEEDBACK" env="adopt" override="Password">eemsws!2$</com.gps.feedback.GPSFeedBack_SendResponseToGateway_MF>
<com.gps.feedback.GPSFeedBack_SendResponseToGateway_MF intServ="EEMSIIB_GPS_FEEDBACK" env="adopt" override="Payload">true</com.gps.feedback.GPSFeedBack_SendResponseToGateway_MF>
<com.gps.feedback.GPSFeedBack_SendResponseToGateway_MF intServ="EEMSIIB_GPS_FEEDBACK" env="adopt" override="RetryCount">3</com.gps.feedback.GPSFeedBack_SendResponseToGateway_MF>
<com.gps.feedback.GPSFeedBack_SendResponseToGateway_MF intServ="EEMSIIB_GPS_FEEDBACK" env="adopt" override="BECode">600</com.gps.feedback.GPSFeedBack_SendResponseToGateway_MF>
<com.gps.feedback.GPSFeedBack_SendResponseToGateway_MF intServ="EEMSIIB_GPS_FEEDBACK" env="adopt" override="ProjNumber">3</com.gps.feedback.GPSFeedBack_SendResponseToGateway_MF>
<com.gps.feedback.GPSFeedBack_SendResponseToGateway_MF intServ="EEMSIIB_GPS_FEEDBACK" env="adopt" override="GPS_Store_Message.queueName">EEMSIIB.ADP.GPS_FEEDBACK_IN</com.gps.feedback.GPSFeedBack_SendResponseToGateway_MF>
<com.gps.feedback.GPSFeedBack_SendResponseToGateway_MF intServ="EEMSIIB_GPS_FEEDBACK" env="adopt" override="EEMSIIB.ERRORMESSAGE_DATA.queueName">EEMSIIB.ADP.GPS_ERRORMESSAGE_DATA</com.gps.feedback.GPSFeedBack_SendResponseToGateway_MF>
<com.gps.feedback.GPSFeedBack_SendResponseToGateway_MF intServ="EEMSIIB_GPS_FEEDBACK" env="adopt" override="GPS_Store_Message_Retry.queueName">EEMSIIB.ADP.GPS_FEEDBACK_IN</com.gps.feedback.GPSFeedBack_SendResponseToGateway_MF>
<com.gps.feedback.GPSFeedBack_SendResponseToGateway_MF intServ="EEMSIIB_GPS_FEEDBACK" env="adopt" override="BrkConfigKey">BRK_CONFIG</com.gps.feedback.GPSFeedBack_SendResponseToGateway_MF>
<com.gps.feedback.GPSFeedBack_SendResponseToGateway_MF intServ="EEMSIIB_GPS_FEEDBACK" env="adopt" override="SCHEMA_NAME">ELECELIG</com.gps.feedback.GPSFeedBack_SendResponseToGateway_MF>
<com.gps.feedback.GPSFeedBack_SendResponseToGateway_MF intServ="EEMSIIB_GPS_FEEDBACK" env="adopt" override="varGCMapName1">GPS_Common_Map</com.gps.feedback.GPSFeedBack_SendResponseToGateway_MF>
<com.gps.feedback.GPSFeedBack_SendResponseToGateway_MF intServ="EEMSIIB_GPS_FEEDBACK" env="adopt" override="Region">[ADOPT]</com.gps.feedback.GPSFeedBack_SendResponseToGateway_MF>
<com.gps.feedback.GPSFeedBack_SendResponseToGateway_MF intServ="EEMSIIB_GPS_FEEDBACK" env="adopt" override="AuditQName">EEMSIIB.ADP.GPS_COMMON_AUDITMESSAGE_DATA</com.gps.feedback.GPSFeedBack_SendResponseToGateway_MF>

<!-- PROD -->

<gen.GPS_Invoke_Webservice intServ="EEMSIIB_GPS_FEEDBACK" env="prod" override="webServiceURL">http://apsrp8496.uhc.com:9086/GatewayPreprocWeb/ws/gpsfeedbackprocess</gen.GPS_Invoke_Webservice>
<gen.GPS_Invoke_Webservice intServ="EEMSIIB_GPS_FEEDBACK" env="prod" override="SOAP Request.sslProtocol">TLS</gen.GPS_Invoke_Webservice>
<gen.GPS_Invoke_Webservice intServ="EEMSIIB_GPS_FEEDBACK" env="prod" override="SOAP Request.validateMaster">none</gen.GPS_Invoke_Webservice>
<com.gps.feedback.GPS_Inputfile_Processing_MF intServ="EEMSIIB_GPS_FEEDBACK" env="prod" override="EMAIL_TO">E3_OM@UHC.COM,E3_DEV_LEADS@UHC.COM,eems-iib_DL_DL@ds.uhc.com</com.gps.feedback.GPS_Inputfile_Processing_MF>
<com.gps.feedback.GPS_Inputfile_Processing_MF intServ="EEMSIIB_GPS_FEEDBACK" env="prod" override="EMAIL_FROM">eservices_electronic_eligibility_system@uhc.com</com.gps.feedback.GPS_Inputfile_Processing_MF>
<com.gps.feedback.GPS_Inputfile_Processing_MF intServ="EEMSIIB_GPS_FEEDBACK" env="prod" override="SMTPHost">mailo2.uhc.com:25</com.gps.feedback.GPS_Inputfile_Processing_MF>
<com.gps.feedback.GPS_Inputfile_Processing_MF intServ="EEMSIIB_GPS_FEEDBACK" env="prod" override="Timeout Notification.uniqueIdentifier">Fileunzipper</com.gps.feedback.GPS_Inputfile_Processing_MF>
<com.gps.feedback.GPS_Inputfile_Processing_MF intServ="EEMSIIB_GPS_FEEDBACK" env="prod" override="Timeout Notification.timeoutInterval">1800</com.gps.feedback.GPS_Inputfile_Processing_MF>
<com.gps.feedback.GPS_Inputfile_Processing_MF intServ="EEMSIIB_GPS_FEEDBACK" env="prod" override="GPS_FeedbackinputFile.inputDirectory">/eems/iib/inbound/GPS/feedback/daily</com.gps.feedback.GPS_Inputfile_Processing_MF>
<com.gps.feedback.GPS_Inputfile_Processing_MF intServ="EEMSIIB_GPS_FEEDBACK" env="prod" override="GPS_FeedbackinputFile.filenamePattern">*.DAT</com.gps.feedback.GPS_Inputfile_Processing_MF>
<com.gps.feedback.GPS_Inputfile_Processing_MF intServ="EEMSIIB_GPS_FEEDBACK" env="prod" override="inputLocation">/eems/iib/inbound/GPS/feedback/daily</com.gps.feedback.GPS_Inputfile_Processing_MF>
<com.gps.feedback.GPS_Inputfile_Processing_MF intServ="EEMSIIB_GPS_FEEDBACK" env="prod" override="archiveLocation">/eems/iib/archive/inbound/GPS/feedback/daily</com.gps.feedback.GPS_Inputfile_Processing_MF>
<com.gps.feedback.GPS_Inputfile_Processing_MF intServ="EEMSIIB_GPS_FEEDBACK" env="prod" override="additionalInstances">0</com.gps.feedback.GPS_Inputfile_Processing_MF>
<com.gps.feedback.GPS_Inputfile_Processing_MF intServ="EEMSIIB_GPS_FEEDBACK" env="prod" override="RetryCount">3</com.gps.feedback.GPS_Inputfile_Processing_MF>
<com.gps.feedback.GPS_Inputfile_Processing_MF intServ="EEMSIIB_GPS_FEEDBACK" env="prod" override="Payload">true</com.gps.feedback.GPS_Inputfile_Processing_MF>
<com.gps.feedback.GPS_Inputfile_Processing_MF intServ="EEMSIIB_GPS_FEEDBACK" env="prod" override="BECode">600</com.gps.feedback.GPS_Inputfile_Processing_MF>
<com.gps.feedback.GPS_Inputfile_Processing_MF intServ="EEMSIIB_GPS_FEEDBACK" env="prod" override="ProjNumber">3</com.gps.feedback.GPS_Inputfile_Processing_MF>
<com.gps.feedback.GPS_Inputfile_Processing_MF intServ="EEMSIIB_GPS_FEEDBACK" env="prod" override="Trnsfrm_MSG_GW.queueName">EEMSIIB.GPS_FEEDBACK_IN</com.gps.feedback.GPS_Inputfile_Processing_MF>
<com.gps.feedback.GPS_Inputfile_Processing_MF intServ="EEMSIIB_GPS_FEEDBACK" env="prod" override="EEMSIIB.ERRORMESSAGE_DATA.queueName">EEMSIIB.GPS_ERRORMESSAGE_DATA</com.gps.feedback.GPS_Inputfile_Processing_MF>
<com.gps.feedback.GPS_Inputfile_Processing_MF intServ="EEMSIIB_GPS_FEEDBACK" env="prod" override="BrkConfigKey">BRK_CONFIG</com.gps.feedback.GPS_Inputfile_Processing_MF>
<com.gps.feedback.GPS_Inputfile_Processing_MF intServ="EEMSIIB_GPS_FEEDBACK" env="prod" override="SCHEMA_NAME">ELECELIG</com.gps.feedback.GPS_Inputfile_Processing_MF>
<com.gps.feedback.GPS_Inputfile_Processing_MF intServ="EEMSIIB_GPS_FEEDBACK" env="prod" override="varGCMapName">GPS_Common_Map</com.gps.feedback.GPS_Inputfile_Processing_MF>
<com.gps.feedback.GPS_Inputfile_Processing_MF intServ="EEMSIIB_GPS_FEEDBACK" env="prod" override="UDP_ApplicationName">GPS_FeedbackProcessing_APP</com.gps.feedback.GPS_Inputfile_Processing_MF>
<com.gps.feedback.GPS_Inputfile_Processing_MF intServ="EEMSIIB_GPS_FEEDBACK" env="prod" override="Region1">[PROD]</com.gps.feedback.GPS_Inputfile_Processing_MF>
<com.gps.feedback.GPS_Inputfile_Processing_MF intServ="EEMSIIB_GPS_FEEDBACK" env="prod" override="AuditQName">EEMSIIB.GPS_COMMON_AUDITMESSAGE_DATA</com.gps.feedback.GPS_Inputfile_Processing_MF>
<com.gps.feedback.GPS_Inputfile_Processing_MF intServ="EEMSIIB_GPS_FEEDBACK" env="prod" override="DSN">EEMS_DB</com.gps.feedback.GPS_Inputfile_Processing_MF>
<com.gps.feedback.GPS_Inputfile_Processing_MF intServ="EEMSIIB_GPS_FEEDBACK" env="prod" override="commonMap">GPS_Common_Map</com.gps.feedback.GPS_Inputfile_Processing_MF>
			
<com.gps.feedback.GPSFeedBack_SendResponseToGateway_MF intServ="EEMSIIB_GPS_FEEDBACK" env="prod" override="EMAIL_TOO">E3_OM@UHC.COM,E3_DEV_LEADS@UHC.COM,eems-iib_DL_DL@ds.uhc.com</com.gps.feedback.GPSFeedBack_SendResponseToGateway_MF>
<com.gps.feedback.GPSFeedBack_SendResponseToGateway_MF intServ="EEMSIIB_GPS_FEEDBACK" env="prod" override="EMAIL_FROOM">eservices_electronic_eligibility_system@uhc.com</com.gps.feedback.GPSFeedBack_SendResponseToGateway_MF>
<com.gps.feedback.GPSFeedBack_SendResponseToGateway_MF intServ="EEMSIIB_GPS_FEEDBACK" env="prod" override="SMTPHoost">mailo2.uhc.com:25</com.gps.feedback.GPSFeedBack_SendResponseToGateway_MF>
<com.gps.feedback.GPSFeedBack_SendResponseToGateway_MF intServ="EEMSIIB_GPS_FEEDBACK" env="prod" override="Username">gwsvcusr</com.gps.feedback.GPSFeedBack_SendResponseToGateway_MF>
<com.gps.feedback.GPSFeedBack_SendResponseToGateway_MF intServ="EEMSIIB_GPS_FEEDBACK" env="prod" override="Password">eemsws!2$4</com.gps.feedback.GPSFeedBack_SendResponseToGateway_MF>
<com.gps.feedback.GPSFeedBack_SendResponseToGateway_MF intServ="EEMSIIB_GPS_FEEDBACK" env="prod" override="Payload">true</com.gps.feedback.GPSFeedBack_SendResponseToGateway_MF>
<com.gps.feedback.GPSFeedBack_SendResponseToGateway_MF intServ="EEMSIIB_GPS_FEEDBACK" env="prod" override="RetryCount">3</com.gps.feedback.GPSFeedBack_SendResponseToGateway_MF>
<com.gps.feedback.GPSFeedBack_SendResponseToGateway_MF intServ="EEMSIIB_GPS_FEEDBACK" env="prod" override="BECode">600</com.gps.feedback.GPSFeedBack_SendResponseToGateway_MF>
<com.gps.feedback.GPSFeedBack_SendResponseToGateway_MF intServ="EEMSIIB_GPS_FEEDBACK" env="prod" override="ProjNumber">3</com.gps.feedback.GPSFeedBack_SendResponseToGateway_MF>
<com.gps.feedback.GPSFeedBack_SendResponseToGateway_MF intServ="EEMSIIB_GPS_FEEDBACK" env="prod" override="GPS_Store_Message.queueName">EEMSIIB.GPS_FEEDBACK_IN</com.gps.feedback.GPSFeedBack_SendResponseToGateway_MF>
<com.gps.feedback.GPSFeedBack_SendResponseToGateway_MF intServ="EEMSIIB_GPS_FEEDBACK" env="prod" override="EEMSIIB.ERRORMESSAGE_DATA.queueName">EEMSIIB.GPS_ERRORMESSAGE_DATA</com.gps.feedback.GPSFeedBack_SendResponseToGateway_MF>
<com.gps.feedback.GPSFeedBack_SendResponseToGateway_MF intServ="EEMSIIB_GPS_FEEDBACK" env="prod" override="GPS_Store_Message_Retry.queueName">EEMSIIB.GPS_FEEDBACK_IN</com.gps.feedback.GPSFeedBack_SendResponseToGateway_MF>
<com.gps.feedback.GPSFeedBack_SendResponseToGateway_MF intServ="EEMSIIB_GPS_FEEDBACK" env="prod" override="BrkConfigKey">BRK_CONFIG</com.gps.feedback.GPSFeedBack_SendResponseToGateway_MF>
<com.gps.feedback.GPSFeedBack_SendResponseToGateway_MF intServ="EEMSIIB_GPS_FEEDBACK" env="prod" override="SCHEMA_NAME">ELECELIG</com.gps.feedback.GPSFeedBack_SendResponseToGateway_MF>
<com.gps.feedback.GPSFeedBack_SendResponseToGateway_MF intServ="EEMSIIB_GPS_FEEDBACK" env="prod" override="varGCMapName1">GPS_Common_Map</com.gps.feedback.GPSFeedBack_SendResponseToGateway_MF>
<com.gps.feedback.GPSFeedBack_SendResponseToGateway_MF intServ="EEMSIIB_GPS_FEEDBACK" env="prod" override="Region">[PROD]</com.gps.feedback.GPSFeedBack_SendResponseToGateway_MF>
<com.gps.feedback.GPSFeedBack_SendResponseToGateway_MF intServ="EEMSIIB_GPS_FEEDBACK" env="prod" override="AuditQName">EEMSIIB.GPS_COMMON_AUDITMESSAGE_DATA</com.gps.feedback.GPSFeedBack_SendResponseToGateway_MF>
</Broker>