<?xml version="1.0" encoding="UTF-8"?>
<Broker>
	<!--DEV-->
	<com.src.logging.Common_Logging_MF intServ="EEMSIIB_GPSCSP_COMMON" env="dev" override="additionalInstances">20</com.src.logging.Common_Logging_MF>
	<com.src.logging.Common_Logging_MF intServ="EEMSIIB_GPSCSP_COMMON" env="dev" override="ConfigFileLocation">/iib/logs/config/brokerLogGPS_dev.xml</com.src.logging.Common_Logging_MF>
	<com.src.logging.Common_Logging_MF intServ="EEMSIIB_GPSCSP_COMMON" env="dev" override="EEMSIIB.COMMON_AUDITMESSAGE_DATA.queueName">EEMSIIB.GPSCSP_COMMON_AUDITMESSAGE_DATA</com.src.logging.Common_Logging_MF>

	<com.src.logging.Common_Logging_MF intServ="EEMSIIB_COMMON_APPLICATIONS" env="dev" override="additionalInstances">14</com.src.logging.Common_Logging_MF>
	<com.src.logging.Common_Logging_MF intServ="EEMSIIB_COMMON_APPLICATIONS" env="dev" override="ConfigFileLocation">/iib/logs/config/brokerLog_dev.xml</com.src.logging.Common_Logging_MF>
	<com.src.logging.Common_Logging_MF intServ="EEMSIIB_COMMON_APPLICATIONS" env="dev" override="EEMSIIB.COMMON_AUDITMESSAGE_DATA.queueName">EEMSIIB.COMMON_AUDITMESSAGE_DATA</com.src.logging.Common_Logging_MF>

	<com.src.logging.Common_Logging_MF intServ="EEMSIIB_GPS_COMMON_APPLICATIONS" env="dev" override="additionalInstances">14</com.src.logging.Common_Logging_MF>
	<com.src.logging.Common_Logging_MF intServ="EEMSIIB_GPS_COMMON_APPLICATIONS" env="dev" override="ConfigFileLocation">/iib/logs/config/brokerLog_dev.xml</com.src.logging.Common_Logging_MF>
	<com.src.logging.Common_Logging_MF intServ="EEMSIIB_GPS_COMMON_APPLICATIONS" env="dev" override="EEMSIIB.COMMON_AUDITMESSAGE_DATA.queueName">EEMSIIB.GPS_COMMON_AUDITMESSAGE_DATA</com.src.logging.Common_Logging_MF>

	<com.src.logging.Common_Logging_MF intServ="EEMSIIB_PRIME_COMMON_APPLICATIONS" env="dev" override="additionalInstances">14</com.src.logging.Common_Logging_MF>
	<com.src.logging.Common_Logging_MF intServ="EEMSIIB_PRIME_COMMON_APPLICATIONS" env="dev" override="ConfigFileLocation">/iib/logs/config/brokerLogPRIME_dev.xml</com.src.logging.Common_Logging_MF>
	<com.src.logging.Common_Logging_MF intServ="EEMSIIB_PRIME_COMMON_APPLICATIONS" env="dev" override="EEMSIIB.COMMON_AUDITMESSAGE_DATA.queueName">EEMSIIB.PRIME_COMMON_AUDITMESSAGE_DATA</com.src.logging.Common_Logging_MF>

	<!--SIT -->
	<com.src.logging.Common_Logging_MF intServ="EEMSIIB_GPSCSP_COMMON" env="test" override="additionalInstances">20</com.src.logging.Common_Logging_MF>
	<com.src.logging.Common_Logging_MF intServ="EEMSIIB_GPSCSP_COMMON" env="test" override="ConfigFileLocation">/iib/logs/config/brokerLogGPS_sit.xml</com.src.logging.Common_Logging_MF>
	<com.src.logging.Common_Logging_MF intServ="EEMSIIB_GPSCSP_COMMON" env="test" override="EEMSIIB.COMMON_AUDITMESSAGE_DATA.queueName">EEMSIIB.GPSCSP_COMMON_AUDITMESSAGE_DATA</com.src.logging.Common_Logging_MF>

	<com.src.logging.Common_Logging_MF intServ="EEMSIIB_COMMON_APPLICATIONS" env="test" override="additionalInstances">14</com.src.logging.Common_Logging_MF>
	<com.src.logging.Common_Logging_MF intServ="EEMSIIB_COMMON_APPLICATIONS" env="test" override="ConfigFileLocation">/iib/logs/config/brokerLog_sit.xml</com.src.logging.Common_Logging_MF>
	<com.src.logging.Common_Logging_MF intServ="EEMSIIB_COMMON_APPLICATIONS" env="test" override="EEMSIIB.COMMON_AUDITMESSAGE_DATA.queueName">EEMSIIB.COMMON_AUDITMESSAGE_DATA</com.src.logging.Common_Logging_MF>

	<com.src.logging.Common_Logging_MF intServ="EEMSIIB_GPS_COMMON_APPLICATIONS" env="test" override="additionalInstances">14</com.src.logging.Common_Logging_MF>
	<com.src.logging.Common_Logging_MF intServ="EEMSIIB_GPS_COMMON_APPLICATIONS" env="test" override="ConfigFileLocation">/iib/logs/config/brokerLog_sit.xml</com.src.logging.Common_Logging_MF>
	<com.src.logging.Common_Logging_MF intServ="EEMSIIB_GPS_COMMON_APPLICATIONS" env="test" override="EEMSIIB.COMMON_AUDITMESSAGE_DATA.queueName">EEMSIIB.GPS_COMMON_AUDITMESSAGE_DATA</com.src.logging.Common_Logging_MF>

	<com.src.logging.Common_Logging_MF intServ="EEMSIIB_PRIME_COMMON_APPLICATIONS" env="test" override="additionalInstances">14</com.src.logging.Common_Logging_MF>
	<com.src.logging.Common_Logging_MF intServ="EEMSIIB_PRIME_COMMON_APPLICATIONS" env="test" override="ConfigFileLocation">/iib/logs/config/brokerLogPRIME_sit.xml</com.src.logging.Common_Logging_MF>
	<com.src.logging.Common_Logging_MF intServ="EEMSIIB_PRIME_COMMON_APPLICATIONS" env="test" override="EEMSIIB.COMMON_AUDITMESSAGE_DATA.queueName">EEMSIIB.PRIME_COMMON_AUDITMESSAGE_DATA</com.src.logging.Common_Logging_MF>

	<!--SIT Bravo -->
	<com.src.logging.Common_Logging_MF intServ="EEMSIIB_GPSCSP_COMMON" env="test2" override="additionalInstances">20</com.src.logging.Common_Logging_MF>
	<com.src.logging.Common_Logging_MF intServ="EEMSIIB_GPSCSP_COMMON" env="test2" override="ConfigFileLocation">/iib/logs/config/brokerLogGPS_sit-bravo.xml</com.src.logging.Common_Logging_MF>
	<com.src.logging.Common_Logging_MF intServ="EEMSIIB_GPSCSP_COMMON" env="test2" override="EEMSIIB.COMMON_AUDITMESSAGE_DATA.queueName">EEMSIIB.GPSCSP_COMMON_AUDITMESSAGE_DATA</com.src.logging.Common_Logging_MF>

	<com.src.logging.Common_Logging_MF intServ="EEMSIIB_COMMON_APPLICATIONS" env="test2" override="additionalInstances">14</com.src.logging.Common_Logging_MF>
	<com.src.logging.Common_Logging_MF intServ="EEMSIIB_COMMON_APPLICATIONS" env="test2" override="ConfigFileLocation">/iib/logs/config/brokerLog_test2.xml</com.src.logging.Common_Logging_MF>
	<com.src.logging.Common_Logging_MF intServ="EEMSIIB_COMMON_APPLICATIONS" env="test2" override="EEMSIIB.COMMON_AUDITMESSAGE_DATA.queueName">EEMSIIB.COMMON_AUDITMESSAGE_DATA</com.src.logging.Common_Logging_MF>

	<com.src.logging.Common_Logging_MF intServ="EEMSIIB_GPS_COMMON_APPLICATIONS" env="test2" override="additionalInstances">14</com.src.logging.Common_Logging_MF>
	<com.src.logging.Common_Logging_MF intServ="EEMSIIB_GPS_COMMON_APPLICATIONS" env="test2" override="ConfigFileLocation">/iib/logs/config/brokerLog_test2.xml</com.src.logging.Common_Logging_MF>
	<com.src.logging.Common_Logging_MF intServ="EEMSIIB_GPS_COMMON_APPLICATIONS" env="test2" override="EEMSIIB.COMMON_AUDITMESSAGE_DATA.queueName">EEMSIIB.GPS_COMMON_AUDITMESSAGE_DATA</com.src.logging.Common_Logging_MF>

	<com.src.logging.Common_Logging_MF intServ="EEMSIIB_PRIME_COMMON_APPLICATIONS" env="test2" override="additionalInstances">14</com.src.logging.Common_Logging_MF>
	<com.src.logging.Common_Logging_MF intServ="EEMSIIB_PRIME_COMMON_APPLICATIONS" env="test2" override="ConfigFileLocation">/iib/logs/config/brokerLogPRIME_sit-bravo.xml</com.src.logging.Common_Logging_MF>
	<com.src.logging.Common_Logging_MF intServ="EEMSIIB_PRIME_COMMON_APPLICATIONS" env="test2" override="EEMSIIB.COMMON_AUDITMESSAGE_DATA.queueName">EEMSIIB.PRIME_COMMON_AUDITMESSAGE_DATA</com.src.logging.Common_Logging_MF>

	<!--UAT -->
	<com.src.logging.Common_Logging_MF intServ="EEMSIIB_GPSCSP_COMMON" env="uat" override="additionalInstances">20</com.src.logging.Common_Logging_MF>
	<com.src.logging.Common_Logging_MF intServ="EEMSIIB_GPSCSP_COMMON" env="uat" override="ConfigFileLocation">/iib/logs/config/brokerLogGPS_uat.xml</com.src.logging.Common_Logging_MF>
	<com.src.logging.Common_Logging_MF intServ="EEMSIIB_GPSCSP_COMMON" env="uat" override="EEMSIIB.COMMON_AUDITMESSAGE_DATA.queueName">EEMSIIB.GPSCSP_COMMON_AUDITMESSAGE_DATA</com.src.logging.Common_Logging_MF>

	<com.src.logging.Common_Logging_MF intServ="EEMSIIB_COMMON_APPLICATIONS" env="uat" override="additionalInstances">14</com.src.logging.Common_Logging_MF>
	<com.src.logging.Common_Logging_MF intServ="EEMSIIB_COMMON_APPLICATIONS" env="uat" override="ConfigFileLocation">/iib/logs/config/brokerLog_uat-alpha.xml</com.src.logging.Common_Logging_MF>
	<com.src.logging.Common_Logging_MF intServ="EEMSIIB_COMMON_APPLICATIONS" env="uat" override="EEMSIIB.COMMON_AUDITMESSAGE_DATA.queueName">EEMSIIB.COMMON_AUDITMESSAGE_DATA</com.src.logging.Common_Logging_MF>

	<com.src.logging.Common_Logging_MF intServ="EEMSIIB_GPS_COMMON_APPLICATIONS" env="uat" override="additionalInstances">14</com.src.logging.Common_Logging_MF>
	<com.src.logging.Common_Logging_MF intServ="EEMSIIB_GPS_COMMON_APPLICATIONS" env="uat" override="ConfigFileLocation">/iib/logs/config/brokerLog_uat-alpha.xml</com.src.logging.Common_Logging_MF>
	<com.src.logging.Common_Logging_MF intServ="EEMSIIB_GPS_COMMON_APPLICATIONS" env="uat" override="EEMSIIB.COMMON_AUDITMESSAGE_DATA.queueName">EEMSIIB.GPS_COMMON_AUDITMESSAGE_DATA</com.src.logging.Common_Logging_MF>

	<com.src.logging.Common_Logging_MF intServ="EEMSIIB_PRIME_COMMON_APPLICATIONS" env="uat" override="additionalInstances">14</com.src.logging.Common_Logging_MF>
	<com.src.logging.Common_Logging_MF intServ="EEMSIIB_PRIME_COMMON_APPLICATIONS" env="uat" override="ConfigFileLocation">/iib/logs/config/brokerLogPRIME_uat-alpha.xml</com.src.logging.Common_Logging_MF>
	<com.src.logging.Common_Logging_MF intServ="EEMSIIB_PRIME_COMMON_APPLICATIONS" env="uat" override="EEMSIIB.COMMON_AUDITMESSAGE_DATA.queueName">EEMSIIB.PRIME_COMMON_AUDITMESSAGE_DATA</com.src.logging.Common_Logging_MF>

	<!--UAT Bravo-->
	<com.src.logging.Common_Logging_MF intServ="EEMSIIB_GPSCSP_COMMON" env="uat-bravo" override="additionalInstances">20</com.src.logging.Common_Logging_MF>
	<com.src.logging.Common_Logging_MF intServ="EEMSIIB_GPSCSP_COMMON" env="uat-bravo" override="ConfigFileLocation">/iib/logs/config/brokerLogGPS_uat-bravo.xml</com.src.logging.Common_Logging_MF>
	<com.src.logging.Common_Logging_MF intServ="EEMSIIB_GPSCSP_COMMON" env="uat-bravo" override="EEMSIIB.COMMON_AUDITMESSAGE_DATA.queueName">EEMSIIB.GPSCSP_COMMON_AUDITMESSAGE_DATA</com.src.logging.Common_Logging_MF>

	<com.src.logging.Common_Logging_MF intServ="EEMSIIB_COMMON_APPLICATIONS" env="uat-bravo" override="additionalInstances">14</com.src.logging.Common_Logging_MF>
	<com.src.logging.Common_Logging_MF intServ="EEMSIIB_COMMON_APPLICATIONS" env="uat-bravo" override="ConfigFileLocation">/iib/logs/config/brokerLog_uat-bravo.xml</com.src.logging.Common_Logging_MF>
	<com.src.logging.Common_Logging_MF intServ="EEMSIIB_COMMON_APPLICATIONS" env="uat-bravo" override="EEMSIIB.COMMON_AUDITMESSAGE_DATA.queueName">EEMSIIB.COMMON_AUDITMESSAGE_DATA</com.src.logging.Common_Logging_MF>

	<com.src.logging.Common_Logging_MF intServ="EEMSIIB_GPS_COMMON_APPLICATIONS" env="uat-bravo" override="additionalInstances">14</com.src.logging.Common_Logging_MF>
	<com.src.logging.Common_Logging_MF intServ="EEMSIIB_GPS_COMMON_APPLICATIONS" env="uat-bravo" override="ConfigFileLocation">/iib/logs/config/brokerLog_uat-bravo.xml</com.src.logging.Common_Logging_MF>
	<com.src.logging.Common_Logging_MF intServ="EEMSIIB_GPS_COMMON_APPLICATIONS" env="uat-bravo" override="EEMSIIB.COMMON_AUDITMESSAGE_DATA.queueName">EEMSIIB.GPS_COMMON_AUDITMESSAGE_DATA</com.src.logging.Common_Logging_MF>

	<com.src.logging.Common_Logging_MF intServ="EEMSIIB_PRIME_COMMON_APPLICATIONS" env="uat-bravo" override="additionalInstances">14</com.src.logging.Common_Logging_MF>
	<com.src.logging.Common_Logging_MF intServ="EEMSIIB_PRIME_COMMON_APPLICATIONS" env="uat-bravo" override="ConfigFileLocation">/iib/logs/config/brokerLogPRIME_uat-bravo.xml</com.src.logging.Common_Logging_MF>
	<com.src.logging.Common_Logging_MF intServ="EEMSIIB_PRIME_COMMON_APPLICATIONS" env="uat-bravo" override="EEMSIIB.COMMON_AUDITMESSAGE_DATA.queueName">EEMSIIB.PRIME_COMMON_AUDITMESSAGE_DATA</com.src.logging.Common_Logging_MF>

		<!--UAT Charlie-->
	<com.src.logging.Common_Logging_MF intServ="EEMSIIB_GPSCSP_COMMON" env="uat-charlie" override="additionalInstances">20</com.src.logging.Common_Logging_MF>
	<com.src.logging.Common_Logging_MF intServ="EEMSIIB_GPSCSP_COMMON" env="uat-charlie" override="ConfigFileLocation">/iib/logs/config/brokerLogGPS_uat-charlie.xml</com.src.logging.Common_Logging_MF>
	<com.src.logging.Common_Logging_MF intServ="EEMSIIB_GPSCSP_COMMON" env="uat-charlie" override="EEMSIIB.COMMON_AUDITMESSAGE_DATA.queueName">EEMSIIB.GPSCSP_COMMON_AUDITMESSAGE_DATA</com.src.logging.Common_Logging_MF>

	<com.src.logging.Common_Logging_MF intServ="EEMSIIB_GPS_COMMON_APPLICATIONS" env="uat-charlie" override="additionalInstances">14</com.src.logging.Common_Logging_MF>
	<com.src.logging.Common_Logging_MF intServ="EEMSIIB_GPS_COMMON_APPLICATIONS" env="uat-charlie" override="ConfigFileLocation">/iib/logs/config/brokerLogGPS_uat-charlie.xml</com.src.logging.Common_Logging_MF>
	<com.src.logging.Common_Logging_MF intServ="EEMSIIB_GPS_COMMON_APPLICATIONS" env="uat-charlie" override="EEMSIIB.COMMON_AUDITMESSAGE_DATA.queueName">EEMSIIB.GPS_COMMON_AUDITMESSAGE_DATA</com.src.logging.Common_Logging_MF>

	<com.src.logging.Common_Logging_MF intServ="EEMSIIB_PRIME_COMMON_APPLICATIONS" env="uat-charlie" override="additionalInstances">14</com.src.logging.Common_Logging_MF>
	<com.src.logging.Common_Logging_MF intServ="EEMSIIB_PRIME_COMMON_APPLICATIONS" env="uat-charlie" override="ConfigFileLocation">/iib/logs/config/brokerLogPRIME_uat-charlie.xml</com.src.logging.Common_Logging_MF>
	<com.src.logging.Common_Logging_MF intServ="EEMSIIB_PRIME_COMMON_APPLICATIONS" env="uat-charlie" override="EEMSIIB.COMMON_AUDITMESSAGE_DATA.queueName">EEMSIIB.PRIME_COMMON_AUDITMESSAGE_DATA</com.src.logging.Common_Logging_MF>

	<!--stage -->
	<com.src.logging.Common_Logging_MF intServ="EEMSIIB_GPSCSP_COMMON" env="stage" override="additionalInstances">20</com.src.logging.Common_Logging_MF>
	<com.src.logging.Common_Logging_MF intServ="EEMSIIB_GPSCSP_COMMON" env="stage" override="ConfigFileLocation">/iib/logs/config/brokerLogGPS_stage.xml</com.src.logging.Common_Logging_MF>
	<com.src.logging.Common_Logging_MF intServ="EEMSIIB_GPSCSP_COMMON" env="stage" override="EEMSIIB.COMMON_AUDITMESSAGE_DATA.queueName">EEMSIIB.GPSCSP_COMMON_AUDITMESSAGE_DATA</com.src.logging.Common_Logging_MF>

	<com.src.logging.Common_Logging_MF intServ="EEMSIIB_COMMON_APPLICATIONS" env="stage" override="additionalInstances">14</com.src.logging.Common_Logging_MF>
	<com.src.logging.Common_Logging_MF intServ="EEMSIIB_COMMON_APPLICATIONS" env="stage" override="ConfigFileLocation">/iib/logs/config/brokerLog_stage.xml</com.src.logging.Common_Logging_MF>
	<com.src.logging.Common_Logging_MF intServ="EEMSIIB_COMMON_APPLICATIONS" env="stage" override="EEMSIIB.COMMON_AUDITMESSAGE_DATA.queueName">EEMSIIB.COMMON_AUDITMESSAGE_DATA</com.src.logging.Common_Logging_MF>

	<com.src.logging.Common_Logging_MF intServ="EEMSIIB_GPS_COMMON_APPLICATIONS" env="stage" override="additionalInstances">14</com.src.logging.Common_Logging_MF>
	<com.src.logging.Common_Logging_MF intServ="EEMSIIB_GPS_COMMON_APPLICATIONS" env="stage" override="ConfigFileLocation">/iib/logs/config/brokerLog_stage.xml</com.src.logging.Common_Logging_MF>
	<com.src.logging.Common_Logging_MF intServ="EEMSIIB_GPS_COMMON_APPLICATIONS" env="stage" override="EEMSIIB.COMMON_AUDITMESSAGE_DATA.queueName">EEMSIIB.GPS_COMMON_AUDITMESSAGE_DATA</com.src.logging.Common_Logging_MF>

	<com.src.logging.Common_Logging_MF intServ="EEMSIIB_PRIME_COMMON_APPLICATIONS" env="stage" override="additionalInstances">14</com.src.logging.Common_Logging_MF>
	<com.src.logging.Common_Logging_MF intServ="EEMSIIB_PRIME_COMMON_APPLICATIONS" env="stage" override="ConfigFileLocation">/iib/logs/config/brokerLogPRIME_stage.xml</com.src.logging.Common_Logging_MF>
	<com.src.logging.Common_Logging_MF intServ="EEMSIIB_PRIME_COMMON_APPLICATIONS" env="stage" override="EEMSIIB.COMMON_AUDITMESSAGE_DATA.queueName">EEMSIIB.PRIME_COMMON_AUDITMESSAGE_DATA</com.src.logging.Common_Logging_MF>

	<!--adopt -->
	<com.src.logging.Common_Logging_MF intServ="EEMSIIB_GPSCSP_COMMON" env="adopt" override="additionalInstances">20</com.src.logging.Common_Logging_MF>
	<com.src.logging.Common_Logging_MF intServ="EEMSIIB_GPSCSP_COMMON" env="adopt" override="ConfigFileLocation">/iib/logs/config/brokerLogGPS_adopt.xml</com.src.logging.Common_Logging_MF>
	<com.src.logging.Common_Logging_MF intServ="EEMSIIB_GPSCSP_COMMON" env="adopt" override="EEMSIIB.COMMON_AUDITMESSAGE_DATA.queueName">EEMSIIB.ADP.GPSCSP_COMMON_AUDITMESSAGE_DATA</com.src.logging.Common_Logging_MF>

	<com.src.logging.Common_Logging_MF intServ="EEMSIIB_COMMON_APPLICATIONS" env="adopt" override="additionalInstances">14</com.src.logging.Common_Logging_MF>
	<com.src.logging.Common_Logging_MF intServ="EEMSIIB_COMMON_APPLICATIONS" env="adopt" override="ConfigFileLocation">/iib/logs/config/brokerLog_adopt.xml</com.src.logging.Common_Logging_MF>
	<com.src.logging.Common_Logging_MF intServ="EEMSIIB_COMMON_APPLICATIONS" env="adopt" override="EEMSIIB.COMMON_AUDITMESSAGE_DATA.queueName">EEMSIIB.ADP.COMMON_AUDITMESSAGE_DATA</com.src.logging.Common_Logging_MF>

	<com.src.logging.Common_Logging_MF intServ="EEMSIIB_GPS_COMMON_APPLICATIONS" env="adopt" override="additionalInstances">14</com.src.logging.Common_Logging_MF>
	<com.src.logging.Common_Logging_MF intServ="EEMSIIB_GPS_COMMON_APPLICATIONS" env="adopt" override="ConfigFileLocation">/iib/logs/config/brokerLog_adopt.xml</com.src.logging.Common_Logging_MF>
	<com.src.logging.Common_Logging_MF intServ="EEMSIIB_GPS_COMMON_APPLICATIONS" env="adopt" override="EEMSIIB.COMMON_AUDITMESSAGE_DATA.queueName">EEMSIIB.ADP.GPS_COMMON_AUDITMESSAGE_DATA</com.src.logging.Common_Logging_MF>

	<com.src.logging.Common_Logging_MF intServ="EEMSIIB_PRIME_COMMON_APPLICATIONS" env="adopt" override="additionalInstances">14</com.src.logging.Common_Logging_MF>
	<com.src.logging.Common_Logging_MF intServ="EEMSIIB_PRIME_COMMON_APPLICATIONS" env="adopt" override="ConfigFileLocation">/iib/logs/config/brokerLogPRIME_adopt.xml</com.src.logging.Common_Logging_MF>
	<com.src.logging.Common_Logging_MF intServ="EEMSIIB_PRIME_COMMON_APPLICATIONS" env="adopt" override="EEMSIIB.COMMON_AUDITMESSAGE_DATA.queueName">EEMSIIB.ADP.PRIME_COMMON_AUDITMESSAGE_DATA</com.src.logging.Common_Logging_MF>

	<!--prod -->
	<com.src.logging.Common_Logging_MF intServ="EEMSIIB_GPSCSP_COMMON" env="prod" override="additionalInstances">20</com.src.logging.Common_Logging_MF>
	<com.src.logging.Common_Logging_MF intServ="EEMSIIB_GPSCSP_COMMON" env="prod" override="ConfigFileLocation">/iib/logs/config/brokerLogGPS_prod.xml</com.src.logging.Common_Logging_MF>
	<com.src.logging.Common_Logging_MF intServ="EEMSIIB_GPSCSP_COMMON" env="prod" override="EEMSIIB.COMMON_AUDITMESSAGE_DATA.queueName">EEMSIIB.GPSCSP_COMMON_AUDITMESSAGE_DATA</com.src.logging.Common_Logging_MF>

	<com.src.logging.Common_Logging_MF intServ="EEMSIIB_COMMON_APPLICATIONS" env="prod" override="additionalInstances">14</com.src.logging.Common_Logging_MF>
	<com.src.logging.Common_Logging_MF intServ="EEMSIIB_COMMON_APPLICATIONS" env="prod" override="ConfigFileLocation">/iib/logs/config/brokerLog_prod.xml</com.src.logging.Common_Logging_MF>
	<com.src.logging.Common_Logging_MF intServ="EEMSIIB_COMMON_APPLICATIONS" env="prod" override="EEMSIIB.COMMON_AUDITMESSAGE_DATA.queueName">EEMSIIB.COMMON_AUDITMESSAGE_DATA</com.src.logging.Common_Logging_MF>

	<com.src.logging.Common_Logging_MF intServ="EEMSIIB_GPS_COMMON_APPLICATIONS" env="prod" override="additionalInstances">14</com.src.logging.Common_Logging_MF>
	<com.src.logging.Common_Logging_MF intServ="EEMSIIB_GPS_COMMON_APPLICATIONS" env="prod" override="ConfigFileLocation">/iib/logs/config/brokerLog_prod.xml</com.src.logging.Common_Logging_MF>
	<com.src.logging.Common_Logging_MF intServ="EEMSIIB_GPS_COMMON_APPLICATIONS" env="prod" override="EEMSIIB.COMMON_AUDITMESSAGE_DATA.queueName">EEMSIIB.GPS_COMMON_AUDITMESSAGE_DATA</com.src.logging.Common_Logging_MF>

	<com.src.logging.Common_Logging_MF intServ="EEMSIIB_PRIME_COMMON_APPLICATIONS" env="prod" override="additionalInstances">14</com.src.logging.Common_Logging_MF>
	<com.src.logging.Common_Logging_MF intServ="EEMSIIB_PRIME_COMMON_APPLICATIONS" env="prod" override="ConfigFileLocation">/iib/logs/config/brokerLogPRIME_prod.xml</com.src.logging.Common_Logging_MF>
	<com.src.logging.Common_Logging_MF intServ="EEMSIIB_PRIME_COMMON_APPLICATIONS" env="prod" override="EEMSIIB.COMMON_AUDITMESSAGE_DATA.queueName">EEMSIIB.PRIME_COMMON_AUDITMESSAGE_DATA</com.src.logging.Common_Logging_MF>

</Broker>
