<?xml version="1.0" encoding="UTF-8" ?> 
<Broker>

<!--DEV-->
<com.eems.gpscsp.tbadbload.GPSCSP_TBA_DBLoad_MF intServ="EEMSIIB_GPSCSP_TBA_DBLOAD" env="dev" override="additionalInstances">5</com.eems.gpscsp.tbadbload.GPSCSP_TBA_DBLoad_MF>
<com.eems.gpscsp.tbadbload.GPSCSP_TBA_DBLoad_MF intServ="EEMSIIB_GPSCSP_TBA_DBLOAD" env="dev" override="DSN">E3CSP_DB</com.eems.gpscsp.tbadbload.GPSCSP_TBA_DBLoad_MF>
<com.eems.gpscsp.tbadbload.GPSCSP_TBA_DBLoad_MF intServ="EEMSIIB_GPSCSP_TBA_DBLOAD" env="dev" override="UDP_ApplicationName">TBA_DBLoad_APP_Sample</com.eems.gpscsp.tbadbload.GPSCSP_TBA_DBLoad_MF>
<com.eems.gpscsp.tbadbload.GPSCSP_TBA_DBLoad_MF intServ="EEMSIIB_GPSCSP_TBA_DBLOAD" env="dev" override="brkrList">BKMBT11</com.eems.gpscsp.tbadbload.GPSCSP_TBA_DBLoad_MF>
<com.eems.gpscsp.tbadbload.GPSCSP_TBA_DBLoad_MF intServ="EEMSIIB_GPSCSP_TBA_DBLOAD" env="dev" override="brkrCount">1</com.eems.gpscsp.tbadbload.GPSCSP_TBA_DBLoad_MF>
<com.eems.gpscsp.tbadbload.GPSCSP_TBA_DBLoad_MF intServ="EEMSIIB_GPSCSP_TBA_DBLOAD" env="dev" override="GlobalCacheMap">GPSCSP_Common_Map</com.eems.gpscsp.tbadbload.GPSCSP_TBA_DBLoad_MF>
<com.eems.gpscsp.tbadbload.GPSCSP_TBA_DBLoad_MF intServ="EEMSIIB_GPSCSP_TBA_DBLOAD" env="dev" override="SchemaName">ELECELIG</com.eems.gpscsp.tbadbload.GPSCSP_TBA_DBLoad_MF>
<com.eems.gpscsp.tbadbload.GPSCSP_TBA_DBLoad_MF intServ="EEMSIIB_GPSCSP_TBA_DBLOAD" env="dev" override="BrkConfigKey">BRK_CONFIG</com.eems.gpscsp.tbadbload.GPSCSP_TBA_DBLoad_MF>
<com.eems.gpscsp.tbadbload.GPSCSP_TBA_DBLoad_MF intServ="EEMSIIB_GPSCSP_TBA_DBLOAD" env="dev" override="AuditQName">EEMSIIB.GPSCSP_COMMON_AUDITMESSAGE_DATA</com.eems.gpscsp.tbadbload.GPSCSP_TBA_DBLoad_MF>
<com.eems.gpscsp.tbadbload.GPSCSP_TBA_DBLoad_MF intServ="EEMSIIB_GPSCSP_TBA_DBLOAD" env="dev" override="BECode">700</com.eems.gpscsp.tbadbload.GPSCSP_TBA_DBLoad_MF>
<com.eems.gpscsp.tbadbload.GPSCSP_TBA_DBLoad_MF intServ="EEMSIIB_GPSCSP_TBA_DBLOAD" env="dev" override="ProjNumber">2</com.eems.gpscsp.tbadbload.GPSCSP_TBA_DBLoad_MF>
<com.eems.gpscsp.tbadbload.GPSCSP_TBA_DBLoad_MF intServ="EEMSIIB_GPSCSP_TBA_DBLOAD" env="dev" override="CSPELIGSchema">CSPELIG</com.eems.gpscsp.tbadbload.GPSCSP_TBA_DBLoad_MF>
<com.eems.gpscsp.tbadbload.GPSCSP_TBA_DBLoad_MF intServ="EEMSIIB_GPSCSP_TBA_DBLOAD" env="dev" override="EEMSIIB.GPSCSP_TBA_RESP_DBLOAD_IN.queueName">EEMSIIB.GPSCSP_TBA_RESP_DBLOAD_IN</com.eems.gpscsp.tbadbload.GPSCSP_TBA_DBLoad_MF>
<com.eems.gpscsp.tbadbload.GPSCSP_TBA_DBLoad_MF intServ="EEMSIIB_GPSCSP_TBA_DBLOAD" env="dev" override="Sending_Status.dataSource">E3CSP_DB</com.eems.gpscsp.tbadbload.GPSCSP_TBA_DBLoad_MF>
<com.eems.gpscsp.tbadbload.GPSCSP_TBA_DBLoad_MF intServ="EEMSIIB_GPSCSP_TBA_DBLOAD" env="dev" override="EEMSIIB.GPSCSP_ISREADYTOPROCESS_IN.queueName">EEMSIIB.GPSCSP_ISREADYTOPROCESS_IN</com.eems.gpscsp.tbadbload.GPSCSP_TBA_DBLoad_MF>
<com.eems.gpscsp.tbadbload.GPSCSP_TBA_DBLoad_MF intServ="EEMSIIB_GPSCSP_TBA_DBLOAD" env="dev" override="EEMSIIB.GPSCSP_ERRORMESSAGE_DATA.queueName">EEMSIIB.GPSCSP_ERRORMESSAGE_DATA</com.eems.gpscsp.tbadbload.GPSCSP_TBA_DBLoad_MF>

<!--SIT-->
<com.eems.gpscsp.tbadbload.GPSCSP_TBA_DBLoad_MF intServ="EEMSIIB_GPSCSP_TBA_DBLOAD" env="test" override="additionalInstances">5</com.eems.gpscsp.tbadbload.GPSCSP_TBA_DBLoad_MF>
<com.eems.gpscsp.tbadbload.GPSCSP_TBA_DBLoad_MF intServ="EEMSIIB_GPSCSP_TBA_DBLOAD" env="test" override="DSN">E3CSP_DB</com.eems.gpscsp.tbadbload.GPSCSP_TBA_DBLoad_MF>
<com.eems.gpscsp.tbadbload.GPSCSP_TBA_DBLoad_MF intServ="EEMSIIB_GPSCSP_TBA_DBLOAD" env="test" override="UDP_ApplicationName">TBA_DBLoad_APP_Sample</com.eems.gpscsp.tbadbload.GPSCSP_TBA_DBLoad_MF>
<com.eems.gpscsp.tbadbload.GPSCSP_TBA_DBLoad_MF intServ="EEMSIIB_GPSCSP_TBA_DBLOAD" env="test" override="brkrList">BKMBS11</com.eems.gpscsp.tbadbload.GPSCSP_TBA_DBLoad_MF>
<com.eems.gpscsp.tbadbload.GPSCSP_TBA_DBLoad_MF intServ="EEMSIIB_GPSCSP_TBA_DBLOAD" env="test" override="brkrCount">1</com.eems.gpscsp.tbadbload.GPSCSP_TBA_DBLoad_MF>
<com.eems.gpscsp.tbadbload.GPSCSP_TBA_DBLoad_MF intServ="EEMSIIB_GPSCSP_TBA_DBLOAD" env="test" override="GlobalCacheMap">GPSCSP_Common_Map</com.eems.gpscsp.tbadbload.GPSCSP_TBA_DBLoad_MF>
<com.eems.gpscsp.tbadbload.GPSCSP_TBA_DBLoad_MF intServ="EEMSIIB_GPSCSP_TBA_DBLOAD" env="test" override="SchemaName">ELECELIG</com.eems.gpscsp.tbadbload.GPSCSP_TBA_DBLoad_MF>
<com.eems.gpscsp.tbadbload.GPSCSP_TBA_DBLoad_MF intServ="EEMSIIB_GPSCSP_TBA_DBLOAD" env="test" override="BrkConfigKey">BRK_CONFIG</com.eems.gpscsp.tbadbload.GPSCSP_TBA_DBLoad_MF>
<com.eems.gpscsp.tbadbload.GPSCSP_TBA_DBLoad_MF intServ="EEMSIIB_GPSCSP_TBA_DBLOAD" env="test" override="AuditQName">EEMSIIB.GPSCSP_COMMON_AUDITMESSAGE_DATA</com.eems.gpscsp.tbadbload.GPSCSP_TBA_DBLoad_MF>
<com.eems.gpscsp.tbadbload.GPSCSP_TBA_DBLoad_MF intServ="EEMSIIB_GPSCSP_TBA_DBLOAD" env="test" override="BECode">700</com.eems.gpscsp.tbadbload.GPSCSP_TBA_DBLoad_MF>
<com.eems.gpscsp.tbadbload.GPSCSP_TBA_DBLoad_MF intServ="EEMSIIB_GPSCSP_TBA_DBLOAD" env="test" override="ProjNumber">2</com.eems.gpscsp.tbadbload.GPSCSP_TBA_DBLoad_MF>
<com.eems.gpscsp.tbadbload.GPSCSP_TBA_DBLoad_MF intServ="EEMSIIB_GPSCSP_TBA_DBLOAD" env="test" override="CSPELIGSchema">CSPELIG</com.eems.gpscsp.tbadbload.GPSCSP_TBA_DBLoad_MF>
<com.eems.gpscsp.tbadbload.GPSCSP_TBA_DBLoad_MF intServ="EEMSIIB_GPSCSP_TBA_DBLOAD" env="test" override="EEMSIIB.GPSCSP_TBA_RESP_DBLOAD_IN.queueName">EEMSIIB.GPSCSP_TBA_RESP_DBLOAD_IN</com.eems.gpscsp.tbadbload.GPSCSP_TBA_DBLoad_MF>
<com.eems.gpscsp.tbadbload.GPSCSP_TBA_DBLoad_MF intServ="EEMSIIB_GPSCSP_TBA_DBLOAD" env="test" override="Sending_Status.dataSource">E3CSP_DB</com.eems.gpscsp.tbadbload.GPSCSP_TBA_DBLoad_MF>
<com.eems.gpscsp.tbadbload.GPSCSP_TBA_DBLoad_MF intServ="EEMSIIB_GPSCSP_TBA_DBLOAD" env="test" override="EEMSIIB.GPSCSP_ISREADYTOPROCESS_IN.queueName">EEMSIIB.GPSCSP_ISREADYTOPROCESS_IN</com.eems.gpscsp.tbadbload.GPSCSP_TBA_DBLoad_MF>
<com.eems.gpscsp.tbadbload.GPSCSP_TBA_DBLoad_MF intServ="EEMSIIB_GPSCSP_TBA_DBLOAD" env="test" override="EEMSIIB.GPSCSP_ERRORMESSAGE_DATA.queueName">EEMSIIB.GPSCSP_ERRORMESSAGE_DATA</com.eems.gpscsp.tbadbload.GPSCSP_TBA_DBLoad_MF>

<!--SIT Bravo-->
<com.eems.gpscsp.tbadbload.GPSCSP_TBA_DBLoad_MF intServ="EEMSIIB_GPSCSP_TBA_DBLOAD" env="test2" override="additionalInstances">5</com.eems.gpscsp.tbadbload.GPSCSP_TBA_DBLoad_MF>
<com.eems.gpscsp.tbadbload.GPSCSP_TBA_DBLoad_MF intServ="EEMSIIB_GPSCSP_TBA_DBLOAD" env="test2" override="DSN">E3CSP_DB</com.eems.gpscsp.tbadbload.GPSCSP_TBA_DBLoad_MF>
<com.eems.gpscsp.tbadbload.GPSCSP_TBA_DBLoad_MF intServ="EEMSIIB_GPSCSP_TBA_DBLOAD" env="test2" override="UDP_ApplicationName">TBA_DBLoad_APP_Sample</com.eems.gpscsp.tbadbload.GPSCSP_TBA_DBLoad_MF>
<com.eems.gpscsp.tbadbload.GPSCSP_TBA_DBLoad_MF intServ="EEMSIIB_GPSCSP_TBA_DBLOAD" env="test2" override="brkrList">BKMBS12</com.eems.gpscsp.tbadbload.GPSCSP_TBA_DBLoad_MF>
<com.eems.gpscsp.tbadbload.GPSCSP_TBA_DBLoad_MF intServ="EEMSIIB_GPSCSP_TBA_DBLOAD" env="test2" override="brkrCount">1</com.eems.gpscsp.tbadbload.GPSCSP_TBA_DBLoad_MF>
<com.eems.gpscsp.tbadbload.GPSCSP_TBA_DBLoad_MF intServ="EEMSIIB_GPSCSP_TBA_DBLOAD" env="test2" override="GlobalCacheMap">GPSCSP_Common_Map</com.eems.gpscsp.tbadbload.GPSCSP_TBA_DBLoad_MF>
<com.eems.gpscsp.tbadbload.GPSCSP_TBA_DBLoad_MF intServ="EEMSIIB_GPSCSP_TBA_DBLOAD" env="test2" override="SchemaName">ELECELIG</com.eems.gpscsp.tbadbload.GPSCSP_TBA_DBLoad_MF>
<com.eems.gpscsp.tbadbload.GPSCSP_TBA_DBLoad_MF intServ="EEMSIIB_GPSCSP_TBA_DBLOAD" env="test2" override="BrkConfigKey">BRK_CONFIG</com.eems.gpscsp.tbadbload.GPSCSP_TBA_DBLoad_MF>
<com.eems.gpscsp.tbadbload.GPSCSP_TBA_DBLoad_MF intServ="EEMSIIB_GPSCSP_TBA_DBLOAD" env="test2" override="AuditQName">EEMSIIB.GPSCSP_COMMON_AUDITMESSAGE_DATA</com.eems.gpscsp.tbadbload.GPSCSP_TBA_DBLoad_MF>
<com.eems.gpscsp.tbadbload.GPSCSP_TBA_DBLoad_MF intServ="EEMSIIB_GPSCSP_TBA_DBLOAD" env="test2" override="BECode">700</com.eems.gpscsp.tbadbload.GPSCSP_TBA_DBLoad_MF>
<com.eems.gpscsp.tbadbload.GPSCSP_TBA_DBLoad_MF intServ="EEMSIIB_GPSCSP_TBA_DBLOAD" env="test2" override="ProjNumber">2</com.eems.gpscsp.tbadbload.GPSCSP_TBA_DBLoad_MF>
<com.eems.gpscsp.tbadbload.GPSCSP_TBA_DBLoad_MF intServ="EEMSIIB_GPSCSP_TBA_DBLOAD" env="test2" override="CSPELIGSchema">CSPELIG</com.eems.gpscsp.tbadbload.GPSCSP_TBA_DBLoad_MF>
<com.eems.gpscsp.tbadbload.GPSCSP_TBA_DBLoad_MF intServ="EEMSIIB_GPSCSP_TBA_DBLOAD" env="test2" override="EEMSIIB.GPSCSP_TBA_RESP_DBLOAD_IN.queueName">EEMSIIB.GPSCSP_TBA_RESP_DBLOAD_IN</com.eems.gpscsp.tbadbload.GPSCSP_TBA_DBLoad_MF>
<com.eems.gpscsp.tbadbload.GPSCSP_TBA_DBLoad_MF intServ="EEMSIIB_GPSCSP_TBA_DBLOAD" env="test2" override="Sending_Status.dataSource">E3CSP_DB</com.eems.gpscsp.tbadbload.GPSCSP_TBA_DBLoad_MF>
<com.eems.gpscsp.tbadbload.GPSCSP_TBA_DBLoad_MF intServ="EEMSIIB_GPSCSP_TBA_DBLOAD" env="test2" override="EEMSIIB.GPSCSP_ISREADYTOPROCESS_IN.queueName">EEMSIIB.GPSCSP_ISREADYTOPROCESS_IN</com.eems.gpscsp.tbadbload.GPSCSP_TBA_DBLoad_MF>
<com.eems.gpscsp.tbadbload.GPSCSP_TBA_DBLoad_MF intServ="EEMSIIB_GPSCSP_TBA_DBLOAD" env="test2" override="EEMSIIB.GPSCSP_ERRORMESSAGE_DATA.queueName">EEMSIIB.GPSCSP_ERRORMESSAGE_DATA</com.eems.gpscsp.tbadbload.GPSCSP_TBA_DBLoad_MF>


<!--SIT Charlie-->
<com.eems.gpscsp.tbadbload.GPSCSP_TBA_DBLoad_MF intServ="EEMSIIB_GPSCSP_TBA_DBLOAD" env="test-charlie" override="additionalInstances">5</com.eems.gpscsp.tbadbload.GPSCSP_TBA_DBLoad_MF>
<com.eems.gpscsp.tbadbload.GPSCSP_TBA_DBLoad_MF intServ="EEMSIIB_GPSCSP_TBA_DBLOAD" env="test-charlie" override="DSN">E3CSP_DB</com.eems.gpscsp.tbadbload.GPSCSP_TBA_DBLoad_MF>
<com.eems.gpscsp.tbadbload.GPSCSP_TBA_DBLoad_MF intServ="EEMSIIB_GPSCSP_TBA_DBLOAD" env="test-charlie" override="UDP_ApplicationName">TBA_DBLoad_APP_Sample</com.eems.gpscsp.tbadbload.GPSCSP_TBA_DBLoad_MF>
<com.eems.gpscsp.tbadbload.GPSCSP_TBA_DBLoad_MF intServ="EEMSIIB_GPSCSP_TBA_DBLOAD" env="test-charlie" override="brkrList">BKMBS11</com.eems.gpscsp.tbadbload.GPSCSP_TBA_DBLoad_MF>
<com.eems.gpscsp.tbadbload.GPSCSP_TBA_DBLoad_MF intServ="EEMSIIB_GPSCSP_TBA_DBLOAD" env="test-charlie" override="brkrCount">1</com.eems.gpscsp.tbadbload.GPSCSP_TBA_DBLoad_MF>
<com.eems.gpscsp.tbadbload.GPSCSP_TBA_DBLoad_MF intServ="EEMSIIB_GPSCSP_TBA_DBLOAD" env="test-charlie" override="GlobalCacheMap">GPSCSP_Common_Map</com.eems.gpscsp.tbadbload.GPSCSP_TBA_DBLoad_MF>
<com.eems.gpscsp.tbadbload.GPSCSP_TBA_DBLoad_MF intServ="EEMSIIB_GPSCSP_TBA_DBLOAD" env="test-charlie" override="SchemaName">ELECELIG</com.eems.gpscsp.tbadbload.GPSCSP_TBA_DBLoad_MF>
<com.eems.gpscsp.tbadbload.GPSCSP_TBA_DBLoad_MF intServ="EEMSIIB_GPSCSP_TBA_DBLOAD" env="test-charlie" override="BrkConfigKey">BRK_CONFIG</com.eems.gpscsp.tbadbload.GPSCSP_TBA_DBLoad_MF>
<com.eems.gpscsp.tbadbload.GPSCSP_TBA_DBLoad_MF intServ="EEMSIIB_GPSCSP_TBA_DBLOAD" env="test-charlie" override="AuditQName">EEMSIIB.GPSCSP_COMMON_AUDITMESSAGE_DATA</com.eems.gpscsp.tbadbload.GPSCSP_TBA_DBLoad_MF>
<com.eems.gpscsp.tbadbload.GPSCSP_TBA_DBLoad_MF intServ="EEMSIIB_GPSCSP_TBA_DBLOAD" env="test-charlie" override="BECode">700</com.eems.gpscsp.tbadbload.GPSCSP_TBA_DBLoad_MF>
<com.eems.gpscsp.tbadbload.GPSCSP_TBA_DBLoad_MF intServ="EEMSIIB_GPSCSP_TBA_DBLOAD" env="test-charlie" override="ProjNumber">2</com.eems.gpscsp.tbadbload.GPSCSP_TBA_DBLoad_MF>
<com.eems.gpscsp.tbadbload.GPSCSP_TBA_DBLoad_MF intServ="EEMSIIB_GPSCSP_TBA_DBLOAD" env="test-charlie" override="CSPELIGSchema">CSPELIG</com.eems.gpscsp.tbadbload.GPSCSP_TBA_DBLoad_MF>
<com.eems.gpscsp.tbadbload.GPSCSP_TBA_DBLoad_MF intServ="EEMSIIB_GPSCSP_TBA_DBLOAD" env="test-charlie" override="EEMSIIB.GPSCSP_TBA_RESP_DBLOAD_IN.queueName">EEMSIIB.GPSCSP_TBA_RESP_DBLOAD_IN</com.eems.gpscsp.tbadbload.GPSCSP_TBA_DBLoad_MF>
<com.eems.gpscsp.tbadbload.GPSCSP_TBA_DBLoad_MF intServ="EEMSIIB_GPSCSP_TBA_DBLOAD" env="test-charlie" override="Sending_Status.dataSource">E3CSP_DB</com.eems.gpscsp.tbadbload.GPSCSP_TBA_DBLoad_MF>
<com.eems.gpscsp.tbadbload.GPSCSP_TBA_DBLoad_MF intServ="EEMSIIB_GPSCSP_TBA_DBLOAD" env="test-charlie" override="EEMSIIB.GPSCSP_ISREADYTOPROCESS_IN.queueName">EEMSIIB.GPSCSP_ISREADYTOPROCESS_IN</com.eems.gpscsp.tbadbload.GPSCSP_TBA_DBLoad_MF>
<com.eems.gpscsp.tbadbload.GPSCSP_TBA_DBLoad_MF intServ="EEMSIIB_GPSCSP_TBA_DBLOAD" env="test-charlie" override="EEMSIIB.GPSCSP_ERRORMESSAGE_DATA.queueName">EEMSIIB.GPSCSP_ERRORMESSAGE_DATA</com.eems.gpscsp.tbadbload.GPSCSP_TBA_DBLoad_MF>

<!--UAT-->
<com.eems.gpscsp.tbadbload.GPSCSP_TBA_DBLoad_MF intServ="EEMSIIB_GPSCSP_TBA_DBLOAD" env="uat" override="additionalInstances">5</com.eems.gpscsp.tbadbload.GPSCSP_TBA_DBLoad_MF>
<com.eems.gpscsp.tbadbload.GPSCSP_TBA_DBLoad_MF intServ="EEMSIIB_GPSCSP_TBA_DBLOAD" env="uat" override="DSN">E3CSP_DB</com.eems.gpscsp.tbadbload.GPSCSP_TBA_DBLoad_MF>
<com.eems.gpscsp.tbadbload.GPSCSP_TBA_DBLoad_MF intServ="EEMSIIB_GPSCSP_TBA_DBLOAD" env="uat" override="UDP_ApplicationName">TBA_DBLoad_APP_Sample</com.eems.gpscsp.tbadbload.GPSCSP_TBA_DBLoad_MF>
<com.eems.gpscsp.tbadbload.GPSCSP_TBA_DBLoad_MF intServ="EEMSIIB_GPSCSP_TBA_DBLOAD" env="uat" override="brkrList">BKMBRA11</com.eems.gpscsp.tbadbload.GPSCSP_TBA_DBLoad_MF>
<com.eems.gpscsp.tbadbload.GPSCSP_TBA_DBLoad_MF intServ="EEMSIIB_GPSCSP_TBA_DBLOAD" env="uat" override="brkrCount">1</com.eems.gpscsp.tbadbload.GPSCSP_TBA_DBLoad_MF>
<com.eems.gpscsp.tbadbload.GPSCSP_TBA_DBLoad_MF intServ="EEMSIIB_GPSCSP_TBA_DBLOAD" env="uat" override="GlobalCacheMap">GPSCSP_Common_Map</com.eems.gpscsp.tbadbload.GPSCSP_TBA_DBLoad_MF>
<com.eems.gpscsp.tbadbload.GPSCSP_TBA_DBLoad_MF intServ="EEMSIIB_GPSCSP_TBA_DBLOAD" env="uat" override="SchemaName">ELECELIG</com.eems.gpscsp.tbadbload.GPSCSP_TBA_DBLoad_MF>
<com.eems.gpscsp.tbadbload.GPSCSP_TBA_DBLoad_MF intServ="EEMSIIB_GPSCSP_TBA_DBLOAD" env="uat" override="BrkConfigKey">BRK_CONFIG</com.eems.gpscsp.tbadbload.GPSCSP_TBA_DBLoad_MF>
<com.eems.gpscsp.tbadbload.GPSCSP_TBA_DBLoad_MF intServ="EEMSIIB_GPSCSP_TBA_DBLOAD" env="uat" override="AuditQName">EEMSIIB.GPSCSP_COMMON_AUDITMESSAGE_DATA</com.eems.gpscsp.tbadbload.GPSCSP_TBA_DBLoad_MF>
<com.eems.gpscsp.tbadbload.GPSCSP_TBA_DBLoad_MF intServ="EEMSIIB_GPSCSP_TBA_DBLOAD" env="uat" override="BECode">700</com.eems.gpscsp.tbadbload.GPSCSP_TBA_DBLoad_MF>
<com.eems.gpscsp.tbadbload.GPSCSP_TBA_DBLoad_MF intServ="EEMSIIB_GPSCSP_TBA_DBLOAD" env="uat" override="ProjNumber">2</com.eems.gpscsp.tbadbload.GPSCSP_TBA_DBLoad_MF>
<com.eems.gpscsp.tbadbload.GPSCSP_TBA_DBLoad_MF intServ="EEMSIIB_GPSCSP_TBA_DBLOAD" env="uat" override="CSPELIGSchema">CSPELIG</com.eems.gpscsp.tbadbload.GPSCSP_TBA_DBLoad_MF>
<com.eems.gpscsp.tbadbload.GPSCSP_TBA_DBLoad_MF intServ="EEMSIIB_GPSCSP_TBA_DBLOAD" env="uat" override="EEMSIIB.GPSCSP_TBA_RESP_DBLOAD_IN.queueName">EEMSIIB.GPSCSP_TBA_RESP_DBLOAD_IN</com.eems.gpscsp.tbadbload.GPSCSP_TBA_DBLoad_MF>
<com.eems.gpscsp.tbadbload.GPSCSP_TBA_DBLoad_MF intServ="EEMSIIB_GPSCSP_TBA_DBLOAD" env="uat" override="Sending_Status.dataSource">E3CSP_DB</com.eems.gpscsp.tbadbload.GPSCSP_TBA_DBLoad_MF>
<com.eems.gpscsp.tbadbload.GPSCSP_TBA_DBLoad_MF intServ="EEMSIIB_GPSCSP_TBA_DBLOAD" env="uat" override="EEMSIIB.GPSCSP_ISREADYTOPROCESS_IN.queueName">EEMSIIB.GPSCSP_ISREADYTOPROCESS_IN</com.eems.gpscsp.tbadbload.GPSCSP_TBA_DBLoad_MF>
<com.eems.gpscsp.tbadbload.GPSCSP_TBA_DBLoad_MF intServ="EEMSIIB_GPSCSP_TBA_DBLOAD" env="uat" override="EEMSIIB.GPSCSP_ERRORMESSAGE_DATA.queueName">EEMSIIB.GPSCSP_ERRORMESSAGE_DATA</com.eems.gpscsp.tbadbload.GPSCSP_TBA_DBLoad_MF>

<!--UAT Bravo-->
<com.eems.gpscsp.tbadbload.GPSCSP_TBA_DBLoad_MF intServ="EEMSIIB_GPSCSP_TBA_DBLOAD" env="uat-bravo" override="additionalInstances">5</com.eems.gpscsp.tbadbload.GPSCSP_TBA_DBLoad_MF>
<com.eems.gpscsp.tbadbload.GPSCSP_TBA_DBLoad_MF intServ="EEMSIIB_GPSCSP_TBA_DBLOAD" env="uat-bravo" override="DSN">E3CSP_DB</com.eems.gpscsp.tbadbload.GPSCSP_TBA_DBLoad_MF>
<com.eems.gpscsp.tbadbload.GPSCSP_TBA_DBLoad_MF intServ="EEMSIIB_GPSCSP_TBA_DBLOAD" env="uat-bravo" override="UDP_ApplicationName">TBA_DBLoad_APP_Sample</com.eems.gpscsp.tbadbload.GPSCSP_TBA_DBLoad_MF>
<com.eems.gpscsp.tbadbload.GPSCSP_TBA_DBLoad_MF intServ="EEMSIIB_GPSCSP_TBA_DBLOAD" env="uat-bravo" override="brkrList">BKMBRB11</com.eems.gpscsp.tbadbload.GPSCSP_TBA_DBLoad_MF>
<com.eems.gpscsp.tbadbload.GPSCSP_TBA_DBLoad_MF intServ="EEMSIIB_GPSCSP_TBA_DBLOAD" env="uat-bravo" override="brkrCount">1</com.eems.gpscsp.tbadbload.GPSCSP_TBA_DBLoad_MF>
<com.eems.gpscsp.tbadbload.GPSCSP_TBA_DBLoad_MF intServ="EEMSIIB_GPSCSP_TBA_DBLOAD" env="uat-bravo" override="GlobalCacheMap">GPSCSP_Common_Map</com.eems.gpscsp.tbadbload.GPSCSP_TBA_DBLoad_MF>
<com.eems.gpscsp.tbadbload.GPSCSP_TBA_DBLoad_MF intServ="EEMSIIB_GPSCSP_TBA_DBLOAD" env="uat-bravo" override="SchemaName">ELECELIG</com.eems.gpscsp.tbadbload.GPSCSP_TBA_DBLoad_MF>
<com.eems.gpscsp.tbadbload.GPSCSP_TBA_DBLoad_MF intServ="EEMSIIB_GPSCSP_TBA_DBLOAD" env="uat-bravo" override="BrkConfigKey">BRK_CONFIG</com.eems.gpscsp.tbadbload.GPSCSP_TBA_DBLoad_MF>
<com.eems.gpscsp.tbadbload.GPSCSP_TBA_DBLoad_MF intServ="EEMSIIB_GPSCSP_TBA_DBLOAD" env="uat-bravo" override="AuditQName">EEMSIIB.GPSCSP_COMMON_AUDITMESSAGE_DATA</com.eems.gpscsp.tbadbload.GPSCSP_TBA_DBLoad_MF>
<com.eems.gpscsp.tbadbload.GPSCSP_TBA_DBLoad_MF intServ="EEMSIIB_GPSCSP_TBA_DBLOAD" env="uat-bravo" override="BECode">700</com.eems.gpscsp.tbadbload.GPSCSP_TBA_DBLoad_MF>
<com.eems.gpscsp.tbadbload.GPSCSP_TBA_DBLoad_MF intServ="EEMSIIB_GPSCSP_TBA_DBLOAD" env="uat-bravo" override="ProjNumber">2</com.eems.gpscsp.tbadbload.GPSCSP_TBA_DBLoad_MF>
<com.eems.gpscsp.tbadbload.GPSCSP_TBA_DBLoad_MF intServ="EEMSIIB_GPSCSP_TBA_DBLOAD" env="uat-bravo" override="CSPELIGSchema">CSPELIG</com.eems.gpscsp.tbadbload.GPSCSP_TBA_DBLoad_MF>
<com.eems.gpscsp.tbadbload.GPSCSP_TBA_DBLoad_MF intServ="EEMSIIB_GPSCSP_TBA_DBLOAD" env="uat-bravo" override="EEMSIIB.GPSCSP_TBA_RESP_DBLOAD_IN.queueName">EEMSIIB.GPSCSP_TBA_RESP_DBLOAD_IN</com.eems.gpscsp.tbadbload.GPSCSP_TBA_DBLoad_MF>
<com.eems.gpscsp.tbadbload.GPSCSP_TBA_DBLoad_MF intServ="EEMSIIB_GPSCSP_TBA_DBLOAD" env="uat-bravo" override="Sending_Status.dataSource">E3CSP_DB</com.eems.gpscsp.tbadbload.GPSCSP_TBA_DBLoad_MF>
<com.eems.gpscsp.tbadbload.GPSCSP_TBA_DBLoad_MF intServ="EEMSIIB_GPSCSP_TBA_DBLOAD" env="uat-bravo" override="EEMSIIB.GPSCSP_ISREADYTOPROCESS_IN.queueName">EEMSIIB.GPSCSP_ISREADYTOPROCESS_IN</com.eems.gpscsp.tbadbload.GPSCSP_TBA_DBLoad_MF>
<com.eems.gpscsp.tbadbload.GPSCSP_TBA_DBLoad_MF intServ="EEMSIIB_GPSCSP_TBA_DBLOAD" env="uat-bravo" override="EEMSIIB.GPSCSP_ERRORMESSAGE_DATA.queueName">EEMSIIB.GPSCSP_ERRORMESSAGE_DATA</com.eems.gpscsp.tbadbload.GPSCSP_TBA_DBLoad_MF>


<!--UAT Charlie-->
<com.eems.gpscsp.tbadbload.GPSCSP_TBA_DBLoad_MF intServ="EEMSIIB_GPSCSP_TBA_DBLOAD" env="uat-charlie" override="additionalInstances">5</com.eems.gpscsp.tbadbload.GPSCSP_TBA_DBLoad_MF>
<com.eems.gpscsp.tbadbload.GPSCSP_TBA_DBLoad_MF intServ="EEMSIIB_GPSCSP_TBA_DBLOAD" env="uat-charlie" override="DSN">E3CSP_DB</com.eems.gpscsp.tbadbload.GPSCSP_TBA_DBLoad_MF>
<com.eems.gpscsp.tbadbload.GPSCSP_TBA_DBLoad_MF intServ="EEMSIIB_GPSCSP_TBA_DBLOAD" env="uat-charlie" override="UDP_ApplicationName">TBA_DBLoad_APP_Sample</com.eems.gpscsp.tbadbload.GPSCSP_TBA_DBLoad_MF>
<com.eems.gpscsp.tbadbload.GPSCSP_TBA_DBLoad_MF intServ="EEMSIIB_GPSCSP_TBA_DBLOAD" env="uat-charlie" override="brkrList">BKMBRC12</com.eems.gpscsp.tbadbload.GPSCSP_TBA_DBLoad_MF>
<com.eems.gpscsp.tbadbload.GPSCSP_TBA_DBLoad_MF intServ="EEMSIIB_GPSCSP_TBA_DBLOAD" env="uat-charlie" override="brkrCount">1</com.eems.gpscsp.tbadbload.GPSCSP_TBA_DBLoad_MF>
<com.eems.gpscsp.tbadbload.GPSCSP_TBA_DBLoad_MF intServ="EEMSIIB_GPSCSP_TBA_DBLOAD" env="uat-charlie" override="GlobalCacheMap">GPSCSP_Common_Map</com.eems.gpscsp.tbadbload.GPSCSP_TBA_DBLoad_MF>
<com.eems.gpscsp.tbadbload.GPSCSP_TBA_DBLoad_MF intServ="EEMSIIB_GPSCSP_TBA_DBLOAD" env="uat-charlie" override="SchemaName">ELECELIG</com.eems.gpscsp.tbadbload.GPSCSP_TBA_DBLoad_MF>
<com.eems.gpscsp.tbadbload.GPSCSP_TBA_DBLoad_MF intServ="EEMSIIB_GPSCSP_TBA_DBLOAD" env="uat-charlie" override="BrkConfigKey">BRK_CONFIG</com.eems.gpscsp.tbadbload.GPSCSP_TBA_DBLoad_MF>
<com.eems.gpscsp.tbadbload.GPSCSP_TBA_DBLoad_MF intServ="EEMSIIB_GPSCSP_TBA_DBLOAD" env="uat-charlie" override="AuditQName">EEMSIIB.GPSCSP_COMMON_AUDITMESSAGE_DATA</com.eems.gpscsp.tbadbload.GPSCSP_TBA_DBLoad_MF>
<com.eems.gpscsp.tbadbload.GPSCSP_TBA_DBLoad_MF intServ="EEMSIIB_GPSCSP_TBA_DBLOAD" env="uat-charlie" override="BECode">700</com.eems.gpscsp.tbadbload.GPSCSP_TBA_DBLoad_MF>
<com.eems.gpscsp.tbadbload.GPSCSP_TBA_DBLoad_MF intServ="EEMSIIB_GPSCSP_TBA_DBLOAD" env="uat-charlie" override="ProjNumber">2</com.eems.gpscsp.tbadbload.GPSCSP_TBA_DBLoad_MF>
<com.eems.gpscsp.tbadbload.GPSCSP_TBA_DBLoad_MF intServ="EEMSIIB_GPSCSP_TBA_DBLOAD" env="uat-charlie" override="CSPELIGSchema">CSPELIG</com.eems.gpscsp.tbadbload.GPSCSP_TBA_DBLoad_MF>
<com.eems.gpscsp.tbadbload.GPSCSP_TBA_DBLoad_MF intServ="EEMSIIB_GPSCSP_TBA_DBLOAD" env="uat-charlie" override="EEMSIIB.GPSCSP_TBA_RESP_DBLOAD_IN.queueName">EEMSIIB.GPSCSP_TBA_RESP_DBLOAD_IN</com.eems.gpscsp.tbadbload.GPSCSP_TBA_DBLoad_MF>
<com.eems.gpscsp.tbadbload.GPSCSP_TBA_DBLoad_MF intServ="EEMSIIB_GPSCSP_TBA_DBLOAD" env="uat-charlie" override="Sending_Status.dataSource">E3CSP_DB</com.eems.gpscsp.tbadbload.GPSCSP_TBA_DBLoad_MF>
<com.eems.gpscsp.tbadbload.GPSCSP_TBA_DBLoad_MF intServ="EEMSIIB_GPSCSP_TBA_DBLOAD" env="uat-charlie" override="EEMSIIB.GPSCSP_ISREADYTOPROCESS_IN.queueName">EEMSIIB.GPSCSP_ISREADYTOPROCESS_IN</com.eems.gpscsp.tbadbload.GPSCSP_TBA_DBLoad_MF>
<com.eems.gpscsp.tbadbload.GPSCSP_TBA_DBLoad_MF intServ="EEMSIIB_GPSCSP_TBA_DBLOAD" env="uat-charlie" override="EEMSIIB.GPSCSP_ERRORMESSAGE_DATA.queueName">EEMSIIB.GPSCSP_ERRORMESSAGE_DATA</com.eems.gpscsp.tbadbload.GPSCSP_TBA_DBLoad_MF>


<!--STAGE-->
<com.eems.gpscsp.tbadbload.GPSCSP_TBA_DBLoad_MF intServ="EEMSIIB_GPSCSP_TBA_DBLOAD" env="stage" override="additionalInstances">5</com.eems.gpscsp.tbadbload.GPSCSP_TBA_DBLoad_MF>
<com.eems.gpscsp.tbadbload.GPSCSP_TBA_DBLoad_MF intServ="EEMSIIB_GPSCSP_TBA_DBLOAD" env="stage" override="DSN">E3CSP_DB</com.eems.gpscsp.tbadbload.GPSCSP_TBA_DBLoad_MF>
<com.eems.gpscsp.tbadbload.GPSCSP_TBA_DBLoad_MF intServ="EEMSIIB_GPSCSP_TBA_DBLOAD" env="stage" override="UDP_ApplicationName">TBA_DBLoad_APP_Sample</com.eems.gpscsp.tbadbload.GPSCSP_TBA_DBLoad_MF>
<com.eems.gpscsp.tbadbload.GPSCSP_TBA_DBLoad_MF intServ="EEMSIIB_GPSCSP_TBA_DBLOAD" env="stage" override="brkrList">BKMBC13_BKMBC14</com.eems.gpscsp.tbadbload.GPSCSP_TBA_DBLoad_MF>
<com.eems.gpscsp.tbadbload.GPSCSP_TBA_DBLoad_MF intServ="EEMSIIB_GPSCSP_TBA_DBLOAD" env="stage" override="brkrCount">2</com.eems.gpscsp.tbadbload.GPSCSP_TBA_DBLoad_MF>
<com.eems.gpscsp.tbadbload.GPSCSP_TBA_DBLoad_MF intServ="EEMSIIB_GPSCSP_TBA_DBLOAD" env="stage" override="GlobalCacheMap">GPSCSP_Common_Map</com.eems.gpscsp.tbadbload.GPSCSP_TBA_DBLoad_MF>
<com.eems.gpscsp.tbadbload.GPSCSP_TBA_DBLoad_MF intServ="EEMSIIB_GPSCSP_TBA_DBLOAD" env="stage" override="SchemaName">ELECELIG</com.eems.gpscsp.tbadbload.GPSCSP_TBA_DBLoad_MF>
<com.eems.gpscsp.tbadbload.GPSCSP_TBA_DBLoad_MF intServ="EEMSIIB_GPSCSP_TBA_DBLOAD" env="stage" override="BrkConfigKey">BRK_CONFIG</com.eems.gpscsp.tbadbload.GPSCSP_TBA_DBLoad_MF>
<com.eems.gpscsp.tbadbload.GPSCSP_TBA_DBLoad_MF intServ="EEMSIIB_GPSCSP_TBA_DBLOAD" env="stage" override="AuditQName">EEMSIIB.GPSCSP_COMMON_AUDITMESSAGE_DATA</com.eems.gpscsp.tbadbload.GPSCSP_TBA_DBLoad_MF>
<com.eems.gpscsp.tbadbload.GPSCSP_TBA_DBLoad_MF intServ="EEMSIIB_GPSCSP_TBA_DBLOAD" env="stage" override="BECode">700</com.eems.gpscsp.tbadbload.GPSCSP_TBA_DBLoad_MF>
<com.eems.gpscsp.tbadbload.GPSCSP_TBA_DBLoad_MF intServ="EEMSIIB_GPSCSP_TBA_DBLOAD" env="stage" override="ProjNumber">2</com.eems.gpscsp.tbadbload.GPSCSP_TBA_DBLoad_MF>
<com.eems.gpscsp.tbadbload.GPSCSP_TBA_DBLoad_MF intServ="EEMSIIB_GPSCSP_TBA_DBLOAD" env="stage" override="CSPELIGSchema">CSPELIG</com.eems.gpscsp.tbadbload.GPSCSP_TBA_DBLoad_MF>
<com.eems.gpscsp.tbadbload.GPSCSP_TBA_DBLoad_MF intServ="EEMSIIB_GPSCSP_TBA_DBLOAD" env="stage" override="EEMSIIB.GPSCSP_TBA_RESP_DBLOAD_IN.queueName">EEMSIIB.GPSCSP_TBA_RESP_DBLOAD_IN</com.eems.gpscsp.tbadbload.GPSCSP_TBA_DBLoad_MF>
<com.eems.gpscsp.tbadbload.GPSCSP_TBA_DBLoad_MF intServ="EEMSIIB_GPSCSP_TBA_DBLOAD" env="stage" override="Sending_Status.dataSource">E3CSP_DB</com.eems.gpscsp.tbadbload.GPSCSP_TBA_DBLoad_MF>
<com.eems.gpscsp.tbadbload.GPSCSP_TBA_DBLoad_MF intServ="EEMSIIB_GPSCSP_TBA_DBLOAD" env="stage" override="EEMSIIB.GPSCSP_ISREADYTOPROCESS_IN.queueName">EEMSIIB.GPSCSP_ISREADYTOPROCESS_IN</com.eems.gpscsp.tbadbload.GPSCSP_TBA_DBLoad_MF>
<com.eems.gpscsp.tbadbload.GPSCSP_TBA_DBLoad_MF intServ="EEMSIIB_GPSCSP_TBA_DBLOAD" env="stage" override="EEMSIIB.GPSCSP_ERRORMESSAGE_DATA.queueName">EEMSIIB.GPSCSP_ERRORMESSAGE_DATA</com.eems.gpscsp.tbadbload.GPSCSP_TBA_DBLoad_MF>

<!--ADOPT-->
<com.eems.gpscsp.tbadbload.GPSCSP_TBA_DBLoad_MF intServ="EEMSIIB_GPSCSP_TBA_DBLOAD" env="adopt" override="additionalInstances">5</com.eems.gpscsp.tbadbload.GPSCSP_TBA_DBLoad_MF>
<com.eems.gpscsp.tbadbload.GPSCSP_TBA_DBLoad_MF intServ="EEMSIIB_GPSCSP_TBA_DBLOAD" env="adopt" override="DSN">E3CSP_DB</com.eems.gpscsp.tbadbload.GPSCSP_TBA_DBLoad_MF>
<com.eems.gpscsp.tbadbload.GPSCSP_TBA_DBLoad_MF intServ="EEMSIIB_GPSCSP_TBA_DBLOAD" env="adopt" override="UDP_ApplicationName">TBA_DBLoad_APP_Sample</com.eems.gpscsp.tbadbload.GPSCSP_TBA_DBLoad_MF>
<com.eems.gpscsp.tbadbload.GPSCSP_TBA_DBLoad_MF intServ="EEMSIIB_GPSCSP_TBA_DBLOAD" env="adopt" override="brkrList">BKMBPD07_BKMBPD08</com.eems.gpscsp.tbadbload.GPSCSP_TBA_DBLoad_MF>
<com.eems.gpscsp.tbadbload.GPSCSP_TBA_DBLoad_MF intServ="EEMSIIB_GPSCSP_TBA_DBLOAD" env="adopt" override="brkrCount">2</com.eems.gpscsp.tbadbload.GPSCSP_TBA_DBLoad_MF>
<com.eems.gpscsp.tbadbload.GPSCSP_TBA_DBLoad_MF intServ="EEMSIIB_GPSCSP_TBA_DBLOAD" env="adopt" override="GlobalCacheMap">GPSCSP_Common_Map</com.eems.gpscsp.tbadbload.GPSCSP_TBA_DBLoad_MF>
<com.eems.gpscsp.tbadbload.GPSCSP_TBA_DBLoad_MF intServ="EEMSIIB_GPSCSP_TBA_DBLOAD" env="adopt" override="SchemaName">ELECELIG</com.eems.gpscsp.tbadbload.GPSCSP_TBA_DBLoad_MF>
<com.eems.gpscsp.tbadbload.GPSCSP_TBA_DBLoad_MF intServ="EEMSIIB_GPSCSP_TBA_DBLOAD" env="adopt" override="BrkConfigKey">BRK_CONFIG</com.eems.gpscsp.tbadbload.GPSCSP_TBA_DBLoad_MF>
<com.eems.gpscsp.tbadbload.GPSCSP_TBA_DBLoad_MF intServ="EEMSIIB_GPSCSP_TBA_DBLOAD" env="adopt" override="AuditQName">EEMSIIB.ADP.GPSCSP_COMMON_AUDITMESSAGE_DATA</com.eems.gpscsp.tbadbload.GPSCSP_TBA_DBLoad_MF>
<com.eems.gpscsp.tbadbload.GPSCSP_TBA_DBLoad_MF intServ="EEMSIIB_GPSCSP_TBA_DBLOAD" env="adopt" override="BECode">700</com.eems.gpscsp.tbadbload.GPSCSP_TBA_DBLoad_MF>
<com.eems.gpscsp.tbadbload.GPSCSP_TBA_DBLoad_MF intServ="EEMSIIB_GPSCSP_TBA_DBLOAD" env="adopt" override="ProjNumber">2</com.eems.gpscsp.tbadbload.GPSCSP_TBA_DBLoad_MF>
<com.eems.gpscsp.tbadbload.GPSCSP_TBA_DBLoad_MF intServ="EEMSIIB_GPSCSP_TBA_DBLOAD" env="adopt" override="CSPELIGSchema">CSPELIG</com.eems.gpscsp.tbadbload.GPSCSP_TBA_DBLoad_MF>
<com.eems.gpscsp.tbadbload.GPSCSP_TBA_DBLoad_MF intServ="EEMSIIB_GPSCSP_TBA_DBLOAD" env="adopt" override="EEMSIIB.GPSCSP_TBA_RESP_DBLOAD_IN.queueName">EEMSIIB.ADP.GPSCSP_TBA_RESP_DBLOAD_IN</com.eems.gpscsp.tbadbload.GPSCSP_TBA_DBLoad_MF>
<com.eems.gpscsp.tbadbload.GPSCSP_TBA_DBLoad_MF intServ="EEMSIIB_GPSCSP_TBA_DBLOAD" env="adopt" override="Sending_Status.dataSource">E3CSP_DB</com.eems.gpscsp.tbadbload.GPSCSP_TBA_DBLoad_MF>
<com.eems.gpscsp.tbadbload.GPSCSP_TBA_DBLoad_MF intServ="EEMSIIB_GPSCSP_TBA_DBLOAD" env="adopt" override="EEMSIIB.GPSCSP_ISREADYTOPROCESS_IN.queueName">EEMSIIB.ADP.GPSCSP_ISREADYTOPROCESS_IN</com.eems.gpscsp.tbadbload.GPSCSP_TBA_DBLoad_MF>
<com.eems.gpscsp.tbadbload.GPSCSP_TBA_DBLoad_MF intServ="EEMSIIB_GPSCSP_TBA_DBLOAD" env="adopt" override="EEMSIIB.GPSCSP_ERRORMESSAGE_DATA.queueName">EEMSIIB.ADP.GPSCSP_ERRORMESSAGE_DATA</com.eems.gpscsp.tbadbload.GPSCSP_TBA_DBLoad_MF>

<!--PROD-->
<com.eems.gpscsp.tbadbload.GPSCSP_TBA_DBLoad_MF intServ="EEMSIIB_GPSCSP_TBA_DBLOAD" env="prod" override="additionalInstances">5</com.eems.gpscsp.tbadbload.GPSCSP_TBA_DBLoad_MF>
<com.eems.gpscsp.tbadbload.GPSCSP_TBA_DBLoad_MF intServ="EEMSIIB_GPSCSP_TBA_DBLOAD" env="prod" override="DSN">E3CSP_DB</com.eems.gpscsp.tbadbload.GPSCSP_TBA_DBLoad_MF>
<com.eems.gpscsp.tbadbload.GPSCSP_TBA_DBLoad_MF intServ="EEMSIIB_GPSCSP_TBA_DBLOAD" env="prod" override="UDP_ApplicationName">TBA_DBLoad_APP_Sample</com.eems.gpscsp.tbadbload.GPSCSP_TBA_DBLoad_MF>
<com.eems.gpscsp.tbadbload.GPSCSP_TBA_DBLoad_MF intServ="EEMSIIB_GPSCSP_TBA_DBLOAD" env="prod" override="brkrList">BKMBPD11_BKMBPD12</com.eems.gpscsp.tbadbload.GPSCSP_TBA_DBLoad_MF>
<com.eems.gpscsp.tbadbload.GPSCSP_TBA_DBLoad_MF intServ="EEMSIIB_GPSCSP_TBA_DBLOAD" env="prod" override="brkrCount">2</com.eems.gpscsp.tbadbload.GPSCSP_TBA_DBLoad_MF>
<com.eems.gpscsp.tbadbload.GPSCSP_TBA_DBLoad_MF intServ="EEMSIIB_GPSCSP_TBA_DBLOAD" env="prod" override="GlobalCacheMap">GPSCSP_Common_Map</com.eems.gpscsp.tbadbload.GPSCSP_TBA_DBLoad_MF>
<com.eems.gpscsp.tbadbload.GPSCSP_TBA_DBLoad_MF intServ="EEMSIIB_GPSCSP_TBA_DBLOAD" env="prod" override="SchemaName">ELECELIG</com.eems.gpscsp.tbadbload.GPSCSP_TBA_DBLoad_MF>
<com.eems.gpscsp.tbadbload.GPSCSP_TBA_DBLoad_MF intServ="EEMSIIB_GPSCSP_TBA_DBLOAD" env="prod" override="BrkConfigKey">BRK_CONFIG</com.eems.gpscsp.tbadbload.GPSCSP_TBA_DBLoad_MF>
<com.eems.gpscsp.tbadbload.GPSCSP_TBA_DBLoad_MF intServ="EEMSIIB_GPSCSP_TBA_DBLOAD" env="prod" override="AuditQName">EEMSIIB.GPSCSP_COMMON_AUDITMESSAGE_DATA</com.eems.gpscsp.tbadbload.GPSCSP_TBA_DBLoad_MF>
<com.eems.gpscsp.tbadbload.GPSCSP_TBA_DBLoad_MF intServ="EEMSIIB_GPSCSP_TBA_DBLOAD" env="prod" override="BECode">700</com.eems.gpscsp.tbadbload.GPSCSP_TBA_DBLoad_MF>
<com.eems.gpscsp.tbadbload.GPSCSP_TBA_DBLoad_MF intServ="EEMSIIB_GPSCSP_TBA_DBLOAD" env="prod" override="ProjNumber">2</com.eems.gpscsp.tbadbload.GPSCSP_TBA_DBLoad_MF>
<com.eems.gpscsp.tbadbload.GPSCSP_TBA_DBLoad_MF intServ="EEMSIIB_GPSCSP_TBA_DBLOAD" env="prod" override="CSPELIGSchema">CSPELIG</com.eems.gpscsp.tbadbload.GPSCSP_TBA_DBLoad_MF>
<com.eems.gpscsp.tbadbload.GPSCSP_TBA_DBLoad_MF intServ="EEMSIIB_GPSCSP_TBA_DBLOAD" env="prod" override="EEMSIIB.GPSCSP_TBA_RESP_DBLOAD_IN.queueName">EEMSIIB.GPSCSP_TBA_RESP_DBLOAD_IN</com.eems.gpscsp.tbadbload.GPSCSP_TBA_DBLoad_MF>
<com.eems.gpscsp.tbadbload.GPSCSP_TBA_DBLoad_MF intServ="EEMSIIB_GPSCSP_TBA_DBLOAD" env="prod" override="Sending_Status.dataSource">E3CSP_DB</com.eems.gpscsp.tbadbload.GPSCSP_TBA_DBLoad_MF>
<com.eems.gpscsp.tbadbload.GPSCSP_TBA_DBLoad_MF intServ="EEMSIIB_GPSCSP_TBA_DBLOAD" env="prod" override="EEMSIIB.GPSCSP_ISREADYTOPROCESS_IN.queueName">EEMSIIB.GPSCSP_ISREADYTOPROCESS_IN</com.eems.gpscsp.tbadbload.GPSCSP_TBA_DBLoad_MF>
<com.eems.gpscsp.tbadbload.GPSCSP_TBA_DBLoad_MF intServ="EEMSIIB_GPSCSP_TBA_DBLOAD" env="prod" override="EEMSIIB.GPSCSP_ERRORMESSAGE_DATA.queueName">EEMSIIB.GPSCSP_ERRORMESSAGE_DATA</com.eems.gpscsp.tbadbload.GPSCSP_TBA_DBLoad_MF>

</Broker>