<?xml version="1.0" encoding="UTF-8" ?>
<Broker>
<!-- DEV -->
<com.prime.ede.PRIME_EDERequest_MF intServ="EEMSIIB_PRIME_SOURCE_WS" env="dev" override="additionalInstances">0</com.prime.ede.PRIME_EDERequest_MF>
<com.prime.ede.PRIME_EDERequest_MF intServ="EEMSIIB_PRIME_SOURCE_WS" env="dev" override="BrkConfigKey">BRK_CONFIG</com.prime.ede.PRIME_EDERequest_MF>
<com.prime.ede.PRIME_EDERequest_MF intServ="EEMSIIB_PRIME_SOURCE_WS" env="dev" override="SchemaName">ELECELIG</com.prime.ede.PRIME_EDERequest_MF>
<com.prime.ede.PRIME_EDERequest_MF intServ="EEMSIIB_PRIME_SOURCE_WS" env="dev" override="GlobalCacheMap">PRIME_Common_Map</com.prime.ede.PRIME_EDERequest_MF>
<com.prime.ede.PRIME_EDERequest_MF intServ="EEMSIIB_PRIME_SOURCE_WS" env="dev" override="RetryNoOfTimes">3</com.prime.ede.PRIME_EDERequest_MF>
<com.prime.ede.PRIME_EDERequest_MF intServ="EEMSIIB_PRIME_SOURCE_WS" env="dev" override="sleepInterval">5000</com.prime.ede.PRIME_EDERequest_MF>
<com.prime.ede.PRIME_EDERequest_MF intServ="EEMSIIB_PRIME_SOURCE_WS" env="dev" override="AuditQName">EEMSIIB.PRIME_COMMON_AUDITMESSAGE_DATA</com.prime.ede.PRIME_EDERequest_MF>
<com.prime.ede.PRIME_EDERequest_MF intServ="EEMSIIB_PRIME_SOURCE_WS" env="dev" override="BECode">800</com.prime.ede.PRIME_EDERequest_MF>
<com.prime.ede.PRIME_EDERequest_MF intServ="EEMSIIB_PRIME_SOURCE_WS" env="dev" override="ProjNumber">3</com.prime.ede.PRIME_EDERequest_MF>
<com.prime.ede.PRIME_EDERequest_MF intServ="EEMSIIB_PRIME_SOURCE_WS" env="dev" override="brkrList">BKMBT11</com.prime.ede.PRIME_EDERequest_MF>
<com.prime.ede.PRIME_EDERequest_MF intServ="EEMSIIB_PRIME_SOURCE_WS" env="dev" override="SSL_Protocol">TLSv1.2</com.prime.ede.PRIME_EDERequest_MF>
<com.prime.ede.PRIME_EDERequest_MF intServ="EEMSIIB_PRIME_SOURCE_WS" env="dev" override="webServiceURL">http://upaadwsg4.uhc.com/memberenrollmentservice/api/Enrollee</com.prime.ede.PRIME_EDERequest_MF>
<com.prime.ede.PRIME_EDERequest_MF intServ="EEMSIIB_PRIME_SOURCE_WS" env="dev" override="EDERequest_Compute.dataSource">EEMS_DB</com.prime.ede.PRIME_EDERequest_MF>
<com.prime.ede.PRIME_EDERequest_MF intServ="EEMSIIB_PRIME_SOURCE_WS" env="dev" override="EDEResponse_Compute.dataSource">EEMS_DB</com.prime.ede.PRIME_EDERequest_MF>
<com.prime.ede.PRIME_EDERequest_MF intServ="EEMSIIB_PRIME_SOURCE_WS" env="dev" override="MemberInq_ProcessException.dataSource">EEMS_DB</com.prime.ede.PRIME_EDERequest_MF>
<com.prime.ede.PRIME_EDERequest_MF intServ="EEMSIIB_PRIME_SOURCE_WS" env="dev" override="EDE Input Queue.queueName">EEMSIIB.EEMS_PRIME_GW_IIB_EDE_REQ</com.prime.ede.PRIME_EDERequest_MF>
<com.prime.ede.PRIME_EDERequest_MF intServ="EEMSIIB_PRIME_SOURCE_WS" env="dev" override="EDE Output Queue.queueName">EEMSIIB.PRIME_EDE_WS_RESP</com.prime.ede.PRIME_EDERequest_MF>
<com.prime.ede.PRIME_EDERequest_MF intServ="EEMSIIB_PRIME_SOURCE_WS" env="dev" override="EEMSIIB.PRIME_ERRORMESSAGE_DATA.queueName">EEMSIIB.PRIME_ERRORMESSAGE_DATA</com.prime.ede.PRIME_EDERequest_MF>
<com.prime.ede.PRIME_EDERequest_MF intServ="EEMSIIB_PRIME_SOURCE_WS" env="dev" override="GWOutputQueue.queueName">EEMSIIB.EEMS_PRIME_MEM_DETAIL_RESP</com.prime.ede.PRIME_EDERequest_MF>
<com.prime.ede.PRIME_EDERes_GW_MF intServ="EEMSIIB_PRIME_SOURCE_WS" env="dev" override="OutQName">EEMS.EEMSIIB_PRIME_MEM_DETAIL_RESP</com.prime.ede.PRIME_EDERes_GW_MF>
<com.prime.ede.PRIME_EDERes_GW_MF intServ="EEMSIIB_PRIME_SOURCE_WS" env="dev" override="InQName">EEMSIIB.PRIME_EDE_WS_RESP</com.prime.ede.PRIME_EDERes_GW_MF>
<com.prime.ede.PRIME_EDERes_GW_MF intServ="EEMSIIB_PRIME_SOURCE_WS" env="dev" override="EEMSIIB.PRIME_ERRORMESSAGE_DATA.queueName">EEMSIIB.PRIME_ERRORMESSAGE_DATA</com.prime.ede.PRIME_EDERes_GW_MF>
<com.prime.ede.PRIME_EDERes_GW_MF intServ="EEMSIIB_PRIME_SOURCE_WS" env="dev" override="Common_AuditInMessage_SF.queueName">EEMSIIB.PRIME_COMMON_AUDITMESSAGE_DATA</com.prime.ede.PRIME_EDERes_GW_MF>
<com.prime.ede.PRIME_EDERes_GW_MF intServ="EEMSIIB_PRIME_SOURCE_WS" env="dev" override="BrkConfigKey">BRK_CONFIG</com.prime.ede.PRIME_EDERes_GW_MF >
<com.prime.ede.PRIME_EDERes_GW_MF intServ="EEMSIIB_PRIME_SOURCE_WS" env="dev" override="GlobalCacheMap">PRIME_Common_Map</com.prime.ede.PRIME_EDERes_GW_MF >
<com.prime.ede.PRIME_EDERes_GW_MF intServ="EEMSIIB_PRIME_SOURCE_WS" env="dev" override="brkrList">BKMBT11</com.prime.ede.PRIME_EDERes_GW_MF >
<com.prime.ede.PRIME_EDERes_GW_MF intServ="EEMSIIB_PRIME_SOURCE_WS" env="dev" override="SchemaName">ELECELIG</com.prime.ede.PRIME_EDERes_GW_MF >

<!-- SIT -->
<com.prime.ede.PRIME_EDERequest_MF intServ="EEMSIIB_PRIME_SOURCE_WS" env="test" override="additionalInstances">0</com.prime.ede.PRIME_EDERequest_MF>
<com.prime.ede.PRIME_EDERequest_MF intServ="EEMSIIB_PRIME_SOURCE_WS" env="test" override="BrkConfigKey">BRK_CONFIG</com.prime.ede.PRIME_EDERequest_MF>
<com.prime.ede.PRIME_EDERequest_MF intServ="EEMSIIB_PRIME_SOURCE_WS" env="test" override="SchemaName">ELECELIG</com.prime.ede.PRIME_EDERequest_MF>
<com.prime.ede.PRIME_EDERequest_MF intServ="EEMSIIB_PRIME_SOURCE_WS" env="test" override="GlobalCacheMap">PRIME_Common_Map</com.prime.ede.PRIME_EDERequest_MF>
<com.prime.ede.PRIME_EDERequest_MF intServ="EEMSIIB_PRIME_SOURCE_WS" env="test" override="RetryNoOfTimes">3</com.prime.ede.PRIME_EDERequest_MF>
<com.prime.ede.PRIME_EDERequest_MF intServ="EEMSIIB_PRIME_SOURCE_WS" env="test" override="sleepInterval">5000</com.prime.ede.PRIME_EDERequest_MF>
<com.prime.ede.PRIME_EDERequest_MF intServ="EEMSIIB_PRIME_SOURCE_WS" env="test" override="AuditQName">EEMSIIB.PRIME_COMMON_AUDITMESSAGE_DATA</com.prime.ede.PRIME_EDERequest_MF>
<com.prime.ede.PRIME_EDERequest_MF intServ="EEMSIIB_PRIME_SOURCE_WS" env="test" override="BECode">800</com.prime.ede.PRIME_EDERequest_MF>
<com.prime.ede.PRIME_EDERequest_MF intServ="EEMSIIB_PRIME_SOURCE_WS" env="test" override="ProjNumber">3</com.prime.ede.PRIME_EDERequest_MF>
<com.prime.ede.PRIME_EDERequest_MF intServ="EEMSIIB_PRIME_SOURCE_WS" env="test" override="brkrList">BKMBS11</com.prime.ede.PRIME_EDERequest_MF>
<com.prime.ede.PRIME_EDERequest_MF intServ="EEMSIIB_PRIME_SOURCE_WS" env="test" override="SSL_Protocol">TLSv1.2</com.prime.ede.PRIME_EDERequest_MF>
<com.prime.ede.PRIME_EDERequest_MF intServ="EEMSIIB_PRIME_SOURCE_WS" env="test" override="webServiceURL">https://trustbroker-stg-svcs.optum.com:8443/api/dev4/PRI/memberenrollmentservice/enrollee</com.prime.ede.PRIME_EDERequest_MF>
<com.prime.ede.PRIME_EDERequest_MF intServ="EEMSIIB_PRIME_SOURCE_WS" env="test" override="EDERequest_Compute.dataSource">EEMS_DB</com.prime.ede.PRIME_EDERequest_MF>
<com.prime.ede.PRIME_EDERequest_MF intServ="EEMSIIB_PRIME_SOURCE_WS" env="test" override="EDEResponse_Compute.dataSource">EEMS_DB</com.prime.ede.PRIME_EDERequest_MF>
<com.prime.ede.PRIME_EDERequest_MF intServ="EEMSIIB_PRIME_SOURCE_WS" env="test" override="MemberInq_ProcessException.dataSource">EEMS_DB</com.prime.ede.PRIME_EDERequest_MF>
<com.prime.ede.PRIME_EDERequest_MF intServ="EEMSIIB_PRIME_SOURCE_WS" env="test" override="EDE Input Queue.queueName">EEMSIIB.EEMS_PRIME_GW_IIB_EDE_REQ</com.prime.ede.PRIME_EDERequest_MF>
<com.prime.ede.PRIME_EDERequest_MF intServ="EEMSIIB_PRIME_SOURCE_WS" env="test" override="EDE Output Queue.queueName">EEMSIIB.PRIME_EDE_WS_RESP</com.prime.ede.PRIME_EDERequest_MF>
<com.prime.ede.PRIME_EDERequest_MF intServ="EEMSIIB_PRIME_SOURCE_WS" env="test" override="EEMSIIB.PRIME_ERRORMESSAGE_DATA.queueName">EEMSIIB.PRIME_ERRORMESSAGE_DATA</com.prime.ede.PRIME_EDERequest_MF>
<com.prime.ede.PRIME_EDERequest_MF intServ="EEMSIIB_PRIME_SOURCE_WS" env="test" override="GWOutputQueue.queueName">EEMSIIB.EEMS_PRIME_MEM_DETAIL_RESP</com.prime.ede.PRIME_EDERequest_MF>
<com.prime.ede.PRIME_EDERes_GW_MF intServ="EEMSIIB_PRIME_SOURCE_WS" env="test" override="OutQName">EEMS.EEMSIIB_PRIME_MEM_DETAIL_RESP</com.prime.ede.PRIME_EDERes_GW_MF>
<com.prime.ede.PRIME_EDERes_GW_MF intServ="EEMSIIB_PRIME_SOURCE_WS" env="test" override="InQName">EEMSIIB.PRIME_EDE_WS_RESP</com.prime.ede.PRIME_EDERes_GW_MF>
<com.prime.ede.PRIME_EDERes_GW_MF intServ="EEMSIIB_PRIME_SOURCE_WS" env="test" override="EEMSIIB.PRIME_ERRORMESSAGE_DATA.queueName">EEMSIIB.PRIME_ERRORMESSAGE_DATA</com.prime.ede.PRIME_EDERes_GW_MF>
<com.prime.ede.PRIME_EDERes_GW_MF intServ="EEMSIIB_PRIME_SOURCE_WS" env="test" override="Common_AuditInMessage_SF.queueName">EEMSIIB.PRIME_COMMON_AUDITMESSAGE_DATA</com.prime.ede.PRIME_EDERes_GW_MF>
<com.prime.ede.PRIME_EDERes_GW_MF intServ="EEMSIIB_PRIME_SOURCE_WS" env="test" override="BrkConfigKey">BRK_CONFIG</com.prime.ede.PRIME_EDERes_GW_MF >
<com.prime.ede.PRIME_EDERes_GW_MF intServ="EEMSIIB_PRIME_SOURCE_WS" env="test" override="GlobalCacheMap">PRIME_Common_Map</com.prime.ede.PRIME_EDERes_GW_MF >
<com.prime.ede.PRIME_EDERes_GW_MF intServ="EEMSIIB_PRIME_SOURCE_WS" env="test" override="brkrList">BKMBS11</com.prime.ede.PRIME_EDERes_GW_MF >
<com.prime.ede.PRIME_EDERes_GW_MF intServ="EEMSIIB_PRIME_SOURCE_WS" env="test" override="SchemaName">ELECELIG</com.prime.ede.PRIME_EDERes_GW_MF >

<!-- SIT-Bravo -->
<com.prime.ede.PRIME_EDERequest_MF intServ="EEMSIIB_PRIME_SOURCE_WS" env="test2" override="additionalInstances">0</com.prime.ede.PRIME_EDERequest_MF>
<com.prime.ede.PRIME_EDERequest_MF intServ="EEMSIIB_PRIME_SOURCE_WS" env="test2" override="BrkConfigKey">BRK_CONFIG</com.prime.ede.PRIME_EDERequest_MF>
<com.prime.ede.PRIME_EDERequest_MF intServ="EEMSIIB_PRIME_SOURCE_WS" env="test2" override="SchemaName">ELECELIG</com.prime.ede.PRIME_EDERequest_MF>
<com.prime.ede.PRIME_EDERequest_MF intServ="EEMSIIB_PRIME_SOURCE_WS" env="test2" override="GlobalCacheMap">PRIME_Common_Map</com.prime.ede.PRIME_EDERequest_MF>
<com.prime.ede.PRIME_EDERequest_MF intServ="EEMSIIB_PRIME_SOURCE_WS" env="test2" override="RetryNoOfTimes">3</com.prime.ede.PRIME_EDERequest_MF>
<com.prime.ede.PRIME_EDERequest_MF intServ="EEMSIIB_PRIME_SOURCE_WS" env="test2" override="sleepInterval">5000</com.prime.ede.PRIME_EDERequest_MF>
<com.prime.ede.PRIME_EDERequest_MF intServ="EEMSIIB_PRIME_SOURCE_WS" env="test2" override="AuditQName">EEMSIIB.PRIME_COMMON_AUDITMESSAGE_DATA</com.prime.ede.PRIME_EDERequest_MF>
<com.prime.ede.PRIME_EDERequest_MF intServ="EEMSIIB_PRIME_SOURCE_WS" env="test2" override="BECode">800</com.prime.ede.PRIME_EDERequest_MF>
<com.prime.ede.PRIME_EDERequest_MF intServ="EEMSIIB_PRIME_SOURCE_WS" env="test2" override="ProjNumber">3</com.prime.ede.PRIME_EDERequest_MF>
<com.prime.ede.PRIME_EDERequest_MF intServ="EEMSIIB_PRIME_SOURCE_WS" env="test2" override="brkrList">BKMBS12</com.prime.ede.PRIME_EDERequest_MF>
<com.prime.ede.PRIME_EDERequest_MF intServ="EEMSIIB_PRIME_SOURCE_WS" env="test2" override="SSL_Protocol">TLSv1.2</com.prime.ede.PRIME_EDERequest_MF>
<com.prime.ede.PRIME_EDERequest_MF intServ="EEMSIIB_PRIME_SOURCE_WS" env="test2" override="webServiceURL">https://trustbroker-stg-svcs.optum.com:8443/api/dev4/PRI/memberenrollmentservice/enrollee</com.prime.ede.PRIME_EDERequest_MF>
<com.prime.ede.PRIME_EDERequest_MF intServ="EEMSIIB_PRIME_SOURCE_WS" env="test2" override="EDERequest_Compute.dataSource">EEMS_DB</com.prime.ede.PRIME_EDERequest_MF>
<com.prime.ede.PRIME_EDERequest_MF intServ="EEMSIIB_PRIME_SOURCE_WS" env="test2" override="EDEResponse_Compute.dataSource">EEMS_DB</com.prime.ede.PRIME_EDERequest_MF>
<com.prime.ede.PRIME_EDERequest_MF intServ="EEMSIIB_PRIME_SOURCE_WS" env="test2" override="MemberInq_ProcessException.dataSource">EEMS_DB</com.prime.ede.PRIME_EDERequest_MF>
<com.prime.ede.PRIME_EDERequest_MF intServ="EEMSIIB_PRIME_SOURCE_WS" env="test2" override="EDE Input Queue.queueName">EEMSIIB.EEMS_PRIME_GW_IIB_EDE_REQ</com.prime.ede.PRIME_EDERequest_MF>
<com.prime.ede.PRIME_EDERequest_MF intServ="EEMSIIB_PRIME_SOURCE_WS" env="test2" override="EDE Output Queue .queueName">EEMSIIB.PRIME_EDE_WS_RESP</com.prime.ede.PRIME_EDERequest_MF>
<com.prime.ede.PRIME_EDERequest_MF intServ="EEMSIIB_PRIME_SOURCE_WS" env="test2" override="EEMSIIB.PRIME_ERRORMESSAGE_DATA.queueName">EEMSIIB.PRIME_ERRORMESSAGE_DATA</com.prime.ede.PRIME_EDERequest_MF>
<com.prime.ede.PRIME_EDERequest_MF intServ="EEMSIIB_PRIME_SOURCE_WS" env="test2" override="GWOutputQueue.queueName">EEMSIIB.STB.EEMS_PRIME_MEM_DETAIL_RESP</com.prime.ede.PRIME_EDERequest_MF>
<com.prime.ede.PRIME_EDERes_GW_MF intServ="EEMSIIB_PRIME_SOURCE_WS" env="test2" override="OutQName">EEMSIIB.STB.EEMS_PRIME_MEM_DETAIL_RESP</com.prime.ede.PRIME_EDERes_GW_MF>
<com.prime.ede.PRIME_EDERes_GW_MF intServ="EEMSIIB_PRIME_SOURCE_WS" env="test2" override="InQName">EEMSIIB.PRIME_EDE_WS_RESP</com.prime.ede.PRIME_EDERes_GW_MF>
<com.prime.ede.PRIME_EDERes_GW_MF intServ="EEMSIIB_PRIME_SOURCE_WS" env="test2" override="EEMSIIB.PRIME_ERRORMESSAGE_DATA.queueName">EEMSIIB.PRIME_ERRORMESSAGE_DATA</com.prime.ede.PRIME_EDERes_GW_MF>
<com.prime.ede.PRIME_EDERes_GW_MF intServ="EEMSIIB_PRIME_SOURCE_WS" env="test2" override="Common_AuditInMessage_SF.queueName">EEMSIIB.PRIME_COMMON_AUDITMESSAGE_DATA</com.prime.ede.PRIME_EDERes_GW_MF>
<com.prime.ede.PRIME_EDERes_GW_MF intServ="EEMSIIB_PRIME_SOURCE_WS" env="test2" override="BrkConfigKey">BRK_CONFIG</com.prime.ede.PRIME_EDERes_GW_MF >
<com.prime.ede.PRIME_EDERes_GW_MF intServ="EEMSIIB_PRIME_SOURCE_WS" env="test2" override="GlobalCacheMap">PRIME_Common_Map</com.prime.ede.PRIME_EDERes_GW_MF >
<com.prime.ede.PRIME_EDERes_GW_MF intServ="EEMSIIB_PRIME_SOURCE_WS" env="test2" override="brkrList">BKMBS12</com.prime.ede.PRIME_EDERes_GW_MF >
<com.prime.ede.PRIME_EDERes_GW_MF intServ="EEMSIIB_PRIME_SOURCE_WS" env="test2" override="SchemaName">ELECELIG</com.prime.ede.PRIME_EDERes_GW_MF >

<!-- UAT -->
<com.prime.ede.PRIME_EDERequest_MF intServ="EEMSIIB_PRIME_SOURCE_WS" env="uat" override="additionalInstances">0</com.prime.ede.PRIME_EDERequest_MF>
<com.prime.ede.PRIME_EDERequest_MF intServ="EEMSIIB_PRIME_SOURCE_WS" env="uat" override="BrkConfigKey">BRK_CONFIG</com.prime.ede.PRIME_EDERequest_MF>
<com.prime.ede.PRIME_EDERequest_MF intServ="EEMSIIB_PRIME_SOURCE_WS" env="uat" override="SchemaName">ELECELIG</com.prime.ede.PRIME_EDERequest_MF>
<com.prime.ede.PRIME_EDERequest_MF intServ="EEMSIIB_PRIME_SOURCE_WS" env="uat" override="GlobalCacheMap">PRIME_Common_Map</com.prime.ede.PRIME_EDERequest_MF>
<com.prime.ede.PRIME_EDERequest_MF intServ="EEMSIIB_PRIME_SOURCE_WS" env="uat" override="RetryNoOfTimes">3</com.prime.ede.PRIME_EDERequest_MF>
<com.prime.ede.PRIME_EDERequest_MF intServ="EEMSIIB_PRIME_SOURCE_WS" env="uat" override="sleepInterval">5000</com.prime.ede.PRIME_EDERequest_MF>
<com.prime.ede.PRIME_EDERequest_MF intServ="EEMSIIB_PRIME_SOURCE_WS" env="uat" override="AuditQName">EEMSIIB.PRIME_COMMON_AUDITMESSAGE_DATA</com.prime.ede.PRIME_EDERequest_MF>
<com.prime.ede.PRIME_EDERequest_MF intServ="EEMSIIB_PRIME_SOURCE_WS" env="uat" override="BECode">800</com.prime.ede.PRIME_EDERequest_MF>
<com.prime.ede.PRIME_EDERequest_MF intServ="EEMSIIB_PRIME_SOURCE_WS" env="uat" override="ProjNumber">3</com.prime.ede.PRIME_EDERequest_MF>
<com.prime.ede.PRIME_EDERequest_MF intServ="EEMSIIB_PRIME_SOURCE_WS" env="uat" override="brkrList">BKMBRA11</com.prime.ede.PRIME_EDERequest_MF>
<com.prime.ede.PRIME_EDERequest_MF intServ="EEMSIIB_PRIME_SOURCE_WS" env="uat" override="SSL_Protocol">TLSv1.2</com.prime.ede.PRIME_EDERequest_MF>
<com.prime.ede.PRIME_EDERequest_MF intServ="EEMSIIB_PRIME_SOURCE_WS" env="uat" override="webServiceURL">https://trustbroker-stg-svcs.optum.com:8443/api/stage7/PRI/memberenrollmentservice/enrollee</com.prime.ede.PRIME_EDERequest_MF>
<com.prime.ede.PRIME_EDERequest_MF intServ="EEMSIIB_PRIME_SOURCE_WS" env="uat" override="EDERequest_Compute.dataSource">EEMS_DB</com.prime.ede.PRIME_EDERequest_MF>
<com.prime.ede.PRIME_EDERequest_MF intServ="EEMSIIB_PRIME_SOURCE_WS" env="uat" override="EDEResponse_Compute.dataSource">EEMS_DB</com.prime.ede.PRIME_EDERequest_MF>
<com.prime.ede.PRIME_EDERequest_MF intServ="EEMSIIB_PRIME_SOURCE_WS" env="uat" override="MemberInq_ProcessException.dataSource">EEMS_DB</com.prime.ede.PRIME_EDERequest_MF>
<com.prime.ede.PRIME_EDERequest_MF intServ="EEMSIIB_PRIME_SOURCE_WS" env="uat" override="EDE Input Queue.queueName">EEMSIIB.EEMS_PRIME_GW_IIB_EDE_REQ</com.prime.ede.PRIME_EDERequest_MF>
<com.prime.ede.PRIME_EDERequest_MF intServ="EEMSIIB_PRIME_SOURCE_WS" env="uat" override="EDE Output Queue.queueName">EEMSIIB.PRIME_EDE_WS_RESP</com.prime.ede.PRIME_EDERequest_MF>
<com.prime.ede.PRIME_EDERequest_MF intServ="EEMSIIB_PRIME_SOURCE_WS" env="uat" override="EEMSIIB.PRIME_ERRORMESSAGE_DATA.queueName">EEMSIIB.PRIME_ERRORMESSAGE_DATA</com.prime.ede.PRIME_EDERequest_MF>
<com.prime.ede.PRIME_EDERequest_MF intServ="EEMSIIB_PRIME_SOURCE_WS" env="uat" override="GWOutputQueue.queueName">EEMSIIB.EEMS_PRIME_MEM_DETAIL_RESP</com.prime.ede.PRIME_EDERequest_MF>
<com.prime.ede.PRIME_EDERes_GW_MF intServ="EEMSIIB_PRIME_SOURCE_WS" env="uat" override="OutQName">EEMSIIB.EEMS_PRIME_MEM_DETAIL_RESP</com.prime.ede.PRIME_EDERes_GW_MF>
<com.prime.ede.PRIME_EDERes_GW_MF intServ="EEMSIIB_PRIME_SOURCE_WS" env="uat" override="InQName">EEMSIIB.PRIME_EDE_WS_RESP</com.prime.ede.PRIME_EDERes_GW_MF>
<com.prime.ede.PRIME_EDERes_GW_MF intServ="EEMSIIB_PRIME_SOURCE_WS" env="uat" override="EEMSIIB.PRIME_ERRORMESSAGE_DATA.queueName">EEMSIIB.PRIME_ERRORMESSAGE_DATA</com.prime.ede.PRIME_EDERes_GW_MF>
<com.prime.ede.PRIME_EDERes_GW_MF intServ="EEMSIIB_PRIME_SOURCE_WS" env="uat" override="Common_AuditInMessage_SF.queueName">EEMSIIB.PRIME_COMMON_AUDITMESSAGE_DATA</com.prime.ede.PRIME_EDERes_GW_MF>
<com.prime.ede.PRIME_EDERes_GW_MF intServ="EEMSIIB_PRIME_SOURCE_WS" env="uat" override="BrkConfigKey">BRK_CONFIG</com.prime.ede.PRIME_EDERes_GW_MF >
<com.prime.ede.PRIME_EDERes_GW_MF intServ="EEMSIIB_PRIME_SOURCE_WS" env="uat" override="GlobalCacheMap">PRIME_Common_Map</com.prime.ede.PRIME_EDERes_GW_MF >
<com.prime.ede.PRIME_EDERes_GW_MF intServ="EEMSIIB_PRIME_SOURCE_WS" env="uat" override="brkrList">BKMBRA11</com.prime.ede.PRIME_EDERes_GW_MF >
<com.prime.ede.PRIME_EDERes_GW_MF intServ="EEMSIIB_PRIME_SOURCE_WS" env="uat" override="SchemaName">ELECELIG</com.prime.ede.PRIME_EDERes_GW_MF >

<!-- uat-bravo -->
<com.prime.ede.PRIME_EDERequest_MF intServ="EEMSIIB_PRIME_SOURCE_WS" env="uat-bravo" override="additionalInstances">0</com.prime.ede.PRIME_EDERequest_MF>
<com.prime.ede.PRIME_EDERequest_MF intServ="EEMSIIB_PRIME_SOURCE_WS" env="uat-bravo" override="BrkConfigKey">BRK_CONFIG</com.prime.ede.PRIME_EDERequest_MF>
<com.prime.ede.PRIME_EDERequest_MF intServ="EEMSIIB_PRIME_SOURCE_WS" env="uat-bravo" override="SchemaName">ELECELIG</com.prime.ede.PRIME_EDERequest_MF>
<com.prime.ede.PRIME_EDERequest_MF intServ="EEMSIIB_PRIME_SOURCE_WS" env="uat-bravo" override="GlobalCacheMap">PRIME_Common_Map</com.prime.ede.PRIME_EDERequest_MF>
<com.prime.ede.PRIME_EDERequest_MF intServ="EEMSIIB_PRIME_SOURCE_WS" env="uat-bravo" override="RetryNoOfTimes">3</com.prime.ede.PRIME_EDERequest_MF>
<com.prime.ede.PRIME_EDERequest_MF intServ="EEMSIIB_PRIME_SOURCE_WS" env="uat-bravo" override="sleepInterval">5000</com.prime.ede.PRIME_EDERequest_MF>
<com.prime.ede.PRIME_EDERequest_MF intServ="EEMSIIB_PRIME_SOURCE_WS" env="uat-bravo" override="AuditQName">EEMSIIB.PRIME_COMMON_AUDITMESSAGE_DATA</com.prime.ede.PRIME_EDERequest_MF>
<com.prime.ede.PRIME_EDERequest_MF intServ="EEMSIIB_PRIME_SOURCE_WS" env="uat-bravo" override="BECode">800</com.prime.ede.PRIME_EDERequest_MF>
<com.prime.ede.PRIME_EDERequest_MF intServ="EEMSIIB_PRIME_SOURCE_WS" env="uat-bravo" override="ProjNumber">3</com.prime.ede.PRIME_EDERequest_MF>
<com.prime.ede.PRIME_EDERequest_MF intServ="EEMSIIB_PRIME_SOURCE_WS" env="uat-bravo" override="brkrList">BKMBRB11</com.prime.ede.PRIME_EDERequest_MF>
<com.prime.ede.PRIME_EDERequest_MF intServ="EEMSIIB_PRIME_SOURCE_WS" env="uat-bravo" override="SSL_Protocol">TLSv1.2</com.prime.ede.PRIME_EDERequest_MF>
<com.prime.ede.PRIME_EDERequest_MF intServ="EEMSIIB_PRIME_SOURCE_WS" env="uat-bravo" override="webServiceURL">https://trustbroker-stg-svcs.optum.com:8443/api/testA/PRI/memberenrollmentservice/enrollee</com.prime.ede.PRIME_EDERequest_MF>
<com.prime.ede.PRIME_EDERequest_MF intServ="EEMSIIB_PRIME_SOURCE_WS" env="uat-bravo" override="EDERequest_Compute.dataSource">EEMS_DB</com.prime.ede.PRIME_EDERequest_MF>
<com.prime.ede.PRIME_EDERequest_MF intServ="EEMSIIB_PRIME_SOURCE_WS" env="uat-bravo" override="EDEResponse_Compute.dataSource">EEMS_DB</com.prime.ede.PRIME_EDERequest_MF>
<com.prime.ede.PRIME_EDERequest_MF intServ="EEMSIIB_PRIME_SOURCE_WS" env="uat-bravo" override="MemberInq_ProcessException.dataSource">EEMS_DB</com.prime.ede.PRIME_EDERequest_MF>
<com.prime.ede.PRIME_EDERequest_MF intServ="EEMSIIB_PRIME_SOURCE_WS" env="uat-bravo" override="EDE Input Queue.queueName">EEMSIIB.EEMS_PRIME_GW_IIB_EDE_REQ</com.prime.ede.PRIME_EDERequest_MF>
<com.prime.ede.PRIME_EDERequest_MF intServ="EEMSIIB_PRIME_SOURCE_WS" env="uat-bravo" override="EDE Output Queue.queueName">EEMSIIB.PRIME_EDE_WS_RESP</com.prime.ede.PRIME_EDERequest_MF>
<com.prime.ede.PRIME_EDERequest_MF intServ="EEMSIIB_PRIME_SOURCE_WS" env="uat-bravo" override="EEMSIIB.PRIME_ERRORMESSAGE_DATA.queueName">EEMSIIB.PRIME_ERRORMESSAGE_DATA</com.prime.ede.PRIME_EDERequest_MF>
<com.prime.ede.PRIME_EDERequest_MF intServ="EEMSIIB_PRIME_SOURCE_WS" env="uat-bravo" override="GWOutputQueue.queueName">EEMSIIB.EEMS_PRIME_MEM_DETAIL_RESP</com.prime.ede.PRIME_EDERequest_MF>
<com.prime.ede.PRIME_EDERes_GW_MF intServ="EEMSIIB_PRIME_SOURCE_WS" env="uat-bravo" override="OutQName">EEMS.EEMSIIB_PRIME_MEM_DETAIL_RESP</com.prime.ede.PRIME_EDERes_GW_MF>
<com.prime.ede.PRIME_EDERes_GW_MF intServ="EEMSIIB_PRIME_SOURCE_WS" env="uat-bravo" override="InQName">EEMSIIB.PRIME_EDE_WS_RESP</com.prime.ede.PRIME_EDERes_GW_MF>
<com.prime.ede.PRIME_EDERes_GW_MF intServ="EEMSIIB_PRIME_SOURCE_WS" env="uat-bravo" override="EEMSIIB.PRIME_ERRORMESSAGE_DATA.queueName">EEMSIIB.PRIME_ERRORMESSAGE_DATA</com.prime.ede.PRIME_EDERes_GW_MF>
<com.prime.ede.PRIME_EDERes_GW_MF intServ="EEMSIIB_PRIME_SOURCE_WS" env="uat-bravo" override="Common_AuditInMessage_SF.queueName">EEMSIIB.PRIME_COMMON_AUDITMESSAGE_DATA</com.prime.ede.PRIME_EDERes_GW_MF>
<com.prime.ede.PRIME_EDERes_GW_MF intServ="EEMSIIB_PRIME_SOURCE_WS" env="uat-bravo" override="BrkConfigKey">BRK_CONFIG</com.prime.ede.PRIME_EDERes_GW_MF >
<com.prime.ede.PRIME_EDERes_GW_MF intServ="EEMSIIB_PRIME_SOURCE_WS" env="uat-bravo" override="GlobalCacheMap">PRIME_Common_Map</com.prime.ede.PRIME_EDERes_GW_MF >
<com.prime.ede.PRIME_EDERes_GW_MF intServ="EEMSIIB_PRIME_SOURCE_WS" env="uat-bravo" override="brkrList">BKMBRB11</com.prime.ede.PRIME_EDERes_GW_MF >
<com.prime.ede.PRIME_EDERes_GW_MF intServ="EEMSIIB_PRIME_SOURCE_WS" env="uat-bravo" override="SchemaName">ELECELIG</com.prime.ede.PRIME_EDERes_GW_MF >

<!-- STAGE -->
<com.prime.ede.PRIME_EDERequest_MF intServ="EEMSIIB_PRIME_APPS" env="stage" override="additionalInstances">0</com.prime.ede.PRIME_EDERequest_MF>
<com.prime.ede.PRIME_EDERequest_MF intServ="EEMSIIB_PRIME_APPS" env="stage" override="BrkConfigKey">BRK_CONFIG</com.prime.ede.PRIME_EDERequest_MF>
<com.prime.ede.PRIME_EDERequest_MF intServ="EEMSIIB_PRIME_APPS" env="stage" override="SchemaName">ELECELIG</com.prime.ede.PRIME_EDERequest_MF>
<com.prime.ede.PRIME_EDERequest_MF intServ="EEMSIIB_PRIME_APPS" env="stage" override="GlobalCacheMap">PRIME_Common_Map</com.prime.ede.PRIME_EDERequest_MF>
<com.prime.ede.PRIME_EDERequest_MF intServ="EEMSIIB_PRIME_APPS" env="stage" override="RetryNoOfTimes">3</com.prime.ede.PRIME_EDERequest_MF>
<com.prime.ede.PRIME_EDERequest_MF intServ="EEMSIIB_PRIME_APPS" env="stage" override="sleepInterval">5000</com.prime.ede.PRIME_EDERequest_MF>
<com.prime.ede.PRIME_EDERequest_MF intServ="EEMSIIB_PRIME_APPS" env="stage" override="AuditQName">EEMSIIB.PRIME_COMMON_AUDITMESSAGE_DATA</com.prime.ede.PRIME_EDERequest_MF>
<com.prime.ede.PRIME_EDERequest_MF intServ="EEMSIIB_PRIME_APPS" env="stage" override="BECode">800</com.prime.ede.PRIME_EDERequest_MF>
<com.prime.ede.PRIME_EDERequest_MF intServ="EEMSIIB_PRIME_APPS" env="stage" override="ProjNumber">3</com.prime.ede.PRIME_EDERequest_MF>
<com.prime.ede.PRIME_EDERequest_MF intServ="EEMSIIB_PRIME_APPS" env="stage" override="brkrList">BKMBRM11_BKMBRM12_BKMBRM13</com.prime.ede.PRIME_EDERequest_MF>
<com.prime.ede.PRIME_EDERequest_MF intServ="EEMSIIB_PRIME_APPS" env="stage" override="SSL_Protocol">TLSv1.2</com.prime.ede.PRIME_EDERequest_MF>
<com.prime.ede.PRIME_EDERequest_MF intServ="EEMSIIB_PRIME_APPS" env="stage" override="webServiceURL">https://trustbroker-stg-svcs.optum.com:8443/api/stageC/PRI/memberenrollmentservice/enrollee</com.prime.ede.PRIME_EDERequest_MF>
<com.prime.ede.PRIME_EDERequest_MF intServ="EEMSIIB_PRIME_APPS" env="stage" override="EDERequest_Compute.dataSource">EEMS_DB</com.prime.ede.PRIME_EDERequest_MF>
<com.prime.ede.PRIME_EDERequest_MF intServ="EEMSIIB_PRIME_APPS" env="stage" override="EDEResponse_Compute.dataSource">EEMS_DB</com.prime.ede.PRIME_EDERequest_MF>
<com.prime.ede.PRIME_EDERequest_MF intServ="EEMSIIB_PRIME_APPS" env="stage" override="MemberInq_ProcessException.dataSource">EEMS_DB</com.prime.ede.PRIME_EDERequest_MF>
<com.prime.ede.PRIME_EDERequest_MF intServ="EEMSIIB_PRIME_APPS" env="stage" override="EDE Input Queue.queueName">EEMSIIB.EEMS_PRIME_GW_IIB_EDE_REQ</com.prime.ede.PRIME_EDERequest_MF>
<com.prime.ede.PRIME_EDERequest_MF intServ="EEMSIIB_PRIME_APPS" env="stage" override="EDE Output Queue .queueName">EEMSIIB.PRIME_EDE_WS_RESP</com.prime.ede.PRIME_EDERequest_MF>
<com.prime.ede.PRIME_EDERequest_MF intServ="EEMSIIB_PRIME_APPS" env="stage" override="EEMSIIB.PRIME_ERRORMESSAGE_DATA.queueName">EEMSIIB.PRIME_ERRORMESSAGE_DATA</com.prime.ede.PRIME_EDERequest_MF>
<com.prime.ede.PRIME_EDERequest_MF intServ="EEMSIIB_PRIME_APPS" env="stage" override="GWOutputQueue.queueName">EEMSIIB.EEMS_PRIME_MEM_DETAIL_RESP</com.prime.ede.PRIME_EDERequest_MF>
<com.prime.ede.PRIME_EDERes_GW_MF intServ="EEMSIIB_PRIME_APPS" env="stage" override="OutQName">EEMSIIB.EEMS_PRIME_MEM_DETAIL_RESP</com.prime.ede.PRIME_EDERes_GW_MF>
<com.prime.ede.PRIME_EDERes_GW_MF intServ="EEMSIIB_PRIME_APPS" env="stage" override="InQName">EEMSIIB.PRIME_EDE_WS_RESP</com.prime.ede.PRIME_EDERes_GW_MF>
<com.prime.ede.PRIME_EDERes_GW_MF intServ="EEMSIIB_PRIME_APPS" env="stage" override="EEMSIIB.PRIME_ERRORMESSAGE_DATA.queueName">EEMSIIB.PRIME_ERRORMESSAGE_DATA</com.prime.ede.PRIME_EDERes_GW_MF>
<com.prime.ede.PRIME_EDERes_GW_MF intServ="EEMSIIB_PRIME_APPS" env="stage" override="Common_AuditInMessage_SF.queueName">EEMSIIB.PRIME_COMMON_AUDITMESSAGE_DATA</com.prime.ede.PRIME_EDERes_GW_MF>
<com.prime.ede.PRIME_EDERes_GW_MF intServ="EEMSIIB_PRIME_APPS" env="stage" override="BrkConfigKey">BRK_CONFIG</com.prime.ede.PRIME_EDERes_GW_MF >
<com.prime.ede.PRIME_EDERes_GW_MF intServ="EEMSIIB_PRIME_APPS" env="stage" override="GlobalCacheMap">PRIME_Common_Map</com.prime.ede.PRIME_EDERes_GW_MF >
<com.prime.ede.PRIME_EDERes_GW_MF intServ="EEMSIIB_PRIME_APPS" env="stage" override="brkrList">BKMBRM11_BKMBRM12_BKMBRM13</com.prime.ede.PRIME_EDERes_GW_MF >
<com.prime.ede.PRIME_EDERes_GW_MF intServ="EEMSIIB_PRIME_APPS" env="stage" override="SchemaName">ELECELIG</com.prime.ede.PRIME_EDERes_GW_MF >

<!-- ADOPT -->
<com.prime.ede.PRIME_EDERequest_MF intServ="EEMSIIB_PRIME_APPS" env="adopt" override="additionalInstances">0</com.prime.ede.PRIME_EDERequest_MF>
<com.prime.ede.PRIME_EDERequest_MF intServ="EEMSIIB_PRIME_APPS" env="adopt" override="BrkConfigKey">BRK_CONFIG</com.prime.ede.PRIME_EDERequest_MF>
<com.prime.ede.PRIME_EDERequest_MF intServ="EEMSIIB_PRIME_APPS" env="adopt" override="SchemaName">ELECELIG</com.prime.ede.PRIME_EDERequest_MF>
<com.prime.ede.PRIME_EDERequest_MF intServ="EEMSIIB_PRIME_APPS" env="adopt" override="GlobalCacheMap">PRIME_Common_Map</com.prime.ede.PRIME_EDERequest_MF>
<com.prime.ede.PRIME_EDERequest_MF intServ="EEMSIIB_PRIME_APPS" env="adopt" override="RetryNoOfTimes">3</com.prime.ede.PRIME_EDERequest_MF>
<com.prime.ede.PRIME_EDERequest_MF intServ="EEMSIIB_PRIME_APPS" env="adopt" override="sleepInterval">5000</com.prime.ede.PRIME_EDERequest_MF>
<com.prime.ede.PRIME_EDERequest_MF intServ="EEMSIIB_PRIME_APPS" env="adopt" override="AuditQName">EEMSIIB.ADP.PRIME_COMMON_AUDITMESSAGE_DATA</com.prime.ede.PRIME_EDERequest_MF>
<com.prime.ede.PRIME_EDERequest_MF intServ="EEMSIIB_PRIME_APPS" env="adopt" override="BECode">800</com.prime.ede.PRIME_EDERequest_MF>
<com.prime.ede.PRIME_EDERequest_MF intServ="EEMSIIB_PRIME_APPS" env="adopt" override="ProjNumber">3</com.prime.ede.PRIME_EDERequest_MF>
<com.prime.ede.PRIME_EDERequest_MF intServ="EEMSIIB_PRIME_APPS" env="adopt" override="brkrList">BKMBPD07_BKMBPD08</com.prime.ede.PRIME_EDERequest_MF>
<com.prime.ede.PRIME_EDERequest_MF intServ="EEMSIIB_PRIME_APPS" env="adopt" override="SSL_Protocol">TLSv1.2</com.prime.ede.PRIME_EDERequest_MF>
<com.prime.ede.PRIME_EDERequest_MF intServ="EEMSIIB_PRIME_APPS" env="adopt" override="webServiceURL">https://trustbroker-stg-svcs.optum.com:8443/api/test6/PRI/memberenrollmentservice/enrollee</com.prime.ede.PRIME_EDERequest_MF>
<com.prime.ede.PRIME_EDERequest_MF intServ="EEMSIIB_PRIME_APPS" env="adopt" override="EDERequest_Compute.dataSource">EEMS_DB</com.prime.ede.PRIME_EDERequest_MF>
<com.prime.ede.PRIME_EDERequest_MF intServ="EEMSIIB_PRIME_APPS" env="adopt" override="EDEResponse_Compute.dataSource">EEMS_DB</com.prime.ede.PRIME_EDERequest_MF>
<com.prime.ede.PRIME_EDERequest_MF intServ="EEMSIIB_PRIME_APPS" env="adopt" override="MemberInq_ProcessException.dataSource">EEMS_DB</com.prime.ede.PRIME_EDERequest_MF>
<com.prime.ede.PRIME_EDERequest_MF intServ="EEMSIIB_PRIME_APPS" env="adopt" override="EDE Input Queue.queueName">EEMSIIB.ADP.EEMS_PRIME_GW_IIB_EDE_REQ</com.prime.ede.PRIME_EDERequest_MF>
<com.prime.ede.PRIME_EDERequest_MF intServ="EEMSIIB_PRIME_APPS" env="adopt" override="EDE Output Queue .queueName">EEMSIIB.ADP.PRIME_EDE_WS_RESP</com.prime.ede.PRIME_EDERequest_MF>
<com.prime.ede.PRIME_EDERequest_MF intServ="EEMSIIB_PRIME_APPS" env="adopt" override="EEMSIIB.PRIME_ERRORMESSAGE_DATA.queueName">EEMSIIB.ADP.PRIME_ERRORMESSAGE_DATA</com.prime.ede.PRIME_EDERequest_MF>
<com.prime.ede.PRIME_EDERequest_MF intServ="EEMSIIB_PRIME_APPS" env="adopt" override="GWOutputQueue.queueName">EEMSIIB.ADP.EEMS_PRIME_MEM_DETAIL_RESP</com.prime.ede.PRIME_EDERequest_MF>
<com.prime.ede.PRIME_EDERes_GW_MF intServ="EEMSIIB_PRIME_APPS" env="adopt" override="OutQName">EEMSIIB.ADP.EEMS_PRIME_MEM_DETAIL_RESP</com.prime.ede.PRIME_EDERes_GW_MF>
<com.prime.ede.PRIME_EDERes_GW_MF intServ="EEMSIIB_PRIME_APPS" env="adopt" override="InQName">EEMSIIB.ADP.PRIME_EDE_WS_RESP</com.prime.ede.PRIME_EDERes_GW_MF>
<com.prime.ede.PRIME_EDERes_GW_MF intServ="EEMSIIB_PRIME_APPS" env="adopt" override="EEMSIIB.PRIME_ERRORMESSAGE_DATA.queueName">EEMSIIB.ADP.PRIME_ERRORMESSAGE_DATA</com.prime.ede.PRIME_EDERes_GW_MF>
<com.prime.ede.PRIME_EDERes_GW_MF intServ="EEMSIIB_PRIME_APPS" env="adopt" override="Common_AuditInMessage_SF.queueName">EEMSIIB.ADP.PRIME_COMMON_AUDITMESSAGE_DATA</com.prime.ede.PRIME_EDERes_GW_MF>
<com.prime.ede.PRIME_EDERes_GW_MF intServ="EEMSIIB_PRIME_APPS" env="adopt" override="BrkConfigKey">BRK_CONFIG</com.prime.ede.PRIME_EDERes_GW_MF >
<com.prime.ede.PRIME_EDERes_GW_MF intServ="EEMSIIB_PRIME_APPS" env="adopt" override="GlobalCacheMap">PRIME_Common_Map</com.prime.ede.PRIME_EDERes_GW_MF >
<com.prime.ede.PRIME_EDERes_GW_MF intServ="EEMSIIB_PRIME_APPS" env="adopt" override="brkrList">BKMBPD07_BKMBPD08</com.prime.ede.PRIME_EDERes_GW_MF >
<com.prime.ede.PRIME_EDERes_GW_MF intServ="EEMSIIB_PRIME_APPS" env="adopt" override="SchemaName">ELECELIG</com.prime.ede.PRIME_EDERes_GW_MF >

<!-- PROD -->
<com.prime.ede.PRIME_EDERequest_MF intServ="EEMSIIB_PRIME_APPS" env="prod" override="additionalInstances">0</com.prime.ede.PRIME_EDERequest_MF>
<com.prime.ede.PRIME_EDERequest_MF intServ="EEMSIIB_PRIME_APPS" env="prod" override="BrkConfigKey">BRK_CONFIG</com.prime.ede.PRIME_EDERequest_MF>
<com.prime.ede.PRIME_EDERequest_MF intServ="EEMSIIB_PRIME_APPS" env="prod" override="SchemaName">ELECELIG</com.prime.ede.PRIME_EDERequest_MF>
<com.prime.ede.PRIME_EDERequest_MF intServ="EEMSIIB_PRIME_APPS" env="prod" override="GlobalCacheMap">PRIME_Common_Map</com.prime.ede.PRIME_EDERequest_MF>
<com.prime.ede.PRIME_EDERequest_MF intServ="EEMSIIB_PRIME_APPS" env="prod" override="RetryNoOfTimes">3</com.prime.ede.PRIME_EDERequest_MF>
<com.prime.ede.PRIME_EDERequest_MF intServ="EEMSIIB_PRIME_APPS" env="prod" override="sleepInterval">5000</com.prime.ede.PRIME_EDERequest_MF>
<com.prime.ede.PRIME_EDERequest_MF intServ="EEMSIIB_PRIME_APPS" env="prod" override="AuditQName">EEMSIIB.PRIME_COMMON_AUDITMESSAGE_DATA</com.prime.ede.PRIME_EDERequest_MF>
<com.prime.ede.PRIME_EDERequest_MF intServ="EEMSIIB_PRIME_APPS" env="prod" override="BECode">800</com.prime.ede.PRIME_EDERequest_MF>
<com.prime.ede.PRIME_EDERequest_MF intServ="EEMSIIB_PRIME_APPS" env="prod" override="ProjNumber">3</com.prime.ede.PRIME_EDERequest_MF>
<com.prime.ede.PRIME_EDERequest_MF intServ="EEMSIIB_PRIME_APPS" env="prod" override="brkrList">BKMBPD15_BKMBPD16_BKMBPD30_BKMBPD31</com.prime.ede.PRIME_EDERequest_MF>
<com.prime.ede.PRIME_EDERequest_MF intServ="EEMSIIB_PRIME_APPS" env="prod" override="SSL_Protocol">TLSv1.2</com.prime.ede.PRIME_EDERequest_MF>
<com.prime.ede.PRIME_EDERequest_MF intServ="EEMSIIB_PRIME_APPS" env="prod" override="webServiceURL">https://trustbroker-svcs.optum.com:8443/api/PRI/memberenrollmentservice/enrollee</com.prime.ede.PRIME_EDERequest_MF>
<com.prime.ede.PRIME_EDERequest_MF intServ="EEMSIIB_PRIME_APPS" env="prod" override="EDERequest_Compute.dataSource">EEMS_DB</com.prime.ede.PRIME_EDERequest_MF>
<com.prime.ede.PRIME_EDERequest_MF intServ="EEMSIIB_PRIME_APPS" env="prod" override="EDEResponse_Compute.dataSource">EEMS_DB</com.prime.ede.PRIME_EDERequest_MF>
<com.prime.ede.PRIME_EDERequest_MF intServ="EEMSIIB_PRIME_APPS" env="prod" override="MemberInq_ProcessException.dataSource">EEMS_DB</com.prime.ede.PRIME_EDERequest_MF>
<com.prime.ede.PRIME_EDERequest_MF intServ="EEMSIIB_PRIME_APPS" env="prod" override="EDE Input Queue.queueName">EEMSIIB.EEMS_PRIME_GW_IIB_EDE_REQ</com.prime.ede.PRIME_EDERequest_MF>
<com.prime.ede.PRIME_EDERequest_MF intServ="EEMSIIB_PRIME_APPS" env="prod" override="EDE Output Queue .queueName">EEMSIIB.PRIME_EDE_WS_RESP</com.prime.ede.PRIME_EDERequest_MF>
<com.prime.ede.PRIME_EDERequest_MF intServ="EEMSIIB_PRIME_APPS" env="prod" override="EEMSIIB.PRIME_ERRORMESSAGE_DATA.queueName">EEMSIIB.PRIME_ERRORMESSAGE_DATA</com.prime.ede.PRIME_EDERequest_MF>
<com.prime.ede.PRIME_EDERequest_MF intServ="EEMSIIB_PRIME_APPS" env="prod" override="GWOutputQueue.queueName">EEMSIIB.EEMS_PRIME_MEM_DETAIL_RESP</com.prime.ede.PRIME_EDERequest_MF>
<com.prime.ede.PRIME_EDERes_GW_MF intServ="EEMSIIB_PRIME_APPS" env="prod" override="OutQName">EEMSIIB.EEMS_PRIME_MEM_DETAIL_RESP</com.prime.ede.PRIME_EDERes_GW_MF>
<com.prime.ede.PRIME_EDERes_GW_MF intServ="EEMSIIB_PRIME_APPS" env="prod" override="InQName">EEMSIIB.PRIME_EDE_WS_RESP</com.prime.ede.PRIME_EDERes_GW_MF>
<com.prime.ede.PRIME_EDERes_GW_MF intServ="EEMSIIB_PRIME_APPS" env="prod" override="EEMSIIB.PRIME_ERRORMESSAGE_DATA.queueName">EEMSIIB.PRIME_ERRORMESSAGE_DATA</com.prime.ede.PRIME_EDERes_GW_MF>
<com.prime.ede.PRIME_EDERes_GW_MF intServ="EEMSIIB_PRIME_APPS" env="prod" override="Common_AuditInMessage_SF.queueName">EEMSIIB.PRIME_COMMON_AUDITMESSAGE_DATA</com.prime.ede.PRIME_EDERes_GW_MF>
<com.prime.ede.PRIME_EDERes_GW_MF intServ="EEMSIIB_PRIME_APPS" env="prod" override="BrkConfigKey">BRK_CONFIG</com.prime.ede.PRIME_EDERes_GW_MF >
<com.prime.ede.PRIME_EDERes_GW_MF intServ="EEMSIIB_PRIME_APPS" env="prod" override="GlobalCacheMap">PRIME_Common_Map</com.prime.ede.PRIME_EDERes_GW_MF >
<com.prime.ede.PRIME_EDERes_GW_MF intServ="EEMSIIB_PRIME_APPS" env="prod" override="brkrList">BKMBPD15_BKMBPD16_BKMBPD30_BKMBPD31</com.prime.ede.PRIME_EDERes_GW_MF >
<com.prime.ede.PRIME_EDERes_GW_MF intServ="EEMSIIB_PRIME_APPS" env="prod" override="SchemaName">ELECELIG</com.prime.ede.PRIME_EDERes_GW_MF >

</Broker>
