<?xml version="1.0" encoding="UTF-8" ?> 
<Broker>
<!--DEV-->
<com.eems.gpscsp.sourcedbloader.GPSCSP_SP_DBLoad_MF intServ="EEMSIIB_GPSCSP_SOURCEDBLOAD" env="dev" override="additionalInstances">45</com.eems.gpscsp.sourcedbloader.GPSCSP_SP_DBLoad_MF>
<com.eems.gpscsp.sourcedbloader.GPSCSP_SP_DBLoad_MF intServ="EEMSIIB_GPSCSP_SOURCEDBLOAD" env="dev" override="DSN">E3CSP_DB</com.eems.gpscsp.sourcedbloader.GPSCSP_SP_DBLoad_MF>
<com.eems.gpscsp.sourcedbloader.GPSCSP_SP_DBLoad_MF intServ="EEMSIIB_GPSCSP_SOURCEDBLOAD" env="dev" override="sSchema">CSPSOURCE</com.eems.gpscsp.sourcedbloader.GPSCSP_SP_DBLoad_MF>
<com.eems.gpscsp.sourcedbloader.GPSCSP_SP_DBLoad_MF intServ="EEMSIIB_GPSCSP_SOURCEDBLOAD" env="dev" override="cmnMapName">GPSCSP_Common_Map</com.eems.gpscsp.sourcedbloader.GPSCSP_SP_DBLoad_MF>
<com.eems.gpscsp.sourcedbloader.GPSCSP_SP_DBLoad_MF intServ="EEMSIIB_GPSCSP_SOURCEDBLOAD" env="dev" override="srcMapName">GPSCSP_Source_Map</com.eems.gpscsp.sourcedbloader.GPSCSP_SP_DBLoad_MF>
<com.eems.gpscsp.sourcedbloader.GPSCSP_SP_DBLoad_MF intServ="EEMSIIB_GPSCSP_SOURCEDBLOAD" env="dev" override="payload">TRUE</com.eems.gpscsp.sourcedbloader.GPSCSP_SP_DBLoad_MF>
<com.eems.gpscsp.sourcedbloader.GPSCSP_SP_DBLoad_MF intServ="EEMSIIB_GPSCSP_SOURCEDBLOAD" env="dev" override="dbRetryLimit">3</com.eems.gpscsp.sourcedbloader.GPSCSP_SP_DBLoad_MF>
<com.eems.gpscsp.sourcedbloader.GPSCSP_SP_DBLoad_MF intServ="EEMSIIB_GPSCSP_SOURCEDBLOAD" env="dev" override="INPUT">EEMSIIB.GPSCSP_SOURCE_DBLOAD_IN</com.eems.gpscsp.sourcedbloader.GPSCSP_SP_DBLoad_MF>
<com.eems.gpscsp.sourcedbloader.GPSCSP_SP_DBLoad_MF intServ="EEMSIIB_GPSCSP_SOURCEDBLOAD" env="dev" override="ISREADY">EEMSIIB.GPSCSP_ISREADYTOPROCESS_IN</com.eems.gpscsp.sourcedbloader.GPSCSP_SP_DBLoad_MF>
<com.eems.gpscsp.sourcedbloader.GPSCSP_SP_DBLoad_MF intServ="EEMSIIB_GPSCSP_SOURCEDBLOAD" env="dev" override="brkrList">BKMBT11</com.eems.gpscsp.sourcedbloader.GPSCSP_SP_DBLoad_MF>
<com.eems.gpscsp.sourcedbloader.GPSCSP_SP_DBLoad_MF intServ="EEMSIIB_GPSCSP_SOURCEDBLOAD" env="dev" override="brkrCount">1</com.eems.gpscsp.sourcedbloader.GPSCSP_SP_DBLoad_MF>
<com.eems.gpscsp.sourcedbloader.GPSCSP_SP_DBLoad_MF intServ="EEMSIIB_GPSCSP_SOURCEDBLOAD" env="dev" override="BrkConfigKey">BRK_CONFIG</com.eems.gpscsp.sourcedbloader.GPSCSP_SP_DBLoad_MF>
<com.eems.gpscsp.sourcedbloader.GPSCSP_SP_DBLoad_MF intServ="EEMSIIB_GPSCSP_SOURCEDBLOAD" env="dev" override="varGCMapName">GPSCSP_Common_Map</com.eems.gpscsp.sourcedbloader.GPSCSP_SP_DBLoad_MF>
<com.eems.gpscsp.sourcedbloader.GPSCSP_SP_DBLoad_MF intServ="EEMSIIB_GPSCSP_SOURCEDBLOAD" env="dev" override="ApplicationName">GPSCSP_SP_DBLoad_APP</com.eems.gpscsp.sourcedbloader.GPSCSP_SP_DBLoad_MF>
<com.eems.gpscsp.sourcedbloader.GPSCSP_SP_DBLoad_MF intServ="EEMSIIB_GPSCSP_SOURCEDBLOAD" env="dev" override="EEMSIIB.GPSCSP_INBOUND_DBLOAD.componentLevel">node</com.eems.gpscsp.sourcedbloader.GPSCSP_SP_DBLoad_MF>
<com.eems.gpscsp.sourcedbloader.GPSCSP_SP_DBLoad_MF intServ="EEMSIIB_GPSCSP_SOURCEDBLOAD" env="dev" override="EEMSIIB.GPSCSP_INBOUND_DBLOAD.additionalInstances">45</com.eems.gpscsp.sourcedbloader.GPSCSP_SP_DBLoad_MF>
<com.eems.gpscsp.sourcedbloader.GPSCSP_SP_DBLoad_MF intServ="EEMSIIB_GPSCSP_SOURCEDBLOAD" env="dev" override="AuditQName">EEMSIIB.GPSCSP_COMMON_AUDITMESSAGE_DATA</com.eems.gpscsp.sourcedbloader.GPSCSP_SP_DBLoad_MF>
<com.eems.gpscsp.sourcedbloader.GPSCSP_SP_DBLoad_MF intServ="EEMSIIB_GPSCSP_SOURCEDBLOAD" env="dev" override="BECode">700</com.eems.gpscsp.sourcedbloader.GPSCSP_SP_DBLoad_MF>
<com.eems.gpscsp.sourcedbloader.GPSCSP_SP_DBLoad_MF intServ="EEMSIIB_GPSCSP_SOURCEDBLOAD" env="dev" override="ProjNumber">2</com.eems.gpscsp.sourcedbloader.GPSCSP_SP_DBLoad_MF>
<com.eems.gpscsp.sourcedbloader.GPSCSP_SP_DBLoad_MF intServ="EEMSIIB_GPSCSP_SOURCEDBLOAD" env="dev" override="EEMSIIB.GPSCSP_PROC_FL_STS_EVENT_IN.queueName">EEMSIIB.GPSCSP_PROC_FL_STS_EVENT_IN</com.eems.gpscsp.sourcedbloader.GPSCSP_SP_DBLoad_MF>
<com.eems.gpscsp.sourcedbloader.GPSCSP_SP_DBLoad_MF intServ="EEMSIIB_GPSCSP_SOURCEDBLOAD" env="dev" override="DBLoad_ProcessException.dataSource">E3CSP_DB</com.eems.gpscsp.sourcedbloader.GPSCSP_SP_DBLoad_MF>
<com.eems.gpscsp.sourcedbloader.GPSCSP_SP_DBLoad_MF intServ="EEMSIIB_GPSCSP_SOURCEDBLOAD" env="dev" override="EEMSIIB.GPSCSP_ERRORMESSAGE_DATA.queueName">EEMSIIB.GPSCSP_ERRORMESSAGE_DATA</com.eems.gpscsp.sourcedbloader.GPSCSP_SP_DBLoad_MF>
<com.eems.gpscsp.sourcedbloader.GPSCSP_SP_DBLoad_MF intServ="EEMSIIB_GPSCSP_SOURCEDBLOAD" env="dev" override="sleepTime">1000</com.eems.gpscsp.sourcedbloader.GPSCSP_SP_DBLoad_MF>
<com.eems.gpscsp.sourcedbloader.GPSCSP_SP_DBLoad_MF intServ="EEMSIIB_GPSCSP_SOURCEDBLOAD" env="dev" override="BATCH_FAIL_MODE">FALSE</com.eems.gpscsp.sourcedbloader.GPSCSP_SP_DBLoad_MF>

<!--SIT-->
<com.eems.gpscsp.sourcedbloader.GPSCSP_SP_DBLoad_MF intServ="EEMSIIB_GPSCSP_SOURCEDBLOAD" env="test" override="additionalInstances">45</com.eems.gpscsp.sourcedbloader.GPSCSP_SP_DBLoad_MF>
<com.eems.gpscsp.sourcedbloader.GPSCSP_SP_DBLoad_MF intServ="EEMSIIB_GPSCSP_SOURCEDBLOAD" env="test" override="DSN">E3CSP_DB</com.eems.gpscsp.sourcedbloader.GPSCSP_SP_DBLoad_MF>
<com.eems.gpscsp.sourcedbloader.GPSCSP_SP_DBLoad_MF intServ="EEMSIIB_GPSCSP_SOURCEDBLOAD" env="test" override="sSchema">CSPSOURCE</com.eems.gpscsp.sourcedbloader.GPSCSP_SP_DBLoad_MF>
<com.eems.gpscsp.sourcedbloader.GPSCSP_SP_DBLoad_MF intServ="EEMSIIB_GPSCSP_SOURCEDBLOAD" env="test" override="cmnMapName">GPSCSP_Common_Map</com.eems.gpscsp.sourcedbloader.GPSCSP_SP_DBLoad_MF>
<com.eems.gpscsp.sourcedbloader.GPSCSP_SP_DBLoad_MF intServ="EEMSIIB_GPSCSP_SOURCEDBLOAD" env="test" override="srcMapName">GPSCSP_Source_Map</com.eems.gpscsp.sourcedbloader.GPSCSP_SP_DBLoad_MF>
<com.eems.gpscsp.sourcedbloader.GPSCSP_SP_DBLoad_MF intServ="EEMSIIB_GPSCSP_SOURCEDBLOAD" env="test" override="payload">TRUE</com.eems.gpscsp.sourcedbloader.GPSCSP_SP_DBLoad_MF>
<com.eems.gpscsp.sourcedbloader.GPSCSP_SP_DBLoad_MF intServ="EEMSIIB_GPSCSP_SOURCEDBLOAD" env="test" override="dbRetryLimit">3</com.eems.gpscsp.sourcedbloader.GPSCSP_SP_DBLoad_MF>
<com.eems.gpscsp.sourcedbloader.GPSCSP_SP_DBLoad_MF intServ="EEMSIIB_GPSCSP_SOURCEDBLOAD" env="test" override="INPUT">EEMSIIB.GPSCSP_SOURCE_DBLOAD_IN</com.eems.gpscsp.sourcedbloader.GPSCSP_SP_DBLoad_MF>
<com.eems.gpscsp.sourcedbloader.GPSCSP_SP_DBLoad_MF intServ="EEMSIIB_GPSCSP_SOURCEDBLOAD" env="test" override="ISREADY">EEMSIIB.GPSCSP_ISREADYTOPROCESS_IN</com.eems.gpscsp.sourcedbloader.GPSCSP_SP_DBLoad_MF>
<com.eems.gpscsp.sourcedbloader.GPSCSP_SP_DBLoad_MF intServ="EEMSIIB_GPSCSP_SOURCEDBLOAD" env="test" override="brkrList">BKMBS11</com.eems.gpscsp.sourcedbloader.GPSCSP_SP_DBLoad_MF>
<com.eems.gpscsp.sourcedbloader.GPSCSP_SP_DBLoad_MF intServ="EEMSIIB_GPSCSP_SOURCEDBLOAD" env="test" override="brkrCount">1</com.eems.gpscsp.sourcedbloader.GPSCSP_SP_DBLoad_MF>
<com.eems.gpscsp.sourcedbloader.GPSCSP_SP_DBLoad_MF intServ="EEMSIIB_GPSCSP_SOURCEDBLOAD" env="test" override="BrkConfigKey">BRK_CONFIG</com.eems.gpscsp.sourcedbloader.GPSCSP_SP_DBLoad_MF>
<com.eems.gpscsp.sourcedbloader.GPSCSP_SP_DBLoad_MF intServ="EEMSIIB_GPSCSP_SOURCEDBLOAD" env="test" override="varGCMapName">GPSCSP_Common_Map</com.eems.gpscsp.sourcedbloader.GPSCSP_SP_DBLoad_MF>
<com.eems.gpscsp.sourcedbloader.GPSCSP_SP_DBLoad_MF intServ="EEMSIIB_GPSCSP_SOURCEDBLOAD" env="test" override="ApplicationName">GPSCSP_SP_DBLoad_APP</com.eems.gpscsp.sourcedbloader.GPSCSP_SP_DBLoad_MF>
<com.eems.gpscsp.sourcedbloader.GPSCSP_SP_DBLoad_MF intServ="EEMSIIB_GPSCSP_SOURCEDBLOAD" env="test" override="EEMSIIB.GPSCSP_INBOUND_DBLOAD.componentLevel">node</com.eems.gpscsp.sourcedbloader.GPSCSP_SP_DBLoad_MF>
<com.eems.gpscsp.sourcedbloader.GPSCSP_SP_DBLoad_MF intServ="EEMSIIB_GPSCSP_SOURCEDBLOAD" env="test" override="EEMSIIB.GPSCSP_INBOUND_DBLOAD.additionalInstances">45</com.eems.gpscsp.sourcedbloader.GPSCSP_SP_DBLoad_MF>
<com.eems.gpscsp.sourcedbloader.GPSCSP_SP_DBLoad_MF intServ="EEMSIIB_GPSCSP_SOURCEDBLOAD" env="test" override="AuditQName">EEMSIIB.GPSCSP_COMMON_AUDITMESSAGE_DATA</com.eems.gpscsp.sourcedbloader.GPSCSP_SP_DBLoad_MF>
<com.eems.gpscsp.sourcedbloader.GPSCSP_SP_DBLoad_MF intServ="EEMSIIB_GPSCSP_SOURCEDBLOAD" env="test" override="BECode">700</com.eems.gpscsp.sourcedbloader.GPSCSP_SP_DBLoad_MF>
<com.eems.gpscsp.sourcedbloader.GPSCSP_SP_DBLoad_MF intServ="EEMSIIB_GPSCSP_SOURCEDBLOAD" env="test" override="ProjNumber">2</com.eems.gpscsp.sourcedbloader.GPSCSP_SP_DBLoad_MF>
<com.eems.gpscsp.sourcedbloader.GPSCSP_SP_DBLoad_MF intServ="EEMSIIB_GPSCSP_SOURCEDBLOAD" env="test" override="EEMSIIB.GPSCSP_PROC_FL_STS_EVENT_IN.queueName">EEMSIIB.GPSCSP_PROC_FL_STS_EVENT_IN</com.eems.gpscsp.sourcedbloader.GPSCSP_SP_DBLoad_MF>
<com.eems.gpscsp.sourcedbloader.GPSCSP_SP_DBLoad_MF intServ="EEMSIIB_GPSCSP_SOURCEDBLOAD" env="test" override="DBLoad_ProcessException.dataSource">E3CSP_DB</com.eems.gpscsp.sourcedbloader.GPSCSP_SP_DBLoad_MF>
<com.eems.gpscsp.sourcedbloader.GPSCSP_SP_DBLoad_MF intServ="EEMSIIB_GPSCSP_SOURCEDBLOAD" env="test" override="EEMSIIB.GPSCSP_ERRORMESSAGE_DATA.queueName">EEMSIIB.GPSCSP_ERRORMESSAGE_DATA</com.eems.gpscsp.sourcedbloader.GPSCSP_SP_DBLoad_MF>
<com.eems.gpscsp.sourcedbloader.GPSCSP_SP_DBLoad_MF intServ="EEMSIIB_GPSCSP_SOURCEDBLOAD" env="test" override="sleepTime">1000</com.eems.gpscsp.sourcedbloader.GPSCSP_SP_DBLoad_MF>
<com.eems.gpscsp.sourcedbloader.GPSCSP_SP_DBLoad_MF intServ="EEMSIIB_GPSCSP_SOURCEDBLOAD" env="test" override="BATCH_FAIL_MODE">FALSE</com.eems.gpscsp.sourcedbloader.GPSCSP_SP_DBLoad_MF>

<!--SIT Bravo-->
<com.eems.gpscsp.sourcedbloader.GPSCSP_SP_DBLoad_MF intServ="EEMSIIB_GPSCSP_SOURCEDBLOAD" env="test2" override="additionalInstances">45</com.eems.gpscsp.sourcedbloader.GPSCSP_SP_DBLoad_MF>
<com.eems.gpscsp.sourcedbloader.GPSCSP_SP_DBLoad_MF intServ="EEMSIIB_GPSCSP_SOURCEDBLOAD" env="test2" override="DSN">E3CSP_DB</com.eems.gpscsp.sourcedbloader.GPSCSP_SP_DBLoad_MF>
<com.eems.gpscsp.sourcedbloader.GPSCSP_SP_DBLoad_MF intServ="EEMSIIB_GPSCSP_SOURCEDBLOAD" env="test2" override="sSchema">CSPSOURCE</com.eems.gpscsp.sourcedbloader.GPSCSP_SP_DBLoad_MF>
<com.eems.gpscsp.sourcedbloader.GPSCSP_SP_DBLoad_MF intServ="EEMSIIB_GPSCSP_SOURCEDBLOAD" env="test2" override="cmnMapName">GPSCSP_Common_Map</com.eems.gpscsp.sourcedbloader.GPSCSP_SP_DBLoad_MF>
<com.eems.gpscsp.sourcedbloader.GPSCSP_SP_DBLoad_MF intServ="EEMSIIB_GPSCSP_SOURCEDBLOAD" env="test2" override="srcMapName">GPSCSP_Source_Map</com.eems.gpscsp.sourcedbloader.GPSCSP_SP_DBLoad_MF>
<com.eems.gpscsp.sourcedbloader.GPSCSP_SP_DBLoad_MF intServ="EEMSIIB_GPSCSP_SOURCEDBLOAD" env="test2" override="payload">TRUE</com.eems.gpscsp.sourcedbloader.GPSCSP_SP_DBLoad_MF>
<com.eems.gpscsp.sourcedbloader.GPSCSP_SP_DBLoad_MF intServ="EEMSIIB_GPSCSP_SOURCEDBLOAD" env="test2" override="dbRetryLimit">3</com.eems.gpscsp.sourcedbloader.GPSCSP_SP_DBLoad_MF>
<com.eems.gpscsp.sourcedbloader.GPSCSP_SP_DBLoad_MF intServ="EEMSIIB_GPSCSP_SOURCEDBLOAD" env="test2" override="INPUT">EEMSIIB.GPSCSP_SOURCE_DBLOAD_IN</com.eems.gpscsp.sourcedbloader.GPSCSP_SP_DBLoad_MF>
<com.eems.gpscsp.sourcedbloader.GPSCSP_SP_DBLoad_MF intServ="EEMSIIB_GPSCSP_SOURCEDBLOAD" env="test2" override="ISREADY">EEMSIIB.GPSCSP_ISREADYTOPROCESS_IN</com.eems.gpscsp.sourcedbloader.GPSCSP_SP_DBLoad_MF>
<com.eems.gpscsp.sourcedbloader.GPSCSP_SP_DBLoad_MF intServ="EEMSIIB_GPSCSP_SOURCEDBLOAD" env="test2" override="brkrList">BKMBS12</com.eems.gpscsp.sourcedbloader.GPSCSP_SP_DBLoad_MF>
<com.eems.gpscsp.sourcedbloader.GPSCSP_SP_DBLoad_MF intServ="EEMSIIB_GPSCSP_SOURCEDBLOAD" env="test2" override="brkrCount">1</com.eems.gpscsp.sourcedbloader.GPSCSP_SP_DBLoad_MF>
<com.eems.gpscsp.sourcedbloader.GPSCSP_SP_DBLoad_MF intServ="EEMSIIB_GPSCSP_SOURCEDBLOAD" env="test2" override="BrkConfigKey">BRK_CONFIG</com.eems.gpscsp.sourcedbloader.GPSCSP_SP_DBLoad_MF>
<com.eems.gpscsp.sourcedbloader.GPSCSP_SP_DBLoad_MF intServ="EEMSIIB_GPSCSP_SOURCEDBLOAD" env="test2" override="varGCMapName">GPSCSP_Common_Map</com.eems.gpscsp.sourcedbloader.GPSCSP_SP_DBLoad_MF>
<com.eems.gpscsp.sourcedbloader.GPSCSP_SP_DBLoad_MF intServ="EEMSIIB_GPSCSP_SOURCEDBLOAD" env="test2" override="ApplicationName">GPSCSP_SP_DBLoad_APP</com.eems.gpscsp.sourcedbloader.GPSCSP_SP_DBLoad_MF>
<com.eems.gpscsp.sourcedbloader.GPSCSP_SP_DBLoad_MF intServ="EEMSIIB_GPSCSP_SOURCEDBLOAD" env="test2" override="EEMSIIB.GPSCSP_INBOUND_DBLOAD.componentLevel">node</com.eems.gpscsp.sourcedbloader.GPSCSP_SP_DBLoad_MF>
<com.eems.gpscsp.sourcedbloader.GPSCSP_SP_DBLoad_MF intServ="EEMSIIB_GPSCSP_SOURCEDBLOAD" env="test2" override="EEMSIIB.GPSCSP_INBOUND_DBLOAD.additionalInstances">45</com.eems.gpscsp.sourcedbloader.GPSCSP_SP_DBLoad_MF>
<com.eems.gpscsp.sourcedbloader.GPSCSP_SP_DBLoad_MF intServ="EEMSIIB_GPSCSP_SOURCEDBLOAD" env="test2" override="AuditQName">EEMSIIB.GPSCSP_COMMON_AUDITMESSAGE_DATA</com.eems.gpscsp.sourcedbloader.GPSCSP_SP_DBLoad_MF>
<com.eems.gpscsp.sourcedbloader.GPSCSP_SP_DBLoad_MF intServ="EEMSIIB_GPSCSP_SOURCEDBLOAD" env="test2" override="BECode">700</com.eems.gpscsp.sourcedbloader.GPSCSP_SP_DBLoad_MF>
<com.eems.gpscsp.sourcedbloader.GPSCSP_SP_DBLoad_MF intServ="EEMSIIB_GPSCSP_SOURCEDBLOAD" env="test2" override="ProjNumber">2</com.eems.gpscsp.sourcedbloader.GPSCSP_SP_DBLoad_MF>
<com.eems.gpscsp.sourcedbloader.GPSCSP_SP_DBLoad_MF intServ="EEMSIIB_GPSCSP_SOURCEDBLOAD" env="test2" override="EEMSIIB.GPSCSP_PROC_FL_STS_EVENT_IN.queueName">EEMSIIB.GPSCSP_PROC_FL_STS_EVENT_IN</com.eems.gpscsp.sourcedbloader.GPSCSP_SP_DBLoad_MF>
<com.eems.gpscsp.sourcedbloader.GPSCSP_SP_DBLoad_MF intServ="EEMSIIB_GPSCSP_SOURCEDBLOAD" env="test2" override="DBLoad_ProcessException.dataSource">E3CSP_DB</com.eems.gpscsp.sourcedbloader.GPSCSP_SP_DBLoad_MF>
<com.eems.gpscsp.sourcedbloader.GPSCSP_SP_DBLoad_MF intServ="EEMSIIB_GPSCSP_SOURCEDBLOAD" env="test2" override="EEMSIIB.GPSCSP_ERRORMESSAGE_DATA.queueName">EEMSIIB.GPSCSP_ERRORMESSAGE_DATA</com.eems.gpscsp.sourcedbloader.GPSCSP_SP_DBLoad_MF>



<!--SIT Charlie-->
<com.eems.gpscsp.sourcedbloader.GPSCSP_SP_DBLoad_MF intServ="EEMSIIB_GPSCSP_SOURCEDBLOAD" env="test-charlie" override="additionalInstances">45</com.eems.gpscsp.sourcedbloader.GPSCSP_SP_DBLoad_MF>
<com.eems.gpscsp.sourcedbloader.GPSCSP_SP_DBLoad_MF intServ="EEMSIIB_GPSCSP_SOURCEDBLOAD" env="test-charlie" override="DSN">E3CSP_DB</com.eems.gpscsp.sourcedbloader.GPSCSP_SP_DBLoad_MF>
<com.eems.gpscsp.sourcedbloader.GPSCSP_SP_DBLoad_MF intServ="EEMSIIB_GPSCSP_SOURCEDBLOAD" env="test-charlie" override="sSchema">CSPSOURCE</com.eems.gpscsp.sourcedbloader.GPSCSP_SP_DBLoad_MF>
<com.eems.gpscsp.sourcedbloader.GPSCSP_SP_DBLoad_MF intServ="EEMSIIB_GPSCSP_SOURCEDBLOAD" env="test-charlie" override="cmnMapName">GPSCSP_Common_Map</com.eems.gpscsp.sourcedbloader.GPSCSP_SP_DBLoad_MF>
<com.eems.gpscsp.sourcedbloader.GPSCSP_SP_DBLoad_MF intServ="EEMSIIB_GPSCSP_SOURCEDBLOAD" env="test-charlie" override="srcMapName">GPSCSP_Source_Map</com.eems.gpscsp.sourcedbloader.GPSCSP_SP_DBLoad_MF>
<com.eems.gpscsp.sourcedbloader.GPSCSP_SP_DBLoad_MF intServ="EEMSIIB_GPSCSP_SOURCEDBLOAD" env="test-charlie" override="payload">TRUE</com.eems.gpscsp.sourcedbloader.GPSCSP_SP_DBLoad_MF>
<com.eems.gpscsp.sourcedbloader.GPSCSP_SP_DBLoad_MF intServ="EEMSIIB_GPSCSP_SOURCEDBLOAD" env="test-charlie" override="dbRetryLimit">3</com.eems.gpscsp.sourcedbloader.GPSCSP_SP_DBLoad_MF>
<com.eems.gpscsp.sourcedbloader.GPSCSP_SP_DBLoad_MF intServ="EEMSIIB_GPSCSP_SOURCEDBLOAD" env="test-charlie" override="INPUT">EEMSIIB.GPSCSP_SOURCE_DBLOAD_IN</com.eems.gpscsp.sourcedbloader.GPSCSP_SP_DBLoad_MF>
<com.eems.gpscsp.sourcedbloader.GPSCSP_SP_DBLoad_MF intServ="EEMSIIB_GPSCSP_SOURCEDBLOAD" env="test-charlie" override="ISREADY">EEMSIIB.GPSCSP_ISREADYTOPROCESS_IN</com.eems.gpscsp.sourcedbloader.GPSCSP_SP_DBLoad_MF>
<com.eems.gpscsp.sourcedbloader.GPSCSP_SP_DBLoad_MF intServ="EEMSIIB_GPSCSP_SOURCEDBLOAD" env="test-charlie" override="brkrList">BKMBRC11</com.eems.gpscsp.sourcedbloader.GPSCSP_SP_DBLoad_MF>
<com.eems.gpscsp.sourcedbloader.GPSCSP_SP_DBLoad_MF intServ="EEMSIIB_GPSCSP_SOURCEDBLOAD" env="test-charlie" override="brkrCount">1</com.eems.gpscsp.sourcedbloader.GPSCSP_SP_DBLoad_MF>
<com.eems.gpscsp.sourcedbloader.GPSCSP_SP_DBLoad_MF intServ="EEMSIIB_GPSCSP_SOURCEDBLOAD" env="test-charlie" override="BrkConfigKey">BRK_CONFIG</com.eems.gpscsp.sourcedbloader.GPSCSP_SP_DBLoad_MF>
<com.eems.gpscsp.sourcedbloader.GPSCSP_SP_DBLoad_MF intServ="EEMSIIB_GPSCSP_SOURCEDBLOAD" env="test-charlie" override="varGCMapName">GPSCSP_Common_Map</com.eems.gpscsp.sourcedbloader.GPSCSP_SP_DBLoad_MF>
<com.eems.gpscsp.sourcedbloader.GPSCSP_SP_DBLoad_MF intServ="EEMSIIB_GPSCSP_SOURCEDBLOAD" env="test-charlie" override="ApplicationName">GPSCSP_SP_DBLoad_APP</com.eems.gpscsp.sourcedbloader.GPSCSP_SP_DBLoad_MF>
<com.eems.gpscsp.sourcedbloader.GPSCSP_SP_DBLoad_MF intServ="EEMSIIB_GPSCSP_SOURCEDBLOAD" env="test-charlie" override="EEMSIIB.GPSCSP_INBOUND_DBLOAD.componentLevel">node</com.eems.gpscsp.sourcedbloader.GPSCSP_SP_DBLoad_MF>
<com.eems.gpscsp.sourcedbloader.GPSCSP_SP_DBLoad_MF intServ="EEMSIIB_GPSCSP_SOURCEDBLOAD" env="test-charlie" override="EEMSIIB.GPSCSP_INBOUND_DBLOAD.additionalInstances">45</com.eems.gpscsp.sourcedbloader.GPSCSP_SP_DBLoad_MF>
<com.eems.gpscsp.sourcedbloader.GPSCSP_SP_DBLoad_MF intServ="EEMSIIB_GPSCSP_SOURCEDBLOAD" env="test-charlie" override="AuditQName">EEMSIIB.GPSCSP_COMMON_AUDITMESSAGE_DATA</com.eems.gpscsp.sourcedbloader.GPSCSP_SP_DBLoad_MF>
<com.eems.gpscsp.sourcedbloader.GPSCSP_SP_DBLoad_MF intServ="EEMSIIB_GPSCSP_SOURCEDBLOAD" env="test-charlie" override="BECode">700</com.eems.gpscsp.sourcedbloader.GPSCSP_SP_DBLoad_MF>
<com.eems.gpscsp.sourcedbloader.GPSCSP_SP_DBLoad_MF intServ="EEMSIIB_GPSCSP_SOURCEDBLOAD" env="test-charlie" override="ProjNumber">2</com.eems.gpscsp.sourcedbloader.GPSCSP_SP_DBLoad_MF>
<com.eems.gpscsp.sourcedbloader.GPSCSP_SP_DBLoad_MF intServ="EEMSIIB_GPSCSP_SOURCEDBLOAD" env="test-charlie" override="EEMSIIB.GPSCSP_PROC_FL_STS_EVENT_IN.queueName">EEMSIIB.GPSCSP_PROC_FL_STS_EVENT_IN</com.eems.gpscsp.sourcedbloader.GPSCSP_SP_DBLoad_MF>
<com.eems.gpscsp.sourcedbloader.GPSCSP_SP_DBLoad_MF intServ="EEMSIIB_GPSCSP_SOURCEDBLOAD" env="test-charlie" override="DBLoad_ProcessException.dataSource">E3CSP_DB</com.eems.gpscsp.sourcedbloader.GPSCSP_SP_DBLoad_MF>
<com.eems.gpscsp.sourcedbloader.GPSCSP_SP_DBLoad_MF intServ="EEMSIIB_GPSCSP_SOURCEDBLOAD" env="test-charlie" override="EEMSIIB.GPSCSP_ERRORMESSAGE_DATA.queueName">EEMSIIB.GPSCSP_ERRORMESSAGE_DATA</com.eems.gpscsp.sourcedbloader.GPSCSP_SP_DBLoad_MF>

<!--UAT-->
<com.eems.gpscsp.sourcedbloader.GPSCSP_SP_DBLoad_MF intServ="EEMSIIB_GPSCSP_SOURCEDBLOAD" env="uat" override="additionalInstances">45</com.eems.gpscsp.sourcedbloader.GPSCSP_SP_DBLoad_MF>
<com.eems.gpscsp.sourcedbloader.GPSCSP_SP_DBLoad_MF intServ="EEMSIIB_GPSCSP_SOURCEDBLOAD" env="uat" override="DSN">E3CSP_DB</com.eems.gpscsp.sourcedbloader.GPSCSP_SP_DBLoad_MF>
<com.eems.gpscsp.sourcedbloader.GPSCSP_SP_DBLoad_MF intServ="EEMSIIB_GPSCSP_SOURCEDBLOAD" env="uat" override="sSchema">CSPSOURCE</com.eems.gpscsp.sourcedbloader.GPSCSP_SP_DBLoad_MF>
<com.eems.gpscsp.sourcedbloader.GPSCSP_SP_DBLoad_MF intServ="EEMSIIB_GPSCSP_SOURCEDBLOAD" env="uat" override="cmnMapName">GPSCSP_Common_Map</com.eems.gpscsp.sourcedbloader.GPSCSP_SP_DBLoad_MF>
<com.eems.gpscsp.sourcedbloader.GPSCSP_SP_DBLoad_MF intServ="EEMSIIB_GPSCSP_SOURCEDBLOAD" env="uat" override="srcMapName">GPSCSP_Source_Map</com.eems.gpscsp.sourcedbloader.GPSCSP_SP_DBLoad_MF>
<com.eems.gpscsp.sourcedbloader.GPSCSP_SP_DBLoad_MF intServ="EEMSIIB_GPSCSP_SOURCEDBLOAD" env="uat" override="payload">TRUE</com.eems.gpscsp.sourcedbloader.GPSCSP_SP_DBLoad_MF>
<com.eems.gpscsp.sourcedbloader.GPSCSP_SP_DBLoad_MF intServ="EEMSIIB_GPSCSP_SOURCEDBLOAD" env="uat" override="dbRetryLimit">3</com.eems.gpscsp.sourcedbloader.GPSCSP_SP_DBLoad_MF>
<com.eems.gpscsp.sourcedbloader.GPSCSP_SP_DBLoad_MF intServ="EEMSIIB_GPSCSP_SOURCEDBLOAD" env="uat" override="INPUT">EEMSIIB.GPSCSP_SOURCE_DBLOAD_IN</com.eems.gpscsp.sourcedbloader.GPSCSP_SP_DBLoad_MF>
<com.eems.gpscsp.sourcedbloader.GPSCSP_SP_DBLoad_MF intServ="EEMSIIB_GPSCSP_SOURCEDBLOAD" env="uat" override="ISREADY">EEMSIIB.GPSCSP_ISREADYTOPROCESS_IN</com.eems.gpscsp.sourcedbloader.GPSCSP_SP_DBLoad_MF>
<com.eems.gpscsp.sourcedbloader.GPSCSP_SP_DBLoad_MF intServ="EEMSIIB_GPSCSP_SOURCEDBLOAD" env="uat" override="brkrList">BKMBRA11</com.eems.gpscsp.sourcedbloader.GPSCSP_SP_DBLoad_MF>
<com.eems.gpscsp.sourcedbloader.GPSCSP_SP_DBLoad_MF intServ="EEMSIIB_GPSCSP_SOURCEDBLOAD" env="uat" override="brkrCount">1</com.eems.gpscsp.sourcedbloader.GPSCSP_SP_DBLoad_MF>
<com.eems.gpscsp.sourcedbloader.GPSCSP_SP_DBLoad_MF intServ="EEMSIIB_GPSCSP_SOURCEDBLOAD" env="uat" override="BrkConfigKey">BRK_CONFIG</com.eems.gpscsp.sourcedbloader.GPSCSP_SP_DBLoad_MF>
<com.eems.gpscsp.sourcedbloader.GPSCSP_SP_DBLoad_MF intServ="EEMSIIB_GPSCSP_SOURCEDBLOAD" env="uat" override="varGCMapName">GPSCSP_Common_Map</com.eems.gpscsp.sourcedbloader.GPSCSP_SP_DBLoad_MF>
<com.eems.gpscsp.sourcedbloader.GPSCSP_SP_DBLoad_MF intServ="EEMSIIB_GPSCSP_SOURCEDBLOAD" env="uat" override="ApplicationName">GPSCSP_SP_DBLoad_APP</com.eems.gpscsp.sourcedbloader.GPSCSP_SP_DBLoad_MF>
<com.eems.gpscsp.sourcedbloader.GPSCSP_SP_DBLoad_MF intServ="EEMSIIB_GPSCSP_SOURCEDBLOAD" env="uat" override="EEMSIIB.GPSCSP_INBOUND_DBLOAD.componentLevel">node</com.eems.gpscsp.sourcedbloader.GPSCSP_SP_DBLoad_MF>
<com.eems.gpscsp.sourcedbloader.GPSCSP_SP_DBLoad_MF intServ="EEMSIIB_GPSCSP_SOURCEDBLOAD" env="uat" override="EEMSIIB.GPSCSP_INBOUND_DBLOAD.additionalInstances">45</com.eems.gpscsp.sourcedbloader.GPSCSP_SP_DBLoad_MF>
<com.eems.gpscsp.sourcedbloader.GPSCSP_SP_DBLoad_MF intServ="EEMSIIB_GPSCSP_SOURCEDBLOAD" env="uat" override="AuditQName">EEMSIIB.GPSCSP_COMMON_AUDITMESSAGE_DATA</com.eems.gpscsp.sourcedbloader.GPSCSP_SP_DBLoad_MF>
<com.eems.gpscsp.sourcedbloader.GPSCSP_SP_DBLoad_MF intServ="EEMSIIB_GPSCSP_SOURCEDBLOAD" env="uat" override="BECode">700</com.eems.gpscsp.sourcedbloader.GPSCSP_SP_DBLoad_MF>
<com.eems.gpscsp.sourcedbloader.GPSCSP_SP_DBLoad_MF intServ="EEMSIIB_GPSCSP_SOURCEDBLOAD" env="uat" override="ProjNumber">2</com.eems.gpscsp.sourcedbloader.GPSCSP_SP_DBLoad_MF>
<com.eems.gpscsp.sourcedbloader.GPSCSP_SP_DBLoad_MF intServ="EEMSIIB_GPSCSP_SOURCEDBLOAD" env="uat" override="EEMSIIB.GPSCSP_PROC_FL_STS_EVENT_IN.queueName">EEMSIIB.GPSCSP_PROC_FL_STS_EVENT_IN</com.eems.gpscsp.sourcedbloader.GPSCSP_SP_DBLoad_MF>
<com.eems.gpscsp.sourcedbloader.GPSCSP_SP_DBLoad_MF intServ="EEMSIIB_GPSCSP_SOURCEDBLOAD" env="uat" override="DBLoad_ProcessException.dataSource">E3CSP_DB</com.eems.gpscsp.sourcedbloader.GPSCSP_SP_DBLoad_MF>
<com.eems.gpscsp.sourcedbloader.GPSCSP_SP_DBLoad_MF intServ="EEMSIIB_GPSCSP_SOURCEDBLOAD" env="uat" override="EEMSIIB.GPSCSP_ERRORMESSAGE_DATA.queueName">EEMSIIB.GPSCSP_ERRORMESSAGE_DATA</com.eems.gpscsp.sourcedbloader.GPSCSP_SP_DBLoad_MF>
<com.eems.gpscsp.sourcedbloader.GPSCSP_SP_DBLoad_MF intServ="EEMSIIB_GPSCSP_SOURCEDBLOAD" env="uat" override="sleepTime">1000</com.eems.gpscsp.sourcedbloader.GPSCSP_SP_DBLoad_MF>
<com.eems.gpscsp.sourcedbloader.GPSCSP_SP_DBLoad_MF intServ="EEMSIIB_GPSCSP_SOURCEDBLOAD" env="uat" override="BATCH_FAIL_MODE">FALSE</com.eems.gpscsp.sourcedbloader.GPSCSP_SP_DBLoad_MF>

<!--UAT Bravo-->
<com.eems.gpscsp.sourcedbloader.GPSCSP_SP_DBLoad_MF intServ="EEMSIIB_GPSCSP_SOURCEDBLOAD" env="uat-bravo" override="additionalInstances">45</com.eems.gpscsp.sourcedbloader.GPSCSP_SP_DBLoad_MF>
<com.eems.gpscsp.sourcedbloader.GPSCSP_SP_DBLoad_MF intServ="EEMSIIB_GPSCSP_SOURCEDBLOAD" env="uat-bravo" override="DSN">E3CSP_DB</com.eems.gpscsp.sourcedbloader.GPSCSP_SP_DBLoad_MF>
<com.eems.gpscsp.sourcedbloader.GPSCSP_SP_DBLoad_MF intServ="EEMSIIB_GPSCSP_SOURCEDBLOAD" env="uat-bravo" override="sSchema">CSPSOURCE</com.eems.gpscsp.sourcedbloader.GPSCSP_SP_DBLoad_MF>
<com.eems.gpscsp.sourcedbloader.GPSCSP_SP_DBLoad_MF intServ="EEMSIIB_GPSCSP_SOURCEDBLOAD" env="uat-bravo" override="cmnMapName">GPSCSP_Common_Map</com.eems.gpscsp.sourcedbloader.GPSCSP_SP_DBLoad_MF>
<com.eems.gpscsp.sourcedbloader.GPSCSP_SP_DBLoad_MF intServ="EEMSIIB_GPSCSP_SOURCEDBLOAD" env="uat-bravo" override="srcMapName">GPSCSP_Source_Map</com.eems.gpscsp.sourcedbloader.GPSCSP_SP_DBLoad_MF>
<com.eems.gpscsp.sourcedbloader.GPSCSP_SP_DBLoad_MF intServ="EEMSIIB_GPSCSP_SOURCEDBLOAD" env="uat-bravo" override="payload">TRUE</com.eems.gpscsp.sourcedbloader.GPSCSP_SP_DBLoad_MF>
<com.eems.gpscsp.sourcedbloader.GPSCSP_SP_DBLoad_MF intServ="EEMSIIB_GPSCSP_SOURCEDBLOAD" env="uat-bravo" override="dbRetryLimit">3</com.eems.gpscsp.sourcedbloader.GPSCSP_SP_DBLoad_MF>
<com.eems.gpscsp.sourcedbloader.GPSCSP_SP_DBLoad_MF intServ="EEMSIIB_GPSCSP_SOURCEDBLOAD" env="uat-bravo" override="INPUT">EEMSIIB.GPSCSP_SOURCE_DBLOAD_IN</com.eems.gpscsp.sourcedbloader.GPSCSP_SP_DBLoad_MF>
<com.eems.gpscsp.sourcedbloader.GPSCSP_SP_DBLoad_MF intServ="EEMSIIB_GPSCSP_SOURCEDBLOAD" env="uat-bravo" override="ISREADY">EEMSIIB.GPSCSP_ISREADYTOPROCESS_IN</com.eems.gpscsp.sourcedbloader.GPSCSP_SP_DBLoad_MF>
<com.eems.gpscsp.sourcedbloader.GPSCSP_SP_DBLoad_MF intServ="EEMSIIB_GPSCSP_SOURCEDBLOAD" env="uat-bravo" override="brkrList">BKMBRB11</com.eems.gpscsp.sourcedbloader.GPSCSP_SP_DBLoad_MF>
<com.eems.gpscsp.sourcedbloader.GPSCSP_SP_DBLoad_MF intServ="EEMSIIB_GPSCSP_SOURCEDBLOAD" env="uat-bravo" override="brkrCount">1</com.eems.gpscsp.sourcedbloader.GPSCSP_SP_DBLoad_MF>
<com.eems.gpscsp.sourcedbloader.GPSCSP_SP_DBLoad_MF intServ="EEMSIIB_GPSCSP_SOURCEDBLOAD" env="uat-bravo" override="BrkConfigKey">BRK_CONFIG</com.eems.gpscsp.sourcedbloader.GPSCSP_SP_DBLoad_MF>
<com.eems.gpscsp.sourcedbloader.GPSCSP_SP_DBLoad_MF intServ="EEMSIIB_GPSCSP_SOURCEDBLOAD" env="uat-bravo" override="varGCMapName">GPSCSP_Common_Map</com.eems.gpscsp.sourcedbloader.GPSCSP_SP_DBLoad_MF>
<com.eems.gpscsp.sourcedbloader.GPSCSP_SP_DBLoad_MF intServ="EEMSIIB_GPSCSP_SOURCEDBLOAD" env="uat-bravo" override="ApplicationName">GPSCSP_SP_DBLoad_APP</com.eems.gpscsp.sourcedbloader.GPSCSP_SP_DBLoad_MF>
<com.eems.gpscsp.sourcedbloader.GPSCSP_SP_DBLoad_MF intServ="EEMSIIB_GPSCSP_SOURCEDBLOAD" env="uat-bravo" override="EEMSIIB.GPSCSP_INBOUND_DBLOAD.componentLevel">node</com.eems.gpscsp.sourcedbloader.GPSCSP_SP_DBLoad_MF>
<com.eems.gpscsp.sourcedbloader.GPSCSP_SP_DBLoad_MF intServ="EEMSIIB_GPSCSP_SOURCEDBLOAD" env="uat-bravo" override="EEMSIIB.GPSCSP_INBOUND_DBLOAD.additionalInstances">45</com.eems.gpscsp.sourcedbloader.GPSCSP_SP_DBLoad_MF>
<com.eems.gpscsp.sourcedbloader.GPSCSP_SP_DBLoad_MF intServ="EEMSIIB_GPSCSP_SOURCEDBLOAD" env="uat-bravo" override="AuditQName">EEMSIIB.GPSCSP_COMMON_AUDITMESSAGE_DATA</com.eems.gpscsp.sourcedbloader.GPSCSP_SP_DBLoad_MF>
<com.eems.gpscsp.sourcedbloader.GPSCSP_SP_DBLoad_MF intServ="EEMSIIB_GPSCSP_SOURCEDBLOAD" env="uat-bravo" override="BECode">700</com.eems.gpscsp.sourcedbloader.GPSCSP_SP_DBLoad_MF>
<com.eems.gpscsp.sourcedbloader.GPSCSP_SP_DBLoad_MF intServ="EEMSIIB_GPSCSP_SOURCEDBLOAD" env="uat-bravo" override="ProjNumber">2</com.eems.gpscsp.sourcedbloader.GPSCSP_SP_DBLoad_MF>
<com.eems.gpscsp.sourcedbloader.GPSCSP_SP_DBLoad_MF intServ="EEMSIIB_GPSCSP_SOURCEDBLOAD" env="uat-bravo" override="EEMSIIB.GPSCSP_PROC_FL_STS_EVENT_IN.queueName">EEMSIIB.GPSCSP_PROC_FL_STS_EVENT_IN</com.eems.gpscsp.sourcedbloader.GPSCSP_SP_DBLoad_MF>
<com.eems.gpscsp.sourcedbloader.GPSCSP_SP_DBLoad_MF intServ="EEMSIIB_GPSCSP_SOURCEDBLOAD" env="uat-bravo" override="DBLoad_ProcessException.dataSource">E3CSP_DB</com.eems.gpscsp.sourcedbloader.GPSCSP_SP_DBLoad_MF>
<com.eems.gpscsp.sourcedbloader.GPSCSP_SP_DBLoad_MF intServ="EEMSIIB_GPSCSP_SOURCEDBLOAD" env="uat-bravo" override="EEMSIIB.GPSCSP_ERRORMESSAGE_DATA.queueName">EEMSIIB.GPSCSP_ERRORMESSAGE_DATA</com.eems.gpscsp.sourcedbloader.GPSCSP_SP_DBLoad_MF>
<com.eems.gpscsp.sourcedbloader.GPSCSP_SP_DBLoad_MF intServ="EEMSIIB_GPSCSP_SOURCEDBLOAD" env="uat-bravo" override="sleepTime">1000</com.eems.gpscsp.sourcedbloader.GPSCSP_SP_DBLoad_MF>
<com.eems.gpscsp.sourcedbloader.GPSCSP_SP_DBLoad_MF intServ="EEMSIIB_GPSCSP_SOURCEDBLOAD" env="uat-bravo" override="BATCH_FAIL_MODE">FALSE</com.eems.gpscsp.sourcedbloader.GPSCSP_SP_DBLoad_MF>


<!--UAT Charlie-->
<com.eems.gpscsp.sourcedbloader.GPSCSP_SP_DBLoad_MF intServ="EEMSIIB_GPSCSP_SOURCEDBLOAD" env="uat-charlie" override="additionalInstances">45</com.eems.gpscsp.sourcedbloader.GPSCSP_SP_DBLoad_MF>
<com.eems.gpscsp.sourcedbloader.GPSCSP_SP_DBLoad_MF intServ="EEMSIIB_GPSCSP_SOURCEDBLOAD" env="uat-charlie" override="DSN">E3CSP_DB</com.eems.gpscsp.sourcedbloader.GPSCSP_SP_DBLoad_MF>
<com.eems.gpscsp.sourcedbloader.GPSCSP_SP_DBLoad_MF intServ="EEMSIIB_GPSCSP_SOURCEDBLOAD" env="uat-charlie" override="sSchema">CSPSOURCE</com.eems.gpscsp.sourcedbloader.GPSCSP_SP_DBLoad_MF>
<com.eems.gpscsp.sourcedbloader.GPSCSP_SP_DBLoad_MF intServ="EEMSIIB_GPSCSP_SOURCEDBLOAD" env="uat-charlie" override="cmnMapName">GPSCSP_Common_Map</com.eems.gpscsp.sourcedbloader.GPSCSP_SP_DBLoad_MF>
<com.eems.gpscsp.sourcedbloader.GPSCSP_SP_DBLoad_MF intServ="EEMSIIB_GPSCSP_SOURCEDBLOAD" env="uat-charlie" override="srcMapName">GPSCSP_Source_Map</com.eems.gpscsp.sourcedbloader.GPSCSP_SP_DBLoad_MF>
<com.eems.gpscsp.sourcedbloader.GPSCSP_SP_DBLoad_MF intServ="EEMSIIB_GPSCSP_SOURCEDBLOAD" env="uat-charlie" override="payload">TRUE</com.eems.gpscsp.sourcedbloader.GPSCSP_SP_DBLoad_MF>
<com.eems.gpscsp.sourcedbloader.GPSCSP_SP_DBLoad_MF intServ="EEMSIIB_GPSCSP_SOURCEDBLOAD" env="uat-charlie" override="dbRetryLimit">3</com.eems.gpscsp.sourcedbloader.GPSCSP_SP_DBLoad_MF>
<com.eems.gpscsp.sourcedbloader.GPSCSP_SP_DBLoad_MF intServ="EEMSIIB_GPSCSP_SOURCEDBLOAD" env="uat-charlie" override="INPUT">EEMSIIB.GPSCSP_SOURCE_DBLOAD_IN</com.eems.gpscsp.sourcedbloader.GPSCSP_SP_DBLoad_MF>
<com.eems.gpscsp.sourcedbloader.GPSCSP_SP_DBLoad_MF intServ="EEMSIIB_GPSCSP_SOURCEDBLOAD" env="uat-charlie" override="ISREADY">EEMSIIB.GPSCSP_ISREADYTOPROCESS_IN</com.eems.gpscsp.sourcedbloader.GPSCSP_SP_DBLoad_MF>
<com.eems.gpscsp.sourcedbloader.GPSCSP_SP_DBLoad_MF intServ="EEMSIIB_GPSCSP_SOURCEDBLOAD" env="uat-charlie" override="brkrList">BKMBRC12</com.eems.gpscsp.sourcedbloader.GPSCSP_SP_DBLoad_MF>
<com.eems.gpscsp.sourcedbloader.GPSCSP_SP_DBLoad_MF intServ="EEMSIIB_GPSCSP_SOURCEDBLOAD" env="uat-charlie" override="brkrCount">1</com.eems.gpscsp.sourcedbloader.GPSCSP_SP_DBLoad_MF>
<com.eems.gpscsp.sourcedbloader.GPSCSP_SP_DBLoad_MF intServ="EEMSIIB_GPSCSP_SOURCEDBLOAD" env="uat-charlie" override="BrkConfigKey">BRK_CONFIG</com.eems.gpscsp.sourcedbloader.GPSCSP_SP_DBLoad_MF>
<com.eems.gpscsp.sourcedbloader.GPSCSP_SP_DBLoad_MF intServ="EEMSIIB_GPSCSP_SOURCEDBLOAD" env="uat-charlie" override="varGCMapName">GPSCSP_Common_Map</com.eems.gpscsp.sourcedbloader.GPSCSP_SP_DBLoad_MF>
<com.eems.gpscsp.sourcedbloader.GPSCSP_SP_DBLoad_MF intServ="EEMSIIB_GPSCSP_SOURCEDBLOAD" env="uat-charlie" override="ApplicationName">GPSCSP_SP_DBLoad_APP</com.eems.gpscsp.sourcedbloader.GPSCSP_SP_DBLoad_MF>
<com.eems.gpscsp.sourcedbloader.GPSCSP_SP_DBLoad_MF intServ="EEMSIIB_GPSCSP_SOURCEDBLOAD" env="uat-charlie" override="EEMSIIB.GPSCSP_INBOUND_DBLOAD.componentLevel">node</com.eems.gpscsp.sourcedbloader.GPSCSP_SP_DBLoad_MF>
<com.eems.gpscsp.sourcedbloader.GPSCSP_SP_DBLoad_MF intServ="EEMSIIB_GPSCSP_SOURCEDBLOAD" env="uat-charlie" override="EEMSIIB.GPSCSP_INBOUND_DBLOAD.additionalInstances">45</com.eems.gpscsp.sourcedbloader.GPSCSP_SP_DBLoad_MF>
<com.eems.gpscsp.sourcedbloader.GPSCSP_SP_DBLoad_MF intServ="EEMSIIB_GPSCSP_SOURCEDBLOAD" env="uat-charlie" override="AuditQName">EEMSIIB.GPSCSP_COMMON_AUDITMESSAGE_DATA</com.eems.gpscsp.sourcedbloader.GPSCSP_SP_DBLoad_MF>
<com.eems.gpscsp.sourcedbloader.GPSCSP_SP_DBLoad_MF intServ="EEMSIIB_GPSCSP_SOURCEDBLOAD" env="uat-charlie" override="BECode">700</com.eems.gpscsp.sourcedbloader.GPSCSP_SP_DBLoad_MF>
<com.eems.gpscsp.sourcedbloader.GPSCSP_SP_DBLoad_MF intServ="EEMSIIB_GPSCSP_SOURCEDBLOAD" env="uat-charlie" override="ProjNumber">2</com.eems.gpscsp.sourcedbloader.GPSCSP_SP_DBLoad_MF>
<com.eems.gpscsp.sourcedbloader.GPSCSP_SP_DBLoad_MF intServ="EEMSIIB_GPSCSP_SOURCEDBLOAD" env="uat-charlie" override="EEMSIIB.GPSCSP_PROC_FL_STS_EVENT_IN.queueName">EEMSIIB.GPSCSP_PROC_FL_STS_EVENT_IN</com.eems.gpscsp.sourcedbloader.GPSCSP_SP_DBLoad_MF>
<com.eems.gpscsp.sourcedbloader.GPSCSP_SP_DBLoad_MF intServ="EEMSIIB_GPSCSP_SOURCEDBLOAD" env="uat-charlie" override="DBLoad_ProcessException.dataSource">E3CSP_DB</com.eems.gpscsp.sourcedbloader.GPSCSP_SP_DBLoad_MF>
<com.eems.gpscsp.sourcedbloader.GPSCSP_SP_DBLoad_MF intServ="EEMSIIB_GPSCSP_SOURCEDBLOAD" env="uat-charlie" override="EEMSIIB.GPSCSP_ERRORMESSAGE_DATA.queueName">EEMSIIB.GPSCSP_ERRORMESSAGE_DATA</com.eems.gpscsp.sourcedbloader.GPSCSP_SP_DBLoad_MF>
<com.eems.gpscsp.sourcedbloader.GPSCSP_SP_DBLoad_MF intServ="EEMSIIB_GPSCSP_SOURCEDBLOAD" env="uat-charlie" override="sleepTime">1000</com.eems.gpscsp.sourcedbloader.GPSCSP_SP_DBLoad_MF>
<com.eems.gpscsp.sourcedbloader.GPSCSP_SP_DBLoad_MF intServ="EEMSIIB_GPSCSP_SOURCEDBLOAD" env="uat-charlie" override="BATCH_FAIL_MODE">FALSE</com.eems.gpscsp.sourcedbloader.GPSCSP_SP_DBLoad_MF>


<!--STAGE-->
<com.eems.gpscsp.sourcedbloader.GPSCSP_SP_DBLoad_MF intServ="EEMSIIB_GPSCSP_SOURCEDBLOAD" env="stage" override="additionalInstances">45</com.eems.gpscsp.sourcedbloader.GPSCSP_SP_DBLoad_MF>
<com.eems.gpscsp.sourcedbloader.GPSCSP_SP_DBLoad_MF intServ="EEMSIIB_GPSCSP_SOURCEDBLOAD" env="stage" override="DSN">E3CSP_DB</com.eems.gpscsp.sourcedbloader.GPSCSP_SP_DBLoad_MF>
<com.eems.gpscsp.sourcedbloader.GPSCSP_SP_DBLoad_MF intServ="EEMSIIB_GPSCSP_SOURCEDBLOAD" env="stage" override="sSchema">CSPSOURCE</com.eems.gpscsp.sourcedbloader.GPSCSP_SP_DBLoad_MF>
<com.eems.gpscsp.sourcedbloader.GPSCSP_SP_DBLoad_MF intServ="EEMSIIB_GPSCSP_SOURCEDBLOAD" env="stage" override="cmnMapName">GPSCSP_Common_Map</com.eems.gpscsp.sourcedbloader.GPSCSP_SP_DBLoad_MF>
<com.eems.gpscsp.sourcedbloader.GPSCSP_SP_DBLoad_MF intServ="EEMSIIB_GPSCSP_SOURCEDBLOAD" env="stage" override="srcMapName">GPSCSP_Source_Map</com.eems.gpscsp.sourcedbloader.GPSCSP_SP_DBLoad_MF>
<com.eems.gpscsp.sourcedbloader.GPSCSP_SP_DBLoad_MF intServ="EEMSIIB_GPSCSP_SOURCEDBLOAD" env="stage" override="payload">TRUE</com.eems.gpscsp.sourcedbloader.GPSCSP_SP_DBLoad_MF>
<com.eems.gpscsp.sourcedbloader.GPSCSP_SP_DBLoad_MF intServ="EEMSIIB_GPSCSP_SOURCEDBLOAD" env="stage" override="dbRetryLimit">3</com.eems.gpscsp.sourcedbloader.GPSCSP_SP_DBLoad_MF>
<com.eems.gpscsp.sourcedbloader.GPSCSP_SP_DBLoad_MF intServ="EEMSIIB_GPSCSP_SOURCEDBLOAD" env="stage" override="INPUT">EEMSIIB.GPSCSP_SOURCE_DBLOAD_IN</com.eems.gpscsp.sourcedbloader.GPSCSP_SP_DBLoad_MF>
<com.eems.gpscsp.sourcedbloader.GPSCSP_SP_DBLoad_MF intServ="EEMSIIB_GPSCSP_SOURCEDBLOAD" env="stage" override="ISREADY">EEMSIIB.GPSCSP_ISREADYTOPROCESS_IN</com.eems.gpscsp.sourcedbloader.GPSCSP_SP_DBLoad_MF>
<com.eems.gpscsp.sourcedbloader.GPSCSP_SP_DBLoad_MF intServ="EEMSIIB_GPSCSP_SOURCEDBLOAD" env="stage" override="brkrList">BKMBC13_BKMBC14</com.eems.gpscsp.sourcedbloader.GPSCSP_SP_DBLoad_MF>
<com.eems.gpscsp.sourcedbloader.GPSCSP_SP_DBLoad_MF intServ="EEMSIIB_GPSCSP_SOURCEDBLOAD" env="stage" override="brkrCount">2</com.eems.gpscsp.sourcedbloader.GPSCSP_SP_DBLoad_MF>
<com.eems.gpscsp.sourcedbloader.GPSCSP_SP_DBLoad_MF intServ="EEMSIIB_GPSCSP_SOURCEDBLOAD" env="stage" override="BrkConfigKey">BRK_CONFIG</com.eems.gpscsp.sourcedbloader.GPSCSP_SP_DBLoad_MF>
<com.eems.gpscsp.sourcedbloader.GPSCSP_SP_DBLoad_MF intServ="EEMSIIB_GPSCSP_SOURCEDBLOAD" env="stage" override="varGCMapName">GPSCSP_Common_Map</com.eems.gpscsp.sourcedbloader.GPSCSP_SP_DBLoad_MF>
<com.eems.gpscsp.sourcedbloader.GPSCSP_SP_DBLoad_MF intServ="EEMSIIB_GPSCSP_SOURCEDBLOAD" env="stage" override="ApplicationName">GPSCSP_SP_DBLoad_APP</com.eems.gpscsp.sourcedbloader.GPSCSP_SP_DBLoad_MF>
<com.eems.gpscsp.sourcedbloader.GPSCSP_SP_DBLoad_MF intServ="EEMSIIB_GPSCSP_SOURCEDBLOAD" env="stage" override="EEMSIIB.GPSCSP_INBOUND_DBLOAD.componentLevel">node</com.eems.gpscsp.sourcedbloader.GPSCSP_SP_DBLoad_MF>
<com.eems.gpscsp.sourcedbloader.GPSCSP_SP_DBLoad_MF intServ="EEMSIIB_GPSCSP_SOURCEDBLOAD" env="stage" override="EEMSIIB.GPSCSP_INBOUND_DBLOAD.additionalInstances">45</com.eems.gpscsp.sourcedbloader.GPSCSP_SP_DBLoad_MF>
<com.eems.gpscsp.sourcedbloader.GPSCSP_SP_DBLoad_MF intServ="EEMSIIB_GPSCSP_SOURCEDBLOAD" env="stage" override="AuditQName">EEMSIIB.GPSCSP_COMMON_AUDITMESSAGE_DATA</com.eems.gpscsp.sourcedbloader.GPSCSP_SP_DBLoad_MF>
<com.eems.gpscsp.sourcedbloader.GPSCSP_SP_DBLoad_MF intServ="EEMSIIB_GPSCSP_SOURCEDBLOAD" env="stage" override="BECode">700</com.eems.gpscsp.sourcedbloader.GPSCSP_SP_DBLoad_MF>
<com.eems.gpscsp.sourcedbloader.GPSCSP_SP_DBLoad_MF intServ="EEMSIIB_GPSCSP_SOURCEDBLOAD" env="stage" override="ProjNumber">2</com.eems.gpscsp.sourcedbloader.GPSCSP_SP_DBLoad_MF>
<com.eems.gpscsp.sourcedbloader.GPSCSP_SP_DBLoad_MF intServ="EEMSIIB_GPSCSP_SOURCEDBLOAD" env="stage" override="EEMSIIB.GPSCSP_PROC_FL_STS_EVENT_IN.queueName">EEMSIIB.GPSCSP_PROC_FL_STS_EVENT_IN</com.eems.gpscsp.sourcedbloader.GPSCSP_SP_DBLoad_MF>
<com.eems.gpscsp.sourcedbloader.GPSCSP_SP_DBLoad_MF intServ="EEMSIIB_GPSCSP_SOURCEDBLOAD" env="stage" override="DBLoad_ProcessException.dataSource">E3CSP_DB</com.eems.gpscsp.sourcedbloader.GPSCSP_SP_DBLoad_MF>
<com.eems.gpscsp.sourcedbloader.GPSCSP_SP_DBLoad_MF intServ="EEMSIIB_GPSCSP_SOURCEDBLOAD" env="stage" override="EEMSIIB.GPSCSP_ERRORMESSAGE_DATA.queueName">EEMSIIB.GPSCSP_ERRORMESSAGE_DATA</com.eems.gpscsp.sourcedbloader.GPSCSP_SP_DBLoad_MF>
<com.eems.gpscsp.sourcedbloader.GPSCSP_SP_DBLoad_MF intServ="EEMSIIB_GPSCSP_SOURCEDBLOAD" env="stage" override="sleepTime">1000</com.eems.gpscsp.sourcedbloader.GPSCSP_SP_DBLoad_MF>
<com.eems.gpscsp.sourcedbloader.GPSCSP_SP_DBLoad_MF intServ="EEMSIIB_GPSCSP_SOURCEDBLOAD" env="stage" override="BATCH_FAIL_MODE">FALSE</com.eems.gpscsp.sourcedbloader.GPSCSP_SP_DBLoad_MF>

<!--ADOPT-->
<com.eems.gpscsp.sourcedbloader.GPSCSP_SP_DBLoad_MF intServ="EEMSIIB_GPSCSP_SOURCEDBLOAD" env="adopt" override="additionalInstances">45</com.eems.gpscsp.sourcedbloader.GPSCSP_SP_DBLoad_MF>
<com.eems.gpscsp.sourcedbloader.GPSCSP_SP_DBLoad_MF intServ="EEMSIIB_GPSCSP_SOURCEDBLOAD" env="adopt" override="DSN">E3CSP_DB</com.eems.gpscsp.sourcedbloader.GPSCSP_SP_DBLoad_MF>
<com.eems.gpscsp.sourcedbloader.GPSCSP_SP_DBLoad_MF intServ="EEMSIIB_GPSCSP_SOURCEDBLOAD" env="adopt" override="sSchema">CSPSOURCE</com.eems.gpscsp.sourcedbloader.GPSCSP_SP_DBLoad_MF>
<com.eems.gpscsp.sourcedbloader.GPSCSP_SP_DBLoad_MF intServ="EEMSIIB_GPSCSP_SOURCEDBLOAD" env="adopt" override="cmnMapName">GPSCSP_Common_Map</com.eems.gpscsp.sourcedbloader.GPSCSP_SP_DBLoad_MF>
<com.eems.gpscsp.sourcedbloader.GPSCSP_SP_DBLoad_MF intServ="EEMSIIB_GPSCSP_SOURCEDBLOAD" env="adopt" override="srcMapName">GPSCSP_Source_Map</com.eems.gpscsp.sourcedbloader.GPSCSP_SP_DBLoad_MF>
<com.eems.gpscsp.sourcedbloader.GPSCSP_SP_DBLoad_MF intServ="EEMSIIB_GPSCSP_SOURCEDBLOAD" env="adopt" override="payload">TRUE</com.eems.gpscsp.sourcedbloader.GPSCSP_SP_DBLoad_MF>
<com.eems.gpscsp.sourcedbloader.GPSCSP_SP_DBLoad_MF intServ="EEMSIIB_GPSCSP_SOURCEDBLOAD" env="adopt" override="dbRetryLimit">3</com.eems.gpscsp.sourcedbloader.GPSCSP_SP_DBLoad_MF>
<com.eems.gpscsp.sourcedbloader.GPSCSP_SP_DBLoad_MF intServ="EEMSIIB_GPSCSP_SOURCEDBLOAD" env="adopt" override="INPUT">EEMSIIB.ADP.GPSCSP_SOURCE_DBLOAD_IN</com.eems.gpscsp.sourcedbloader.GPSCSP_SP_DBLoad_MF>
<com.eems.gpscsp.sourcedbloader.GPSCSP_SP_DBLoad_MF intServ="EEMSIIB_GPSCSP_SOURCEDBLOAD" env="adopt" override="ISREADY">EEMSIIB.ADP.GPSCSP_ISREADYTOPROCESS_IN</com.eems.gpscsp.sourcedbloader.GPSCSP_SP_DBLoad_MF>
<com.eems.gpscsp.sourcedbloader.GPSCSP_SP_DBLoad_MF intServ="EEMSIIB_GPSCSP_SOURCEDBLOAD" env="adopt" override="brkrList">BKMBPD07_BKMBPD08</com.eems.gpscsp.sourcedbloader.GPSCSP_SP_DBLoad_MF>
<com.eems.gpscsp.sourcedbloader.GPSCSP_SP_DBLoad_MF intServ="EEMSIIB_GPSCSP_SOURCEDBLOAD" env="adopt" override="brkrCount">2</com.eems.gpscsp.sourcedbloader.GPSCSP_SP_DBLoad_MF>
<com.eems.gpscsp.sourcedbloader.GPSCSP_SP_DBLoad_MF intServ="EEMSIIB_GPSCSP_SOURCEDBLOAD" env="adopt" override="BrkConfigKey">BRK_CONFIG</com.eems.gpscsp.sourcedbloader.GPSCSP_SP_DBLoad_MF>
<com.eems.gpscsp.sourcedbloader.GPSCSP_SP_DBLoad_MF intServ="EEMSIIB_GPSCSP_SOURCEDBLOAD" env="adopt" override="varGCMapName">GPSCSP_Common_Map</com.eems.gpscsp.sourcedbloader.GPSCSP_SP_DBLoad_MF>
<com.eems.gpscsp.sourcedbloader.GPSCSP_SP_DBLoad_MF intServ="EEMSIIB_GPSCSP_SOURCEDBLOAD" env="adopt" override="ApplicationName">GPSCSP_SP_DBLoad_APP</com.eems.gpscsp.sourcedbloader.GPSCSP_SP_DBLoad_MF>
<com.eems.gpscsp.sourcedbloader.GPSCSP_SP_DBLoad_MF intServ="EEMSIIB_GPSCSP_SOURCEDBLOAD" env="adopt" override="EEMSIIB.GPSCSP_INBOUND_DBLOAD.componentLevel">node</com.eems.gpscsp.sourcedbloader.GPSCSP_SP_DBLoad_MF>
<com.eems.gpscsp.sourcedbloader.GPSCSP_SP_DBLoad_MF intServ="EEMSIIB_GPSCSP_SOURCEDBLOAD" env="adopt" override="EEMSIIB.GPSCSP_INBOUND_DBLOAD.additionalInstances">45</com.eems.gpscsp.sourcedbloader.GPSCSP_SP_DBLoad_MF>
<com.eems.gpscsp.sourcedbloader.GPSCSP_SP_DBLoad_MF intServ="EEMSIIB_GPSCSP_SOURCEDBLOAD" env="adopt" override="AuditQName">EEMSIIB.ADP.GPSCSP_COMMON_AUDITMESSAGE_DATA</com.eems.gpscsp.sourcedbloader.GPSCSP_SP_DBLoad_MF>
<com.eems.gpscsp.sourcedbloader.GPSCSP_SP_DBLoad_MF intServ="EEMSIIB_GPSCSP_SOURCEDBLOAD" env="adopt" override="BECode">700</com.eems.gpscsp.sourcedbloader.GPSCSP_SP_DBLoad_MF>
<com.eems.gpscsp.sourcedbloader.GPSCSP_SP_DBLoad_MF intServ="EEMSIIB_GPSCSP_SOURCEDBLOAD" env="adopt" override="ProjNumber">2</com.eems.gpscsp.sourcedbloader.GPSCSP_SP_DBLoad_MF>
<com.eems.gpscsp.sourcedbloader.GPSCSP_SP_DBLoad_MF intServ="EEMSIIB_GPSCSP_SOURCEDBLOAD" env="adopt" override="EEMSIIB.GPSCSP_PROC_FL_STS_EVENT_IN.queueName">EEMSIIB.ADP.GPSCSP_PROC_FL_STS_EVENT_IN</com.eems.gpscsp.sourcedbloader.GPSCSP_SP_DBLoad_MF>
<com.eems.gpscsp.sourcedbloader.GPSCSP_SP_DBLoad_MF intServ="EEMSIIB_GPSCSP_SOURCEDBLOAD" env="adopt" override="DBLoad_ProcessException.dataSource">E3CSP_DB</com.eems.gpscsp.sourcedbloader.GPSCSP_SP_DBLoad_MF>
<com.eems.gpscsp.sourcedbloader.GPSCSP_SP_DBLoad_MF intServ="EEMSIIB_GPSCSP_SOURCEDBLOAD" env="adopt" override="EEMSIIB.GPSCSP_ERRORMESSAGE_DATA.queueName">EEMSIIB.ADP.GPSCSP_ERRORMESSAGE_DATA</com.eems.gpscsp.sourcedbloader.GPSCSP_SP_DBLoad_MF>
<com.eems.gpscsp.sourcedbloader.GPSCSP_SP_DBLoad_MF intServ="EEMSIIB_GPSCSP_SOURCEDBLOAD" env="adopt" override="sleepTime">1000</com.eems.gpscsp.sourcedbloader.GPSCSP_SP_DBLoad_MF>
<com.eems.gpscsp.sourcedbloader.GPSCSP_SP_DBLoad_MF intServ="EEMSIIB_GPSCSP_SOURCEDBLOAD" env="adopt" override="BATCH_FAIL_MODE">FALSE</com.eems.gpscsp.sourcedbloader.GPSCSP_SP_DBLoad_MF>

<!--PROD-->
<com.eems.gpscsp.sourcedbloader.GPSCSP_SP_DBLoad_MF intServ="EEMSIIB_GPSCSP_SOURCEDBLOAD" env="prod" override="additionalInstances">45</com.eems.gpscsp.sourcedbloader.GPSCSP_SP_DBLoad_MF>
<com.eems.gpscsp.sourcedbloader.GPSCSP_SP_DBLoad_MF intServ="EEMSIIB_GPSCSP_SOURCEDBLOAD" env="prod" override="DSN">E3CSP_DB</com.eems.gpscsp.sourcedbloader.GPSCSP_SP_DBLoad_MF>
<com.eems.gpscsp.sourcedbloader.GPSCSP_SP_DBLoad_MF intServ="EEMSIIB_GPSCSP_SOURCEDBLOAD" env="prod" override="sSchema">CSPSOURCE</com.eems.gpscsp.sourcedbloader.GPSCSP_SP_DBLoad_MF>
<com.eems.gpscsp.sourcedbloader.GPSCSP_SP_DBLoad_MF intServ="EEMSIIB_GPSCSP_SOURCEDBLOAD" env="prod" override="cmnMapName">GPSCSP_Common_Map</com.eems.gpscsp.sourcedbloader.GPSCSP_SP_DBLoad_MF>
<com.eems.gpscsp.sourcedbloader.GPSCSP_SP_DBLoad_MF intServ="EEMSIIB_GPSCSP_SOURCEDBLOAD" env="prod" override="srcMapName">GPSCSP_Source_Map</com.eems.gpscsp.sourcedbloader.GPSCSP_SP_DBLoad_MF>
<com.eems.gpscsp.sourcedbloader.GPSCSP_SP_DBLoad_MF intServ="EEMSIIB_GPSCSP_SOURCEDBLOAD" env="prod" override="payload">TRUE</com.eems.gpscsp.sourcedbloader.GPSCSP_SP_DBLoad_MF>
<com.eems.gpscsp.sourcedbloader.GPSCSP_SP_DBLoad_MF intServ="EEMSIIB_GPSCSP_SOURCEDBLOAD" env="prod" override="dbRetryLimit">3</com.eems.gpscsp.sourcedbloader.GPSCSP_SP_DBLoad_MF>
<com.eems.gpscsp.sourcedbloader.GPSCSP_SP_DBLoad_MF intServ="EEMSIIB_GPSCSP_SOURCEDBLOAD" env="prod" override="INPUT">EEMSIIB.GPSCSP_SOURCE_DBLOAD_IN</com.eems.gpscsp.sourcedbloader.GPSCSP_SP_DBLoad_MF>
<com.eems.gpscsp.sourcedbloader.GPSCSP_SP_DBLoad_MF intServ="EEMSIIB_GPSCSP_SOURCEDBLOAD" env="prod" override="ISREADY">EEMSIIB.GPSCSP_ISREADYTOPROCESS_IN</com.eems.gpscsp.sourcedbloader.GPSCSP_SP_DBLoad_MF>
<com.eems.gpscsp.sourcedbloader.GPSCSP_SP_DBLoad_MF intServ="EEMSIIB_GPSCSP_SOURCEDBLOAD" env="prod" override="brkrList">BKMBPD11_BKMBPD12</com.eems.gpscsp.sourcedbloader.GPSCSP_SP_DBLoad_MF>
<com.eems.gpscsp.sourcedbloader.GPSCSP_SP_DBLoad_MF intServ="EEMSIIB_GPSCSP_SOURCEDBLOAD" env="prod" override="brkrCount">2</com.eems.gpscsp.sourcedbloader.GPSCSP_SP_DBLoad_MF>
<com.eems.gpscsp.sourcedbloader.GPSCSP_SP_DBLoad_MF intServ="EEMSIIB_GPSCSP_SOURCEDBLOAD" env="prod" override="BrkConfigKey">BRK_CONFIG</com.eems.gpscsp.sourcedbloader.GPSCSP_SP_DBLoad_MF>
<com.eems.gpscsp.sourcedbloader.GPSCSP_SP_DBLoad_MF intServ="EEMSIIB_GPSCSP_SOURCEDBLOAD" env="prod" override="varGCMapName">GPSCSP_Common_Map</com.eems.gpscsp.sourcedbloader.GPSCSP_SP_DBLoad_MF>
<com.eems.gpscsp.sourcedbloader.GPSCSP_SP_DBLoad_MF intServ="EEMSIIB_GPSCSP_SOURCEDBLOAD" env="prod" override="ApplicationName">GPSCSP_SP_DBLoad_APP</com.eems.gpscsp.sourcedbloader.GPSCSP_SP_DBLoad_MF>
<com.eems.gpscsp.sourcedbloader.GPSCSP_SP_DBLoad_MF intServ="EEMSIIB_GPSCSP_SOURCEDBLOAD" env="prod" override="EEMSIIB.GPSCSP_INBOUND_DBLOAD.componentLevel">node</com.eems.gpscsp.sourcedbloader.GPSCSP_SP_DBLoad_MF>
<com.eems.gpscsp.sourcedbloader.GPSCSP_SP_DBLoad_MF intServ="EEMSIIB_GPSCSP_SOURCEDBLOAD" env="prod" override="EEMSIIB.GPSCSP_INBOUND_DBLOAD.additionalInstances">45</com.eems.gpscsp.sourcedbloader.GPSCSP_SP_DBLoad_MF>
<com.eems.gpscsp.sourcedbloader.GPSCSP_SP_DBLoad_MF intServ="EEMSIIB_GPSCSP_SOURCEDBLOAD" env="prod" override="AuditQName">EEMSIIB.GPSCSP_COMMON_AUDITMESSAGE_DATA</com.eems.gpscsp.sourcedbloader.GPSCSP_SP_DBLoad_MF>
<com.eems.gpscsp.sourcedbloader.GPSCSP_SP_DBLoad_MF intServ="EEMSIIB_GPSCSP_SOURCEDBLOAD" env="prod" override="BECode">700</com.eems.gpscsp.sourcedbloader.GPSCSP_SP_DBLoad_MF>
<com.eems.gpscsp.sourcedbloader.GPSCSP_SP_DBLoad_MF intServ="EEMSIIB_GPSCSP_SOURCEDBLOAD" env="prod" override="ProjNumber">2</com.eems.gpscsp.sourcedbloader.GPSCSP_SP_DBLoad_MF>
<com.eems.gpscsp.sourcedbloader.GPSCSP_SP_DBLoad_MF intServ="EEMSIIB_GPSCSP_SOURCEDBLOAD" env="prod" override="EEMSIIB.GPSCSP_PROC_FL_STS_EVENT_IN.queueName">EEMSIIB.GPSCSP_PROC_FL_STS_EVENT_IN</com.eems.gpscsp.sourcedbloader.GPSCSP_SP_DBLoad_MF>
<com.eems.gpscsp.sourcedbloader.GPSCSP_SP_DBLoad_MF intServ="EEMSIIB_GPSCSP_SOURCEDBLOAD" env="prod" override="DBLoad_ProcessException.dataSource">E3CSP_DB</com.eems.gpscsp.sourcedbloader.GPSCSP_SP_DBLoad_MF>
<com.eems.gpscsp.sourcedbloader.GPSCSP_SP_DBLoad_MF intServ="EEMSIIB_GPSCSP_SOURCEDBLOAD" env="prod" override="EEMSIIB.GPSCSP_ERRORMESSAGE_DATA.queueName">EEMSIIB.GPSCSP_ERRORMESSAGE_DATA</com.eems.gpscsp.sourcedbloader.GPSCSP_SP_DBLoad_MF>
<com.eems.gpscsp.sourcedbloader.GPSCSP_SP_DBLoad_MF intServ="EEMSIIB_GPSCSP_SOURCEDBLOAD" env="prod" override="sleepTime">1000</com.eems.gpscsp.sourcedbloader.GPSCSP_SP_DBLoad_MF>
<com.eems.gpscsp.sourcedbloader.GPSCSP_SP_DBLoad_MF intServ="EEMSIIB_GPSCSP_SOURCEDBLOAD" env="prod" override="BATCH_FAIL_MODE">FALSE</com.eems.gpscsp.sourcedbloader.GPSCSP_SP_DBLoad_MF>

</Broker>