<?xml version="1.0" encoding="UTF-8" ?> 
<Broker>

<!--DEV-->
<gen.processSourceUpdate_processsourceupdateresponse_GPSCSP_SourceGW_MF intServ="EEMSIIB_GPSCSP_RESPONSETOGW" env="dev" override="webServiceURL">http://apsrd6920.uhc.com:9086/GatewayPreprocCSPWeb/ws/procsrcupdtresp</gen.processSourceUpdate_processsourceupdateresponse_GPSCSP_SourceGW_MF>
<gen.processSourceUpdate_processsourceupdateresponse_GPSCSP_SourceGW_MF intServ="EEMSIIB_GPSCSP_RESPONSETOGW" env="dev" override="Request.sslProtocol">TLS</gen.processSourceUpdate_processsourceupdateresponse_GPSCSP_SourceGW_MF>
<gen.processSourceUpdate_processsourceupdateresponse_GPSCSP_SourceGW_MF intServ="EEMSIIB_GPSCSP_RESPONSETOGW" env="dev" override="Request.validateMaster">none</gen.processSourceUpdate_processsourceupdateresponse_GPSCSP_SourceGW_MF>
<com.gpscsp.updateproc.GPSCSP_Source_GW_UpdRespProc_MF intServ="EEMSIIB_GPSCSP_RESPONSETOGW" env="dev" override="additionalInstances">5</com.gpscsp.updateproc.GPSCSP_Source_GW_UpdRespProc_MF>
<com.gpscsp.updateproc.GPSCSP_Source_GW_UpdRespProc_MF intServ="EEMSIIB_GPSCSP_RESPONSETOGW" env="dev" override="Username">signFiles</com.gpscsp.updateproc.GPSCSP_Source_GW_UpdRespProc_MF>
<com.gpscsp.updateproc.GPSCSP_Source_GW_UpdRespProc_MF intServ="EEMSIIB_GPSCSP_RESPONSETOGW" env="dev" override="Password">eemsws123</com.gpscsp.updateproc.GPSCSP_Source_GW_UpdRespProc_MF>
<com.gpscsp.updateproc.GPSCSP_Source_GW_UpdRespProc_MF intServ="EEMSIIB_GPSCSP_RESPONSETOGW" env="dev" override="RetryCount">3</com.gpscsp.updateproc.GPSCSP_Source_GW_UpdRespProc_MF>
<com.gpscsp.updateproc.GPSCSP_Source_GW_UpdRespProc_MF intServ="EEMSIIB_GPSCSP_RESPONSETOGW" env="dev" override="webServiceURL">http://apsrd6920.uhc.com:9086/GatewayPreprocCSPWeb/ws/procsrcupdtresp</com.gpscsp.updateproc.GPSCSP_Source_GW_UpdRespProc_MF>
<com.gpscsp.updateproc.GPSCSP_Source_GW_UpdRespProc_MF intServ="EEMSIIB_GPSCSP_RESPONSETOGW" env="dev" override="INQ">EEMSIIB.GPSCSP_UPDATE_RESPONSE_DATA</com.gpscsp.updateproc.GPSCSP_Source_GW_UpdRespProc_MF>
<com.gpscsp.updateproc.GPSCSP_Source_GW_UpdRespProc_MF intServ="EEMSIIB_GPSCSP_RESPONSETOGW" env="dev" override="BrkConfigKey">BRK_CONFIG</com.gpscsp.updateproc.GPSCSP_Source_GW_UpdRespProc_MF>
<com.gpscsp.updateproc.GPSCSP_Source_GW_UpdRespProc_MF intServ="EEMSIIB_GPSCSP_RESPONSETOGW" env="dev" override="SchemaName">ELECELIG</com.gpscsp.updateproc.GPSCSP_Source_GW_UpdRespProc_MF>
<com.gpscsp.updateproc.GPSCSP_Source_GW_UpdRespProc_MF intServ="EEMSIIB_GPSCSP_RESPONSETOGW" env="dev" override="GlobalCacheMap">GPSCSP_Common_Map</com.gpscsp.updateproc.GPSCSP_Source_GW_UpdRespProc_MF>
<com.gpscsp.updateproc.GPSCSP_Source_GW_UpdRespProc_MF intServ="EEMSIIB_GPSCSP_RESPONSETOGW" env="dev" override="CreateRequest.dataSource">E3CSP_DB</com.gpscsp.updateproc.GPSCSP_Source_GW_UpdRespProc_MF>
<com.gpscsp.updateproc.GPSCSP_Source_GW_UpdRespProc_MF intServ="EEMSIIB_GPSCSP_RESPONSETOGW" env="dev" override="ProcessResponse.dataSource">E3CSP_DB</com.gpscsp.updateproc.GPSCSP_Source_GW_UpdRespProc_MF>
<com.gpscsp.updateproc.GPSCSP_Source_GW_UpdRespProc_MF intServ="EEMSIIB_GPSCSP_RESPONSETOGW" env="dev" override="AuditQName">EEMSIIB.GPSCSP_COMMON_AUDITMESSAGE_DATA</com.gpscsp.updateproc.GPSCSP_Source_GW_UpdRespProc_MF>
<com.gpscsp.updateproc.GPSCSP_Source_GW_UpdRespProc_MF intServ="EEMSIIB_GPSCSP_RESPONSETOGW" env="dev" override="BECode">700</com.gpscsp.updateproc.GPSCSP_Source_GW_UpdRespProc_MF>
<com.gpscsp.updateproc.GPSCSP_Source_GW_UpdRespProc_MF intServ="EEMSIIB_GPSCSP_RESPONSETOGW" env="dev" override="ProjNumber">2</com.gpscsp.updateproc.GPSCSP_Source_GW_UpdRespProc_MF>
<com.gpscsp.updateproc.GPSCSP_Source_GW_UpdRespProc_MF intServ="EEMSIIB_GPSCSP_RESPONSETOGW" env="dev" override="EEMSIIB.GPSCSP_ERRORMESSAGE_DATA.queueName">EEMSIIB.GPSCSP_ERRORMESSAGE_DATA</com.gpscsp.updateproc.GPSCSP_Source_GW_UpdRespProc_MF>

<!--SIT-->
<gen.processSourceUpdate_processsourceupdateresponse_GPSCSP_SourceGW_MF intServ="EEMSIIB_GPSCSP_RESPONSETOGW" env="test" override="webServiceURL">http://apsrt2957.uhc.com:9087/GatewayPreprocCSPWeb/ws/procsrcupdtresp</gen.processSourceUpdate_processsourceupdateresponse_GPSCSP_SourceGW_MF>
<gen.processSourceUpdate_processsourceupdateresponse_GPSCSP_SourceGW_MF intServ="EEMSIIB_GPSCSP_RESPONSETOGW" env="test" override="Request.sslProtocol">TLS</gen.processSourceUpdate_processsourceupdateresponse_GPSCSP_SourceGW_MF>
<gen.processSourceUpdate_processsourceupdateresponse_GPSCSP_SourceGW_MF intServ="EEMSIIB_GPSCSP_RESPONSETOGW" env="test" override="Request.validateMaster">none</gen.processSourceUpdate_processsourceupdateresponse_GPSCSP_SourceGW_MF>
<com.gpscsp.updateproc.GPSCSP_Source_GW_UpdRespProc_MF intServ="EEMSIIB_GPSCSP_RESPONSETOGW" env="test" override="additionalInstances">5</com.gpscsp.updateproc.GPSCSP_Source_GW_UpdRespProc_MF>
<com.gpscsp.updateproc.GPSCSP_Source_GW_UpdRespProc_MF intServ="EEMSIIB_GPSCSP_RESPONSETOGW" env="test" override="Username">signFiles</com.gpscsp.updateproc.GPSCSP_Source_GW_UpdRespProc_MF>
<com.gpscsp.updateproc.GPSCSP_Source_GW_UpdRespProc_MF intServ="EEMSIIB_GPSCSP_RESPONSETOGW" env="test" override="Password">eemsws123</com.gpscsp.updateproc.GPSCSP_Source_GW_UpdRespProc_MF>
<com.gpscsp.updateproc.GPSCSP_Source_GW_UpdRespProc_MF intServ="EEMSIIB_GPSCSP_RESPONSETOGW" env="test" override="RetryCount">3</com.gpscsp.updateproc.GPSCSP_Source_GW_UpdRespProc_MF>
<com.gpscsp.updateproc.GPSCSP_Source_GW_UpdRespProc_MF intServ="EEMSIIB_GPSCSP_RESPONSETOGW" env="test" override="webServiceURL">http://apsrt2957.uhc.com:9087/GatewayPreprocCSPWeb/ws/procsrcupdtresp</com.gpscsp.updateproc.GPSCSP_Source_GW_UpdRespProc_MF>
<com.gpscsp.updateproc.GPSCSP_Source_GW_UpdRespProc_MF intServ="EEMSIIB_GPSCSP_RESPONSETOGW" env="test" override="INQ">EEMSIIB.GPSCSP_UPDATE_RESPONSE_DATA</com.gpscsp.updateproc.GPSCSP_Source_GW_UpdRespProc_MF>
<com.gpscsp.updateproc.GPSCSP_Source_GW_UpdRespProc_MF intServ="EEMSIIB_GPSCSP_RESPONSETOGW" env="test" override="BrkConfigKey">BRK_CONFIG</com.gpscsp.updateproc.GPSCSP_Source_GW_UpdRespProc_MF>
<com.gpscsp.updateproc.GPSCSP_Source_GW_UpdRespProc_MF intServ="EEMSIIB_GPSCSP_RESPONSETOGW" env="test" override="SchemaName">ELECELIG</com.gpscsp.updateproc.GPSCSP_Source_GW_UpdRespProc_MF>
<com.gpscsp.updateproc.GPSCSP_Source_GW_UpdRespProc_MF intServ="EEMSIIB_GPSCSP_RESPONSETOGW" env="test" override="GlobalCacheMap">GPSCSP_Common_Map</com.gpscsp.updateproc.GPSCSP_Source_GW_UpdRespProc_MF>
<com.gpscsp.updateproc.GPSCSP_Source_GW_UpdRespProc_MF intServ="EEMSIIB_GPSCSP_RESPONSETOGW" env="test" override="CreateRequest.dataSource">E3CSP_DB</com.gpscsp.updateproc.GPSCSP_Source_GW_UpdRespProc_MF>
<com.gpscsp.updateproc.GPSCSP_Source_GW_UpdRespProc_MF intServ="EEMSIIB_GPSCSP_RESPONSETOGW" env="test" override="ProcessResponse.dataSource">E3CSP_DB</com.gpscsp.updateproc.GPSCSP_Source_GW_UpdRespProc_MF>
<com.gpscsp.updateproc.GPSCSP_Source_GW_UpdRespProc_MF intServ="EEMSIIB_GPSCSP_RESPONSETOGW" env="test" override="AuditQName">EEMSIIB.GPSCSP_COMMON_AUDITMESSAGE_DATA</com.gpscsp.updateproc.GPSCSP_Source_GW_UpdRespProc_MF>
<com.gpscsp.updateproc.GPSCSP_Source_GW_UpdRespProc_MF intServ="EEMSIIB_GPSCSP_RESPONSETOGW" env="test" override="BECode">700</com.gpscsp.updateproc.GPSCSP_Source_GW_UpdRespProc_MF>
<com.gpscsp.updateproc.GPSCSP_Source_GW_UpdRespProc_MF intServ="EEMSIIB_GPSCSP_RESPONSETOGW" env="test" override="ProjNumber">2</com.gpscsp.updateproc.GPSCSP_Source_GW_UpdRespProc_MF>
<com.gpscsp.updateproc.GPSCSP_Source_GW_UpdRespProc_MF intServ="EEMSIIB_GPSCSP_RESPONSETOGW" env="test" override="EEMSIIB.GPSCSP_ERRORMESSAGE_DATA.queueName">EEMSIIB.GPSCSP_ERRORMESSAGE_DATA</com.gpscsp.updateproc.GPSCSP_Source_GW_UpdRespProc_MF>


<!--SIT Bravo-->
<gen.processSourceUpdate_processsourceupdateresponse_GPSCSP_SourceGW_MF intServ="EEMSIIB_GPSCSP_RESPONSETOGW" env="test2" override="webServiceURL">http://apsp8754:9088/GatewayPreprocCSPWeb/ws/procsrcupdtresp</gen.processSourceUpdate_processsourceupdateresponse_GPSCSP_SourceGW_MF>
<gen.processSourceUpdate_processsourceupdateresponse_GPSCSP_SourceGW_MF intServ="EEMSIIB_GPSCSP_RESPONSETOGW" env="test2" override="Request.sslProtocol">TLS</gen.processSourceUpdate_processsourceupdateresponse_GPSCSP_SourceGW_MF>
<gen.processSourceUpdate_processsourceupdateresponse_GPSCSP_SourceGW_MF intServ="EEMSIIB_GPSCSP_RESPONSETOGW" env="test2" override="Request.validateMaster">none</gen.processSourceUpdate_processsourceupdateresponse_GPSCSP_SourceGW_MF>
<com.gpscsp.updateproc.GPSCSP_Source_GW_UpdRespProc_MF intServ="EEMSIIB_GPSCSP_RESPONSETOGW" env="test2" override="additionalInstances">5</com.gpscsp.updateproc.GPSCSP_Source_GW_UpdRespProc_MF>
<com.gpscsp.updateproc.GPSCSP_Source_GW_UpdRespProc_MF intServ="EEMSIIB_GPSCSP_RESPONSETOGW" env="test2" override="Username">signFiles</com.gpscsp.updateproc.GPSCSP_Source_GW_UpdRespProc_MF>
<com.gpscsp.updateproc.GPSCSP_Source_GW_UpdRespProc_MF intServ="EEMSIIB_GPSCSP_RESPONSETOGW" env="test2" override="Password">eemsws123</com.gpscsp.updateproc.GPSCSP_Source_GW_UpdRespProc_MF>
<com.gpscsp.updateproc.GPSCSP_Source_GW_UpdRespProc_MF intServ="EEMSIIB_GPSCSP_RESPONSETOGW" env="test2" override="RetryCount">3</com.gpscsp.updateproc.GPSCSP_Source_GW_UpdRespProc_MF>
<com.gpscsp.updateproc.GPSCSP_Source_GW_UpdRespProc_MF intServ="EEMSIIB_GPSCSP_RESPONSETOGW" env="test2" override="webServiceURL">http://apsp8754:9088/GatewayPreprocCSPWeb/ws/procsrcupdtresp</com.gpscsp.updateproc.GPSCSP_Source_GW_UpdRespProc_MF>
<com.gpscsp.updateproc.GPSCSP_Source_GW_UpdRespProc_MF intServ="EEMSIIB_GPSCSP_RESPONSETOGW" env="test2" override="INQ">EEMSIIB.GPSCSP_UPDATE_RESPONSE_DATA</com.gpscsp.updateproc.GPSCSP_Source_GW_UpdRespProc_MF>
<com.gpscsp.updateproc.GPSCSP_Source_GW_UpdRespProc_MF intServ="EEMSIIB_GPSCSP_RESPONSETOGW" env="test2" override="BrkConfigKey">BRK_CONFIG</com.gpscsp.updateproc.GPSCSP_Source_GW_UpdRespProc_MF>
<com.gpscsp.updateproc.GPSCSP_Source_GW_UpdRespProc_MF intServ="EEMSIIB_GPSCSP_RESPONSETOGW" env="test2" override="SchemaName">ELECELIG</com.gpscsp.updateproc.GPSCSP_Source_GW_UpdRespProc_MF>
<com.gpscsp.updateproc.GPSCSP_Source_GW_UpdRespProc_MF intServ="EEMSIIB_GPSCSP_RESPONSETOGW" env="test2" override="GlobalCacheMap">GPSCSP_Common_Map</com.gpscsp.updateproc.GPSCSP_Source_GW_UpdRespProc_MF>
<com.gpscsp.updateproc.GPSCSP_Source_GW_UpdRespProc_MF intServ="EEMSIIB_GPSCSP_RESPONSETOGW" env="test2" override="CreateRequest.dataSource">E3CSP_DB</com.gpscsp.updateproc.GPSCSP_Source_GW_UpdRespProc_MF>
<com.gpscsp.updateproc.GPSCSP_Source_GW_UpdRespProc_MF intServ="EEMSIIB_GPSCSP_RESPONSETOGW" env="test2" override="ProcessResponse.dataSource">E3CSP_DB</com.gpscsp.updateproc.GPSCSP_Source_GW_UpdRespProc_MF>
<com.gpscsp.updateproc.GPSCSP_Source_GW_UpdRespProc_MF intServ="EEMSIIB_GPSCSP_RESPONSETOGW" env="test2" override="AuditQName">EEMSIIB.GPSCSP_COMMON_AUDITMESSAGE_DATA</com.gpscsp.updateproc.GPSCSP_Source_GW_UpdRespProc_MF>
<com.gpscsp.updateproc.GPSCSP_Source_GW_UpdRespProc_MF intServ="EEMSIIB_GPSCSP_RESPONSETOGW" env="test2" override="BECode">700</com.gpscsp.updateproc.GPSCSP_Source_GW_UpdRespProc_MF>
<com.gpscsp.updateproc.GPSCSP_Source_GW_UpdRespProc_MF intServ="EEMSIIB_GPSCSP_RESPONSETOGW" env="test2" override="ProjNumber">2</com.gpscsp.updateproc.GPSCSP_Source_GW_UpdRespProc_MF>
<com.gpscsp.updateproc.GPSCSP_Source_GW_UpdRespProc_MF intServ="EEMSIIB_GPSCSP_RESPONSETOGW" env="test2" override="EEMSIIB.GPSCSP_ERRORMESSAGE_DATA.queueName">EEMSIIB.GPSCSP_ERRORMESSAGE_DATA</com.gpscsp.updateproc.GPSCSP_Source_GW_UpdRespProc_MF>



<!--SIT Charlie-->
<gen.processSourceUpdate_processsourceupdateresponse_GPSCSP_SourceGW_MF intServ="EEMSIIB_GPSCSP_RESPONSETOGW" env="test-charlie" override="webServiceURL">http://apsrt3921.uhc.com:9082/GatewayPreprocCSPWeb/ws/procsrcupdtresp</gen.processSourceUpdate_processsourceupdateresponse_GPSCSP_SourceGW_MF>
<gen.processSourceUpdate_processsourceupdateresponse_GPSCSP_SourceGW_MF intServ="EEMSIIB_GPSCSP_RESPONSETOGW" env="test-charlie" override="Request.sslProtocol">TLS</gen.processSourceUpdate_processsourceupdateresponse_GPSCSP_SourceGW_MF>
<gen.processSourceUpdate_processsourceupdateresponse_GPSCSP_SourceGW_MF intServ="EEMSIIB_GPSCSP_RESPONSETOGW" env="test-charlie" override="Request.validateMaster">none</gen.processSourceUpdate_processsourceupdateresponse_GPSCSP_SourceGW_MF>
<com.gpscsp.updateproc.GPSCSP_Source_GW_UpdRespProc_MF intServ="EEMSIIB_GPSCSP_RESPONSETOGW" env="test-charlie" override="additionalInstances">5</com.gpscsp.updateproc.GPSCSP_Source_GW_UpdRespProc_MF>
<com.gpscsp.updateproc.GPSCSP_Source_GW_UpdRespProc_MF intServ="EEMSIIB_GPSCSP_RESPONSETOGW" env="test-charlie" override="Username">signFiles</com.gpscsp.updateproc.GPSCSP_Source_GW_UpdRespProc_MF>
<com.gpscsp.updateproc.GPSCSP_Source_GW_UpdRespProc_MF intServ="EEMSIIB_GPSCSP_RESPONSETOGW" env="test-charlie" override="Password">eemsws123</com.gpscsp.updateproc.GPSCSP_Source_GW_UpdRespProc_MF>
<com.gpscsp.updateproc.GPSCSP_Source_GW_UpdRespProc_MF intServ="EEMSIIB_GPSCSP_RESPONSETOGW" env="test-charlie" override="RetryCount">3</com.gpscsp.updateproc.GPSCSP_Source_GW_UpdRespProc_MF>
<com.gpscsp.updateproc.GPSCSP_Source_GW_UpdRespProc_MF intServ="EEMSIIB_GPSCSP_RESPONSETOGW" env="test-charlie" override="webServiceURL">http://apsrt3921.uhc.com:9082/GatewayPreprocCSPWeb/ws/procsrcupdtresp</com.gpscsp.updateproc.GPSCSP_Source_GW_UpdRespProc_MF>
<com.gpscsp.updateproc.GPSCSP_Source_GW_UpdRespProc_MF intServ="EEMSIIB_GPSCSP_RESPONSETOGW" env="test-charlie" override="INQ">EEMSIIB.GPSCSP_UPDATE_RESPONSE_DATA</com.gpscsp.updateproc.GPSCSP_Source_GW_UpdRespProc_MF>
<com.gpscsp.updateproc.GPSCSP_Source_GW_UpdRespProc_MF intServ="EEMSIIB_GPSCSP_RESPONSETOGW" env="test-charlie" override="BrkConfigKey">BRK_CONFIG</com.gpscsp.updateproc.GPSCSP_Source_GW_UpdRespProc_MF>
<com.gpscsp.updateproc.GPSCSP_Source_GW_UpdRespProc_MF intServ="EEMSIIB_GPSCSP_RESPONSETOGW" env="test-charlie" override="SchemaName">ELECELIG</com.gpscsp.updateproc.GPSCSP_Source_GW_UpdRespProc_MF>
<com.gpscsp.updateproc.GPSCSP_Source_GW_UpdRespProc_MF intServ="EEMSIIB_GPSCSP_RESPONSETOGW" env="test-charlie" override="GlobalCacheMap">GPSCSP_Common_Map</com.gpscsp.updateproc.GPSCSP_Source_GW_UpdRespProc_MF>
<com.gpscsp.updateproc.GPSCSP_Source_GW_UpdRespProc_MF intServ="EEMSIIB_GPSCSP_RESPONSETOGW" env="test-charlie" override="CreateRequest.dataSource">E3CSP_DB</com.gpscsp.updateproc.GPSCSP_Source_GW_UpdRespProc_MF>
<com.gpscsp.updateproc.GPSCSP_Source_GW_UpdRespProc_MF intServ="EEMSIIB_GPSCSP_RESPONSETOGW" env="test-charlie" override="ProcessResponse.dataSource">E3CSP_DB</com.gpscsp.updateproc.GPSCSP_Source_GW_UpdRespProc_MF>
<com.gpscsp.updateproc.GPSCSP_Source_GW_UpdRespProc_MF intServ="EEMSIIB_GPSCSP_RESPONSETOGW" env="test-charlie" override="AuditQName">EEMSIIB.GPSCSP_COMMON_AUDITMESSAGE_DATA</com.gpscsp.updateproc.GPSCSP_Source_GW_UpdRespProc_MF>
<com.gpscsp.updateproc.GPSCSP_Source_GW_UpdRespProc_MF intServ="EEMSIIB_GPSCSP_RESPONSETOGW" env="test-charlie" override="BECode">700</com.gpscsp.updateproc.GPSCSP_Source_GW_UpdRespProc_MF>
<com.gpscsp.updateproc.GPSCSP_Source_GW_UpdRespProc_MF intServ="EEMSIIB_GPSCSP_RESPONSETOGW" env="test-charlie" override="ProjNumber">2</com.gpscsp.updateproc.GPSCSP_Source_GW_UpdRespProc_MF>
<com.gpscsp.updateproc.GPSCSP_Source_GW_UpdRespProc_MF intServ="EEMSIIB_GPSCSP_RESPONSETOGW" env="test-charlie" override="EEMSIIB.GPSCSP_ERRORMESSAGE_DATA.queueName">EEMSIIB.GPSCSP_ERRORMESSAGE_DATA</com.gpscsp.updateproc.GPSCSP_Source_GW_UpdRespProc_MF>


<!--UAT-->
<gen.processSourceUpdate_processsourceupdateresponse_GPSCSP_SourceGW_MF intServ="EEMSIIB_GPSCSP_RESPONSETOGW" env="uat" override="webServiceURL">http://apsrt3039.uhc.com:9089/GatewayPreprocCSPWeb/ws/procsrcupdtresp</gen.processSourceUpdate_processsourceupdateresponse_GPSCSP_SourceGW_MF>
<gen.processSourceUpdate_processsourceupdateresponse_GPSCSP_SourceGW_MF intServ="EEMSIIB_GPSCSP_RESPONSETOGW" env="uat" override="Request.sslProtocol">TLS</gen.processSourceUpdate_processsourceupdateresponse_GPSCSP_SourceGW_MF>
<gen.processSourceUpdate_processsourceupdateresponse_GPSCSP_SourceGW_MF intServ="EEMSIIB_GPSCSP_RESPONSETOGW" env="uat" override="Request.validateMaster">none</gen.processSourceUpdate_processsourceupdateresponse_GPSCSP_SourceGW_MF>
<com.gpscsp.updateproc.GPSCSP_Source_GW_UpdRespProc_MF intServ="EEMSIIB_GPSCSP_RESPONSETOGW" env="uat" override="additionalInstances">5</com.gpscsp.updateproc.GPSCSP_Source_GW_UpdRespProc_MF>
<com.gpscsp.updateproc.GPSCSP_Source_GW_UpdRespProc_MF intServ="EEMSIIB_GPSCSP_RESPONSETOGW" env="uat" override="Username">signFiles</com.gpscsp.updateproc.GPSCSP_Source_GW_UpdRespProc_MF>
<com.gpscsp.updateproc.GPSCSP_Source_GW_UpdRespProc_MF intServ="EEMSIIB_GPSCSP_RESPONSETOGW" env="uat" override="Password">eemsws123</com.gpscsp.updateproc.GPSCSP_Source_GW_UpdRespProc_MF>
<com.gpscsp.updateproc.GPSCSP_Source_GW_UpdRespProc_MF intServ="EEMSIIB_GPSCSP_RESPONSETOGW" env="uat" override="RetryCount">3</com.gpscsp.updateproc.GPSCSP_Source_GW_UpdRespProc_MF>
<com.gpscsp.updateproc.GPSCSP_Source_GW_UpdRespProc_MF intServ="EEMSIIB_GPSCSP_RESPONSETOGW" env="uat" override="webServiceURL">http://apsrt3039.uhc.com:9089/GatewayPreprocCSPWeb/ws/procsrcupdtresp</com.gpscsp.updateproc.GPSCSP_Source_GW_UpdRespProc_MF>
<com.gpscsp.updateproc.GPSCSP_Source_GW_UpdRespProc_MF intServ="EEMSIIB_GPSCSP_RESPONSETOGW" env="uat" override="INQ">EEMSIIB.GPSCSP_UPDATE_RESPONSE_DATA</com.gpscsp.updateproc.GPSCSP_Source_GW_UpdRespProc_MF>
<com.gpscsp.updateproc.GPSCSP_Source_GW_UpdRespProc_MF intServ="EEMSIIB_GPSCSP_RESPONSETOGW" env="uat" override="BrkConfigKey">BRK_CONFIG</com.gpscsp.updateproc.GPSCSP_Source_GW_UpdRespProc_MF>
<com.gpscsp.updateproc.GPSCSP_Source_GW_UpdRespProc_MF intServ="EEMSIIB_GPSCSP_RESPONSETOGW" env="uat" override="SchemaName">ELECELIG</com.gpscsp.updateproc.GPSCSP_Source_GW_UpdRespProc_MF>
<com.gpscsp.updateproc.GPSCSP_Source_GW_UpdRespProc_MF intServ="EEMSIIB_GPSCSP_RESPONSETOGW" env="uat" override="GlobalCacheMap">GPSCSP_Common_Map</com.gpscsp.updateproc.GPSCSP_Source_GW_UpdRespProc_MF>
<com.gpscsp.updateproc.GPSCSP_Source_GW_UpdRespProc_MF intServ="EEMSIIB_GPSCSP_RESPONSETOGW" env="uat" override="CreateRequest.dataSource">E3CSP_DB</com.gpscsp.updateproc.GPSCSP_Source_GW_UpdRespProc_MF>
<com.gpscsp.updateproc.GPSCSP_Source_GW_UpdRespProc_MF intServ="EEMSIIB_GPSCSP_RESPONSETOGW" env="uat" override="ProcessResponse.dataSource">E3CSP_DB</com.gpscsp.updateproc.GPSCSP_Source_GW_UpdRespProc_MF>
<com.gpscsp.updateproc.GPSCSP_Source_GW_UpdRespProc_MF intServ="EEMSIIB_GPSCSP_RESPONSETOGW" env="uat" override="AuditQName">EEMSIIB.GPSCSP_COMMON_AUDITMESSAGE_DATA</com.gpscsp.updateproc.GPSCSP_Source_GW_UpdRespProc_MF>
<com.gpscsp.updateproc.GPSCSP_Source_GW_UpdRespProc_MF intServ="EEMSIIB_GPSCSP_RESPONSETOGW" env="uat" override="BECode">700</com.gpscsp.updateproc.GPSCSP_Source_GW_UpdRespProc_MF>
<com.gpscsp.updateproc.GPSCSP_Source_GW_UpdRespProc_MF intServ="EEMSIIB_GPSCSP_RESPONSETOGW" env="uat" override="ProjNumber">2</com.gpscsp.updateproc.GPSCSP_Source_GW_UpdRespProc_MF>
<com.gpscsp.updateproc.GPSCSP_Source_GW_UpdRespProc_MF intServ="EEMSIIB_GPSCSP_RESPONSETOGW" env="uat" override="EEMSIIB.GPSCSP_ERRORMESSAGE_DATA.queueName">EEMSIIB.GPSCSP_ERRORMESSAGE_DATA</com.gpscsp.updateproc.GPSCSP_Source_GW_UpdRespProc_MF>


<!--UAT Bravo-->
<gen.processSourceUpdate_processsourceupdateresponse_GPSCSP_SourceGW_MF intServ="EEMSIIB_GPSCSP_RESPONSETOGW" env="uat-bravo" override="webServiceURL">http://apsrt3363:9088/GatewayPreprocCSPWeb/ws/procsrcupdtresp</gen.processSourceUpdate_processsourceupdateresponse_GPSCSP_SourceGW_MF>
<gen.processSourceUpdate_processsourceupdateresponse_GPSCSP_SourceGW_MF intServ="EEMSIIB_GPSCSP_RESPONSETOGW" env="uat-bravo" override="Request.sslProtocol">TLS</gen.processSourceUpdate_processsourceupdateresponse_GPSCSP_SourceGW_MF>
<gen.processSourceUpdate_processsourceupdateresponse_GPSCSP_SourceGW_MF intServ="EEMSIIB_GPSCSP_RESPONSETOGW" env="uat-bravo" override="Request.validateMaster">none</gen.processSourceUpdate_processsourceupdateresponse_GPSCSP_SourceGW_MF>
<com.gpscsp.updateproc.GPSCSP_Source_GW_UpdRespProc_MF intServ="EEMSIIB_GPSCSP_RESPONSETOGW" env="uat-bravo" override="additionalInstances">5</com.gpscsp.updateproc.GPSCSP_Source_GW_UpdRespProc_MF>
<com.gpscsp.updateproc.GPSCSP_Source_GW_UpdRespProc_MF intServ="EEMSIIB_GPSCSP_RESPONSETOGW" env="uat-bravo" override="Username">signFiles</com.gpscsp.updateproc.GPSCSP_Source_GW_UpdRespProc_MF>
<com.gpscsp.updateproc.GPSCSP_Source_GW_UpdRespProc_MF intServ="EEMSIIB_GPSCSP_RESPONSETOGW" env="uat-bravo" override="Password">eemsws123</com.gpscsp.updateproc.GPSCSP_Source_GW_UpdRespProc_MF>
<com.gpscsp.updateproc.GPSCSP_Source_GW_UpdRespProc_MF intServ="EEMSIIB_GPSCSP_RESPONSETOGW" env="uat-bravo" override="RetryCount">3</com.gpscsp.updateproc.GPSCSP_Source_GW_UpdRespProc_MF>
<com.gpscsp.updateproc.GPSCSP_Source_GW_UpdRespProc_MF intServ="EEMSIIB_GPSCSP_RESPONSETOGW" env="uat-bravo" override="webServiceURL">http://apsrt3363:9088/GatewayPreprocCSPWeb/ws/procsrcupdtresp</com.gpscsp.updateproc.GPSCSP_Source_GW_UpdRespProc_MF>
<com.gpscsp.updateproc.GPSCSP_Source_GW_UpdRespProc_MF intServ="EEMSIIB_GPSCSP_RESPONSETOGW" env="uat-bravo" override="INQ">EEMSIIB.GPSCSP_UPDATE_RESPONSE_DATA</com.gpscsp.updateproc.GPSCSP_Source_GW_UpdRespProc_MF>
<com.gpscsp.updateproc.GPSCSP_Source_GW_UpdRespProc_MF intServ="EEMSIIB_GPSCSP_RESPONSETOGW" env="uat-bravo" override="BrkConfigKey">BRK_CONFIG</com.gpscsp.updateproc.GPSCSP_Source_GW_UpdRespProc_MF>
<com.gpscsp.updateproc.GPSCSP_Source_GW_UpdRespProc_MF intServ="EEMSIIB_GPSCSP_RESPONSETOGW" env="uat-bravo" override="SchemaName">ELECELIG</com.gpscsp.updateproc.GPSCSP_Source_GW_UpdRespProc_MF>
<com.gpscsp.updateproc.GPSCSP_Source_GW_UpdRespProc_MF intServ="EEMSIIB_GPSCSP_RESPONSETOGW" env="uat-bravo" override="GlobalCacheMap">GPSCSP_Common_Map</com.gpscsp.updateproc.GPSCSP_Source_GW_UpdRespProc_MF>
<com.gpscsp.updateproc.GPSCSP_Source_GW_UpdRespProc_MF intServ="EEMSIIB_GPSCSP_RESPONSETOGW" env="uat-bravo" override="CreateRequest.dataSource">E3CSP_DB</com.gpscsp.updateproc.GPSCSP_Source_GW_UpdRespProc_MF>
<com.gpscsp.updateproc.GPSCSP_Source_GW_UpdRespProc_MF intServ="EEMSIIB_GPSCSP_RESPONSETOGW" env="uat-bravo" override="ProcessResponse.dataSource">E3CSP_DB</com.gpscsp.updateproc.GPSCSP_Source_GW_UpdRespProc_MF>
<com.gpscsp.updateproc.GPSCSP_Source_GW_UpdRespProc_MF intServ="EEMSIIB_GPSCSP_RESPONSETOGW" env="uat-bravo" override="AuditQName">EEMSIIB.GPSCSP_COMMON_AUDITMESSAGE_DATA</com.gpscsp.updateproc.GPSCSP_Source_GW_UpdRespProc_MF>
<com.gpscsp.updateproc.GPSCSP_Source_GW_UpdRespProc_MF intServ="EEMSIIB_GPSCSP_RESPONSETOGW" env="uat-bravo" override="BECode">700</com.gpscsp.updateproc.GPSCSP_Source_GW_UpdRespProc_MF>
<com.gpscsp.updateproc.GPSCSP_Source_GW_UpdRespProc_MF intServ="EEMSIIB_GPSCSP_RESPONSETOGW" env="uat-bravo" override="ProjNumber">2</com.gpscsp.updateproc.GPSCSP_Source_GW_UpdRespProc_MF>
<com.gpscsp.updateproc.GPSCSP_Source_GW_UpdRespProc_MF intServ="EEMSIIB_GPSCSP_RESPONSETOGW" env="uat-bravo" override="EEMSIIB.GPSCSP_ERRORMESSAGE_DATA.queueName">EEMSIIB.GPSCSP_ERRORMESSAGE_DATA</com.gpscsp.updateproc.GPSCSP_Source_GW_UpdRespProc_MF>


<!--UAT Charlie-->
<gen.processSourceUpdate_processsourceupdateresponse_GPSCSP_SourceGW_MF intServ="EEMSIIB_GPSCSP_RESPONSETOGW" env="uat-charlie" override="webServiceURL">http://apsrt3948:9082/GatewayPreprocCSPWeb/ws/procsrcupdtresp</gen.processSourceUpdate_processsourceupdateresponse_GPSCSP_SourceGW_MF>
<gen.processSourceUpdate_processsourceupdateresponse_GPSCSP_SourceGW_MF intServ="EEMSIIB_GPSCSP_RESPONSETOGW" env="uat-charlie" override="Request.sslProtocol">TLS</gen.processSourceUpdate_processsourceupdateresponse_GPSCSP_SourceGW_MF>
<gen.processSourceUpdate_processsourceupdateresponse_GPSCSP_SourceGW_MF intServ="EEMSIIB_GPSCSP_RESPONSETOGW" env="uat-charlie" override="Request.validateMaster">none</gen.processSourceUpdate_processsourceupdateresponse_GPSCSP_SourceGW_MF>
<com.gpscsp.updateproc.GPSCSP_Source_GW_UpdRespProc_MF intServ="EEMSIIB_GPSCSP_RESPONSETOGW" env="uat-charlie" override="additionalInstances">5</com.gpscsp.updateproc.GPSCSP_Source_GW_UpdRespProc_MF>
<com.gpscsp.updateproc.GPSCSP_Source_GW_UpdRespProc_MF intServ="EEMSIIB_GPSCSP_RESPONSETOGW" env="uat-charlie" override="Username">signFiles</com.gpscsp.updateproc.GPSCSP_Source_GW_UpdRespProc_MF>
<com.gpscsp.updateproc.GPSCSP_Source_GW_UpdRespProc_MF intServ="EEMSIIB_GPSCSP_RESPONSETOGW" env="uat-charlie" override="Password">eemsws123</com.gpscsp.updateproc.GPSCSP_Source_GW_UpdRespProc_MF>
<com.gpscsp.updateproc.GPSCSP_Source_GW_UpdRespProc_MF intServ="EEMSIIB_GPSCSP_RESPONSETOGW" env="uat-charlie" override="RetryCount">3</com.gpscsp.updateproc.GPSCSP_Source_GW_UpdRespProc_MF>
<com.gpscsp.updateproc.GPSCSP_Source_GW_UpdRespProc_MF intServ="EEMSIIB_GPSCSP_RESPONSETOGW" env="uat-charlie" override="webServiceURL">http://apsrt3948:9082/GatewayPreprocCSPWeb/ws/procsrcupdtresp</com.gpscsp.updateproc.GPSCSP_Source_GW_UpdRespProc_MF>
<com.gpscsp.updateproc.GPSCSP_Source_GW_UpdRespProc_MF intServ="EEMSIIB_GPSCSP_RESPONSETOGW" env="uat-charlie" override="INQ">EEMSIIB.GPSCSP_UPDATE_RESPONSE_DATA</com.gpscsp.updateproc.GPSCSP_Source_GW_UpdRespProc_MF>
<com.gpscsp.updateproc.GPSCSP_Source_GW_UpdRespProc_MF intServ="EEMSIIB_GPSCSP_RESPONSETOGW" env="uat-charlie" override="BrkConfigKey">BRK_CONFIG</com.gpscsp.updateproc.GPSCSP_Source_GW_UpdRespProc_MF>
<com.gpscsp.updateproc.GPSCSP_Source_GW_UpdRespProc_MF intServ="EEMSIIB_GPSCSP_RESPONSETOGW" env="uat-charlie" override="SchemaName">ELECELIG</com.gpscsp.updateproc.GPSCSP_Source_GW_UpdRespProc_MF>
<com.gpscsp.updateproc.GPSCSP_Source_GW_UpdRespProc_MF intServ="EEMSIIB_GPSCSP_RESPONSETOGW" env="uat-charlie" override="GlobalCacheMap">GPSCSP_Common_Map</com.gpscsp.updateproc.GPSCSP_Source_GW_UpdRespProc_MF>
<com.gpscsp.updateproc.GPSCSP_Source_GW_UpdRespProc_MF intServ="EEMSIIB_GPSCSP_RESPONSETOGW" env="uat-charlie" override="CreateRequest.dataSource">E3CSP_DB</com.gpscsp.updateproc.GPSCSP_Source_GW_UpdRespProc_MF>
<com.gpscsp.updateproc.GPSCSP_Source_GW_UpdRespProc_MF intServ="EEMSIIB_GPSCSP_RESPONSETOGW" env="uat-charlie" override="ProcessResponse.dataSource">E3CSP_DB</com.gpscsp.updateproc.GPSCSP_Source_GW_UpdRespProc_MF>
<com.gpscsp.updateproc.GPSCSP_Source_GW_UpdRespProc_MF intServ="EEMSIIB_GPSCSP_RESPONSETOGW" env="uat-charlie" override="AuditQName">EEMSIIB.GPSCSP_COMMON_AUDITMESSAGE_DATA</com.gpscsp.updateproc.GPSCSP_Source_GW_UpdRespProc_MF>
<com.gpscsp.updateproc.GPSCSP_Source_GW_UpdRespProc_MF intServ="EEMSIIB_GPSCSP_RESPONSETOGW" env="uat-charlie" override="BECode">700</com.gpscsp.updateproc.GPSCSP_Source_GW_UpdRespProc_MF>
<com.gpscsp.updateproc.GPSCSP_Source_GW_UpdRespProc_MF intServ="EEMSIIB_GPSCSP_RESPONSETOGW" env="uat-charlie" override="ProjNumber">2</com.gpscsp.updateproc.GPSCSP_Source_GW_UpdRespProc_MF>
<com.gpscsp.updateproc.GPSCSP_Source_GW_UpdRespProc_MF intServ="EEMSIIB_GPSCSP_RESPONSETOGW" env="uat-charlie" override="EEMSIIB.GPSCSP_ERRORMESSAGE_DATA.queueName">EEMSIIB.GPSCSP_ERRORMESSAGE_DATA</com.gpscsp.updateproc.GPSCSP_Source_GW_UpdRespProc_MF>


<!--STAGE-->
<gen.processSourceUpdate_processsourceupdateresponse_GPSCSP_SourceGW_MF intServ="EEMSIIB_GPSCSP_RESPONSETOGW" env="stage" override="webServiceURL">http://apsrs4508.uhc.com:9088/GatewayPreprocCSPWeb/ws/procsrcupdtresp</gen.processSourceUpdate_processsourceupdateresponse_GPSCSP_SourceGW_MF>
<gen.processSourceUpdate_processsourceupdateresponse_GPSCSP_SourceGW_MF intServ="EEMSIIB_GPSCSP_RESPONSETOGW" env="stage" override="Request.sslProtocol">TLS</gen.processSourceUpdate_processsourceupdateresponse_GPSCSP_SourceGW_MF>
<gen.processSourceUpdate_processsourceupdateresponse_GPSCSP_SourceGW_MF intServ="EEMSIIB_GPSCSP_RESPONSETOGW" env="stage" override="Request.validateMaster">none</gen.processSourceUpdate_processsourceupdateresponse_GPSCSP_SourceGW_MF>
<com.gpscsp.updateproc.GPSCSP_Source_GW_UpdRespProc_MF intServ="EEMSIIB_GPSCSP_RESPONSETOGW" env="stage" override="additionalInstances">5</com.gpscsp.updateproc.GPSCSP_Source_GW_UpdRespProc_MF>
<com.gpscsp.updateproc.GPSCSP_Source_GW_UpdRespProc_MF intServ="EEMSIIB_GPSCSP_RESPONSETOGW" env="stage" override="Username">gwsvcusr</com.gpscsp.updateproc.GPSCSP_Source_GW_UpdRespProc_MF>
<com.gpscsp.updateproc.GPSCSP_Source_GW_UpdRespProc_MF intServ="EEMSIIB_GPSCSP_RESPONSETOGW" env="stage" override="Password">eemsws!$</com.gpscsp.updateproc.GPSCSP_Source_GW_UpdRespProc_MF>
<com.gpscsp.updateproc.GPSCSP_Source_GW_UpdRespProc_MF intServ="EEMSIIB_GPSCSP_RESPONSETOGW" env="stage" override="RetryCount">3</com.gpscsp.updateproc.GPSCSP_Source_GW_UpdRespProc_MF>
<com.gpscsp.updateproc.GPSCSP_Source_GW_UpdRespProc_MF intServ="EEMSIIB_GPSCSP_RESPONSETOGW" env="stage" override="webServiceURL">http://apsrs4508.uhc.com:9088/GatewayPreprocCSPWeb/ws/procsrcupdtresp</com.gpscsp.updateproc.GPSCSP_Source_GW_UpdRespProc_MF>
<com.gpscsp.updateproc.GPSCSP_Source_GW_UpdRespProc_MF intServ="EEMSIIB_GPSCSP_RESPONSETOGW" env="stage" override="INQ">EEMSIIB.GPSCSP_UPDATE_RESPONSE_DATA</com.gpscsp.updateproc.GPSCSP_Source_GW_UpdRespProc_MF>
<com.gpscsp.updateproc.GPSCSP_Source_GW_UpdRespProc_MF intServ="EEMSIIB_GPSCSP_RESPONSETOGW" env="stage" override="BrkConfigKey">BRK_CONFIG</com.gpscsp.updateproc.GPSCSP_Source_GW_UpdRespProc_MF>
<com.gpscsp.updateproc.GPSCSP_Source_GW_UpdRespProc_MF intServ="EEMSIIB_GPSCSP_RESPONSETOGW" env="stage" override="SchemaName">ELECELIG</com.gpscsp.updateproc.GPSCSP_Source_GW_UpdRespProc_MF>
<com.gpscsp.updateproc.GPSCSP_Source_GW_UpdRespProc_MF intServ="EEMSIIB_GPSCSP_RESPONSETOGW" env="stage" override="GlobalCacheMap">GPSCSP_Common_Map</com.gpscsp.updateproc.GPSCSP_Source_GW_UpdRespProc_MF>
<com.gpscsp.updateproc.GPSCSP_Source_GW_UpdRespProc_MF intServ="EEMSIIB_GPSCSP_RESPONSETOGW" env="stage" override="CreateRequest.dataSource">E3CSP_DB</com.gpscsp.updateproc.GPSCSP_Source_GW_UpdRespProc_MF>
<com.gpscsp.updateproc.GPSCSP_Source_GW_UpdRespProc_MF intServ="EEMSIIB_GPSCSP_RESPONSETOGW" env="stage" override="ProcessResponse.dataSource">E3CSP_DB</com.gpscsp.updateproc.GPSCSP_Source_GW_UpdRespProc_MF>
<com.gpscsp.updateproc.GPSCSP_Source_GW_UpdRespProc_MF intServ="EEMSIIB_GPSCSP_RESPONSETOGW" env="stage" override="AuditQName">EEMSIIB.GPSCSP_COMMON_AUDITMESSAGE_DATA</com.gpscsp.updateproc.GPSCSP_Source_GW_UpdRespProc_MF>
<com.gpscsp.updateproc.GPSCSP_Source_GW_UpdRespProc_MF intServ="EEMSIIB_GPSCSP_RESPONSETOGW" env="stage" override="BECode">700</com.gpscsp.updateproc.GPSCSP_Source_GW_UpdRespProc_MF>
<com.gpscsp.updateproc.GPSCSP_Source_GW_UpdRespProc_MF intServ="EEMSIIB_GPSCSP_RESPONSETOGW" env="stage" override="ProjNumber">2</com.gpscsp.updateproc.GPSCSP_Source_GW_UpdRespProc_MF>
<com.gpscsp.updateproc.GPSCSP_Source_GW_UpdRespProc_MF intServ="EEMSIIB_GPSCSP_RESPONSETOGW" env="stage" override="EEMSIIB.GPSCSP_ERRORMESSAGE_DATA.queueName">EEMSIIB.GPSCSP_ERRORMESSAGE_DATA</com.gpscsp.updateproc.GPSCSP_Source_GW_UpdRespProc_MF>

<!--ADOPT-->
<gen.processSourceUpdate_processsourceupdateresponse_GPSCSP_SourceGW_MF intServ="EEMSIIB_GPSCSP_RESPONSETOGW" env="adopt" override="webServiceURL">http://apsrp8494.uhc.com:9088/GatewayPreprocCSPWeb/ws/procsrcupdtresp</gen.processSourceUpdate_processsourceupdateresponse_GPSCSP_SourceGW_MF>
<gen.processSourceUpdate_processsourceupdateresponse_GPSCSP_SourceGW_MF intServ="EEMSIIB_GPSCSP_RESPONSETOGW" env="adopt" override="Request.sslProtocol">TLS</gen.processSourceUpdate_processsourceupdateresponse_GPSCSP_SourceGW_MF>
<gen.processSourceUpdate_processsourceupdateresponse_GPSCSP_SourceGW_MF intServ="EEMSIIB_GPSCSP_RESPONSETOGW" env="adopt" override="Request.validateMaster">none</gen.processSourceUpdate_processsourceupdateresponse_GPSCSP_SourceGW_MF>
<com.gpscsp.updateproc.GPSCSP_Source_GW_UpdRespProc_MF intServ="EEMSIIB_GPSCSP_RESPONSETOGW" env="adopt" override="additionalInstances">5</com.gpscsp.updateproc.GPSCSP_Source_GW_UpdRespProc_MF>
<com.gpscsp.updateproc.GPSCSP_Source_GW_UpdRespProc_MF intServ="EEMSIIB_GPSCSP_RESPONSETOGW" env="adopt" override="Username">gwsvcusr</com.gpscsp.updateproc.GPSCSP_Source_GW_UpdRespProc_MF>
<com.gpscsp.updateproc.GPSCSP_Source_GW_UpdRespProc_MF intServ="EEMSIIB_GPSCSP_RESPONSETOGW" env="adopt" override="Password">eemsws!2$</com.gpscsp.updateproc.GPSCSP_Source_GW_UpdRespProc_MF>
<com.gpscsp.updateproc.GPSCSP_Source_GW_UpdRespProc_MF intServ="EEMSIIB_GPSCSP_RESPONSETOGW" env="adopt" override="RetryCount">3</com.gpscsp.updateproc.GPSCSP_Source_GW_UpdRespProc_MF>
<com.gpscsp.updateproc.GPSCSP_Source_GW_UpdRespProc_MF intServ="EEMSIIB_GPSCSP_RESPONSETOGW" env="adopt" override="webServiceURL">http://apsrp8494.uhc.com:9088/GatewayPreprocCSPWeb/ws/procsrcupdtresp</com.gpscsp.updateproc.GPSCSP_Source_GW_UpdRespProc_MF>
<com.gpscsp.updateproc.GPSCSP_Source_GW_UpdRespProc_MF intServ="EEMSIIB_GPSCSP_RESPONSETOGW" env="adopt" override="INQ">EEMSIIB.ADP.GPSCSP_UPDATE_RESPONSE_DATA</com.gpscsp.updateproc.GPSCSP_Source_GW_UpdRespProc_MF>
<com.gpscsp.updateproc.GPSCSP_Source_GW_UpdRespProc_MF intServ="EEMSIIB_GPSCSP_RESPONSETOGW" env="adopt" override="BrkConfigKey">BRK_CONFIG</com.gpscsp.updateproc.GPSCSP_Source_GW_UpdRespProc_MF>
<com.gpscsp.updateproc.GPSCSP_Source_GW_UpdRespProc_MF intServ="EEMSIIB_GPSCSP_RESPONSETOGW" env="adopt" override="SchemaName">ELECELIG</com.gpscsp.updateproc.GPSCSP_Source_GW_UpdRespProc_MF>
<com.gpscsp.updateproc.GPSCSP_Source_GW_UpdRespProc_MF intServ="EEMSIIB_GPSCSP_RESPONSETOGW" env="adopt" override="GlobalCacheMap">GPSCSP_Common_Map</com.gpscsp.updateproc.GPSCSP_Source_GW_UpdRespProc_MF>
<com.gpscsp.updateproc.GPSCSP_Source_GW_UpdRespProc_MF intServ="EEMSIIB_GPSCSP_RESPONSETOGW" env="adopt" override="CreateRequest.dataSource">E3CSP_DB</com.gpscsp.updateproc.GPSCSP_Source_GW_UpdRespProc_MF>
<com.gpscsp.updateproc.GPSCSP_Source_GW_UpdRespProc_MF intServ="EEMSIIB_GPSCSP_RESPONSETOGW" env="adopt" override="ProcessResponse.dataSource">E3CSP_DB</com.gpscsp.updateproc.GPSCSP_Source_GW_UpdRespProc_MF>
<com.gpscsp.updateproc.GPSCSP_Source_GW_UpdRespProc_MF intServ="EEMSIIB_GPSCSP_RESPONSETOGW" env="adopt" override="AuditQName">EEMSIIB.ADP.GPSCSP_COMMON_AUDITMESSAGE_DATA</com.gpscsp.updateproc.GPSCSP_Source_GW_UpdRespProc_MF>
<com.gpscsp.updateproc.GPSCSP_Source_GW_UpdRespProc_MF intServ="EEMSIIB_GPSCSP_RESPONSETOGW" env="adopt" override="BECode">700</com.gpscsp.updateproc.GPSCSP_Source_GW_UpdRespProc_MF>
<com.gpscsp.updateproc.GPSCSP_Source_GW_UpdRespProc_MF intServ="EEMSIIB_GPSCSP_RESPONSETOGW" env="adopt" override="ProjNumber">2</com.gpscsp.updateproc.GPSCSP_Source_GW_UpdRespProc_MF>
<com.gpscsp.updateproc.GPSCSP_Source_GW_UpdRespProc_MF intServ="EEMSIIB_GPSCSP_RESPONSETOGW" env="adopt" override="EEMSIIB.GPSCSP_ERRORMESSAGE_DATA.queueName">EEMSIIB.ADP.GPSCSP_ERRORMESSAGE_DATA</com.gpscsp.updateproc.GPSCSP_Source_GW_UpdRespProc_MF>

<!--PROD-->
<gen.processSourceUpdate_processsourceupdateresponse_GPSCSP_SourceGW_MF intServ="EEMSIIB_GPSCSP_RESPONSETOGW" env="prod" override="webServiceURL">http://apsrp8496.uhc.com:9088/GatewayPreprocCSPWeb/ws/procsrcupdtresp</gen.processSourceUpdate_processsourceupdateresponse_GPSCSP_SourceGW_MF>
<gen.processSourceUpdate_processsourceupdateresponse_GPSCSP_SourceGW_MF intServ="EEMSIIB_GPSCSP_RESPONSETOGW" env="prod" override="Request.sslProtocol">TLS</gen.processSourceUpdate_processsourceupdateresponse_GPSCSP_SourceGW_MF>
<gen.processSourceUpdate_processsourceupdateresponse_GPSCSP_SourceGW_MF intServ="EEMSIIB_GPSCSP_RESPONSETOGW" env="prod" override="Request.validateMaster">none</gen.processSourceUpdate_processsourceupdateresponse_GPSCSP_SourceGW_MF>
<com.gpscsp.updateproc.GPSCSP_Source_GW_UpdRespProc_MF intServ="EEMSIIB_GPSCSP_RESPONSETOGW" env="prod" override="additionalInstances">5</com.gpscsp.updateproc.GPSCSP_Source_GW_UpdRespProc_MF>
<com.gpscsp.updateproc.GPSCSP_Source_GW_UpdRespProc_MF intServ="EEMSIIB_GPSCSP_RESPONSETOGW" env="prod" override="Username">gwsvcusr</com.gpscsp.updateproc.GPSCSP_Source_GW_UpdRespProc_MF>
<com.gpscsp.updateproc.GPSCSP_Source_GW_UpdRespProc_MF intServ="EEMSIIB_GPSCSP_RESPONSETOGW" env="prod" override="Password">eemsws!2$4</com.gpscsp.updateproc.GPSCSP_Source_GW_UpdRespProc_MF>
<com.gpscsp.updateproc.GPSCSP_Source_GW_UpdRespProc_MF intServ="EEMSIIB_GPSCSP_RESPONSETOGW" env="prod" override="RetryCount">3</com.gpscsp.updateproc.GPSCSP_Source_GW_UpdRespProc_MF>
<com.gpscsp.updateproc.GPSCSP_Source_GW_UpdRespProc_MF intServ="EEMSIIB_GPSCSP_RESPONSETOGW" env="prod" override="webServiceURL">http://apsrp8496.uhc.com:9088/GatewayPreprocCSPWeb/ws/procsrcupdtresp</com.gpscsp.updateproc.GPSCSP_Source_GW_UpdRespProc_MF>
<com.gpscsp.updateproc.GPSCSP_Source_GW_UpdRespProc_MF intServ="EEMSIIB_GPSCSP_RESPONSETOGW" env="prod" override="INQ">EEMSIIB.GPSCSP_UPDATE_RESPONSE_DATA</com.gpscsp.updateproc.GPSCSP_Source_GW_UpdRespProc_MF>
<com.gpscsp.updateproc.GPSCSP_Source_GW_UpdRespProc_MF intServ="EEMSIIB_GPSCSP_RESPONSETOGW" env="prod" override="BrkConfigKey">BRK_CONFIG</com.gpscsp.updateproc.GPSCSP_Source_GW_UpdRespProc_MF>
<com.gpscsp.updateproc.GPSCSP_Source_GW_UpdRespProc_MF intServ="EEMSIIB_GPSCSP_RESPONSETOGW" env="prod" override="SchemaName">ELECELIG</com.gpscsp.updateproc.GPSCSP_Source_GW_UpdRespProc_MF>
<com.gpscsp.updateproc.GPSCSP_Source_GW_UpdRespProc_MF intServ="EEMSIIB_GPSCSP_RESPONSETOGW" env="prod" override="GlobalCacheMap">GPSCSP_Common_Map</com.gpscsp.updateproc.GPSCSP_Source_GW_UpdRespProc_MF>
<com.gpscsp.updateproc.GPSCSP_Source_GW_UpdRespProc_MF intServ="EEMSIIB_GPSCSP_RESPONSETOGW" env="prod" override="CreateRequest.dataSource">E3CSP_DB</com.gpscsp.updateproc.GPSCSP_Source_GW_UpdRespProc_MF>
<com.gpscsp.updateproc.GPSCSP_Source_GW_UpdRespProc_MF intServ="EEMSIIB_GPSCSP_RESPONSETOGW" env="prod" override="ProcessResponse.dataSource">E3CSP_DB</com.gpscsp.updateproc.GPSCSP_Source_GW_UpdRespProc_MF>
<com.gpscsp.updateproc.GPSCSP_Source_GW_UpdRespProc_MF intServ="EEMSIIB_GPSCSP_RESPONSETOGW" env="prod" override="AuditQName">EEMSIIB.GPSCSP_COMMON_AUDITMESSAGE_DATA</com.gpscsp.updateproc.GPSCSP_Source_GW_UpdRespProc_MF>
<com.gpscsp.updateproc.GPSCSP_Source_GW_UpdRespProc_MF intServ="EEMSIIB_GPSCSP_RESPONSETOGW" env="prod" override="BECode">700</com.gpscsp.updateproc.GPSCSP_Source_GW_UpdRespProc_MF>
<com.gpscsp.updateproc.GPSCSP_Source_GW_UpdRespProc_MF intServ="EEMSIIB_GPSCSP_RESPONSETOGW" env="prod" override="ProjNumber">2</com.gpscsp.updateproc.GPSCSP_Source_GW_UpdRespProc_MF>
<com.gpscsp.updateproc.GPSCSP_Source_GW_UpdRespProc_MF intServ="EEMSIIB_GPSCSP_RESPONSETOGW" env="prod" override="EEMSIIB.GPSCSP_ERRORMESSAGE_DATA.queueName">EEMSIIB.GPSCSP_ERRORMESSAGE_DATA</com.gpscsp.updateproc.GPSCSP_Source_GW_UpdRespProc_MF>

</Broker>