<?xml version="1.0" encoding="UTF-8"?>
<Broker>
<!--DEV-->
<com.eems.inflight.InflightPriority_QueueBrowse_MF intServ="EEMSIIB_GPS_COMMON_CONFIG" env="dev" override="additionalInstances">4</com.eems.inflight.InflightPriority_QueueBrowse_MF>
<com.eems.inflight.InflightPriority_QueueBrowse_MF intServ="EEMSIIB_GPS_COMMON_CONFIG" env="dev" override="PriorityMap">EEMS_Priority_Map</com.eems.inflight.InflightPriority_QueueBrowse_MF>
<com.eems.inflight.InflightPriority_QueueBrowse_MF intServ="EEMSIIB_GPS_COMMON_CONFIG" env="dev" override="PriorityKey">INFLIGHT_CACHE</com.eems.inflight.InflightPriority_QueueBrowse_MF>
<com.eems.inflight.InflightPriority_QueueBrowse_MF intServ="EEMSIIB_GPS_COMMON_CONFIG" env="dev" override="BrkConfigKey">BRK_CONFIG</com.eems.inflight.InflightPriority_QueueBrowse_MF>
<com.eems.inflight.InflightPriority_QueueBrowse_MF intServ="EEMSIIB_GPS_COMMON_CONFIG" env="dev" override="varGCMapName">BE128_Common_Map</com.eems.inflight.InflightPriority_QueueBrowse_MF>
<com.eems.inflight.InflightPriority_QueueBrowse_MF intServ="EEMSIIB_GPS_COMMON_CONFIG" env="dev" override="Common_ExceptionHandling_SF.ProjNumber">1</com.eems.inflight.InflightPriority_QueueBrowse_MF>
<com.eems.inflight.InflightPriority_QueueBrowse_MF intServ="EEMSIIB_GPS_COMMON_CONFIG" env="dev" override="Common_ExceptionHandling_SF.BECode">128</com.eems.inflight.InflightPriority_QueueBrowse_MF>
<com.eems.inflight.InflightPriority_QueueBrowse_MF intServ="EEMSIIB_GPS_COMMON_CONFIG" env="dev" override="EEMSIIB.ERRORMESSAGE_DATA.queueName">EEMSIIB.ERRORMESSAGE_DATA</com.eems.inflight.InflightPriority_QueueBrowse_MF>
<com.eems.inflight.InflightPriority_QueueBrowse_MF intServ="EEMSIIB_GPS_COMMON_CONFIG" env="dev" override="Common_AuditInMessage_SF.queueName">EEMSIIB.COMMON_AUDITMESSAGE_DATA</com.eems.inflight.InflightPriority_QueueBrowse_MF>
<com.eems.inflight.InflightPriority_QueueBrowse_MF intServ="EEMSIIB_GPS_COMMON_CONFIG" env="dev" override="InTriggerQueue">EEMSIIB.INFLIGHT_QUEUEBROWSE_TRIGGER_IN</com.eems.inflight.InflightPriority_QueueBrowse_MF>
<com.eems.inflight.InflightPriority_QueueBrowse_MF intServ="EEMSIIB_GPS_COMMON_CONFIG" env="dev" override="ReadTriggerQueue">EEMSIIB.INFLIGHT_QUEUEREAD_TRIGGER_IN</com.eems.inflight.InflightPriority_QueueBrowse_MF>
<com.eems.inflight.InflightPriority_QueueBrowse_MF intServ="EEMSIIB_GPS_COMMON_CONFIG" env="dev" override="ApplicationName">EEMS_InflightPriority_QueueBrowse_APP</com.eems.inflight.InflightPriority_QueueBrowse_MF>

<com.eems.inflight.InflightPriority_QueueRead_MF intServ="EEMSIIB_GPS_COMMON_CONFIG" env="dev" override="additionalInstances">4</com.eems.inflight.InflightPriority_QueueRead_MF>
<com.eems.inflight.InflightPriority_QueueRead_MF intServ="EEMSIIB_GPS_COMMON_CONFIG" env="dev" override="SchemaName1">ELECELIG</com.eems.inflight.InflightPriority_QueueRead_MF>
<com.eems.inflight.InflightPriority_QueueRead_MF intServ="EEMSIIB_GPS_COMMON_CONFIG" env="dev" override="PriorityMap1">EEMS_Priority_Map</com.eems.inflight.InflightPriority_QueueRead_MF>
<com.eems.inflight.InflightPriority_QueueRead_MF intServ="EEMSIIB_GPS_COMMON_CONFIG" env="dev" override="PriorityKey1">INFLIGHT_CACHE</com.eems.inflight.InflightPriority_QueueRead_MF>
<com.eems.inflight.InflightPriority_QueueRead_MF intServ="EEMSIIB_GPS_COMMON_CONFIG" env="dev" override="BrkConfigKey1">BRK_CONFIG</com.eems.inflight.InflightPriority_QueueRead_MF>
<com.eems.inflight.InflightPriority_QueueRead_MF intServ="EEMSIIB_GPS_COMMON_CONFIG" env="dev" override="varGCMapName1">BE128_Common_Map</com.eems.inflight.InflightPriority_QueueRead_MF>
<com.eems.inflight.InflightPriority_QueueRead_MF intServ="EEMSIIB_GPS_COMMON_CONFIG" env="dev" override="Common_ExceptionHandling_SF.ProjNumber">1</com.eems.inflight.InflightPriority_QueueRead_MF>
<com.eems.inflight.InflightPriority_QueueRead_MF intServ="EEMSIIB_GPS_COMMON_CONFIG" env="dev" override="Common_ExceptionHandling_SF.BECode">128</com.eems.inflight.InflightPriority_QueueRead_MF>
<com.eems.inflight.InflightPriority_QueueRead_MF intServ="EEMSIIB_GPS_COMMON_CONFIG" env="dev" override="EEMSIIB.ERRORMESSAGE_DATA.queueName">EEMSIIB.ERRORMESSAGE_DATA</com.eems.inflight.InflightPriority_QueueRead_MF>
<com.eems.inflight.InflightPriority_QueueRead_MF intServ="EEMSIIB_GPS_COMMON_CONFIG" env="dev" override="Common_AuditInMessage_SF.queueName">EEMSIIB.COMMON_AUDITMESSAGE_DATA</com.eems.inflight.InflightPriority_QueueRead_MF>
<com.eems.inflight.InflightPriority_QueueRead_MF intServ="EEMSIIB_GPS_COMMON_CONFIG" env="dev" override="TriggerQueue">EEMSIIB.INFLIGHT_QUEUEREAD_TRIGGER_IN</com.eems.inflight.InflightPriority_QueueRead_MF>

<!--SIT -->
<com.eems.inflight.InflightPriority_QueueBrowse_MF intServ="EEMSIIB_GPS_COMMON_CONFIG" env="test" override="additionalInstances">4</com.eems.inflight.InflightPriority_QueueBrowse_MF>
<com.eems.inflight.InflightPriority_QueueBrowse_MF intServ="EEMSIIB_GPS_COMMON_CONFIG" env="test" override="PriorityMap">EEMS_Priority_Map</com.eems.inflight.InflightPriority_QueueBrowse_MF>
<com.eems.inflight.InflightPriority_QueueBrowse_MF intServ="EEMSIIB_GPS_COMMON_CONFIG" env="test" override="PriorityKey">INFLIGHT_CACHE</com.eems.inflight.InflightPriority_QueueBrowse_MF>
<com.eems.inflight.InflightPriority_QueueBrowse_MF intServ="EEMSIIB_GPS_COMMON_CONFIG" env="test" override="BrkConfigKey">BRK_CONFIG</com.eems.inflight.InflightPriority_QueueBrowse_MF>
<com.eems.inflight.InflightPriority_QueueBrowse_MF intServ="EEMSIIB_GPS_COMMON_CONFIG" env="test" override="varGCMapName">BE128_Common_Map</com.eems.inflight.InflightPriority_QueueBrowse_MF>
<com.eems.inflight.InflightPriority_QueueBrowse_MF intServ="EEMSIIB_GPS_COMMON_CONFIG" env="test" override="Common_ExceptionHandling_SF.ProjNumber">1</com.eems.inflight.InflightPriority_QueueBrowse_MF>
<com.eems.inflight.InflightPriority_QueueBrowse_MF intServ="EEMSIIB_GPS_COMMON_CONFIG" env="test" override="Common_ExceptionHandling_SF.BECode">128</com.eems.inflight.InflightPriority_QueueBrowse_MF>
<com.eems.inflight.InflightPriority_QueueBrowse_MF intServ="EEMSIIB_GPS_COMMON_CONFIG" env="test" override="EEMSIIB.ERRORMESSAGE_DATA.queueName">EEMSIIB.ERRORMESSAGE_DATA</com.eems.inflight.InflightPriority_QueueBrowse_MF>
<com.eems.inflight.InflightPriority_QueueBrowse_MF intServ="EEMSIIB_GPS_COMMON_CONFIG" env="test" override="Common_AuditInMessage_SF.queueName">EEMSIIB.COMMON_AUDITMESSAGE_DATA</com.eems.inflight.InflightPriority_QueueBrowse_MF>
<com.eems.inflight.InflightPriority_QueueBrowse_MF intServ="EEMSIIB_GPS_COMMON_CONFIG" env="test" override="InTriggerQueue">EEMSIIB.INFLIGHT_QUEUEBROWSE_TRIGGER_IN</com.eems.inflight.InflightPriority_QueueBrowse_MF>
<com.eems.inflight.InflightPriority_QueueBrowse_MF intServ="EEMSIIB_GPS_COMMON_CONFIG" env="test" override="ReadTriggerQueue">EEMSIIB.INFLIGHT_QUEUEREAD_TRIGGER_IN</com.eems.inflight.InflightPriority_QueueBrowse_MF>
<com.eems.inflight.InflightPriority_QueueBrowse_MF intServ="EEMSIIB_GPS_COMMON_CONFIG" env="test" override="ApplicationName">EEMS_InflightPriority_QueueBrowse_APP</com.eems.inflight.InflightPriority_QueueBrowse_MF>

<com.eems.inflight.InflightPriority_QueueRead_MF intServ="EEMSIIB_GPS_COMMON_CONFIG" env="test" override="additionalInstances">4</com.eems.inflight.InflightPriority_QueueRead_MF>
<com.eems.inflight.InflightPriority_QueueRead_MF intServ="EEMSIIB_GPS_COMMON_CONFIG" env="test" override="SchemaName1">ELECELIG</com.eems.inflight.InflightPriority_QueueRead_MF>
<com.eems.inflight.InflightPriority_QueueRead_MF intServ="EEMSIIB_GPS_COMMON_CONFIG" env="test" override="PriorityMap1">EEMS_Priority_Map</com.eems.inflight.InflightPriority_QueueRead_MF>
<com.eems.inflight.InflightPriority_QueueRead_MF intServ="EEMSIIB_GPS_COMMON_CONFIG" env="test" override="PriorityKey1">INFLIGHT_CACHE</com.eems.inflight.InflightPriority_QueueRead_MF>
<com.eems.inflight.InflightPriority_QueueRead_MF intServ="EEMSIIB_GPS_COMMON_CONFIG" env="test" override="BrkConfigKey1">BRK_CONFIG</com.eems.inflight.InflightPriority_QueueRead_MF>
<com.eems.inflight.InflightPriority_QueueRead_MF intServ="EEMSIIB_GPS_COMMON_CONFIG" env="test" override="varGCMapName1">BE128_Common_Map</com.eems.inflight.InflightPriority_QueueRead_MF>
<com.eems.inflight.InflightPriority_QueueRead_MF intServ="EEMSIIB_GPS_COMMON_CONFIG" env="test" override="Common_ExceptionHandling_SF.ProjNumber">1</com.eems.inflight.InflightPriority_QueueRead_MF>
<com.eems.inflight.InflightPriority_QueueRead_MF intServ="EEMSIIB_GPS_COMMON_CONFIG" env="test" override="Common_ExceptionHandling_SF.BECode">128</com.eems.inflight.InflightPriority_QueueRead_MF>
<com.eems.inflight.InflightPriority_QueueRead_MF intServ="EEMSIIB_GPS_COMMON_CONFIG" env="test" override="EEMSIIB.ERRORMESSAGE_DATA.queueName">EEMSIIB.ERRORMESSAGE_DATA</com.eems.inflight.InflightPriority_QueueRead_MF>
<com.eems.inflight.InflightPriority_QueueRead_MF intServ="EEMSIIB_GPS_COMMON_CONFIG" env="test" override="Common_AuditInMessage_SF.queueName">EEMSIIB.COMMON_AUDITMESSAGE_DATA</com.eems.inflight.InflightPriority_QueueRead_MF>
<com.eems.inflight.InflightPriority_QueueRead_MF intServ="EEMSIIB_GPS_COMMON_CONFIG" env="test" override="TriggerQueue">EEMSIIB.INFLIGHT_QUEUEREAD_TRIGGER_IN</com.eems.inflight.InflightPriority_QueueRead_MF>

<!--SIT Bravo-->
<com.eems.inflight.InflightPriority_QueueBrowse_MF intServ="EEMSIIB_GPS_COMMON_CONFIG" env="test2" override="additionalInstances">4</com.eems.inflight.InflightPriority_QueueBrowse_MF>
<com.eems.inflight.InflightPriority_QueueBrowse_MF intServ="EEMSIIB_GPS_COMMON_CONFIG" env="test2" override="PriorityMap">EEMS_Priority_Map</com.eems.inflight.InflightPriority_QueueBrowse_MF>
<com.eems.inflight.InflightPriority_QueueBrowse_MF intServ="EEMSIIB_GPS_COMMON_CONFIG" env="test2" override="PriorityKey">INFLIGHT_CACHE</com.eems.inflight.InflightPriority_QueueBrowse_MF>
<com.eems.inflight.InflightPriority_QueueBrowse_MF intServ="EEMSIIB_GPS_COMMON_CONFIG" env="test2" override="BrkConfigKey">BRK_CONFIG</com.eems.inflight.InflightPriority_QueueBrowse_MF>
<com.eems.inflight.InflightPriority_QueueBrowse_MF intServ="EEMSIIB_GPS_COMMON_CONFIG" env="test2" override="varGCMapName">BE128_Common_Map</com.eems.inflight.InflightPriority_QueueBrowse_MF>
<com.eems.inflight.InflightPriority_QueueBrowse_MF intServ="EEMSIIB_GPS_COMMON_CONFIG" env="test2" override="Common_ExceptionHandling_SF.ProjNumber">1</com.eems.inflight.InflightPriority_QueueBrowse_MF>
<com.eems.inflight.InflightPriority_QueueBrowse_MF intServ="EEMSIIB_GPS_COMMON_CONFIG" env="test2" override="Common_ExceptionHandling_SF.BECode">128</com.eems.inflight.InflightPriority_QueueBrowse_MF>
<com.eems.inflight.InflightPriority_QueueBrowse_MF intServ="EEMSIIB_GPS_COMMON_CONFIG" env="test2" override="EEMSIIB.ERRORMESSAGE_DATA.queueName">EEMSIIB.ERRORMESSAGE_DATA</com.eems.inflight.InflightPriority_QueueBrowse_MF>
<com.eems.inflight.InflightPriority_QueueBrowse_MF intServ="EEMSIIB_GPS_COMMON_CONFIG" env="test2" override="Common_AuditInMessage_SF.queueName">EEMSIIB.COMMON_AUDITMESSAGE_DATA</com.eems.inflight.InflightPriority_QueueBrowse_MF>
<com.eems.inflight.InflightPriority_QueueBrowse_MF intServ="EEMSIIB_GPS_COMMON_CONFIG" env="test2" override="InTriggerQueue">EEMSIIB.INFLIGHT_QUEUEBROWSE_TRIGGER_IN</com.eems.inflight.InflightPriority_QueueBrowse_MF>
<com.eems.inflight.InflightPriority_QueueBrowse_MF intServ="EEMSIIB_GPS_COMMON_CONFIG" env="test2" override="ReadTriggerQueue">EEMSIIB.INFLIGHT_QUEUEREAD_TRIGGER_IN</com.eems.inflight.InflightPriority_QueueBrowse_MF>
<com.eems.inflight.InflightPriority_QueueBrowse_MF intServ="EEMSIIB_GPS_COMMON_CONFIG" env="test2" override="ApplicationName">EEMS_InflightPriority_QueueBrowse_APP</com.eems.inflight.InflightPriority_QueueBrowse_MF>

<com.eems.inflight.InflightPriority_QueueRead_MF intServ="EEMSIIB_GPS_COMMON_CONFIG" env="test2" override="additionalInstances">4</com.eems.inflight.InflightPriority_QueueRead_MF>
<com.eems.inflight.InflightPriority_QueueRead_MF intServ="EEMSIIB_GPS_COMMON_CONFIG" env="test2" override="SchemaName1">ELECELIG</com.eems.inflight.InflightPriority_QueueRead_MF>
<com.eems.inflight.InflightPriority_QueueRead_MF intServ="EEMSIIB_GPS_COMMON_CONFIG" env="test2" override="PriorityMap1">EEMS_Priority_Map</com.eems.inflight.InflightPriority_QueueRead_MF>
<com.eems.inflight.InflightPriority_QueueRead_MF intServ="EEMSIIB_GPS_COMMON_CONFIG" env="test2" override="PriorityKey1">INFLIGHT_CACHE</com.eems.inflight.InflightPriority_QueueRead_MF>
<com.eems.inflight.InflightPriority_QueueRead_MF intServ="EEMSIIB_GPS_COMMON_CONFIG" env="test2" override="BrkConfigKey1">BRK_CONFIG</com.eems.inflight.InflightPriority_QueueRead_MF>
<com.eems.inflight.InflightPriority_QueueRead_MF intServ="EEMSIIB_GPS_COMMON_CONFIG" env="test2" override="varGCMapName1">BE128_Common_Map</com.eems.inflight.InflightPriority_QueueRead_MF>
<com.eems.inflight.InflightPriority_QueueRead_MF intServ="EEMSIIB_GPS_COMMON_CONFIG" env="test2" override="Common_ExceptionHandling_SF.ProjNumber">1</com.eems.inflight.InflightPriority_QueueRead_MF>
<com.eems.inflight.InflightPriority_QueueRead_MF intServ="EEMSIIB_GPS_COMMON_CONFIG" env="test2" override="Common_ExceptionHandling_SF.BECode">128</com.eems.inflight.InflightPriority_QueueRead_MF>
<com.eems.inflight.InflightPriority_QueueRead_MF intServ="EEMSIIB_GPS_COMMON_CONFIG" env="test2" override="EEMSIIB.ERRORMESSAGE_DATA.queueName">EEMSIIB.ERRORMESSAGE_DATA</com.eems.inflight.InflightPriority_QueueRead_MF>
<com.eems.inflight.InflightPriority_QueueRead_MF intServ="EEMSIIB_GPS_COMMON_CONFIG" env="test2" override="Common_AuditInMessage_SF.queueName">EEMSIIB.COMMON_AUDITMESSAGE_DATA</com.eems.inflight.InflightPriority_QueueRead_MF>
<com.eems.inflight.InflightPriority_QueueRead_MF intServ="EEMSIIB_GPS_COMMON_CONFIG" env="test2" override="TriggerQueue">EEMSIIB.INFLIGHT_QUEUEREAD_TRIGGER_IN</com.eems.inflight.InflightPriority_QueueRead_MF>

<!--UAT -->
<com.eems.inflight.InflightPriority_QueueBrowse_MF intServ="EEMSIIB_GPS_COMMON_CONFIG" env="uat" override="additionalInstances">4</com.eems.inflight.InflightPriority_QueueBrowse_MF>
<com.eems.inflight.InflightPriority_QueueBrowse_MF intServ="EEMSIIB_GPS_COMMON_CONFIG" env="uat" override="PriorityMap">EEMS_Priority_Map</com.eems.inflight.InflightPriority_QueueBrowse_MF>
<com.eems.inflight.InflightPriority_QueueBrowse_MF intServ="EEMSIIB_GPS_COMMON_CONFIG" env="uat" override="PriorityKey">INFLIGHT_CACHE</com.eems.inflight.InflightPriority_QueueBrowse_MF>
<com.eems.inflight.InflightPriority_QueueBrowse_MF intServ="EEMSIIB_GPS_COMMON_CONFIG" env="uat" override="BrkConfigKey">BRK_CONFIG</com.eems.inflight.InflightPriority_QueueBrowse_MF>
<com.eems.inflight.InflightPriority_QueueBrowse_MF intServ="EEMSIIB_GPS_COMMON_CONFIG" env="uat" override="varGCMapName">BE128_Common_Map</com.eems.inflight.InflightPriority_QueueBrowse_MF>
<com.eems.inflight.InflightPriority_QueueBrowse_MF intServ="EEMSIIB_GPS_COMMON_CONFIG" env="uat" override="Common_ExceptionHandling_SF.ProjNumber">1</com.eems.inflight.InflightPriority_QueueBrowse_MF>
<com.eems.inflight.InflightPriority_QueueBrowse_MF intServ="EEMSIIB_GPS_COMMON_CONFIG" env="uat" override="Common_ExceptionHandling_SF.BECode">128</com.eems.inflight.InflightPriority_QueueBrowse_MF>
<com.eems.inflight.InflightPriority_QueueBrowse_MF intServ="EEMSIIB_GPS_COMMON_CONFIG" env="uat" override="EEMSIIB.ERRORMESSAGE_DATA.queueName">EEMSIIB.ERRORMESSAGE_DATA</com.eems.inflight.InflightPriority_QueueBrowse_MF>
<com.eems.inflight.InflightPriority_QueueBrowse_MF intServ="EEMSIIB_GPS_COMMON_CONFIG" env="uat" override="Common_AuditInMessage_SF.queueName">EEMSIIB.COMMON_AUDITMESSAGE_DATA</com.eems.inflight.InflightPriority_QueueBrowse_MF>
<com.eems.inflight.InflightPriority_QueueBrowse_MF intServ="EEMSIIB_GPS_COMMON_CONFIG" env="uat" override="InTriggerQueue">EEMSIIB.INFLIGHT_QUEUEBROWSE_TRIGGER_IN</com.eems.inflight.InflightPriority_QueueBrowse_MF>
<com.eems.inflight.InflightPriority_QueueBrowse_MF intServ="EEMSIIB_GPS_COMMON_CONFIG" env="uat" override="ReadTriggerQueue">EEMSIIB.INFLIGHT_QUEUEREAD_TRIGGER_IN</com.eems.inflight.InflightPriority_QueueBrowse_MF>
<com.eems.inflight.InflightPriority_QueueBrowse_MF intServ="EEMSIIB_GPS_COMMON_CONFIG" env="uat" override="ApplicationName">EEMS_InflightPriority_QueueBrowse_APP</com.eems.inflight.InflightPriority_QueueBrowse_MF>

<com.eems.inflight.InflightPriority_QueueRead_MF intServ="EEMSIIB_GPS_COMMON_CONFIG" env="uat" override="additionalInstances">4</com.eems.inflight.InflightPriority_QueueRead_MF>
<com.eems.inflight.InflightPriority_QueueRead_MF intServ="EEMSIIB_GPS_COMMON_CONFIG" env="uat" override="SchemaName1">ELECELIG</com.eems.inflight.InflightPriority_QueueRead_MF>
<com.eems.inflight.InflightPriority_QueueRead_MF intServ="EEMSIIB_GPS_COMMON_CONFIG" env="uat" override="PriorityMap1">EEMS_Priority_Map</com.eems.inflight.InflightPriority_QueueRead_MF>
<com.eems.inflight.InflightPriority_QueueRead_MF intServ="EEMSIIB_GPS_COMMON_CONFIG" env="uat" override="PriorityKey1">INFLIGHT_CACHE</com.eems.inflight.InflightPriority_QueueRead_MF>
<com.eems.inflight.InflightPriority_QueueRead_MF intServ="EEMSIIB_GPS_COMMON_CONFIG" env="uat" override="BrkConfigKey1">BRK_CONFIG</com.eems.inflight.InflightPriority_QueueRead_MF>
<com.eems.inflight.InflightPriority_QueueRead_MF intServ="EEMSIIB_GPS_COMMON_CONFIG" env="uat" override="varGCMapName1">BE128_Common_Map</com.eems.inflight.InflightPriority_QueueRead_MF>
<com.eems.inflight.InflightPriority_QueueRead_MF intServ="EEMSIIB_GPS_COMMON_CONFIG" env="uat" override="Common_ExceptionHandling_SF.ProjNumber">1</com.eems.inflight.InflightPriority_QueueRead_MF>
<com.eems.inflight.InflightPriority_QueueRead_MF intServ="EEMSIIB_GPS_COMMON_CONFIG" env="uat" override="Common_ExceptionHandling_SF.BECode">128</com.eems.inflight.InflightPriority_QueueRead_MF>
<com.eems.inflight.InflightPriority_QueueRead_MF intServ="EEMSIIB_GPS_COMMON_CONFIG" env="uat" override="EEMSIIB.ERRORMESSAGE_DATA.queueName">EEMSIIB.ERRORMESSAGE_DATA</com.eems.inflight.InflightPriority_QueueRead_MF>
<com.eems.inflight.InflightPriority_QueueRead_MF intServ="EEMSIIB_GPS_COMMON_CONFIG" env="uat" override="Common_AuditInMessage_SF.queueName">EEMSIIB.COMMON_AUDITMESSAGE_DATA</com.eems.inflight.InflightPriority_QueueRead_MF>
<com.eems.inflight.InflightPriority_QueueRead_MF intServ="EEMSIIB_GPS_COMMON_CONFIG" env="uat" override="TriggerQueue">EEMSIIB.INFLIGHT_QUEUEREAD_TRIGGER_IN</com.eems.inflight.InflightPriority_QueueRead_MF>

<!--UAT Bravo -->
<com.eems.inflight.InflightPriority_QueueBrowse_MF intServ="EEMSIIB_GPS_COMMON_CONFIG" env="uat-bravo" override="additionalInstances">4</com.eems.inflight.InflightPriority_QueueBrowse_MF>
<com.eems.inflight.InflightPriority_QueueBrowse_MF intServ="EEMSIIB_GPS_COMMON_CONFIG" env="uat-bravo" override="PriorityMap">EEMS_Priority_Map</com.eems.inflight.InflightPriority_QueueBrowse_MF>
<com.eems.inflight.InflightPriority_QueueBrowse_MF intServ="EEMSIIB_GPS_COMMON_CONFIG" env="uat-bravo" override="PriorityKey">INFLIGHT_CACHE</com.eems.inflight.InflightPriority_QueueBrowse_MF>
<com.eems.inflight.InflightPriority_QueueBrowse_MF intServ="EEMSIIB_GPS_COMMON_CONFIG" env="uat-bravo" override="BrkConfigKey">BRK_CONFIG</com.eems.inflight.InflightPriority_QueueBrowse_MF>
<com.eems.inflight.InflightPriority_QueueBrowse_MF intServ="EEMSIIB_GPS_COMMON_CONFIG" env="uat-bravo" override="varGCMapName">BE128_Common_Map</com.eems.inflight.InflightPriority_QueueBrowse_MF>
<com.eems.inflight.InflightPriority_QueueBrowse_MF intServ="EEMSIIB_GPS_COMMON_CONFIG" env="uat-bravo" override="Common_ExceptionHandling_SF.ProjNumber">1</com.eems.inflight.InflightPriority_QueueBrowse_MF>
<com.eems.inflight.InflightPriority_QueueBrowse_MF intServ="EEMSIIB_GPS_COMMON_CONFIG" env="uat-bravo" override="Common_ExceptionHandling_SF.BECode">128</com.eems.inflight.InflightPriority_QueueBrowse_MF>
<com.eems.inflight.InflightPriority_QueueBrowse_MF intServ="EEMSIIB_GPS_COMMON_CONFIG" env="uat-bravo" override="EEMSIIB.ERRORMESSAGE_DATA.queueName">EEMSIIB.ERRORMESSAGE_DATA</com.eems.inflight.InflightPriority_QueueBrowse_MF>
<com.eems.inflight.InflightPriority_QueueBrowse_MF intServ="EEMSIIB_GPS_COMMON_CONFIG" env="uat-bravo" override="Common_AuditInMessage_SF.queueName">EEMSIIB.COMMON_AUDITMESSAGE_DATA</com.eems.inflight.InflightPriority_QueueBrowse_MF>
<com.eems.inflight.InflightPriority_QueueBrowse_MF intServ="EEMSIIB_GPS_COMMON_CONFIG" env="uat-bravo" override="InTriggerQueue">EEMSIIB.INFLIGHT_QUEUEBROWSE_TRIGGER_IN</com.eems.inflight.InflightPriority_QueueBrowse_MF>
<com.eems.inflight.InflightPriority_QueueBrowse_MF intServ="EEMSIIB_GPS_COMMON_CONFIG" env="uat-bravo" override="ReadTriggerQueue">EEMSIIB.INFLIGHT_QUEUEREAD_TRIGGER_IN</com.eems.inflight.InflightPriority_QueueBrowse_MF>
<com.eems.inflight.InflightPriority_QueueBrowse_MF intServ="EEMSIIB_GPS_COMMON_CONFIG" env="uat-bravo" override="ApplicationName">EEMS_InflightPriority_QueueBrowse_APP</com.eems.inflight.InflightPriority_QueueBrowse_MF>

<com.eems.inflight.InflightPriority_QueueRead_MF intServ="EEMSIIB_GPS_COMMON_CONFIG" env="uat-bravo" override="additionalInstances">4</com.eems.inflight.InflightPriority_QueueRead_MF>
<com.eems.inflight.InflightPriority_QueueRead_MF intServ="EEMSIIB_GPS_COMMON_CONFIG" env="uat-bravo" override="SchemaName1">ELECELIG</com.eems.inflight.InflightPriority_QueueRead_MF>
<com.eems.inflight.InflightPriority_QueueRead_MF intServ="EEMSIIB_GPS_COMMON_CONFIG" env="uat-bravo" override="PriorityMap1">EEMS_Priority_Map</com.eems.inflight.InflightPriority_QueueRead_MF>
<com.eems.inflight.InflightPriority_QueueRead_MF intServ="EEMSIIB_GPS_COMMON_CONFIG" env="uat-bravo" override="PriorityKey1">INFLIGHT_CACHE</com.eems.inflight.InflightPriority_QueueRead_MF>
<com.eems.inflight.InflightPriority_QueueRead_MF intServ="EEMSIIB_GPS_COMMON_CONFIG" env="uat-bravo" override="BrkConfigKey1">BRK_CONFIG</com.eems.inflight.InflightPriority_QueueRead_MF>
<com.eems.inflight.InflightPriority_QueueRead_MF intServ="EEMSIIB_GPS_COMMON_CONFIG" env="uat-bravo" override="varGCMapName1">BE128_Common_Map</com.eems.inflight.InflightPriority_QueueRead_MF>
<com.eems.inflight.InflightPriority_QueueRead_MF intServ="EEMSIIB_GPS_COMMON_CONFIG" env="uat-bravo" override="Common_ExceptionHandling_SF.ProjNumber">1</com.eems.inflight.InflightPriority_QueueRead_MF>
<com.eems.inflight.InflightPriority_QueueRead_MF intServ="EEMSIIB_GPS_COMMON_CONFIG" env="uat-bravo" override="Common_ExceptionHandling_SF.BECode">128</com.eems.inflight.InflightPriority_QueueRead_MF>
<com.eems.inflight.InflightPriority_QueueRead_MF intServ="EEMSIIB_GPS_COMMON_CONFIG" env="uat-bravo" override="EEMSIIB.ERRORMESSAGE_DATA.queueName">EEMSIIB.ERRORMESSAGE_DATA</com.eems.inflight.InflightPriority_QueueRead_MF>
<com.eems.inflight.InflightPriority_QueueRead_MF intServ="EEMSIIB_GPS_COMMON_CONFIG" env="uat-bravo" override="Common_AuditInMessage_SF.queueName">EEMSIIB.COMMON_AUDITMESSAGE_DATA</com.eems.inflight.InflightPriority_QueueRead_MF>
<com.eems.inflight.InflightPriority_QueueRead_MF intServ="EEMSIIB_GPS_COMMON_CONFIG" env="uat-bravo" override="TriggerQueue">EEMSIIB.INFLIGHT_QUEUEREAD_TRIGGER_IN</com.eems.inflight.InflightPriority_QueueRead_MF>

<!--Stage -->
<com.eems.inflight.InflightPriority_QueueBrowse_MF intServ="EEMSIIB_GPS_COMMON_CONFIG" env="stage" override="additionalInstances">4</com.eems.inflight.InflightPriority_QueueBrowse_MF>
<com.eems.inflight.InflightPriority_QueueBrowse_MF intServ="EEMSIIB_GPS_COMMON_CONFIG" env="stage" override="PriorityMap">EEMS_Priority_Map</com.eems.inflight.InflightPriority_QueueBrowse_MF>
<com.eems.inflight.InflightPriority_QueueBrowse_MF intServ="EEMSIIB_GPS_COMMON_CONFIG" env="stage" override="PriorityKey">INFLIGHT_CACHE</com.eems.inflight.InflightPriority_QueueBrowse_MF>
<com.eems.inflight.InflightPriority_QueueBrowse_MF intServ="EEMSIIB_GPS_COMMON_CONFIG" env="stage" override="BrkConfigKey">BRK_CONFIG</com.eems.inflight.InflightPriority_QueueBrowse_MF>
<com.eems.inflight.InflightPriority_QueueBrowse_MF intServ="EEMSIIB_GPS_COMMON_CONFIG" env="stage" override="varGCMapName">BE128_Common_Map</com.eems.inflight.InflightPriority_QueueBrowse_MF>
<com.eems.inflight.InflightPriority_QueueBrowse_MF intServ="EEMSIIB_GPS_COMMON_CONFIG" env="stage" override="Common_ExceptionHandling_SF.ProjNumber">1</com.eems.inflight.InflightPriority_QueueBrowse_MF>
<com.eems.inflight.InflightPriority_QueueBrowse_MF intServ="EEMSIIB_GPS_COMMON_CONFIG" env="stage" override="Common_ExceptionHandling_SF.BECode">128</com.eems.inflight.InflightPriority_QueueBrowse_MF>
<com.eems.inflight.InflightPriority_QueueBrowse_MF intServ="EEMSIIB_GPS_COMMON_CONFIG" env="stage" override="EEMSIIB.ERRORMESSAGE_DATA.queueName">EEMSIIB.ERRORMESSAGE_DATA</com.eems.inflight.InflightPriority_QueueBrowse_MF>
<com.eems.inflight.InflightPriority_QueueBrowse_MF intServ="EEMSIIB_GPS_COMMON_CONFIG" env="stage" override="Common_AuditInMessage_SF.queueName">EEMSIIB.COMMON_AUDITMESSAGE_DATA</com.eems.inflight.InflightPriority_QueueBrowse_MF>
<com.eems.inflight.InflightPriority_QueueBrowse_MF intServ="EEMSIIB_GPS_COMMON_CONFIG" env="stage" override="InTriggerQueue">EEMSIIB.INFLIGHT_QUEUEBROWSE_TRIGGER_IN</com.eems.inflight.InflightPriority_QueueBrowse_MF>
<com.eems.inflight.InflightPriority_QueueBrowse_MF intServ="EEMSIIB_GPS_COMMON_CONFIG" env="stage" override="ReadTriggerQueue">EEMSIIB.INFLIGHT_QUEUEREAD_TRIGGER_IN</com.eems.inflight.InflightPriority_QueueBrowse_MF>
<com.eems.inflight.InflightPriority_QueueBrowse_MF intServ="EEMSIIB_GPS_COMMON_CONFIG" env="stage" override="ApplicationName">EEMS_InflightPriority_QueueBrowse_APP</com.eems.inflight.InflightPriority_QueueBrowse_MF>

<com.eems.inflight.InflightPriority_QueueRead_MF intServ="EEMSIIB_GPS_COMMON_CONFIG" env="stage" override="additionalInstances">4</com.eems.inflight.InflightPriority_QueueRead_MF>
<com.eems.inflight.InflightPriority_QueueRead_MF intServ="EEMSIIB_GPS_COMMON_CONFIG" env="stage" override="SchemaName1">ELECELIG</com.eems.inflight.InflightPriority_QueueRead_MF>
<com.eems.inflight.InflightPriority_QueueRead_MF intServ="EEMSIIB_GPS_COMMON_CONFIG" env="stage" override="PriorityMap1">EEMS_Priority_Map</com.eems.inflight.InflightPriority_QueueRead_MF>
<com.eems.inflight.InflightPriority_QueueRead_MF intServ="EEMSIIB_GPS_COMMON_CONFIG" env="stage" override="PriorityKey1">INFLIGHT_CACHE</com.eems.inflight.InflightPriority_QueueRead_MF>
<com.eems.inflight.InflightPriority_QueueRead_MF intServ="EEMSIIB_GPS_COMMON_CONFIG" env="stage" override="BrkConfigKey1">BRK_CONFIG</com.eems.inflight.InflightPriority_QueueRead_MF>
<com.eems.inflight.InflightPriority_QueueRead_MF intServ="EEMSIIB_GPS_COMMON_CONFIG" env="stage" override="varGCMapName1">BE128_Common_Map</com.eems.inflight.InflightPriority_QueueRead_MF>
<com.eems.inflight.InflightPriority_QueueRead_MF intServ="EEMSIIB_GPS_COMMON_CONFIG" env="stage" override="Common_ExceptionHandling_SF.ProjNumber">1</com.eems.inflight.InflightPriority_QueueRead_MF>
<com.eems.inflight.InflightPriority_QueueRead_MF intServ="EEMSIIB_GPS_COMMON_CONFIG" env="stage" override="Common_ExceptionHandling_SF.BECode">128</com.eems.inflight.InflightPriority_QueueRead_MF>
<com.eems.inflight.InflightPriority_QueueRead_MF intServ="EEMSIIB_GPS_COMMON_CONFIG" env="stage" override="EEMSIIB.ERRORMESSAGE_DATA.queueName">EEMSIIB.ERRORMESSAGE_DATA</com.eems.inflight.InflightPriority_QueueRead_MF>
<com.eems.inflight.InflightPriority_QueueRead_MF intServ="EEMSIIB_GPS_COMMON_CONFIG" env="stage" override="Common_AuditInMessage_SF.queueName">EEMSIIB.COMMON_AUDITMESSAGE_DATA</com.eems.inflight.InflightPriority_QueueRead_MF>
<com.eems.inflight.InflightPriority_QueueRead_MF intServ="EEMSIIB_GPS_COMMON_CONFIG" env="stage" override="TriggerQueue">EEMSIIB.INFLIGHT_QUEUEREAD_TRIGGER_IN</com.eems.inflight.InflightPriority_QueueRead_MF>

<!--Adopt -->
<com.eems.inflight.InflightPriority_QueueBrowse_MF intServ="EEMSIIB_GPS_COMMON_CONFIG" env="adopt" override="additionalInstances">4</com.eems.inflight.InflightPriority_QueueBrowse_MF>
<com.eems.inflight.InflightPriority_QueueBrowse_MF intServ="EEMSIIB_GPS_COMMON_CONFIG" env="adopt" override="PriorityMap">EEMS_Priority_Map</com.eems.inflight.InflightPriority_QueueBrowse_MF>
<com.eems.inflight.InflightPriority_QueueBrowse_MF intServ="EEMSIIB_GPS_COMMON_CONFIG" env="adopt" override="PriorityKey">INFLIGHT_CACHE</com.eems.inflight.InflightPriority_QueueBrowse_MF>
<com.eems.inflight.InflightPriority_QueueBrowse_MF intServ="EEMSIIB_GPS_COMMON_CONFIG" env="adopt" override="BrkConfigKey">BRK_CONFIG</com.eems.inflight.InflightPriority_QueueBrowse_MF>
<com.eems.inflight.InflightPriority_QueueBrowse_MF intServ="EEMSIIB_GPS_COMMON_CONFIG" env="adopt" override="varGCMapName">BE128_Common_Map</com.eems.inflight.InflightPriority_QueueBrowse_MF>
<com.eems.inflight.InflightPriority_QueueBrowse_MF intServ="EEMSIIB_GPS_COMMON_CONFIG" env="adopt" override="Common_ExceptionHandling_SF.ProjNumber">1</com.eems.inflight.InflightPriority_QueueBrowse_MF>
<com.eems.inflight.InflightPriority_QueueBrowse_MF intServ="EEMSIIB_GPS_COMMON_CONFIG" env="adopt" override="Common_ExceptionHandling_SF.BECode">128</com.eems.inflight.InflightPriority_QueueBrowse_MF>
<com.eems.inflight.InflightPriority_QueueBrowse_MF intServ="EEMSIIB_GPS_COMMON_CONFIG" env="adopt" override="EEMSIIB.ERRORMESSAGE_DATA.queueName">EEMSIIB.ADP.ERRORMESSAGE_DATA</com.eems.inflight.InflightPriority_QueueBrowse_MF>
<com.eems.inflight.InflightPriority_QueueBrowse_MF intServ="EEMSIIB_GPS_COMMON_CONFIG" env="adopt" override="Common_AuditInMessage_SF.queueName">EEMSIIB.ADP.COMMON_AUDITMESSAGE_DATA</com.eems.inflight.InflightPriority_QueueBrowse_MF>
<com.eems.inflight.InflightPriority_QueueBrowse_MF intServ="EEMSIIB_GPS_COMMON_CONFIG" env="adopt" override="InTriggerQueue">EEMSIIB.ADP.INFLIGHT_QUEUEBROWSE_TRIGGER_IN</com.eems.inflight.InflightPriority_QueueBrowse_MF>
<com.eems.inflight.InflightPriority_QueueBrowse_MF intServ="EEMSIIB_GPS_COMMON_CONFIG" env="adopt" override="ReadTriggerQueue">EEMSIIB.ADP.INFLIGHT_QUEUEREAD_TRIGGER_IN</com.eems.inflight.InflightPriority_QueueBrowse_MF>
<com.eems.inflight.InflightPriority_QueueBrowse_MF intServ="EEMSIIB_GPS_COMMON_CONFIG" env="adopt" override="ApplicationName">EEMS_InflightPriority_QueueBrowse_APP</com.eems.inflight.InflightPriority_QueueBrowse_MF>

<com.eems.inflight.InflightPriority_QueueRead_MF intServ="EEMSIIB_GPS_COMMON_CONFIG" env="adopt" override="additionalInstances">4</com.eems.inflight.InflightPriority_QueueRead_MF>
<com.eems.inflight.InflightPriority_QueueRead_MF intServ="EEMSIIB_GPS_COMMON_CONFIG" env="adopt" override="SchemaName1">ELECELIG</com.eems.inflight.InflightPriority_QueueRead_MF>
<com.eems.inflight.InflightPriority_QueueRead_MF intServ="EEMSIIB_GPS_COMMON_CONFIG" env="adopt" override="PriorityMap1">EEMS_Priority_Map</com.eems.inflight.InflightPriority_QueueRead_MF>
<com.eems.inflight.InflightPriority_QueueRead_MF intServ="EEMSIIB_GPS_COMMON_CONFIG" env="adopt" override="PriorityKey1">INFLIGHT_CACHE</com.eems.inflight.InflightPriority_QueueRead_MF>
<com.eems.inflight.InflightPriority_QueueRead_MF intServ="EEMSIIB_GPS_COMMON_CONFIG" env="adopt" override="BrkConfigKey1">BRK_CONFIG</com.eems.inflight.InflightPriority_QueueRead_MF>
<com.eems.inflight.InflightPriority_QueueRead_MF intServ="EEMSIIB_GPS_COMMON_CONFIG" env="adopt" override="varGCMapName1">BE128_Common_Map</com.eems.inflight.InflightPriority_QueueRead_MF>
<com.eems.inflight.InflightPriority_QueueRead_MF intServ="EEMSIIB_GPS_COMMON_CONFIG" env="adopt" override="Common_ExceptionHandling_SF.ProjNumber">1</com.eems.inflight.InflightPriority_QueueRead_MF>
<com.eems.inflight.InflightPriority_QueueRead_MF intServ="EEMSIIB_GPS_COMMON_CONFIG" env="adopt" override="Common_ExceptionHandling_SF.BECode">128</com.eems.inflight.InflightPriority_QueueRead_MF>
<com.eems.inflight.InflightPriority_QueueRead_MF intServ="EEMSIIB_GPS_COMMON_CONFIG" env="adopt" override="EEMSIIB.ERRORMESSAGE_DATA.queueName">EEMSIIB.ADP.ERRORMESSAGE_DATA</com.eems.inflight.InflightPriority_QueueRead_MF>
<com.eems.inflight.InflightPriority_QueueRead_MF intServ="EEMSIIB_GPS_COMMON_CONFIG" env="adopt" override="Common_AuditInMessage_SF.queueName">EEMSIIB.ADP.COMMON_AUDITMESSAGE_DATA</com.eems.inflight.InflightPriority_QueueRead_MF>
<com.eems.inflight.InflightPriority_QueueRead_MF intServ="EEMSIIB_GPS_COMMON_CONFIG" env="adopt" override="TriggerQueue">EEMSIIB.ADP.INFLIGHT_QUEUEREAD_TRIGGER_IN</com.eems.inflight.InflightPriority_QueueRead_MF>

<!--Prod -->
<com.eems.inflight.InflightPriority_QueueBrowse_MF intServ="EEMSIIB_GPS_COMMON_CONFIG" env="prod" override="additionalInstances">4</com.eems.inflight.InflightPriority_QueueBrowse_MF>
<com.eems.inflight.InflightPriority_QueueBrowse_MF intServ="EEMSIIB_GPS_COMMON_CONFIG" env="prod" override="PriorityMap">EEMS_Priority_Map</com.eems.inflight.InflightPriority_QueueBrowse_MF>
<com.eems.inflight.InflightPriority_QueueBrowse_MF intServ="EEMSIIB_GPS_COMMON_CONFIG" env="prod" override="PriorityKey">INFLIGHT_CACHE</com.eems.inflight.InflightPriority_QueueBrowse_MF>
<com.eems.inflight.InflightPriority_QueueBrowse_MF intServ="EEMSIIB_GPS_COMMON_CONFIG" env="prod" override="BrkConfigKey">BRK_CONFIG</com.eems.inflight.InflightPriority_QueueBrowse_MF>
<com.eems.inflight.InflightPriority_QueueBrowse_MF intServ="EEMSIIB_GPS_COMMON_CONFIG" env="prod" override="varGCMapName">BE128_Common_Map</com.eems.inflight.InflightPriority_QueueBrowse_MF>
<com.eems.inflight.InflightPriority_QueueBrowse_MF intServ="EEMSIIB_GPS_COMMON_CONFIG" env="prod" override="Common_ExceptionHandling_SF.ProjNumber">1</com.eems.inflight.InflightPriority_QueueBrowse_MF>
<com.eems.inflight.InflightPriority_QueueBrowse_MF intServ="EEMSIIB_GPS_COMMON_CONFIG" env="prod" override="Common_ExceptionHandling_SF.BECode">128</com.eems.inflight.InflightPriority_QueueBrowse_MF>
<com.eems.inflight.InflightPriority_QueueBrowse_MF intServ="EEMSIIB_GPS_COMMON_CONFIG" env="prod" override="EEMSIIB.ERRORMESSAGE_DATA.queueName">EEMSIIB.ERRORMESSAGE_DATA</com.eems.inflight.InflightPriority_QueueBrowse_MF>
<com.eems.inflight.InflightPriority_QueueBrowse_MF intServ="EEMSIIB_GPS_COMMON_CONFIG" env="prod" override="Common_AuditInMessage_SF.queueName">EEMSIIB.COMMON_AUDITMESSAGE_DATA</com.eems.inflight.InflightPriority_QueueBrowse_MF>
<com.eems.inflight.InflightPriority_QueueBrowse_MF intServ="EEMSIIB_GPS_COMMON_CONFIG" env="prod" override="InTriggerQueue">EEMSIIB.INFLIGHT_QUEUEBROWSE_TRIGGER_IN</com.eems.inflight.InflightPriority_QueueBrowse_MF>
<com.eems.inflight.InflightPriority_QueueBrowse_MF intServ="EEMSIIB_GPS_COMMON_CONFIG" env="prod" override="ReadTriggerQueue">EEMSIIB.INFLIGHT_QUEUEREAD_TRIGGER_IN</com.eems.inflight.InflightPriority_QueueBrowse_MF>
<com.eems.inflight.InflightPriority_QueueBrowse_MF intServ="EEMSIIB_GPS_COMMON_CONFIG" env="prod" override="ApplicationName">EEMS_InflightPriority_QueueBrowse_APP</com.eems.inflight.InflightPriority_QueueBrowse_MF>

<com.eems.inflight.InflightPriority_QueueRead_MF intServ="EEMSIIB_GPS_COMMON_CONFIG" env="prod" override="additionalInstances">4</com.eems.inflight.InflightPriority_QueueRead_MF>
<com.eems.inflight.InflightPriority_QueueRead_MF intServ="EEMSIIB_GPS_COMMON_CONFIG" env="prod" override="SchemaName1">ELECELIG</com.eems.inflight.InflightPriority_QueueRead_MF>
<com.eems.inflight.InflightPriority_QueueRead_MF intServ="EEMSIIB_GPS_COMMON_CONFIG" env="prod" override="PriorityMap1">EEMS_Priority_Map</com.eems.inflight.InflightPriority_QueueRead_MF>
<com.eems.inflight.InflightPriority_QueueRead_MF intServ="EEMSIIB_GPS_COMMON_CONFIG" env="prod" override="PriorityKey1">INFLIGHT_CACHE</com.eems.inflight.InflightPriority_QueueRead_MF>
<com.eems.inflight.InflightPriority_QueueRead_MF intServ="EEMSIIB_GPS_COMMON_CONFIG" env="prod" override="BrkConfigKey1">BRK_CONFIG</com.eems.inflight.InflightPriority_QueueRead_MF>
<com.eems.inflight.InflightPriority_QueueRead_MF intServ="EEMSIIB_GPS_COMMON_CONFIG" env="prod" override="varGCMapName1">BE128_Common_Map</com.eems.inflight.InflightPriority_QueueRead_MF>
<com.eems.inflight.InflightPriority_QueueRead_MF intServ="EEMSIIB_GPS_COMMON_CONFIG" env="prod" override="Common_ExceptionHandling_SF.ProjNumber">1</com.eems.inflight.InflightPriority_QueueRead_MF>
<com.eems.inflight.InflightPriority_QueueRead_MF intServ="EEMSIIB_GPS_COMMON_CONFIG" env="prod" override="Common_ExceptionHandling_SF.BECode">128</com.eems.inflight.InflightPriority_QueueRead_MF>
<com.eems.inflight.InflightPriority_QueueRead_MF intServ="EEMSIIB_GPS_COMMON_CONFIG" env="prod" override="EEMSIIB.ERRORMESSAGE_DATA.queueName">EEMSIIB.ERRORMESSAGE_DATA</com.eems.inflight.InflightPriority_QueueRead_MF>
<com.eems.inflight.InflightPriority_QueueRead_MF intServ="EEMSIIB_GPS_COMMON_CONFIG" env="prod" override="Common_AuditInMessage_SF.queueName">EEMSIIB.COMMON_AUDITMESSAGE_DATA</com.eems.inflight.InflightPriority_QueueRead_MF>
<com.eems.inflight.InflightPriority_QueueRead_MF intServ="EEMSIIB_GPS_COMMON_CONFIG" env="prod" override="TriggerQueue">EEMSIIB.INFLIGHT_QUEUEREAD_TRIGGER_IN</com.eems.inflight.InflightPriority_QueueRead_MF>

</Broker>
