<?xml version="1.0" encoding="UTF-8" ?> 
<Broker>
<!--DEV-->
<com.gps.sourcetrans.GPS_Source_Transform_MF intServ="EEMSIIB_GPS_SRC_TRANSFORM" env="dev" override="additionalInstances">45</com.gps.sourcetrans.GPS_Source_Transform_MF>
<com.gps.sourcetrans.GPS_Source_Transform_MF intServ="EEMSIIB_GPS_SRC_TRANSFORM" env="dev" override="GlobalCacheMap">GPS_Common_Map</com.gps.sourcetrans.GPS_Source_Transform_MF>
<com.gps.sourcetrans.GPS_Source_Transform_MF intServ="EEMSIIB_GPS_SRC_TRANSFORM" env="dev" override="brkrList">BKMBT11</com.gps.sourcetrans.GPS_Source_Transform_MF>
<com.gps.sourcetrans.GPS_Source_Transform_MF intServ="EEMSIIB_GPS_SRC_TRANSFORM" env="dev" override="brkrCount">1</com.gps.sourcetrans.GPS_Source_Transform_MF>
<com.gps.sourcetrans.GPS_Source_Transform_MF intServ="EEMSIIB_GPS_SRC_TRANSFORM" env="dev" override="BrkConfigKey">BRK_CONFIG</com.gps.sourcetrans.GPS_Source_Transform_MF>
<com.gps.sourcetrans.GPS_Source_Transform_MF intServ="EEMSIIB_GPS_SRC_TRANSFORM" env="dev" override="SchemaName">ELECELIG</com.gps.sourcetrans.GPS_Source_Transform_MF>
<com.gps.sourcetrans.GPS_Source_Transform_MF intServ="EEMSIIB_GPS_SRC_TRANSFORM" env="dev" override="EEMSIIB.GPS_SOURCE_TRANSFORM_IN.queueName">EEMSIIB.GPS_SOURCE_TRANSFORM_IN</com.gps.sourcetrans.GPS_Source_Transform_MF>
<com.gps.sourcetrans.GPS_Source_Transform_MF intServ="EEMSIIB_GPS_SRC_TRANSFORM" env="dev" override="EEMSIIB.GPS_SOURCE_DBLOAD_IN.queueName">EEMSIIB.GPS_SOURCE_DBLOAD_IN</com.gps.sourcetrans.GPS_Source_Transform_MF>
<com.gps.sourcetrans.GPS_Source_Transform_MF intServ="EEMSIIB_GPS_SRC_TRANSFORM" env="dev" override="Create_SourceTransform.dataSource">EEMS_DB</com.gps.sourcetrans.GPS_Source_Transform_MF>
<com.gps.sourcetrans.GPS_Source_Transform_MF intServ="EEMSIIB_GPS_SRC_TRANSFORM" env="dev" override="SourceTrans_ProcessException.dataSource">EEMS_DB</com.gps.sourcetrans.GPS_Source_Transform_MF>
<com.gps.sourcetrans.GPS_Source_Transform_MF intServ="EEMSIIB_GPS_SRC_TRANSFORM" env="dev" override="EEMSIIB.GPS_ERRORMESSAGE_DATA.queueName">EEMSIIB.GPS_ERRORMESSAGE_DATA</com.gps.sourcetrans.GPS_Source_Transform_MF>
<com.gps.sourcetrans.GPS_Source_Transform_MF intServ="EEMSIIB_GPS_SRC_TRANSFORM" env="dev" override="Common_AuditInMessage_SF.queueName">EEMSIIB.GPS_COMMON_AUDITMESSAGE_DATA</com.gps.sourcetrans.GPS_Source_Transform_MF>
<com.gps.sourcetrans.GPS_Source_Transform_MF intServ="EEMSIIB_GPS_SRC_TRANSFORM" env="dev" override="PriorityMap">EEMS_Priority_Map</com.gps.sourcetrans.GPS_Source_Transform_MF>
<com.gps.sourcetrans.GPS_Source_Transform_MF intServ="EEMSIIB_GPS_SRC_TRANSFORM" env="dev" override="PriorityKey">INFLIGHT_CACHE</com.gps.sourcetrans.GPS_Source_Transform_MF>
<com.gps.sourcetrans.GPS_Source_Transform_MF intServ="EEMSIIB_GPS_SRC_TRANSFORM" env="dev" override="Username">upmeeetest</com.gps.sourcetrans.GPS_Source_Transform_MF>
<com.gps.sourcetrans.GPS_Source_Transform_MF intServ="EEMSIIB_GPS_SRC_TRANSFORM" env="dev" override="Password">hy8iKHHS</com.gps.sourcetrans.GPS_Source_Transform_MF>
<com.gps.sourcetrans.GPS_Source_Transform_MF intServ="EEMSIIB_GPS_SRC_TRANSFORM" env="dev" override="webServiceURL">https://aesystestproxy-vm.uhc.com:22443/upm4/soap/uhcmr/workqueues/item/GetItemV1</com.gps.sourcetrans.GPS_Source_Transform_MF>

<com.gps.sourcetrans.GPS_Source_Transform_MF intServ="EEMSIIB_GPS_SRC_PRIORITY" env="dev" override="additionalInstances">45</com.gps.sourcetrans.GPS_Source_Transform_MF>
<com.gps.sourcetrans.GPS_Source_Transform_MF intServ="EEMSIIB_GPS_SRC_PRIORITY" env="dev" override="GlobalCacheMap">GPS_Common_Map</com.gps.sourcetrans.GPS_Source_Transform_MF>
<com.gps.sourcetrans.GPS_Source_Transform_MF intServ="EEMSIIB_GPS_SRC_PRIORITY" env="dev" override="brkrList">BKMBT11</com.gps.sourcetrans.GPS_Source_Transform_MF>
<com.gps.sourcetrans.GPS_Source_Transform_MF intServ="EEMSIIB_GPS_SRC_PRIORITY" env="dev" override="brkrCount">1</com.gps.sourcetrans.GPS_Source_Transform_MF>
<com.gps.sourcetrans.GPS_Source_Transform_MF intServ="EEMSIIB_GPS_SRC_PRIORITY" env="dev" override="BrkConfigKey">BRK_CONFIG</com.gps.sourcetrans.GPS_Source_Transform_MF>
<com.gps.sourcetrans.GPS_Source_Transform_MF intServ="EEMSIIB_GPS_SRC_PRIORITY" env="dev" override="SchemaName">ELECELIG</com.gps.sourcetrans.GPS_Source_Transform_MF>
<com.gps.sourcetrans.GPS_Source_Transform_MF intServ="EEMSIIB_GPS_SRC_PRIORITY" env="dev" override="EEMSIIB.GPS_SOURCE_TRANSFORM_IN.queueName">EEMSIIB.GPS_SOURCE_PRTY_TRANSFORM_IN</com.gps.sourcetrans.GPS_Source_Transform_MF>
<com.gps.sourcetrans.GPS_Source_Transform_MF intServ="EEMSIIB_GPS_SRC_PRIORITY" env="dev" override="EEMSIIB.GPS_SOURCE_DBLOAD_IN.queueName">EEMSIIB.GPS_SOURCE_PRTY_DBLOAD_IN</com.gps.sourcetrans.GPS_Source_Transform_MF>
<com.gps.sourcetrans.GPS_Source_Transform_MF intServ="EEMSIIB_GPS_SRC_PRIORITY" env="dev" override="Create_SourceTransform.dataSource">EEMS_DB</com.gps.sourcetrans.GPS_Source_Transform_MF>
<com.gps.sourcetrans.GPS_Source_Transform_MF intServ="EEMSIIB_GPS_SRC_PRIORITY" env="dev" override="SourceTrans_ProcessException.dataSource">EEMS_DB</com.gps.sourcetrans.GPS_Source_Transform_MF>
<com.gps.sourcetrans.GPS_Source_Transform_MF intServ="EEMSIIB_GPS_SRC_PRIORITY" env="dev" override="EEMSIIB.GPS_ERRORMESSAGE_DATA.queueName">EEMSIIB.GPS_ERRORMESSAGE_DATA</com.gps.sourcetrans.GPS_Source_Transform_MF>
<com.gps.sourcetrans.GPS_Source_Transform_MF intServ="EEMSIIB_GPS_SRC_PRIORITY" env="dev" override="Common_AuditInMessage_SF.queueName">EEMSIIB.GPS_COMMON_AUDITMESSAGE_DATA</com.gps.sourcetrans.GPS_Source_Transform_MF>
<com.gps.sourcetrans.GPS_Source_Transform_MF intServ="EEMSIIB_GPS_SRC_PRIORITY" env="dev" override="PriorityMap">EEMS_Priority_Map</com.gps.sourcetrans.GPS_Source_Transform_MF>
<com.gps.sourcetrans.GPS_Source_Transform_MF intServ="EEMSIIB_GPS_SRC_PRIORITY" env="dev" override="PriorityKey">INFLIGHT_CACHE</com.gps.sourcetrans.GPS_Source_Transform_MF>
<com.gps.sourcetrans.GPS_Source_Transform_MF intServ="EEMSIIB_GPS_SRC_PRIORITY" env="dev" override="Username">upmeeetest</com.gps.sourcetrans.GPS_Source_Transform_MF>
<com.gps.sourcetrans.GPS_Source_Transform_MF intServ="EEMSIIB_GPS_SRC_PRIORITY" env="dev" override="Password">hy8iKHHS</com.gps.sourcetrans.GPS_Source_Transform_MF>
<com.gps.sourcetrans.GPS_Source_Transform_MF intServ="EEMSIIB_GPS_SRC_TRANSFORM" env="dev" override="webServiceURL">https://aesystestproxy-vm.uhc.com:22443/upm4/soap/uhcmr/workqueues/item/GetItemV1</com.gps.sourcetrans.GPS_Source_Transform_MF>

<!--SIT-->
<com.gps.sourcetrans.GPS_Source_Transform_MF intServ="EEMSIIB_GPS_SRC_TRANSFORM" env="test" override="additionalInstances">45</com.gps.sourcetrans.GPS_Source_Transform_MF>
<com.gps.sourcetrans.GPS_Source_Transform_MF intServ="EEMSIIB_GPS_SRC_TRANSFORM" env="test" override="GlobalCacheMap">GPS_Common_Map</com.gps.sourcetrans.GPS_Source_Transform_MF>
<com.gps.sourcetrans.GPS_Source_Transform_MF intServ="EEMSIIB_GPS_SRC_TRANSFORM" env="test" override="brkrList">BKMBS11</com.gps.sourcetrans.GPS_Source_Transform_MF>
<com.gps.sourcetrans.GPS_Source_Transform_MF intServ="EEMSIIB_GPS_SRC_TRANSFORM" env="test" override="brkrCount">1</com.gps.sourcetrans.GPS_Source_Transform_MF>
<com.gps.sourcetrans.GPS_Source_Transform_MF intServ="EEMSIIB_GPS_SRC_TRANSFORM" env="test" override="BrkConfigKey">BRK_CONFIG</com.gps.sourcetrans.GPS_Source_Transform_MF>
<com.gps.sourcetrans.GPS_Source_Transform_MF intServ="EEMSIIB_GPS_SRC_TRANSFORM" env="test" override="SchemaName">ELECELIG</com.gps.sourcetrans.GPS_Source_Transform_MF>
<com.gps.sourcetrans.GPS_Source_Transform_MF intServ="EEMSIIB_GPS_SRC_TRANSFORM" env="test" override="EEMSIIB.GPS_SOURCE_TRANSFORM_IN.queueName">EEMSIIB.GPS_SOURCE_TRANSFORM_IN</com.gps.sourcetrans.GPS_Source_Transform_MF>
<com.gps.sourcetrans.GPS_Source_Transform_MF intServ="EEMSIIB_GPS_SRC_TRANSFORM" env="test" override="EEMSIIB.GPS_SOURCE_DBLOAD_IN.queueName">EEMSIIB.GPS_SOURCE_DBLOAD_IN</com.gps.sourcetrans.GPS_Source_Transform_MF>
<com.gps.sourcetrans.GPS_Source_Transform_MF intServ="EEMSIIB_GPS_SRC_TRANSFORM" env="test" override="Create_SourceTransform.dataSource">EEMS_DB</com.gps.sourcetrans.GPS_Source_Transform_MF>
<com.gps.sourcetrans.GPS_Source_Transform_MF intServ="EEMSIIB_GPS_SRC_TRANSFORM" env="test" override="SourceTrans_ProcessException.dataSource">EEMS_DB</com.gps.sourcetrans.GPS_Source_Transform_MF>
<com.gps.sourcetrans.GPS_Source_Transform_MF intServ="EEMSIIB_GPS_SRC_TRANSFORM" env="test" override="EEMSIIB.GPS_ERRORMESSAGE_DATA.queueName">EEMSIIB.GPS_ERRORMESSAGE_DATA</com.gps.sourcetrans.GPS_Source_Transform_MF>
<com.gps.sourcetrans.GPS_Source_Transform_MF intServ="EEMSIIB_GPS_SRC_TRANSFORM" env="test" override="Common_AuditInMessage_SF.queueName">EEMSIIB.GPS_COMMON_AUDITMESSAGE_DATA</com.gps.sourcetrans.GPS_Source_Transform_MF>
<com.gps.sourcetrans.GPS_Source_Transform_MF intServ="EEMSIIB_GPS_SRC_TRANSFORM" env="test" override="PriorityMap">EEMS_Priority_Map</com.gps.sourcetrans.GPS_Source_Transform_MF>
<com.gps.sourcetrans.GPS_Source_Transform_MF intServ="EEMSIIB_GPS_SRC_TRANSFORM" env="test" override="PriorityKey">INFLIGHT_CACHE</com.gps.sourcetrans.GPS_Source_Transform_MF>
<com.gps.sourcetrans.GPS_Source_Transform_MF intServ="EEMSIIB_GPS_SRC_TRANSFORM" env="test" override="Username">upmeeetest</com.gps.sourcetrans.GPS_Source_Transform_MF>
<com.gps.sourcetrans.GPS_Source_Transform_MF intServ="EEMSIIB_GPS_SRC_TRANSFORM" env="test" override="Password">hy8iKHHS</com.gps.sourcetrans.GPS_Source_Transform_MF>
<com.gps.sourcetrans.GPS_Source_Transform_MF intServ="EEMSIIB_GPS_SRC_TRANSFORM" env="test" override="webServiceURL">https://aesystestproxy-vm.uhc.com:22443/upm4/soap/uhcmr/workqueues/item/GetItemV1</com.gps.sourcetrans.GPS_Source_Transform_MF>


<com.gps.sourcetrans.GPS_Source_Transform_MF intServ="EEMSIIB_GPS_SRC_PRIORITY" env="test" override="additionalInstances">45</com.gps.sourcetrans.GPS_Source_Transform_MF>
<com.gps.sourcetrans.GPS_Source_Transform_MF intServ="EEMSIIB_GPS_SRC_PRIORITY" env="test" override="GlobalCacheMap">GPS_Common_Map</com.gps.sourcetrans.GPS_Source_Transform_MF>
<com.gps.sourcetrans.GPS_Source_Transform_MF intServ="EEMSIIB_GPS_SRC_PRIORITY" env="test" override="brkrList">BKMBS11</com.gps.sourcetrans.GPS_Source_Transform_MF>
<com.gps.sourcetrans.GPS_Source_Transform_MF intServ="EEMSIIB_GPS_SRC_PRIORITY" env="test" override="brkrCount">1</com.gps.sourcetrans.GPS_Source_Transform_MF>
<com.gps.sourcetrans.GPS_Source_Transform_MF intServ="EEMSIIB_GPS_SRC_PRIORITY" env="test" override="BrkConfigKey">BRK_CONFIG</com.gps.sourcetrans.GPS_Source_Transform_MF>
<com.gps.sourcetrans.GPS_Source_Transform_MF intServ="EEMSIIB_GPS_SRC_PRIORITY" env="test" override="SchemaName">ELECELIG</com.gps.sourcetrans.GPS_Source_Transform_MF>
<com.gps.sourcetrans.GPS_Source_Transform_MF intServ="EEMSIIB_GPS_SRC_PRIORITY" env="test" override="EEMSIIB.GPS_SOURCE_TRANSFORM_IN.queueName">EEMSIIB.GPS_SOURCE_PRTY_TRANSFORM_IN</com.gps.sourcetrans.GPS_Source_Transform_MF>
<com.gps.sourcetrans.GPS_Source_Transform_MF intServ="EEMSIIB_GPS_SRC_PRIORITY" env="test" override="EEMSIIB.GPS_SOURCE_DBLOAD_IN.queueName">EEMSIIB.GPS_SOURCE_PRTY_DBLOAD_IN</com.gps.sourcetrans.GPS_Source_Transform_MF>
<com.gps.sourcetrans.GPS_Source_Transform_MF intServ="EEMSIIB_GPS_SRC_PRIORITY" env="test" override="Create_SourceTransform.dataSource">EEMS_DB</com.gps.sourcetrans.GPS_Source_Transform_MF>
<com.gps.sourcetrans.GPS_Source_Transform_MF intServ="EEMSIIB_GPS_SRC_PRIORITY" env="test" override="SourceTrans_ProcessException.dataSource">EEMS_DB</com.gps.sourcetrans.GPS_Source_Transform_MF>
<com.gps.sourcetrans.GPS_Source_Transform_MF intServ="EEMSIIB_GPS_SRC_PRIORITY" env="test" override="EEMSIIB.GPS_ERRORMESSAGE_DATA.queueName">EEMSIIB.GPS_ERRORMESSAGE_DATA</com.gps.sourcetrans.GPS_Source_Transform_MF>
<com.gps.sourcetrans.GPS_Source_Transform_MF intServ="EEMSIIB_GPS_SRC_PRIORITY" env="test" override="Common_AuditInMessage_SF.queueName">EEMSIIB.GPS_COMMON_AUDITMESSAGE_DATA</com.gps.sourcetrans.GPS_Source_Transform_MF>
<com.gps.sourcetrans.GPS_Source_Transform_MF intServ="EEMSIIB_GPS_SRC_PRIORITY" env="test" override="PriorityMap">EEMS_Priority_Map</com.gps.sourcetrans.GPS_Source_Transform_MF>
<com.gps.sourcetrans.GPS_Source_Transform_MF intServ="EEMSIIB_GPS_SRC_PRIORITY" env="test" override="PriorityKey">INFLIGHT_CACHE</com.gps.sourcetrans.GPS_Source_Transform_MF>
<com.gps.sourcetrans.GPS_Source_Transform_MF intServ="EEMSIIB_GPS_SRC_PRIORITY" env="test" override="Username">upmeeetest</com.gps.sourcetrans.GPS_Source_Transform_MF>
<com.gps.sourcetrans.GPS_Source_Transform_MF intServ="EEMSIIB_GPS_SRC_PRIORITY" env="test" override="Password">hy8iKHHS</com.gps.sourcetrans.GPS_Source_Transform_MF>
<com.gps.sourcetrans.GPS_Source_Transform_MF intServ="EEMSIIB_GPS_SRC_PRIORITY" env="test" override="webServiceURL">https://aesystestproxy-vm.uhc.com:22443/upm4/soap/uhcmr/workqueues/item/GetItemV1</com.gps.sourcetrans.GPS_Source_Transform_MF>

<!--SIT-Bravo-->
<com.gps.sourcetrans.GPS_Source_Transform_MF intServ="EEMSIIB_GPS_SRC_TRANSFORM" env="test2" override="additionalInstances">45</com.gps.sourcetrans.GPS_Source_Transform_MF>
<com.gps.sourcetrans.GPS_Source_Transform_MF intServ="EEMSIIB_GPS_SRC_TRANSFORM" env="test2" override="GlobalCacheMap">GPS_Common_Map</com.gps.sourcetrans.GPS_Source_Transform_MF>
<com.gps.sourcetrans.GPS_Source_Transform_MF intServ="EEMSIIB_GPS_SRC_TRANSFORM" env="test2" override="brkrList">BKMBS12</com.gps.sourcetrans.GPS_Source_Transform_MF>
<com.gps.sourcetrans.GPS_Source_Transform_MF intServ="EEMSIIB_GPS_SRC_TRANSFORM" env="test2" override="brkrCount">1</com.gps.sourcetrans.GPS_Source_Transform_MF>
<com.gps.sourcetrans.GPS_Source_Transform_MF intServ="EEMSIIB_GPS_SRC_TRANSFORM" env="test2" override="BrkConfigKey">BRK_CONFIG</com.gps.sourcetrans.GPS_Source_Transform_MF>
<com.gps.sourcetrans.GPS_Source_Transform_MF intServ="EEMSIIB_GPS_SRC_TRANSFORM" env="test2" override="SchemaName">ELECELIG</com.gps.sourcetrans.GPS_Source_Transform_MF>
<com.gps.sourcetrans.GPS_Source_Transform_MF intServ="EEMSIIB_GPS_SRC_TRANSFORM" env="test2" override="EEMSIIB.GPS_SOURCE_TRANSFORM_IN.queueName">EEMSIIB.GPS_SOURCE_TRANSFORM_IN</com.gps.sourcetrans.GPS_Source_Transform_MF>
<com.gps.sourcetrans.GPS_Source_Transform_MF intServ="EEMSIIB_GPS_SRC_TRANSFORM" env="test2" override="EEMSIIB.GPS_SOURCE_DBLOAD_IN.queueName">EEMSIIB.GPS_SOURCE_DBLOAD_IN</com.gps.sourcetrans.GPS_Source_Transform_MF>
<com.gps.sourcetrans.GPS_Source_Transform_MF intServ="EEMSIIB_GPS_SRC_TRANSFORM" env="test2" override="Create_SourceTransform.dataSource">EEMS_DB</com.gps.sourcetrans.GPS_Source_Transform_MF>
<com.gps.sourcetrans.GPS_Source_Transform_MF intServ="EEMSIIB_GPS_SRC_TRANSFORM" env="test2" override="SourceTrans_ProcessException.dataSource">EEMS_DB</com.gps.sourcetrans.GPS_Source_Transform_MF>
<com.gps.sourcetrans.GPS_Source_Transform_MF intServ="EEMSIIB_GPS_SRC_TRANSFORM" env="test2" override="EEMSIIB.GPS_ERRORMESSAGE_DATA.queueName">EEMSIIB.GPS_ERRORMESSAGE_DATA</com.gps.sourcetrans.GPS_Source_Transform_MF>
<com.gps.sourcetrans.GPS_Source_Transform_MF intServ="EEMSIIB_GPS_SRC_TRANSFORM" env="test2" override="Common_AuditInMessage_SF.queueName">EEMSIIB.GPS_COMMON_AUDITMESSAGE_DATA</com.gps.sourcetrans.GPS_Source_Transform_MF>
<com.gps.sourcetrans.GPS_Source_Transform_MF intServ="EEMSIIB_GPS_SRC_TRANSFORM" env="test2" override="PriorityMap">EEMS_Priority_Map</com.gps.sourcetrans.GPS_Source_Transform_MF>
<com.gps.sourcetrans.GPS_Source_Transform_MF intServ="EEMSIIB_GPS_SRC_TRANSFORM" env="test2" override="PriorityKey">INFLIGHT_CACHE</com.gps.sourcetrans.GPS_Source_Transform_MF>
<com.gps.sourcetrans.GPS_Source_Transform_MF intServ="EEMSIIB_GPS_SRC_TRANSFORM" env="test2" override="Username">upmeeetest</com.gps.sourcetrans.GPS_Source_Transform_MF>
<com.gps.sourcetrans.GPS_Source_Transform_MF intServ="EEMSIIB_GPS_SRC_TRANSFORM" env="test2" override="Password">hy8iKHHS</com.gps.sourcetrans.GPS_Source_Transform_MF>
<com.gps.sourcetrans.GPS_Source_Transform_MF intServ="EEMSIIB_GPS_SRC_TRANSFORM" env="test2" override="webServiceURL">https://aesystestproxy-vm.uhc.com:22443/upm4/soap/uhcmr/workqueues/item/GetItemV1</com.gps.sourcetrans.GPS_Source_Transform_MF>

<com.gps.sourcetrans.GPS_Source_Transform_MF intServ="EEMSIIB_GPS_SRC_PRIORITY" env="test2" override="additionalInstances">45</com.gps.sourcetrans.GPS_Source_Transform_MF>
<com.gps.sourcetrans.GPS_Source_Transform_MF intServ="EEMSIIB_GPS_SRC_PRIORITY" env="test2" override="GlobalCacheMap">GPS_Common_Map</com.gps.sourcetrans.GPS_Source_Transform_MF>
<com.gps.sourcetrans.GPS_Source_Transform_MF intServ="EEMSIIB_GPS_SRC_PRIORITY" env="test2" override="brkrList">BKMBS12</com.gps.sourcetrans.GPS_Source_Transform_MF>
<com.gps.sourcetrans.GPS_Source_Transform_MF intServ="EEMSIIB_GPS_SRC_PRIORITY" env="test2" override="brkrCount">1</com.gps.sourcetrans.GPS_Source_Transform_MF>
<com.gps.sourcetrans.GPS_Source_Transform_MF intServ="EEMSIIB_GPS_SRC_PRIORITY" env="test2" override="BrkConfigKey">BRK_CONFIG</com.gps.sourcetrans.GPS_Source_Transform_MF>
<com.gps.sourcetrans.GPS_Source_Transform_MF intServ="EEMSIIB_GPS_SRC_PRIORITY" env="test2" override="SchemaName">ELECELIG</com.gps.sourcetrans.GPS_Source_Transform_MF>
<com.gps.sourcetrans.GPS_Source_Transform_MF intServ="EEMSIIB_GPS_SRC_PRIORITY" env="test2" override="EEMSIIB.GPS_SOURCE_TRANSFORM_IN.queueName">EEMSIIB.GPS_SOURCE_PRTY_TRANSFORM_IN</com.gps.sourcetrans.GPS_Source_Transform_MF>
<com.gps.sourcetrans.GPS_Source_Transform_MF intServ="EEMSIIB_GPS_SRC_PRIORITY" env="test2" override="EEMSIIB.GPS_SOURCE_DBLOAD_IN.queueName">EEMSIIB.GPS_SOURCE_PRTY_DBLOAD_IN</com.gps.sourcetrans.GPS_Source_Transform_MF>
<com.gps.sourcetrans.GPS_Source_Transform_MF intServ="EEMSIIB_GPS_SRC_PRIORITY" env="test2" override="Create_SourceTransform.dataSource">EEMS_DB</com.gps.sourcetrans.GPS_Source_Transform_MF>
<com.gps.sourcetrans.GPS_Source_Transform_MF intServ="EEMSIIB_GPS_SRC_PRIORITY" env="test2" override="SourceTrans_ProcessException.dataSource">EEMS_DB</com.gps.sourcetrans.GPS_Source_Transform_MF>
<com.gps.sourcetrans.GPS_Source_Transform_MF intServ="EEMSIIB_GPS_SRC_PRIORITY" env="test2" override="EEMSIIB.GPS_ERRORMESSAGE_DATA.queueName">EEMSIIB.GPS_ERRORMESSAGE_DATA</com.gps.sourcetrans.GPS_Source_Transform_MF>
<com.gps.sourcetrans.GPS_Source_Transform_MF intServ="EEMSIIB_GPS_SRC_PRIORITY" env="test2" override="Common_AuditInMessage_SF.queueName">EEMSIIB.GPS_COMMON_AUDITMESSAGE_DATA</com.gps.sourcetrans.GPS_Source_Transform_MF>
<com.gps.sourcetrans.GPS_Source_Transform_MF intServ="EEMSIIB_GPS_SRC_PRIORITY" env="test2" override="PriorityMap">EEMS_Priority_Map</com.gps.sourcetrans.GPS_Source_Transform_MF>
<com.gps.sourcetrans.GPS_Source_Transform_MF intServ="EEMSIIB_GPS_SRC_PRIORITY" env="test2" override="PriorityKey">INFLIGHT_CACHE</com.gps.sourcetrans.GPS_Source_Transform_MF>
<com.gps.sourcetrans.GPS_Source_Transform_MF intServ="EEMSIIB_GPS_SRC_PRIORITY" env="test2" override="Username">upmeeetest</com.gps.sourcetrans.GPS_Source_Transform_MF>
<com.gps.sourcetrans.GPS_Source_Transform_MF intServ="EEMSIIB_GPS_SRC_PRIORITY" env="test2" override="Password">hy8iKHHS</com.gps.sourcetrans.GPS_Source_Transform_MF>
<com.gps.sourcetrans.GPS_Source_Transform_MF intServ="EEMSIIB_GPS_SRC_PRIORITY" env="test2" override="webServiceURL">https://aesystestproxy-vm.uhc.com:22443/upm4/soap/uhcmr/workqueues/item/GetItemV1</com.gps.sourcetrans.GPS_Source_Transform_MF>

<!--UAT-->
<com.gps.sourcetrans.GPS_Source_Transform_MF intServ="EEMSIIB_GPS_SRC_TRANSFORM" env="uat" override="additionalInstances">45</com.gps.sourcetrans.GPS_Source_Transform_MF>
<com.gps.sourcetrans.GPS_Source_Transform_MF intServ="EEMSIIB_GPS_SRC_TRANSFORM" env="uat" override="GlobalCacheMap">GPS_Common_Map</com.gps.sourcetrans.GPS_Source_Transform_MF>
<com.gps.sourcetrans.GPS_Source_Transform_MF intServ="EEMSIIB_GPS_SRC_TRANSFORM" env="uat" override="brkrList">BKMBRA11</com.gps.sourcetrans.GPS_Source_Transform_MF>
<com.gps.sourcetrans.GPS_Source_Transform_MF intServ="EEMSIIB_GPS_SRC_TRANSFORM" env="uat" override="brkrCount">1</com.gps.sourcetrans.GPS_Source_Transform_MF>
<com.gps.sourcetrans.GPS_Source_Transform_MF intServ="EEMSIIB_GPS_SRC_TRANSFORM" env="uat" override="BrkConfigKey">BRK_CONFIG</com.gps.sourcetrans.GPS_Source_Transform_MF>
<com.gps.sourcetrans.GPS_Source_Transform_MF intServ="EEMSIIB_GPS_SRC_TRANSFORM" env="uat" override="SchemaName">ELECELIG</com.gps.sourcetrans.GPS_Source_Transform_MF>
<com.gps.sourcetrans.GPS_Source_Transform_MF intServ="EEMSIIB_GPS_SRC_TRANSFORM" env="uat" override="EEMSIIB.GPS_SOURCE_TRANSFORM_IN.queueName">EEMSIIB.GPS_SOURCE_TRANSFORM_IN</com.gps.sourcetrans.GPS_Source_Transform_MF>
<com.gps.sourcetrans.GPS_Source_Transform_MF intServ="EEMSIIB_GPS_SRC_TRANSFORM" env="uat" override="EEMSIIB.GPS_SOURCE_DBLOAD_IN.queueName">EEMSIIB.GPS_SOURCE_DBLOAD_IN</com.gps.sourcetrans.GPS_Source_Transform_MF>
<com.gps.sourcetrans.GPS_Source_Transform_MF intServ="EEMSIIB_GPS_SRC_TRANSFORM" env="uat" override="Create_SourceTransform.dataSource">EEMS_DB</com.gps.sourcetrans.GPS_Source_Transform_MF>
<com.gps.sourcetrans.GPS_Source_Transform_MF intServ="EEMSIIB_GPS_SRC_TRANSFORM" env="uat" override="SourceTrans_ProcessException.dataSource">EEMS_DB</com.gps.sourcetrans.GPS_Source_Transform_MF>
<com.gps.sourcetrans.GPS_Source_Transform_MF intServ="EEMSIIB_GPS_SRC_TRANSFORM" env="uat" override="EEMSIIB.GPS_ERRORMESSAGE_DATA.queueName">EEMSIIB.GPS_ERRORMESSAGE_DATA</com.gps.sourcetrans.GPS_Source_Transform_MF>
<com.gps.sourcetrans.GPS_Source_Transform_MF intServ="EEMSIIB_GPS_SRC_TRANSFORM" env="uat" override="Common_AuditInMessage_SF.queueName">EEMSIIB.GPS_COMMON_AUDITMESSAGE_DATA</com.gps.sourcetrans.GPS_Source_Transform_MF>
<com.gps.sourcetrans.GPS_Source_Transform_MF intServ="EEMSIIB_GPS_SRC_TRANSFORM" env="uat" override="PriorityMap">EEMS_Priority_Map</com.gps.sourcetrans.GPS_Source_Transform_MF>
<com.gps.sourcetrans.GPS_Source_Transform_MF intServ="EEMSIIB_GPS_SRC_TRANSFORM" env="uat" override="PriorityKey">INFLIGHT_CACHE</com.gps.sourcetrans.GPS_Source_Transform_MF>
<com.gps.sourcetrans.GPS_Source_Transform_MF intServ="EEMSIIB_GPS_SRC_TRANSFORM" env="uat" override="Username">upmeeetest</com.gps.sourcetrans.GPS_Source_Transform_MF>
<com.gps.sourcetrans.GPS_Source_Transform_MF intServ="EEMSIIB_GPS_SRC_TRANSFORM" env="uat" override="Password">hy8iKHHS</com.gps.sourcetrans.GPS_Source_Transform_MF>
<com.gps.sourcetrans.GPS_Source_Transform_MF intServ="EEMSIIB_GPS_SRC_TRANSFORM" env="uat" override="webServiceURL">https://aesystestproxy-vm.uhc.com:22443/upm4/soap/uhcmr/workqueues/item/GetItemV1</com.gps.sourcetrans.GPS_Source_Transform_MF>

<com.gps.sourcetrans.GPS_Source_Transform_MF intServ="EEMSIIB_GPS_SRC_PRIORITY" env="uat" override="additionalInstances">45</com.gps.sourcetrans.GPS_Source_Transform_MF>
<com.gps.sourcetrans.GPS_Source_Transform_MF intServ="EEMSIIB_GPS_SRC_PRIORITY" env="uat" override="GlobalCacheMap">GPS_Common_Map</com.gps.sourcetrans.GPS_Source_Transform_MF>
<com.gps.sourcetrans.GPS_Source_Transform_MF intServ="EEMSIIB_GPS_SRC_PRIORITY" env="uat" override="brkrList">BKMBRA11</com.gps.sourcetrans.GPS_Source_Transform_MF>
<com.gps.sourcetrans.GPS_Source_Transform_MF intServ="EEMSIIB_GPS_SRC_PRIORITY" env="uat" override="brkrCount">1</com.gps.sourcetrans.GPS_Source_Transform_MF>
<com.gps.sourcetrans.GPS_Source_Transform_MF intServ="EEMSIIB_GPS_SRC_PRIORITY" env="uat" override="BrkConfigKey">BRK_CONFIG</com.gps.sourcetrans.GPS_Source_Transform_MF>
<com.gps.sourcetrans.GPS_Source_Transform_MF intServ="EEMSIIB_GPS_SRC_PRIORITY" env="uat" override="SchemaName">ELECELIG</com.gps.sourcetrans.GPS_Source_Transform_MF>
<com.gps.sourcetrans.GPS_Source_Transform_MF intServ="EEMSIIB_GPS_SRC_PRIORITY" env="uat" override="EEMSIIB.GPS_SOURCE_TRANSFORM_IN.queueName">EEMSIIB.GPS_SOURCE_PRTY_TRANSFORM_IN</com.gps.sourcetrans.GPS_Source_Transform_MF>
<com.gps.sourcetrans.GPS_Source_Transform_MF intServ="EEMSIIB_GPS_SRC_PRIORITY" env="uat" override="EEMSIIB.GPS_SOURCE_DBLOAD_IN.queueName">EEMSIIB.GPS_SOURCE_PRTY_DBLOAD_IN</com.gps.sourcetrans.GPS_Source_Transform_MF>
<com.gps.sourcetrans.GPS_Source_Transform_MF intServ="EEMSIIB_GPS_SRC_PRIORITY" env="uat" override="Create_SourceTransform.dataSource">EEMS_DB</com.gps.sourcetrans.GPS_Source_Transform_MF>
<com.gps.sourcetrans.GPS_Source_Transform_MF intServ="EEMSIIB_GPS_SRC_PRIORITY" env="uat" override="SourceTrans_ProcessException.dataSource">EEMS_DB</com.gps.sourcetrans.GPS_Source_Transform_MF>
<com.gps.sourcetrans.GPS_Source_Transform_MF intServ="EEMSIIB_GPS_SRC_PRIORITY" env="uat" override="EEMSIIB.GPS_ERRORMESSAGE_DATA.queueName">EEMSIIB.GPS_ERRORMESSAGE_DATA</com.gps.sourcetrans.GPS_Source_Transform_MF>
<com.gps.sourcetrans.GPS_Source_Transform_MF intServ="EEMSIIB_GPS_SRC_PRIORITY" env="uat" override="Common_AuditInMessage_SF.queueName">EEMSIIB.GPS_COMMON_AUDITMESSAGE_DATA</com.gps.sourcetrans.GPS_Source_Transform_MF>
<com.gps.sourcetrans.GPS_Source_Transform_MF intServ="EEMSIIB_GPS_SRC_PRIORITY" env="uat" override="PriorityMap">EEMS_Priority_Map</com.gps.sourcetrans.GPS_Source_Transform_MF>
<com.gps.sourcetrans.GPS_Source_Transform_MF intServ="EEMSIIB_GPS_SRC_PRIORITY" env="uat" override="PriorityKey">INFLIGHT_CACHE</com.gps.sourcetrans.GPS_Source_Transform_MF>
<com.gps.sourcetrans.GPS_Source_Transform_MF intServ="EEMSIIB_GPS_SRC_PRIORITY" env="uat" override="Username">upmeeetest</com.gps.sourcetrans.GPS_Source_Transform_MF>
<com.gps.sourcetrans.GPS_Source_Transform_MF intServ="EEMSIIB_GPS_SRC_PRIORITY" env="uat" override="Password">hy8iKHHS
</com.gps.sourcetrans.GPS_Source_Transform_MF>
<com.gps.sourcetrans.GPS_Source_Transform_MF intServ="EEMSIIB_GPS_SRC_PRIORITY" env="uat" override="webServiceURL">https://aesystestproxy-vm.uhc.com:22443/upm4/soap/uhcmr/workqueues/item/GetItemV1</com.gps.sourcetrans.GPS_Source_Transform_MF>

<!-- UAT-Bravo -->
<com.gps.sourcetrans.GPS_Source_Transform_MF intServ="EEMSIIB_GPS_SRC_TRANSFORM" env="uat-bravo" override="additionalInstances">45</com.gps.sourcetrans.GPS_Source_Transform_MF>
<com.gps.sourcetrans.GPS_Source_Transform_MF intServ="EEMSIIB_GPS_SRC_TRANSFORM" env="uat-bravo" override="GlobalCacheMap">GPS_Common_Map</com.gps.sourcetrans.GPS_Source_Transform_MF>
<com.gps.sourcetrans.GPS_Source_Transform_MF intServ="EEMSIIB_GPS_SRC_TRANSFORM" env="uat-bravo" override="brkrList">BKMBRB11</com.gps.sourcetrans.GPS_Source_Transform_MF>
<com.gps.sourcetrans.GPS_Source_Transform_MF intServ="EEMSIIB_GPS_SRC_TRANSFORM" env="uat-bravo" override="brkrCount">1</com.gps.sourcetrans.GPS_Source_Transform_MF>
<com.gps.sourcetrans.GPS_Source_Transform_MF intServ="EEMSIIB_GPS_SRC_TRANSFORM" env="uat-bravo" override="BrkConfigKey">BRK_CONFIG</com.gps.sourcetrans.GPS_Source_Transform_MF>
<com.gps.sourcetrans.GPS_Source_Transform_MF intServ="EEMSIIB_GPS_SRC_TRANSFORM" env="uat-bravo" override="SchemaName">ELECELIG</com.gps.sourcetrans.GPS_Source_Transform_MF>
<com.gps.sourcetrans.GPS_Source_Transform_MF intServ="EEMSIIB_GPS_SRC_TRANSFORM" env="uat-bravo" override="EEMSIIB.GPS_SOURCE_TRANSFORM_IN.queueName">EEMSIIB.GPS_SOURCE_TRANSFORM_IN</com.gps.sourcetrans.GPS_Source_Transform_MF>
<com.gps.sourcetrans.GPS_Source_Transform_MF intServ="EEMSIIB_GPS_SRC_TRANSFORM" env="uat-bravo" override="EEMSIIB.GPS_SOURCE_DBLOAD_IN.queueName">EEMSIIB.GPS_SOURCE_DBLOAD_IN</com.gps.sourcetrans.GPS_Source_Transform_MF>
<com.gps.sourcetrans.GPS_Source_Transform_MF intServ="EEMSIIB_GPS_SRC_TRANSFORM" env="uat-bravo" override="Create_SourceTransform.dataSource">EEMS_DB</com.gps.sourcetrans.GPS_Source_Transform_MF>
<com.gps.sourcetrans.GPS_Source_Transform_MF intServ="EEMSIIB_GPS_SRC_TRANSFORM" env="uat-bravo" override="SourceTrans_ProcessException.dataSource">EEMS_DB</com.gps.sourcetrans.GPS_Source_Transform_MF>
<com.gps.sourcetrans.GPS_Source_Transform_MF intServ="EEMSIIB_GPS_SRC_TRANSFORM" env="uat-bravo" override="EEMSIIB.GPS_ERRORMESSAGE_DATA.queueName">EEMSIIB.GPS_ERRORMESSAGE_DATA</com.gps.sourcetrans.GPS_Source_Transform_MF>
<com.gps.sourcetrans.GPS_Source_Transform_MF intServ="EEMSIIB_GPS_SRC_TRANSFORM" env="uat-bravo" override="Common_AuditInMessage_SF.queueName">EEMSIIB.GPS_COMMON_AUDITMESSAGE_DATA</com.gps.sourcetrans.GPS_Source_Transform_MF>
<com.gps.sourcetrans.GPS_Source_Transform_MF intServ="EEMSIIB_GPS_SRC_TRANSFORM" env="uat-bravo" override="PriorityMap">EEMS_Priority_Map</com.gps.sourcetrans.GPS_Source_Transform_MF>
<com.gps.sourcetrans.GPS_Source_Transform_MF intServ="EEMSIIB_GPS_SRC_TRANSFORM" env="uat-bravo" override="PriorityKey">INFLIGHT_CACHE</com.gps.sourcetrans.GPS_Source_Transform_MF>
<com.gps.sourcetrans.GPS_Source_Transform_MF intServ="EEMSIIB_GPS_SRC_TRANSFORM" env="uat-bravo" override="Username">upmeeetest</com.gps.sourcetrans.GPS_Source_Transform_MF>
<com.gps.sourcetrans.GPS_Source_Transform_MF intServ="EEMSIIB_GPS_SRC_TRANSFORM" env="uat-bravo" override="Password">hy8iKHHS</com.gps.sourcetrans.GPS_Source_Transform_MF>
<com.gps.sourcetrans.GPS_Source_Transform_MF intServ="EEMSIIB_GPS_SRC_TRANSFORM" env="uat-bravo" override="webServiceURL">https://aesystestproxy-vm.uhc.com:33443/upm4/soap/uhcmr/workqueues/item/GetItemV1</com.gps.sourcetrans.GPS_Source_Transform_MF>

<com.gps.sourcetrans.GPS_Source_Transform_MF intServ="EEMSIIB_GPS_SRC_PRIORITY" env="uat-bravo" override="additionalInstances">45</com.gps.sourcetrans.GPS_Source_Transform_MF>
<com.gps.sourcetrans.GPS_Source_Transform_MF intServ="EEMSIIB_GPS_SRC_PRIORITY" env="uat-bravo" override="GlobalCacheMap">GPS_Common_Map</com.gps.sourcetrans.GPS_Source_Transform_MF>
<com.gps.sourcetrans.GPS_Source_Transform_MF intServ="EEMSIIB_GPS_SRC_PRIORITY" env="uat-bravo" override="brkrList">BKMBRB11</com.gps.sourcetrans.GPS_Source_Transform_MF>
<com.gps.sourcetrans.GPS_Source_Transform_MF intServ="EEMSIIB_GPS_SRC_PRIORITY" env="uat-bravo" override="brkrCount">1</com.gps.sourcetrans.GPS_Source_Transform_MF>
<com.gps.sourcetrans.GPS_Source_Transform_MF intServ="EEMSIIB_GPS_SRC_PRIORITY" env="uat-bravo" override="BrkConfigKey">BRK_CONFIG</com.gps.sourcetrans.GPS_Source_Transform_MF>
<com.gps.sourcetrans.GPS_Source_Transform_MF intServ="EEMSIIB_GPS_SRC_PRIORITY" env="uat-bravo" override="SchemaName">ELECELIG</com.gps.sourcetrans.GPS_Source_Transform_MF>
<com.gps.sourcetrans.GPS_Source_Transform_MF intServ="EEMSIIB_GPS_SRC_PRIORITY" env="uat-bravo" override="EEMSIIB.GPS_SOURCE_TRANSFORM_IN.queueName">EEMSIIB.GPS_SOURCE_PRTY_TRANSFORM_IN</com.gps.sourcetrans.GPS_Source_Transform_MF>
<com.gps.sourcetrans.GPS_Source_Transform_MF intServ="EEMSIIB_GPS_SRC_PRIORITY" env="uat-bravo" override="EEMSIIB.GPS_SOURCE_DBLOAD_IN.queueName">EEMSIIB.GPS_SOURCE_PRTY_DBLOAD_IN</com.gps.sourcetrans.GPS_Source_Transform_MF>
<com.gps.sourcetrans.GPS_Source_Transform_MF intServ="EEMSIIB_GPS_SRC_PRIORITY" env="uat-bravo" override="Create_SourceTransform.dataSource">EEMS_DB</com.gps.sourcetrans.GPS_Source_Transform_MF>
<com.gps.sourcetrans.GPS_Source_Transform_MF intServ="EEMSIIB_GPS_SRC_PRIORITY" env="uat-bravo" override="SourceTrans_ProcessException.dataSource">EEMS_DB</com.gps.sourcetrans.GPS_Source_Transform_MF>
<com.gps.sourcetrans.GPS_Source_Transform_MF intServ="EEMSIIB_GPS_SRC_PRIORITY" env="uat-bravo" override="EEMSIIB.GPS_ERRORMESSAGE_DATA.queueName">EEMSIIB.GPS_ERRORMESSAGE_DATA</com.gps.sourcetrans.GPS_Source_Transform_MF>
<com.gps.sourcetrans.GPS_Source_Transform_MF intServ="EEMSIIB_GPS_SRC_PRIORITY" env="uat-bravo" override="Common_AuditInMessage_SF.queueName">EEMSIIB.GPS_COMMON_AUDITMESSAGE_DATA</com.gps.sourcetrans.GPS_Source_Transform_MF>
<com.gps.sourcetrans.GPS_Source_Transform_MF intServ="EEMSIIB_GPS_SRC_PRIORITY" env="uat-bravo" override="PriorityMap">EEMS_Priority_Map</com.gps.sourcetrans.GPS_Source_Transform_MF>
<com.gps.sourcetrans.GPS_Source_Transform_MF intServ="EEMSIIB_GPS_SRC_PRIORITY" env="uat-bravo" override="PriorityKey">INFLIGHT_CACHE</com.gps.sourcetrans.GPS_Source_Transform_MF>
<com.gps.sourcetrans.GPS_Source_Transform_MF intServ="EEMSIIB_GPS_SRC_PRIORITY" env="uat-bravo" override="Username">upmeeetest</com.gps.sourcetrans.GPS_Source_Transform_MF>
<com.gps.sourcetrans.GPS_Source_Transform_MF intServ="EEMSIIB_GPS_SRC_PRIORITY" env="uat-bravo" override="Password">hy8iKHHS</com.gps.sourcetrans.GPS_Source_Transform_MF>
<com.gps.sourcetrans.GPS_Source_Transform_MF intServ="EEMSIIB_GPS_SRC_PRIORITY" env="uat-bravo" override="webServiceURL">https://aesystestproxy-vm.uhc.com:33443/upm4/soap/uhcmr/workqueues/item/GetItemV1</com.gps.sourcetrans.GPS_Source_Transform_MF>

<!--STAGE-->
<com.gps.sourcetrans.GPS_Source_Transform_MF intServ="EEMSIIB_GPS_SRC_TRANSFORM" env="stage" override="additionalInstances">45</com.gps.sourcetrans.GPS_Source_Transform_MF>
<com.gps.sourcetrans.GPS_Source_Transform_MF intServ="EEMSIIB_GPS_SRC_TRANSFORM" env="stage" override="GlobalCacheMap">GPS_Common_Map</com.gps.sourcetrans.GPS_Source_Transform_MF>
<com.gps.sourcetrans.GPS_Source_Transform_MF intServ="EEMSIIB_GPS_SRC_TRANSFORM" env="stage" override="brkrList">WMBRM11_WMBRM12</com.gps.sourcetrans.GPS_Source_Transform_MF>
<com.gps.sourcetrans.GPS_Source_Transform_MF intServ="EEMSIIB_GPS_SRC_TRANSFORM" env="stage" override="brkrCount">2</com.gps.sourcetrans.GPS_Source_Transform_MF>
<com.gps.sourcetrans.GPS_Source_Transform_MF intServ="EEMSIIB_GPS_SRC_TRANSFORM" env="stage" override="BrkConfigKey">BRK_CONFIG</com.gps.sourcetrans.GPS_Source_Transform_MF>
<com.gps.sourcetrans.GPS_Source_Transform_MF intServ="EEMSIIB_GPS_SRC_TRANSFORM" env="stage" override="SchemaName">ELECELIG</com.gps.sourcetrans.GPS_Source_Transform_MF>
<com.gps.sourcetrans.GPS_Source_Transform_MF intServ="EEMSIIB_GPS_SRC_TRANSFORM" env="stage" override="EEMSIIB.GPS_SOURCE_TRANSFORM_IN.queueName">EEMSIIB.GPS_SOURCE_TRANSFORM_IN</com.gps.sourcetrans.GPS_Source_Transform_MF>
<com.gps.sourcetrans.GPS_Source_Transform_MF intServ="EEMSIIB_GPS_SRC_TRANSFORM" env="stage" override="EEMSIIB.GPS_SOURCE_DBLOAD_IN.queueName">EEMSIIB.GPS_SOURCE_DBLOAD_IN</com.gps.sourcetrans.GPS_Source_Transform_MF>
<com.gps.sourcetrans.GPS_Source_Transform_MF intServ="EEMSIIB_GPS_SRC_TRANSFORM" env="stage" override="Create_SourceTransform.dataSource">EEMS_DB</com.gps.sourcetrans.GPS_Source_Transform_MF>
<com.gps.sourcetrans.GPS_Source_Transform_MF intServ="EEMSIIB_GPS_SRC_TRANSFORM" env="stage" override="SourceTrans_ProcessException.dataSource">EEMS_DB</com.gps.sourcetrans.GPS_Source_Transform_MF>
<com.gps.sourcetrans.GPS_Source_Transform_MF intServ="EEMSIIB_GPS_SRC_TRANSFORM" env="stage" override="EEMSIIB.GPS_ERRORMESSAGE_DATA.queueName">EEMSIIB.GPS_ERRORMESSAGE_DATA</com.gps.sourcetrans.GPS_Source_Transform_MF>
<com.gps.sourcetrans.GPS_Source_Transform_MF intServ="EEMSIIB_GPS_SRC_TRANSFORM" env="stage" override="Common_AuditInMessage_SF.queueName">EEMSIIB.GPS_COMMON_AUDITMESSAGE_DATA</com.gps.sourcetrans.GPS_Source_Transform_MF>
<com.gps.sourcetrans.GPS_Source_Transform_MF intServ="EEMSIIB_GPS_SRC_TRANSFORM" env="stage" override="PriorityMap">EEMS_Priority_Map</com.gps.sourcetrans.GPS_Source_Transform_MF>
<com.gps.sourcetrans.GPS_Source_Transform_MF intServ="EEMSIIB_GPS_SRC_TRANSFORM" env="stage" override="PriorityKey">INFLIGHT_CACHE</com.gps.sourcetrans.GPS_Source_Transform_MF>
<com.gps.sourcetrans.GPS_Source_Transform_MF intServ="EEMSIIB_GPS_SRC_TRANSFORM" env="stage" override="Username">upmeeetest</com.gps.sourcetrans.GPS_Source_Transform_MF>
<com.gps.sourcetrans.GPS_Source_Transform_MF intServ="EEMSIIB_GPS_SRC_TRANSFORM" env="stage" override="Password">hy8iKHHS</com.gps.sourcetrans.GPS_Source_Transform_MF>
<com.gps.sourcetrans.GPS_Source_Transform_MF intServ="EEMSIIB_GPS_SRC_TRANSFORM" env="stage" override="webServiceURL">https://aestageproxy.uhc.com/upm4/soap/uhcmr/workqueues/item/GetItemV1</com.gps.sourcetrans.GPS_Source_Transform_MF>

<com.gps.sourcetrans.GPS_Source_Transform_MF intServ="EEMSIIB_GPS_SRC_PRIORITY" env="stage" override="additionalInstances">45</com.gps.sourcetrans.GPS_Source_Transform_MF>
<com.gps.sourcetrans.GPS_Source_Transform_MF intServ="EEMSIIB_GPS_SRC_PRIORITY" env="stage" override="GlobalCacheMap">GPS_Common_Map</com.gps.sourcetrans.GPS_Source_Transform_MF>
<com.gps.sourcetrans.GPS_Source_Transform_MF intServ="EEMSIIB_GPS_SRC_PRIORITY" env="stage" override="brkrList">WMBRM11_WMBRM12</com.gps.sourcetrans.GPS_Source_Transform_MF>
<com.gps.sourcetrans.GPS_Source_Transform_MF intServ="EEMSIIB_GPS_SRC_PRIORITY" env="stage" override="brkrCount">2</com.gps.sourcetrans.GPS_Source_Transform_MF>
<com.gps.sourcetrans.GPS_Source_Transform_MF intServ="EEMSIIB_GPS_SRC_PRIORITY" env="stage" override="BrkConfigKey">BRK_CONFIG</com.gps.sourcetrans.GPS_Source_Transform_MF>
<com.gps.sourcetrans.GPS_Source_Transform_MF intServ="EEMSIIB_GPS_SRC_PRIORITY" env="stage" override="SchemaName">ELECELIG</com.gps.sourcetrans.GPS_Source_Transform_MF>
<com.gps.sourcetrans.GPS_Source_Transform_MF intServ="EEMSIIB_GPS_SRC_PRIORITY" env="stage" override="EEMSIIB.GPS_SOURCE_TRANSFORM_IN.queueName">EEMSIIB.GPS_SOURCE_PRTY_TRANSFORM_IN</com.gps.sourcetrans.GPS_Source_Transform_MF>
<com.gps.sourcetrans.GPS_Source_Transform_MF intServ="EEMSIIB_GPS_SRC_PRIORITY" env="stage" override="EEMSIIB.GPS_SOURCE_DBLOAD_IN.queueName">EEMSIIB.GPS_SOURCE_PRTY_DBLOAD_IN</com.gps.sourcetrans.GPS_Source_Transform_MF>
<com.gps.sourcetrans.GPS_Source_Transform_MF intServ="EEMSIIB_GPS_SRC_PRIORITY" env="stage" override="Create_SourceTransform.dataSource">EEMS_DB</com.gps.sourcetrans.GPS_Source_Transform_MF>
<com.gps.sourcetrans.GPS_Source_Transform_MF intServ="EEMSIIB_GPS_SRC_PRIORITY" env="stage" override="SourceTrans_ProcessException.dataSource">EEMS_DB</com.gps.sourcetrans.GPS_Source_Transform_MF>
<com.gps.sourcetrans.GPS_Source_Transform_MF intServ="EEMSIIB_GPS_SRC_PRIORITY" env="stage" override="EEMSIIB.GPS_ERRORMESSAGE_DATA.queueName">EEMSIIB.GPS_ERRORMESSAGE_DATA</com.gps.sourcetrans.GPS_Source_Transform_MF>
<com.gps.sourcetrans.GPS_Source_Transform_MF intServ="EEMSIIB_GPS_SRC_PRIORITY" env="stage" override="Common_AuditInMessage_SF.queueName">EEMSIIB.GPS_COMMON_AUDITMESSAGE_DATA</com.gps.sourcetrans.GPS_Source_Transform_MF>
<com.gps.sourcetrans.GPS_Source_Transform_MF intServ="EEMSIIB_GPS_SRC_PRIORITY" env="stage" override="PriorityMap">EEMS_Priority_Map</com.gps.sourcetrans.GPS_Source_Transform_MF>
<com.gps.sourcetrans.GPS_Source_Transform_MF intServ="EEMSIIB_GPS_SRC_PRIORITY" env="stage" override="PriorityKey">INFLIGHT_CACHE</com.gps.sourcetrans.GPS_Source_Transform_MF>
<com.gps.sourcetrans.GPS_Source_Transform_MF intServ="EEMSIIB_GPS_SRC_PRIORITY" env="stage" override="Username">upmeeetest</com.gps.sourcetrans.GPS_Source_Transform_MF>
<com.gps.sourcetrans.GPS_Source_Transform_MF intServ="EEMSIIB_GPS_SRC_PRIORITY" env="stage" override="Password">hy8iKHHS</com.gps.sourcetrans.GPS_Source_Transform_MF>
<com.gps.sourcetrans.GPS_Source_Transform_MF intServ="EEMSIIB_GPS_SRC_PRIORITY" env="stage" override="webServiceURL">https://aestageproxy.uhc.com/upm4/soap/uhcmr/workqueues/item/GetItemV1</com.gps.sourcetrans.GPS_Source_Transform_MF>

<!--ADOPT-->
<com.gps.sourcetrans.GPS_Source_Transform_MF intServ="EEMSIIB_GPS_SRC_TRANSFORM" env="adopt" override="additionalInstances">45</com.gps.sourcetrans.GPS_Source_Transform_MF>
<com.gps.sourcetrans.GPS_Source_Transform_MF intServ="EEMSIIB_GPS_SRC_TRANSFORM" env="adopt" override="GlobalCacheMap">GPS_Common_Map</com.gps.sourcetrans.GPS_Source_Transform_MF>
<com.gps.sourcetrans.GPS_Source_Transform_MF intServ="EEMSIIB_GPS_SRC_TRANSFORM" env="adopt" override="brkrList">BKMBPD07_BKMBPD08</com.gps.sourcetrans.GPS_Source_Transform_MF>
<com.gps.sourcetrans.GPS_Source_Transform_MF intServ="EEMSIIB_GPS_SRC_TRANSFORM" env="adopt" override="brkrCount">2</com.gps.sourcetrans.GPS_Source_Transform_MF>
<com.gps.sourcetrans.GPS_Source_Transform_MF intServ="EEMSIIB_GPS_SRC_TRANSFORM" env="adopt" override="BrkConfigKey">BRK_CONFIG</com.gps.sourcetrans.GPS_Source_Transform_MF>
<com.gps.sourcetrans.GPS_Source_Transform_MF intServ="EEMSIIB_GPS_SRC_TRANSFORM" env="adopt" override="SchemaName">ELECELIG</com.gps.sourcetrans.GPS_Source_Transform_MF>
<com.gps.sourcetrans.GPS_Source_Transform_MF intServ="EEMSIIB_GPS_SRC_TRANSFORM" env="adopt" override="EEMSIIB.GPS_SOURCE_TRANSFORM_IN.queueName">EEMSIIB.ADP.GPS_SOURCE_TRANSFORM_IN</com.gps.sourcetrans.GPS_Source_Transform_MF>
<com.gps.sourcetrans.GPS_Source_Transform_MF intServ="EEMSIIB_GPS_SRC_TRANSFORM" env="adopt" override="EEMSIIB.GPS_SOURCE_DBLOAD_IN.queueName">EEMSIIB.ADP.GPS_SOURCE_DBLOAD_IN</com.gps.sourcetrans.GPS_Source_Transform_MF>
<com.gps.sourcetrans.GPS_Source_Transform_MF intServ="EEMSIIB_GPS_SRC_TRANSFORM" env="adopt" override="Create_SourceTransform.dataSource">EEMS_DB</com.gps.sourcetrans.GPS_Source_Transform_MF>
<com.gps.sourcetrans.GPS_Source_Transform_MF intServ="EEMSIIB_GPS_SRC_TRANSFORM" env="adopt" override="SourceTrans_ProcessException.dataSource">EEMS_DB</com.gps.sourcetrans.GPS_Source_Transform_MF>
<com.gps.sourcetrans.GPS_Source_Transform_MF intServ="EEMSIIB_GPS_SRC_TRANSFORM" env="adopt" override="EEMSIIB.GPS_ERRORMESSAGE_DATA.queueName">EEMSIIB.ADP.GPS_ERRORMESSAGE_DATA</com.gps.sourcetrans.GPS_Source_Transform_MF>
<com.gps.sourcetrans.GPS_Source_Transform_MF intServ="EEMSIIB_GPS_SRC_TRANSFORM" env="adopt" override="Common_AuditInMessage_SF.queueName">EEMSIIB.ADP.GPS_COMMON_AUDITMESSAGE_DATA</com.gps.sourcetrans.GPS_Source_Transform_MF>
<com.gps.sourcetrans.GPS_Source_Transform_MF intServ="EEMSIIB_GPS_SRC_TRANSFORM" env="adopt" override="PriorityMap">EEMS_Priority_Map</com.gps.sourcetrans.GPS_Source_Transform_MF>
<com.gps.sourcetrans.GPS_Source_Transform_MF intServ="EEMSIIB_GPS_SRC_TRANSFORM" env="adopt" override="PriorityKey">INFLIGHT_CACHE</com.gps.sourcetrans.GPS_Source_Transform_MF>
<com.gps.sourcetrans.GPS_Source_Transform_MF intServ="EEMSIIB_GPS_SRC_TRANSFORM" env="adopt" override="Username">upmeeeprod</com.gps.sourcetrans.GPS_Source_Transform_MF>
<com.gps.sourcetrans.GPS_Source_Transform_MF intServ="EEMSIIB_GPS_SRC_TRANSFORM" env="adopt" override="Password">ymdY3yh3</com.gps.sourcetrans.GPS_Source_Transform_MF>
<com.gps.sourcetrans.GPS_Source_Transform_MF intServ="EEMSIIB_GPS_SRC_TRANSFORM" env="adopt" override="webServiceURL">https://aeprodproxy.uhc.com/upm4/soap/uhcmr/workqueues/item/GetItemV1</com.gps.sourcetrans.GPS_Source_Transform_MF>

<com.gps.sourcetrans.GPS_Source_Transform_MF intServ="EEMSIIB_GPS_SRC_PRIORITY" env="adopt" override="additionalInstances">45</com.gps.sourcetrans.GPS_Source_Transform_MF>
<com.gps.sourcetrans.GPS_Source_Transform_MF intServ="EEMSIIB_GPS_SRC_PRIORITY" env="adopt" override="GlobalCacheMap">GPS_Common_Map</com.gps.sourcetrans.GPS_Source_Transform_MF>
<com.gps.sourcetrans.GPS_Source_Transform_MF intServ="EEMSIIB_GPS_SRC_PRIORITY" env="adopt" override="brkrList">BKMBPD07_BKMBPD08</com.gps.sourcetrans.GPS_Source_Transform_MF>
<com.gps.sourcetrans.GPS_Source_Transform_MF intServ="EEMSIIB_GPS_SRC_PRIORITY" env="adopt" override="brkrCount">2</com.gps.sourcetrans.GPS_Source_Transform_MF>
<com.gps.sourcetrans.GPS_Source_Transform_MF intServ="EEMSIIB_GPS_SRC_PRIORITY" env="adopt" override="BrkConfigKey">BRK_CONFIG</com.gps.sourcetrans.GPS_Source_Transform_MF>
<com.gps.sourcetrans.GPS_Source_Transform_MF intServ="EEMSIIB_GPS_SRC_PRIORITY" env="adopt" override="SchemaName">ELECELIG</com.gps.sourcetrans.GPS_Source_Transform_MF>
<com.gps.sourcetrans.GPS_Source_Transform_MF intServ="EEMSIIB_GPS_SRC_PRIORITY" env="adopt" override="EEMSIIB.GPS_SOURCE_TRANSFORM_IN.queueName">EEMSIIB.ADP.GPS_SOURCE_PRTY_TRANSFORM_IN</com.gps.sourcetrans.GPS_Source_Transform_MF>
<com.gps.sourcetrans.GPS_Source_Transform_MF intServ="EEMSIIB_GPS_SRC_PRIORITY" env="adopt" override="EEMSIIB.GPS_SOURCE_DBLOAD_IN.queueName">EEMSIIB.ADP.GPS_SOURCE_PRTY_DBLOAD_IN</com.gps.sourcetrans.GPS_Source_Transform_MF>
<com.gps.sourcetrans.GPS_Source_Transform_MF intServ="EEMSIIB_GPS_SRC_PRIORITY" env="adopt" override="Create_SourceTransform.dataSource">EEMS_DB</com.gps.sourcetrans.GPS_Source_Transform_MF>
<com.gps.sourcetrans.GPS_Source_Transform_MF intServ="EEMSIIB_GPS_SRC_PRIORITY" env="adopt" override="SourceTrans_ProcessException.dataSource">EEMS_DB</com.gps.sourcetrans.GPS_Source_Transform_MF>
<com.gps.sourcetrans.GPS_Source_Transform_MF intServ="EEMSIIB_GPS_SRC_PRIORITY" env="adopt" override="EEMSIIB.GPS_ERRORMESSAGE_DATA.queueName">EEMSIIB.ADP.GPS_ERRORMESSAGE_DATA</com.gps.sourcetrans.GPS_Source_Transform_MF>
<com.gps.sourcetrans.GPS_Source_Transform_MF intServ="EEMSIIB_GPS_SRC_PRIORITY" env="adopt" override="Common_AuditInMessage_SF.queueName">EEMSIIB.ADP.GPS_COMMON_AUDITMESSAGE_DATA</com.gps.sourcetrans.GPS_Source_Transform_MF>
<com.gps.sourcetrans.GPS_Source_Transform_MF intServ="EEMSIIB_GPS_SRC_PRIORITY" env="adopt" override="PriorityMap">EEMS_Priority_Map</com.gps.sourcetrans.GPS_Source_Transform_MF>
<com.gps.sourcetrans.GPS_Source_Transform_MF intServ="EEMSIIB_GPS_SRC_PRIORITY" env="adopt" override="PriorityKey">INFLIGHT_CACHE</com.gps.sourcetrans.GPS_Source_Transform_MF>
<com.gps.sourcetrans.GPS_Source_Transform_MF intServ="EEMSIIB_GPS_SRC_PRIORITY" env="adopt" override="Username">upmeeeprod</com.gps.sourcetrans.GPS_Source_Transform_MF>
<com.gps.sourcetrans.GPS_Source_Transform_MF intServ="EEMSIIB_GPS_SRC_PRIORITY" env="adopt" override="Password">ymdY3yh3</com.gps.sourcetrans.GPS_Source_Transform_MF>
<com.gps.sourcetrans.GPS_Source_Transform_MF intServ="EEMSIIB_GPS_SRC_PRIORITY" env="adopt" override="webServiceURL">https://aeprodproxy.uhc.com/upm4/soap/uhcmr/workqueues/item/GetItemV1</com.gps.sourcetrans.GPS_Source_Transform_MF>

<!--PROD-->
<com.gps.sourcetrans.GPS_Source_Transform_MF intServ="EEMSIIB_GPS_SRC_TRANSFORM" env="prod" override="additionalInstances">45</com.gps.sourcetrans.GPS_Source_Transform_MF>
<com.gps.sourcetrans.GPS_Source_Transform_MF intServ="EEMSIIB_GPS_SRC_TRANSFORM" env="prod" override="GlobalCacheMap">GPS_Common_Map</com.gps.sourcetrans.GPS_Source_Transform_MF>
<com.gps.sourcetrans.GPS_Source_Transform_MF intServ="EEMSIIB_GPS_SRC_TRANSFORM" env="prod" override="brkrList">BKMBPD11_BKMBPD12</com.gps.sourcetrans.GPS_Source_Transform_MF>
<com.gps.sourcetrans.GPS_Source_Transform_MF intServ="EEMSIIB_GPS_SRC_TRANSFORM" env="prod" override="brkrCount">2</com.gps.sourcetrans.GPS_Source_Transform_MF>
<com.gps.sourcetrans.GPS_Source_Transform_MF intServ="EEMSIIB_GPS_SRC_TRANSFORM" env="prod" override="BrkConfigKey">BRK_CONFIG</com.gps.sourcetrans.GPS_Source_Transform_MF>
<com.gps.sourcetrans.GPS_Source_Transform_MF intServ="EEMSIIB_GPS_SRC_TRANSFORM" env="prod" override="SchemaName">ELECELIG</com.gps.sourcetrans.GPS_Source_Transform_MF>
<com.gps.sourcetrans.GPS_Source_Transform_MF intServ="EEMSIIB_GPS_SRC_TRANSFORM" env="prod" override="EEMSIIB.GPS_SOURCE_TRANSFORM_IN.queueName">EEMSIIB.GPS_SOURCE_TRANSFORM_IN</com.gps.sourcetrans.GPS_Source_Transform_MF>
<com.gps.sourcetrans.GPS_Source_Transform_MF intServ="EEMSIIB_GPS_SRC_TRANSFORM" env="prod" override="EEMSIIB.GPS_SOURCE_DBLOAD_IN.queueName">EEMSIIB.GPS_SOURCE_DBLOAD_IN</com.gps.sourcetrans.GPS_Source_Transform_MF>
<com.gps.sourcetrans.GPS_Source_Transform_MF intServ="EEMSIIB_GPS_SRC_TRANSFORM" env="prod" override="Create_SourceTransform.dataSource">EEMS_DB</com.gps.sourcetrans.GPS_Source_Transform_MF>
<com.gps.sourcetrans.GPS_Source_Transform_MF intServ="EEMSIIB_GPS_SRC_TRANSFORM" env="prod" override="SourceTrans_ProcessException.dataSource">EEMS_DB</com.gps.sourcetrans.GPS_Source_Transform_MF>
<com.gps.sourcetrans.GPS_Source_Transform_MF intServ="EEMSIIB_GPS_SRC_TRANSFORM" env="prod" override="EEMSIIB.GPS_ERRORMESSAGE_DATA.queueName">EEMSIIB.GPS_ERRORMESSAGE_DATA</com.gps.sourcetrans.GPS_Source_Transform_MF>
<com.gps.sourcetrans.GPS_Source_Transform_MF intServ="EEMSIIB_GPS_SRC_TRANSFORM" env="prod" override="Common_AuditInMessage_SF.queueName">EEMSIIB.GPS_COMMON_AUDITMESSAGE_DATA</com.gps.sourcetrans.GPS_Source_Transform_MF>
<com.gps.sourcetrans.GPS_Source_Transform_MF intServ="EEMSIIB_GPS_SRC_TRANSFORM" env="prod" override="PriorityMap">EEMS_Priority_Map</com.gps.sourcetrans.GPS_Source_Transform_MF>
<com.gps.sourcetrans.GPS_Source_Transform_MF intServ="EEMSIIB_GPS_SRC_TRANSFORM" env="prod" override="PriorityKey">INFLIGHT_CACHE</com.gps.sourcetrans.GPS_Source_Transform_MF>
<com.gps.sourcetrans.GPS_Source_Transform_MF intServ="EEMSIIB_GPS_SRC_TRANSFORM" env="prod" override="Username">upmeeeprod</com.gps.sourcetrans.GPS_Source_Transform_MF>
<com.gps.sourcetrans.GPS_Source_Transform_MF intServ="EEMSIIB_GPS_SRC_TRANSFORM" env="prod" override="Password">ymdY3yh3</com.gps.sourcetrans.GPS_Source_Transform_MF>
<com.gps.sourcetrans.GPS_Source_Transform_MF intServ="EEMSIIB_GPS_SRC_TRANSFORM" env="prod" override="webServiceURL">https://aeprodproxy.uhc.com/upm4/soap/uhcmr/workqueues/item/GetItemV1</com.gps.sourcetrans.GPS_Source_Transform_MF>

<com.gps.sourcetrans.GPS_Source_Transform_MF intServ="EEMSIIB_GPS_SRC_PRIORITY" env="prod" override="additionalInstances">45</com.gps.sourcetrans.GPS_Source_Transform_MF>
<com.gps.sourcetrans.GPS_Source_Transform_MF intServ="EEMSIIB_GPS_SRC_PRIORITY" env="prod" override="GlobalCacheMap">GPS_Common_Map</com.gps.sourcetrans.GPS_Source_Transform_MF>
<com.gps.sourcetrans.GPS_Source_Transform_MF intServ="EEMSIIB_GPS_SRC_PRIORITY" env="prod" override="brkrList">BKMBPD11_BKMBPD12</com.gps.sourcetrans.GPS_Source_Transform_MF>
<com.gps.sourcetrans.GPS_Source_Transform_MF intServ="EEMSIIB_GPS_SRC_PRIORITY" env="prod" override="brkrCount">2</com.gps.sourcetrans.GPS_Source_Transform_MF>
<com.gps.sourcetrans.GPS_Source_Transform_MF intServ="EEMSIIB_GPS_SRC_PRIORITY" env="prod" override="BrkConfigKey">BRK_CONFIG</com.gps.sourcetrans.GPS_Source_Transform_MF>
<com.gps.sourcetrans.GPS_Source_Transform_MF intServ="EEMSIIB_GPS_SRC_PRIORITY" env="prod" override="SchemaName">ELECELIG</com.gps.sourcetrans.GPS_Source_Transform_MF>
<com.gps.sourcetrans.GPS_Source_Transform_MF intServ="EEMSIIB_GPS_SRC_PRIORITY" env="prod" override="EEMSIIB.GPS_SOURCE_TRANSFORM_IN.queueName">EEMSIIB.GPS_SOURCE_PRTY_TRANSFORM_IN</com.gps.sourcetrans.GPS_Source_Transform_MF>
<com.gps.sourcetrans.GPS_Source_Transform_MF intServ="EEMSIIB_GPS_SRC_PRIORITY" env="prod" override="EEMSIIB.GPS_SOURCE_DBLOAD_IN.queueName">EEMSIIB.GPS_SOURCE_PRTY_DBLOAD_IN</com.gps.sourcetrans.GPS_Source_Transform_MF>
<com.gps.sourcetrans.GPS_Source_Transform_MF intServ="EEMSIIB_GPS_SRC_PRIORITY" env="prod" override="Create_SourceTransform.dataSource">EEMS_DB</com.gps.sourcetrans.GPS_Source_Transform_MF>
<com.gps.sourcetrans.GPS_Source_Transform_MF intServ="EEMSIIB_GPS_SRC_PRIORITY" env="prod" override="SourceTrans_ProcessException.dataSource">EEMS_DB</com.gps.sourcetrans.GPS_Source_Transform_MF>
<com.gps.sourcetrans.GPS_Source_Transform_MF intServ="EEMSIIB_GPS_SRC_PRIORITY" env="prod" override="EEMSIIB.GPS_ERRORMESSAGE_DATA.queueName">EEMSIIB.GPS_ERRORMESSAGE_DATA</com.gps.sourcetrans.GPS_Source_Transform_MF>
<com.gps.sourcetrans.GPS_Source_Transform_MF intServ="EEMSIIB_GPS_SRC_PRIORITY" env="prod" override="Common_AuditInMessage_SF.queueName">EEMSIIB.GPS_COMMON_AUDITMESSAGE_DATA</com.gps.sourcetrans.GPS_Source_Transform_MF>
<com.gps.sourcetrans.GPS_Source_Transform_MF intServ="EEMSIIB_GPS_SRC_PRIORITY" env="prod" override="PriorityMap">EEMS_Priority_Map</com.gps.sourcetrans.GPS_Source_Transform_MF>
<com.gps.sourcetrans.GPS_Source_Transform_MF intServ="EEMSIIB_GPS_SRC_PRIORITY" env="prod" override="PriorityKey">INFLIGHT_CACHE</com.gps.sourcetrans.GPS_Source_Transform_MF>
<com.gps.sourcetrans.GPS_Source_Transform_MF intServ="EEMSIIB_GPS_SRC_PRIORITY" env="prod" override="Username">upmeeeprod</com.gps.sourcetrans.GPS_Source_Transform_MF>
<com.gps.sourcetrans.GPS_Source_Transform_MF intServ="EEMSIIB_GPS_SRC_PRIORITY" env="prod" override="Password">ymdY3yh3</com.gps.sourcetrans.GPS_Source_Transform_MF>
<com.gps.sourcetrans.GPS_Source_Transform_MF intServ="EEMSIIB_GPS_SRC_PRIORITY" env="prod" override="webServiceURL">https://aeprodproxy.uhc.com/upm4/soap/uhcmr/workqueues/item/GetItemV1</com.gps.sourcetrans.GPS_Source_Transform_MF>

</Broker>