<?xml version="1.0" encoding="UTF-8" ?> 
<Broker>
<!-- DEV -->
<com.gps.StandardizedAddress.invokeService_code1_wsdl_new_GPS_StandardizedAddress_MF intServ="EEMSIIB_GPS_SRC_INQUIRY" env="dev" override="Request.webServiceURL">https://api-int-stg.uhc.com:8443/ZIP/test/getStandardizedAddressV02</com.gps.StandardizedAddress.invokeService_code1_wsdl_new_GPS_StandardizedAddress_MF>
<com.gps.StandardizedAddress.invokeService_code1_wsdl_new_GPS_StandardizedAddress_MF intServ="EEMSIIB_GPS_SRC_INQUIRY" env="dev" override="Request.sslProtocol">TLS</com.gps.StandardizedAddress.invokeService_code1_wsdl_new_GPS_StandardizedAddress_MF>
<com.gps.StandardizedAddress.GPS_StandardizedAddress_MF intServ="EEMSIIB_GPS_SRC_INQUIRY" env="dev" override="additionalInstances">30</com.gps.StandardizedAddress.GPS_StandardizedAddress_MF>
<com.gps.StandardizedAddress.GPS_StandardizedAddress_MF intServ="EEMSIIB_GPS_SRC_INQUIRY" env="dev" override="Username">eeel7tst</com.gps.StandardizedAddress.GPS_StandardizedAddress_MF>
<com.gps.StandardizedAddress.GPS_StandardizedAddress_MF intServ="EEMSIIB_GPS_SRC_INQUIRY" env="dev" override="Password">v2qMXrKd</com.gps.StandardizedAddress.GPS_StandardizedAddress_MF>
<com.gps.StandardizedAddress.GPS_StandardizedAddress_MF intServ="EEMSIIB_GPS_SRC_INQUIRY" env="dev" override="RetryNoOfTimes">3</com.gps.StandardizedAddress.GPS_StandardizedAddress_MF>
<com.gps.StandardizedAddress.GPS_StandardizedAddress_MF intServ="EEMSIIB_GPS_SRC_INQUIRY" env="dev" override="PriorityMap">PriorityMap</com.gps.StandardizedAddress.GPS_StandardizedAddress_MF>
<com.gps.StandardizedAddress.GPS_StandardizedAddress_MF intServ="EEMSIIB_GPS_SRC_INQUIRY" env="dev" override="PriorityKey">INFLIGHT_CACHE</com.gps.StandardizedAddress.GPS_StandardizedAddress_MF>
<com.gps.StandardizedAddress.GPS_StandardizedAddress_MF intServ="EEMSIIB_GPS_SRC_INQUIRY" env="dev" override="Build_GPSRequest.dataSource">EEMS_DB</com.gps.StandardizedAddress.GPS_StandardizedAddress_MF>
<com.gps.StandardizedAddress.GPS_StandardizedAddress_MF intServ="EEMSIIB_GPS_SRC_INQUIRY" env="dev" override="EEMSIIB.GPS_ERRORMESSAGE_DATA.queueName">EEMSIIB.ERRORMESSAGE_DATA</com.gps.StandardizedAddress.GPS_StandardizedAddress_MF>
<com.gps.StandardizedAddress.GPS_StandardizedAddress_MF intServ="EEMSIIB_GPS_SRC_INQUIRY" env="dev" override="MemberInq_ProcessException.dataSource">EEMS_DB</com.gps.StandardizedAddress.GPS_StandardizedAddress_MF>
<com.gps.StandardizedAddress.GPS_StandardizedAddress_MF intServ="EEMSIIB_GPS_SRC_INQUIRY" env="dev" override="Common_AuditInMessage_SF.queueName">EEMSIIB.COMMON_AUDITMESSAGE_DATA</com.gps.StandardizedAddress.GPS_StandardizedAddress_MF>
<com.gps.StandardizedAddress.GPS_StandardizedAddress_MF intServ="EEMSIIB_GPS_SRC_INQUIRY" env="dev" override="SOURCE_INQUIRY_IN.queueName">EEMSIIB.GPS_SOURCE_TRANSFORM_IN</com.gps.StandardizedAddress.GPS_StandardizedAddress_MF>
<com.gps.StandardizedAddress.GPS_StandardizedAddress_MF intServ="EEMSIIB_GPS_SRC_INQUIRY" env="dev" override="GPS_Custom_XML_from_Initial.queueName">EEMSIIB.GPS_SOURCE_POSTPROC_IN</com.gps.StandardizedAddress.GPS_StandardizedAddress_MF>
<com.gps.StandardizedAddress.GPS_StandardizedAddress_MF intServ="EEMSIIB_GPS_SRC_INQUIRY" env="dev" override="GPS_Custom_XML_from_Initial.componentLevel">node</com.gps.StandardizedAddress.GPS_StandardizedAddress_MF>
<com.gps.StandardizedAddress.GPS_StandardizedAddress_MF intServ="EEMSIIB_GPS_SRC_INQUIRY" env="dev" override="GPS_Custom_XML_from_Initial.additionalInstances">6</com.gps.StandardizedAddress.GPS_StandardizedAddress_MF>

<com.gps.StandardizedAddress.invokeService_code1_wsdl_new_GPS_StandardizedAddress_MF intServ="EEMSIIB_GPS_SRC_PRIORITY" env="dev" override="Request.webServiceURL">https://api-int-stg.uhc.com:8443/ZIP/test/getStandardizedAddressV02</com.gps.StandardizedAddress.invokeService_code1_wsdl_new_GPS_StandardizedAddress_MF>
<com.gps.StandardizedAddress.invokeService_code1_wsdl_new_GPS_StandardizedAddress_MF intServ="EEMSIIB_GPS_SRC_PRIORITY" env="dev" override="Request.sslProtocol">TLS</com.gps.StandardizedAddress.invokeService_code1_wsdl_new_GPS_StandardizedAddress_MF>
<com.gps.StandardizedAddress.GPS_StandardizedAddress_MF intServ="EEMSIIB_GPS_SRC_PRIORITY" env="dev" override="additionalInstances">30</com.gps.StandardizedAddress.GPS_StandardizedAddress_MF>
<com.gps.StandardizedAddress.GPS_StandardizedAddress_MF intServ="EEMSIIB_GPS_SRC_PRIORITY" env="dev" override="Username">eeel7tst</com.gps.StandardizedAddress.GPS_StandardizedAddress_MF>
<com.gps.StandardizedAddress.GPS_StandardizedAddress_MF intServ="EEMSIIB_GPS_SRC_PRIORITY" env="dev" override="Password">v2qMXrKd</com.gps.StandardizedAddress.GPS_StandardizedAddress_MF>
<com.gps.StandardizedAddress.GPS_StandardizedAddress_MF intServ="EEMSIIB_GPS_SRC_PRIORITY" env="dev" override="RetryNoOfTimes">3</com.gps.StandardizedAddress.GPS_StandardizedAddress_MF>
<com.gps.StandardizedAddress.GPS_StandardizedAddress_MF intServ="EEMSIIB_GPS_SRC_PRIORITY" env="dev" override="PriorityMap">PriorityMap</com.gps.StandardizedAddress.GPS_StandardizedAddress_MF>
<com.gps.StandardizedAddress.GPS_StandardizedAddress_MF intServ="EEMSIIB_GPS_SRC_PRIORITY" env="dev" override="PriorityKey">INFLIGHT_CACHE</com.gps.StandardizedAddress.GPS_StandardizedAddress_MF>
<com.gps.StandardizedAddress.GPS_StandardizedAddress_MF intServ="EEMSIIB_GPS_SRC_PRIORITY" env="dev" override="Build_GPSRequest.dataSource">EEMS_DB</com.gps.StandardizedAddress.GPS_StandardizedAddress_MF>
<com.gps.StandardizedAddress.GPS_StandardizedAddress_MF intServ="EEMSIIB_GPS_SRC_PRIORITY" env="dev" override="EEMSIIB.GPS_ERRORMESSAGE_DATA.queueName">EEMSIIB.ERRORMESSAGE_DATA</com.gps.StandardizedAddress.GPS_StandardizedAddress_MF>
<com.gps.StandardizedAddress.GPS_StandardizedAddress_MF intServ="EEMSIIB_GPS_SRC_PRIORITY" env="dev" override="MemberInq_ProcessException.dataSource">EEMS_DB</com.gps.StandardizedAddress.GPS_StandardizedAddress_MF>
<com.gps.StandardizedAddress.GPS_StandardizedAddress_MF intServ="EEMSIIB_GPS_SRC_PRIORITY" env="dev" override="Common_AuditInMessage_SF.queueName">EEMSIIB.COMMON_AUDITMESSAGE_DATA</com.gps.StandardizedAddress.GPS_StandardizedAddress_MF>
<com.gps.StandardizedAddress.GPS_StandardizedAddress_MF intServ="EEMSIIB_GPS_SRC_PRIORITY" env="dev" override="SOURCE_INQUIRY_IN.queueName">EEMSIIB.GPS_SOURCE_PRTY_TRANSFORM_IN</com.gps.StandardizedAddress.GPS_StandardizedAddress_MF>
<com.gps.StandardizedAddress.GPS_StandardizedAddress_MF intServ="EEMSIIB_GPS_SRC_PRIORITY" env="dev" override="GPS_Custom_XML_from_Initial.queueName">EEMSIIB.GPS_SOURCE_PRTY_POSTPROC_IN</com.gps.StandardizedAddress.GPS_StandardizedAddress_MF>
<com.gps.StandardizedAddress.GPS_StandardizedAddress_MF intServ="EEMSIIB_GPS_SRC_PRIORITY" env="dev" override="GPS_Custom_XML_from_Initial.componentLevel">node</com.gps.StandardizedAddress.GPS_StandardizedAddress_MF>
<com.gps.StandardizedAddress.GPS_StandardizedAddress_MF intServ="EEMSIIB_GPS_SRC_PRIORITY" env="dev" override="GPS_Custom_XML_from_Initial.additionalInstances">6</com.gps.StandardizedAddress.GPS_StandardizedAddress_MF>
<!-- SIT -->
<com.gps.StandardizedAddress.invokeService_code1_wsdl_new_GPS_StandardizedAddress_MF intServ="EEMSIIB_GPS_SRC_INQUIRY" env="test" override="Request.webServiceURL">https://api-int-stg.uhc.com:8443/ZIP/test/getStandardizedAddressV02</com.gps.StandardizedAddress.invokeService_code1_wsdl_new_GPS_StandardizedAddress_MF>
<com.gps.StandardizedAddress.invokeService_code1_wsdl_new_GPS_StandardizedAddress_MF intServ="EEMSIIB_GPS_SRC_INQUIRY" env="test" override="Request.sslProtocol">TLS</com.gps.StandardizedAddress.invokeService_code1_wsdl_new_GPS_StandardizedAddress_MF>
<com.gps.StandardizedAddress.GPS_StandardizedAddress_MF intServ="EEMSIIB_GPS_SRC_INQUIRY" env="test" override="additionalInstances">30</com.gps.StandardizedAddress.GPS_StandardizedAddress_MF>
<com.gps.StandardizedAddress.GPS_StandardizedAddress_MF intServ="EEMSIIB_GPS_SRC_INQUIRY" env="test" override="Username">eeel7tst</com.gps.StandardizedAddress.GPS_StandardizedAddress_MF>
<com.gps.StandardizedAddress.GPS_StandardizedAddress_MF intServ="EEMSIIB_GPS_SRC_INQUIRY" env="test" override="Password">v2qMXrKd</com.gps.StandardizedAddress.GPS_StandardizedAddress_MF>
<com.gps.StandardizedAddress.GPS_StandardizedAddress_MF intServ="EEMSIIB_GPS_SRC_INQUIRY" env="test" override="RetryNoOfTimes">3</com.gps.StandardizedAddress.GPS_StandardizedAddress_MF>
<com.gps.StandardizedAddress.GPS_StandardizedAddress_MF intServ="EEMSIIB_GPS_SRC_INQUIRY" env="test" override="PriorityMap">PriorityMap</com.gps.StandardizedAddress.GPS_StandardizedAddress_MF>
<com.gps.StandardizedAddress.GPS_StandardizedAddress_MF intServ="EEMSIIB_GPS_SRC_INQUIRY" env="test" override="PriorityKey">INFLIGHT_CACHE</com.gps.StandardizedAddress.GPS_StandardizedAddress_MF>
<com.gps.StandardizedAddress.GPS_StandardizedAddress_MF intServ="EEMSIIB_GPS_SRC_INQUIRY" env="test" override="Build_GPSRequest.dataSource">EEMS_DB</com.gps.StandardizedAddress.GPS_StandardizedAddress_MF>
<com.gps.StandardizedAddress.GPS_StandardizedAddress_MF intServ="EEMSIIB_GPS_SRC_INQUIRY" env="test" override="EEMSIIB.GPS_ERRORMESSAGE_DATA.queueName">EEMSIIB.ERRORMESSAGE_DATA</com.gps.StandardizedAddress.GPS_StandardizedAddress_MF>
<com.gps.StandardizedAddress.GPS_StandardizedAddress_MF intServ="EEMSIIB_GPS_SRC_INQUIRY" env="test" override="MemberInq_ProcessException.dataSource">EEMS_DB</com.gps.StandardizedAddress.GPS_StandardizedAddress_MF>
<com.gps.StandardizedAddress.GPS_StandardizedAddress_MF intServ="EEMSIIB_GPS_SRC_INQUIRY" env="test" override="Common_AuditInMessage_SF.queueName">EEMSIIB.COMMON_AUDITMESSAGE_DATA</com.gps.StandardizedAddress.GPS_StandardizedAddress_MF>
<com.gps.StandardizedAddress.GPS_StandardizedAddress_MF intServ="EEMSIIB_GPS_SRC_INQUIRY" env="test" override="SOURCE_INQUIRY_IN.queueName">EEMSIIB.GPS_SOURCE_TRANSFORM_IN</com.gps.StandardizedAddress.GPS_StandardizedAddress_MF>
<com.gps.StandardizedAddress.GPS_StandardizedAddress_MF intServ="EEMSIIB_GPS_SRC_INQUIRY" env="test" override="GPS_Custom_XML_from_Initial.queueName">EEMSIIB.GPS_SOURCE_POSTPROC_IN</com.gps.StandardizedAddress.GPS_StandardizedAddress_MF>
<com.gps.StandardizedAddress.GPS_StandardizedAddress_MF intServ="EEMSIIB_GPS_SRC_INQUIRY" env="test" override="GPS_Custom_XML_from_Initial.componentLevel">node</com.gps.StandardizedAddress.GPS_StandardizedAddress_MF>
<com.gps.StandardizedAddress.GPS_StandardizedAddress_MF intServ="EEMSIIB_GPS_SRC_INQUIRY" env="test" override="GPS_Custom_XML_from_Initial.additionalInstances">6</com.gps.StandardizedAddress.GPS_StandardizedAddress_MF>

<com.gps.StandardizedAddress.invokeService_code1_wsdl_new_GPS_StandardizedAddress_MF intServ="EEMSIIB_GPS_SRC_PRIORITY" env="test" override="Request.webServiceURL">https://api-int-stg.uhc.com:8443/ZIP/test/getStandardizedAddressV02</com.gps.StandardizedAddress.invokeService_code1_wsdl_new_GPS_StandardizedAddress_MF>
<com.gps.StandardizedAddress.invokeService_code1_wsdl_new_GPS_StandardizedAddress_MF intServ="EEMSIIB_GPS_SRC_PRIORITY" env="test" override="Request.sslProtocol">TLS</com.gps.StandardizedAddress.invokeService_code1_wsdl_new_GPS_StandardizedAddress_MF>
<com.gps.StandardizedAddress.GPS_StandardizedAddress_MF intServ="EEMSIIB_GPS_SRC_PRIORITY" env="test" override="additionalInstances">30</com.gps.StandardizedAddress.GPS_StandardizedAddress_MF>
<com.gps.StandardizedAddress.GPS_StandardizedAddress_MF intServ="EEMSIIB_GPS_SRC_PRIORITY" env="test" override="Username">eeel7tst</com.gps.StandardizedAddress.GPS_StandardizedAddress_MF>
<com.gps.StandardizedAddress.GPS_StandardizedAddress_MF intServ="EEMSIIB_GPS_SRC_PRIORITY" env="test" override="Password">v2qMXrKd</com.gps.StandardizedAddress.GPS_StandardizedAddress_MF>
<com.gps.StandardizedAddress.GPS_StandardizedAddress_MF intServ="EEMSIIB_GPS_SRC_PRIORITY" env="test" override="RetryNoOfTimes">3</com.gps.StandardizedAddress.GPS_StandardizedAddress_MF>
<com.gps.StandardizedAddress.GPS_StandardizedAddress_MF intServ="EEMSIIB_GPS_SRC_PRIORITY" env="test" override="PriorityMap">PriorityMap</com.gps.StandardizedAddress.GPS_StandardizedAddress_MF>
<com.gps.StandardizedAddress.GPS_StandardizedAddress_MF intServ="EEMSIIB_GPS_SRC_PRIORITY" env="test" override="PriorityKey">INFLIGHT_CACHE</com.gps.StandardizedAddress.GPS_StandardizedAddress_MF>
<com.gps.StandardizedAddress.GPS_StandardizedAddress_MF intServ="EEMSIIB_GPS_SRC_PRIORITY" env="test" override="Build_GPSRequest.dataSource">EEMS_DB</com.gps.StandardizedAddress.GPS_StandardizedAddress_MF>
<com.gps.StandardizedAddress.GPS_StandardizedAddress_MF intServ="EEMSIIB_GPS_SRC_PRIORITY" env="test" override="EEMSIIB.GPS_ERRORMESSAGE_DATA.queueName">EEMSIIB.ERRORMESSAGE_DATA</com.gps.StandardizedAddress.GPS_StandardizedAddress_MF>
<com.gps.StandardizedAddress.GPS_StandardizedAddress_MF intServ="EEMSIIB_GPS_SRC_PRIORITY" env="test" override="MemberInq_ProcessException.dataSource">EEMS_DB</com.gps.StandardizedAddress.GPS_StandardizedAddress_MF>
<com.gps.StandardizedAddress.GPS_StandardizedAddress_MF intServ="EEMSIIB_GPS_SRC_PRIORITY" env="test" override="Common_AuditInMessage_SF.queueName">EEMSIIB.COMMON_AUDITMESSAGE_DATA</com.gps.StandardizedAddress.GPS_StandardizedAddress_MF>
<com.gps.StandardizedAddress.GPS_StandardizedAddress_MF intServ="EEMSIIB_GPS_SRC_PRIORITY" env="test" override="SOURCE_INQUIRY_IN.queueName">EEMSIIB.GPS_SOURCE_PRTY_TRANSFORM_IN</com.gps.StandardizedAddress.GPS_StandardizedAddress_MF>
<com.gps.StandardizedAddress.GPS_StandardizedAddress_MF intServ="EEMSIIB_GPS_SRC_PRIORITY" env="test" override="GPS_Custom_XML_from_Initial.queueName">EEMSIIB.GPS_SOURCE_PRTY_POSTPROC_IN</com.gps.StandardizedAddress.GPS_StandardizedAddress_MF>
<com.gps.StandardizedAddress.GPS_StandardizedAddress_MF intServ="EEMSIIB_GPS_SRC_PRIORITY" env="test" override="GPS_Custom_XML_from_Initial.componentLevel">node</com.gps.StandardizedAddress.GPS_StandardizedAddress_MF>
<com.gps.StandardizedAddress.GPS_StandardizedAddress_MF intServ="EEMSIIB_GPS_SRC_PRIORITY" env="test" override="GPS_Custom_XML_from_Initial.additionalInstances">6</com.gps.StandardizedAddress.GPS_StandardizedAddress_MF>

<!-- SIT-Bravo -->
<com.gps.StandardizedAddress.invokeService_code1_wsdl_new_GPS_StandardizedAddress_MF intServ="EEMSIIB_GPS_SRC_INQUIRY" env="test2" override="Request.webServiceURL">https://api-int-stg.uhc.com:8443/ZIP/test/getStandardizedAddressV02</com.gps.StandardizedAddress.invokeService_code1_wsdl_new_GPS_StandardizedAddress_MF>
<com.gps.StandardizedAddress.invokeService_code1_wsdl_new_GPS_StandardizedAddress_MF intServ="EEMSIIB_GPS_SRC_INQUIRY" env="test2" override="Request.sslProtocol">TLS</com.gps.StandardizedAddress.invokeService_code1_wsdl_new_GPS_StandardizedAddress_MF>
<com.gps.StandardizedAddress.GPS_StandardizedAddress_MF intServ="EEMSIIB_GPS_SRC_INQUIRY" env="test2" override="additionalInstances">30</com.gps.StandardizedAddress.GPS_StandardizedAddress_MF>
<com.gps.StandardizedAddress.GPS_StandardizedAddress_MF intServ="EEMSIIB_GPS_SRC_INQUIRY" env="test2" override="Username">eeel7tst</com.gps.StandardizedAddress.GPS_StandardizedAddress_MF>
<com.gps.StandardizedAddress.GPS_StandardizedAddress_MF intServ="EEMSIIB_GPS_SRC_INQUIRY" env="test2" override="Password">v2qMXrKd</com.gps.StandardizedAddress.GPS_StandardizedAddress_MF>
<com.gps.StandardizedAddress.GPS_StandardizedAddress_MF intServ="EEMSIIB_GPS_SRC_INQUIRY" env="test2" override="RetryNoOfTimes">3</com.gps.StandardizedAddress.GPS_StandardizedAddress_MF>
<com.gps.StandardizedAddress.GPS_StandardizedAddress_MF intServ="EEMSIIB_GPS_SRC_INQUIRY" env="test2" override="PriorityMap">PriorityMap</com.gps.StandardizedAddress.GPS_StandardizedAddress_MF>
<com.gps.StandardizedAddress.GPS_StandardizedAddress_MF intServ="EEMSIIB_GPS_SRC_INQUIRY" env="test2" override="PriorityKey">INFLIGHT_CACHE</com.gps.StandardizedAddress.GPS_StandardizedAddress_MF>
<com.gps.StandardizedAddress.GPS_StandardizedAddress_MF intServ="EEMSIIB_GPS_SRC_INQUIRY" env="test2" override="Build_GPSRequest.dataSource">EEMS_DB</com.gps.StandardizedAddress.GPS_StandardizedAddress_MF>
<com.gps.StandardizedAddress.GPS_StandardizedAddress_MF intServ="EEMSIIB_GPS_SRC_INQUIRY" env="test2" override="EEMSIIB.GPS_ERRORMESSAGE_DATA.queueName">EEMSIIB.ERRORMESSAGE_DATA</com.gps.StandardizedAddress.GPS_StandardizedAddress_MF>
<com.gps.StandardizedAddress.GPS_StandardizedAddress_MF intServ="EEMSIIB_GPS_SRC_INQUIRY" env="test2" override="MemberInq_ProcessException.dataSource">EEMS_DB</com.gps.StandardizedAddress.GPS_StandardizedAddress_MF>
<com.gps.StandardizedAddress.GPS_StandardizedAddress_MF intServ="EEMSIIB_GPS_SRC_INQUIRY" env="test2" override="Common_AuditInMessage_SF.queueName">EEMSIIB.COMMON_AUDITMESSAGE_DATA</com.gps.StandardizedAddress.GPS_StandardizedAddress_MF>
<com.gps.StandardizedAddress.GPS_StandardizedAddress_MF intServ="EEMSIIB_GPS_SRC_INQUIRY" env="test2" override="SOURCE_INQUIRY_IN.queueName">EEMSIIB.GPS_SOURCE_TRANSFORM_IN</com.gps.StandardizedAddress.GPS_StandardizedAddress_MF>
<com.gps.StandardizedAddress.GPS_StandardizedAddress_MF intServ="EEMSIIB_GPS_SRC_INQUIRY" env="test2" override="GPS_Custom_XML_from_Initial.queueName">EEMSIIB.GPS_SOURCE_POSTPROC_IN</com.gps.StandardizedAddress.GPS_StandardizedAddress_MF>
<com.gps.StandardizedAddress.GPS_StandardizedAddress_MF intServ="EEMSIIB_GPS_SRC_INQUIRY" env="test2" override="GPS_Custom_XML_from_Initial.componentLevel">node</com.gps.StandardizedAddress.GPS_StandardizedAddress_MF>
<com.gps.StandardizedAddress.GPS_StandardizedAddress_MF intServ="EEMSIIB_GPS_SRC_INQUIRY" env="test2" override="GPS_Custom_XML_from_Initial.additionalInstances">6</com.gps.StandardizedAddress.GPS_StandardizedAddress_MF>

<com.gps.StandardizedAddress.invokeService_code1_wsdl_new_GPS_StandardizedAddress_MF intServ="EEMSIIB_GPS_SRC_PRIORITY" env="test2" override="Request.webServiceURL">https://api-int-stg.uhc.com:8443/ZIP/test/getStandardizedAddressV02</com.gps.StandardizedAddress.invokeService_code1_wsdl_new_GPS_StandardizedAddress_MF>
<com.gps.StandardizedAddress.invokeService_code1_wsdl_new_GPS_StandardizedAddress_MF intServ="EEMSIIB_GPS_SRC_PRIORITY" env="test2" override="Request.sslProtocol">TLS</com.gps.StandardizedAddress.invokeService_code1_wsdl_new_GPS_StandardizedAddress_MF>
<com.gps.StandardizedAddress.GPS_StandardizedAddress_MF intServ="EEMSIIB_GPS_SRC_PRIORITY" env="test2" override="additionalInstances">30</com.gps.StandardizedAddress.GPS_StandardizedAddress_MF>
<com.gps.StandardizedAddress.GPS_StandardizedAddress_MF intServ="EEMSIIB_GPS_SRC_PRIORITY" env="test2" override="Username">eeel7tst</com.gps.StandardizedAddress.GPS_StandardizedAddress_MF>
<com.gps.StandardizedAddress.GPS_StandardizedAddress_MF intServ="EEMSIIB_GPS_SRC_PRIORITY" env="test2" override="Password">v2qMXrKd</com.gps.StandardizedAddress.GPS_StandardizedAddress_MF>
<com.gps.StandardizedAddress.GPS_StandardizedAddress_MF intServ="EEMSIIB_GPS_SRC_PRIORITY" env="test2" override="RetryNoOfTimes">3</com.gps.StandardizedAddress.GPS_StandardizedAddress_MF>
<com.gps.StandardizedAddress.GPS_StandardizedAddress_MF intServ="EEMSIIB_GPS_SRC_PRIORITY" env="test2" override="PriorityMap">PriorityMap</com.gps.StandardizedAddress.GPS_StandardizedAddress_MF>
<com.gps.StandardizedAddress.GPS_StandardizedAddress_MF intServ="EEMSIIB_GPS_SRC_PRIORITY" env="test2" override="PriorityKey">INFLIGHT_CACHE</com.gps.StandardizedAddress.GPS_StandardizedAddress_MF>
<com.gps.StandardizedAddress.GPS_StandardizedAddress_MF intServ="EEMSIIB_GPS_SRC_PRIORITY" env="test2" override="Build_GPSRequest.dataSource">EEMS_DB</com.gps.StandardizedAddress.GPS_StandardizedAddress_MF>
<com.gps.StandardizedAddress.GPS_StandardizedAddress_MF intServ="EEMSIIB_GPS_SRC_PRIORITY" env="test2" override="EEMSIIB.GPS_ERRORMESSAGE_DATA.queueName">EEMSIIB.ERRORMESSAGE_DATA</com.gps.StandardizedAddress.GPS_StandardizedAddress_MF>
<com.gps.StandardizedAddress.GPS_StandardizedAddress_MF intServ="EEMSIIB_GPS_SRC_PRIORITY" env="test2" override="MemberInq_ProcessException.dataSource">EEMS_DB</com.gps.StandardizedAddress.GPS_StandardizedAddress_MF>
<com.gps.StandardizedAddress.GPS_StandardizedAddress_MF intServ="EEMSIIB_GPS_SRC_PRIORITY" env="test2" override="Common_AuditInMessage_SF.queueName">EEMSIIB.COMMON_AUDITMESSAGE_DATA</com.gps.StandardizedAddress.GPS_StandardizedAddress_MF>
<com.gps.StandardizedAddress.GPS_StandardizedAddress_MF intServ="EEMSIIB_GPS_SRC_PRIORITY" env="test2" override="SOURCE_INQUIRY_IN.queueName">EEMSIIB.GPS_SOURCE_PRTY_TRANSFORM_IN</com.gps.StandardizedAddress.GPS_StandardizedAddress_MF>
<com.gps.StandardizedAddress.GPS_StandardizedAddress_MF intServ="EEMSIIB_GPS_SRC_PRIORITY" env="test2" override="GPS_Custom_XML_from_Initial.queueName">EEMSIIB.GPS_SOURCE_PRTY_POSTPROC_IN</com.gps.StandardizedAddress.GPS_StandardizedAddress_MF>
<com.gps.StandardizedAddress.GPS_StandardizedAddress_MF intServ="EEMSIIB_GPS_SRC_PRIORITY" env="test2" override="GPS_Custom_XML_from_Initial.componentLevel">node</com.gps.StandardizedAddress.GPS_StandardizedAddress_MF>
<com.gps.StandardizedAddress.GPS_StandardizedAddress_MF intServ="EEMSIIB_GPS_SRC_PRIORITY" env="test2" override="GPS_Custom_XML_from_Initial.additionalInstances">6</com.gps.StandardizedAddress.GPS_StandardizedAddress_MF>


<!-- UAT -->
<com.gps.StandardizedAddress.invokeService_code1_wsdl_new_GPS_StandardizedAddress_MF intServ="EEMSIIB_GPS_SRC_INQUIRY" env="uat" override="Request.webServiceURL">https://api-int-stg.uhc.com:8443/ZIP/test/getStandardizedAddressV02</com.gps.StandardizedAddress.invokeService_code1_wsdl_new_GPS_StandardizedAddress_MF>
<com.gps.StandardizedAddress.invokeService_code1_wsdl_new_GPS_StandardizedAddress_MF intServ="EEMSIIB_GPS_SRC_INQUIRY" env="uat" override="Request.sslProtocol">TLS</com.gps.StandardizedAddress.invokeService_code1_wsdl_new_GPS_StandardizedAddress_MF>
<com.gps.StandardizedAddress.GPS_StandardizedAddress_MF intServ="EEMSIIB_GPS_SRC_INQUIRY" env="uat" override="additionalInstances">30</com.gps.StandardizedAddress.GPS_StandardizedAddress_MF>
<com.gps.StandardizedAddress.GPS_StandardizedAddress_MF intServ="EEMSIIB_GPS_SRC_INQUIRY" env="uat" override="Username">eeel7tst</com.gps.StandardizedAddress.GPS_StandardizedAddress_MF>
<com.gps.StandardizedAddress.GPS_StandardizedAddress_MF intServ="EEMSIIB_GPS_SRC_INQUIRY" env="uat" override="Password">v2qMXrKd</com.gps.StandardizedAddress.GPS_StandardizedAddress_MF>
<com.gps.StandardizedAddress.GPS_StandardizedAddress_MF intServ="EEMSIIB_GPS_SRC_INQUIRY" env="uat" override="RetryNoOfTimes">3</com.gps.StandardizedAddress.GPS_StandardizedAddress_MF>
<com.gps.StandardizedAddress.GPS_StandardizedAddress_MF intServ="EEMSIIB_GPS_SRC_INQUIRY" env="uat" override="PriorityMap">PriorityMap</com.gps.StandardizedAddress.GPS_StandardizedAddress_MF>
<com.gps.StandardizedAddress.GPS_StandardizedAddress_MF intServ="EEMSIIB_GPS_SRC_INQUIRY" env="uat" override="PriorityKey">INFLIGHT_CACHE</com.gps.StandardizedAddress.GPS_StandardizedAddress_MF>
<com.gps.StandardizedAddress.GPS_StandardizedAddress_MF intServ="EEMSIIB_GPS_SRC_INQUIRY" env="uat" override="Build_GPSRequest.dataSource">EEMS_DB</com.gps.StandardizedAddress.GPS_StandardizedAddress_MF>
<com.gps.StandardizedAddress.GPS_StandardizedAddress_MF intServ="EEMSIIB_GPS_SRC_INQUIRY" env="uat" override="EEMSIIB.GPS_ERRORMESSAGE_DATA.queueName">EEMSIIB.ERRORMESSAGE_DATA</com.gps.StandardizedAddress.GPS_StandardizedAddress_MF>
<com.gps.StandardizedAddress.GPS_StandardizedAddress_MF intServ="EEMSIIB_GPS_SRC_INQUIRY" env="uat" override="MemberInq_ProcessException.dataSource">EEMS_DB</com.gps.StandardizedAddress.GPS_StandardizedAddress_MF>
<com.gps.StandardizedAddress.GPS_StandardizedAddress_MF intServ="EEMSIIB_GPS_SRC_INQUIRY" env="uat" override="Common_AuditInMessage_SF.queueName">EEMSIIB.COMMON_AUDITMESSAGE_DATA</com.gps.StandardizedAddress.GPS_StandardizedAddress_MF>
<com.gps.StandardizedAddress.GPS_StandardizedAddress_MF intServ="EEMSIIB_GPS_SRC_INQUIRY" env="uat" override="SOURCE_INQUIRY_IN.queueName">EEMSIIB.GPS_SOURCE_TRANSFORM_IN</com.gps.StandardizedAddress.GPS_StandardizedAddress_MF>
<com.gps.StandardizedAddress.GPS_StandardizedAddress_MF intServ="EEMSIIB_GPS_SRC_INQUIRY" env="uat" override="GPS_Custom_XML_from_Initial.queueName">EEMSIIB.GPS_SOURCE_POSTPROC_IN</com.gps.StandardizedAddress.GPS_StandardizedAddress_MF>
<com.gps.StandardizedAddress.GPS_StandardizedAddress_MF intServ="EEMSIIB_GPS_SRC_INQUIRY" env="uat" override="GPS_Custom_XML_from_Initial.componentLevel">node</com.gps.StandardizedAddress.GPS_StandardizedAddress_MF>
<com.gps.StandardizedAddress.GPS_StandardizedAddress_MF intServ="EEMSIIB_GPS_SRC_INQUIRY" env="uat" override="GPS_Custom_XML_from_Initial.additionalInstances">6</com.gps.StandardizedAddress.GPS_StandardizedAddress_MF>


<com.gps.StandardizedAddress.invokeService_code1_wsdl_new_GPS_StandardizedAddress_MF intServ="EEMSIIB_GPS_SRC_PRIORITY" env="uat" override="Request.webServiceURL">https://api-int-stg.uhc.com:8443/ZIP/test/getStandardizedAddressV02</com.gps.StandardizedAddress.invokeService_code1_wsdl_new_GPS_StandardizedAddress_MF>
<com.gps.StandardizedAddress.invokeService_code1_wsdl_new_GPS_StandardizedAddress_MF intServ="EEMSIIB_GPS_SRC_PRIORITY" env="uat" override="Request.sslProtocol">TLS</com.gps.StandardizedAddress.invokeService_code1_wsdl_new_GPS_StandardizedAddress_MF>
<com.gps.StandardizedAddress.GPS_StandardizedAddress_MF intServ="EEMSIIB_GPS_SRC_PRIORITY" env="uat" override="additionalInstances">30</com.gps.StandardizedAddress.GPS_StandardizedAddress_MF>
<com.gps.StandardizedAddress.GPS_StandardizedAddress_MF intServ="EEMSIIB_GPS_SRC_PRIORITY" env="uat" override="Username">eeel7tst</com.gps.StandardizedAddress.GPS_StandardizedAddress_MF>
<com.gps.StandardizedAddress.GPS_StandardizedAddress_MF intServ="EEMSIIB_GPS_SRC_PRIORITY" env="uat" override="Password">v2qMXrKd</com.gps.StandardizedAddress.GPS_StandardizedAddress_MF>
<com.gps.StandardizedAddress.GPS_StandardizedAddress_MF intServ="EEMSIIB_GPS_SRC_PRIORITY" env="uat" override="RetryNoOfTimes">3</com.gps.StandardizedAddress.GPS_StandardizedAddress_MF>
<com.gps.StandardizedAddress.GPS_StandardizedAddress_MF intServ="EEMSIIB_GPS_SRC_PRIORITY" env="uat" override="PriorityMap">PriorityMap</com.gps.StandardizedAddress.GPS_StandardizedAddress_MF>
<com.gps.StandardizedAddress.GPS_StandardizedAddress_MF intServ="EEMSIIB_GPS_SRC_PRIORITY" env="uat" override="PriorityKey">INFLIGHT_CACHE</com.gps.StandardizedAddress.GPS_StandardizedAddress_MF>
<com.gps.StandardizedAddress.GPS_StandardizedAddress_MF intServ="EEMSIIB_GPS_SRC_PRIORITY" env="uat" override="Build_GPSRequest.dataSource">EEMS_DB</com.gps.StandardizedAddress.GPS_StandardizedAddress_MF>
<com.gps.StandardizedAddress.GPS_StandardizedAddress_MF intServ="EEMSIIB_GPS_SRC_PRIORITY" env="uat" override="EEMSIIB.GPS_ERRORMESSAGE_DATA.queueName">EEMSIIB.ERRORMESSAGE_DATA</com.gps.StandardizedAddress.GPS_StandardizedAddress_MF>
<com.gps.StandardizedAddress.GPS_StandardizedAddress_MF intServ="EEMSIIB_GPS_SRC_PRIORITY" env="uat" override="MemberInq_ProcessException.dataSource">EEMS_DB</com.gps.StandardizedAddress.GPS_StandardizedAddress_MF>
<com.gps.StandardizedAddress.GPS_StandardizedAddress_MF intServ="EEMSIIB_GPS_SRC_PRIORITY" env="uat" override="Common_AuditInMessage_SF.queueName">EEMSIIB.COMMON_AUDITMESSAGE_DATA</com.gps.StandardizedAddress.GPS_StandardizedAddress_MF>
<com.gps.StandardizedAddress.GPS_StandardizedAddress_MF intServ="EEMSIIB_GPS_SRC_PRIORITY" env="uat" override="SOURCE_INQUIRY_IN.queueName">EEMSIIB.GPS_SOURCE_PRTY_TRANSFORM_IN</com.gps.StandardizedAddress.GPS_StandardizedAddress_MF>
<com.gps.StandardizedAddress.GPS_StandardizedAddress_MF intServ="EEMSIIB_GPS_SRC_PRIORITY" env="uat" override="GPS_Custom_XML_from_Initial.queueName">EEMSIIB.GPS_SOURCE_PRTY_POSTPROC_IN</com.gps.StandardizedAddress.GPS_StandardizedAddress_MF>
<com.gps.StandardizedAddress.GPS_StandardizedAddress_MF intServ="EEMSIIB_GPS_SRC_PRIORITY" env="uat" override="GPS_Custom_XML_from_Initial.componentLevel">node</com.gps.StandardizedAddress.GPS_StandardizedAddress_MF>
<com.gps.StandardizedAddress.GPS_StandardizedAddress_MF intServ="EEMSIIB_GPS_SRC_PRIORITY" env="uat" override="GPS_Custom_XML_from_Initial.additionalInstances">6</com.gps.StandardizedAddress.GPS_StandardizedAddress_MF>



<!-- uat-bravo -->
<com.gps.StandardizedAddress.invokeService_code1_wsdl_new_GPS_StandardizedAddress_MF intServ="EEMSIIB_GPS_SRC_INQUIRY" env="uat-bravo" override="Request.webServiceURL">https://api-int-stg.uhc.com:8443/ZIP/test/getStandardizedAddressV02</com.gps.StandardizedAddress.invokeService_code1_wsdl_new_GPS_StandardizedAddress_MF>
<com.gps.StandardizedAddress.invokeService_code1_wsdl_new_GPS_StandardizedAddress_MF intServ="EEMSIIB_GPS_SRC_INQUIRY" env="uat-bravo" override="Request.sslProtocol">TLS</com.gps.StandardizedAddress.invokeService_code1_wsdl_new_GPS_StandardizedAddress_MF>
<com.gps.StandardizedAddress.GPS_StandardizedAddress_MF intServ="EEMSIIB_GPS_SRC_INQUIRY" env="uat-bravo" override="additionalInstances">30</com.gps.StandardizedAddress.GPS_StandardizedAddress_MF>
<com.gps.StandardizedAddress.GPS_StandardizedAddress_MF intServ="EEMSIIB_GPS_SRC_INQUIRY" env="uat-bravo" override="Username">eeel7tst</com.gps.StandardizedAddress.GPS_StandardizedAddress_MF>
<com.gps.StandardizedAddress.GPS_StandardizedAddress_MF intServ="EEMSIIB_GPS_SRC_INQUIRY" env="uat-bravo" override="Password">v2qMXrKd</com.gps.StandardizedAddress.GPS_StandardizedAddress_MF>
<com.gps.StandardizedAddress.GPS_StandardizedAddress_MF intServ="EEMSIIB_GPS_SRC_INQUIRY" env="uat-bravo" override="RetryNoOfTimes">3</com.gps.StandardizedAddress.GPS_StandardizedAddress_MF>
<com.gps.StandardizedAddress.GPS_StandardizedAddress_MF intServ="EEMSIIB_GPS_SRC_INQUIRY" env="uat-bravo" override="PriorityMap">PriorityMap</com.gps.StandardizedAddress.GPS_StandardizedAddress_MF>
<com.gps.StandardizedAddress.GPS_StandardizedAddress_MF intServ="EEMSIIB_GPS_SRC_INQUIRY" env="uat-bravo" override="PriorityKey">INFLIGHT_CACHE</com.gps.StandardizedAddress.GPS_StandardizedAddress_MF>
<com.gps.StandardizedAddress.GPS_StandardizedAddress_MF intServ="EEMSIIB_GPS_SRC_INQUIRY" env="uat-bravo" override="Build_GPSRequest.dataSource">EEMS_DB</com.gps.StandardizedAddress.GPS_StandardizedAddress_MF>
<com.gps.StandardizedAddress.GPS_StandardizedAddress_MF intServ="EEMSIIB_GPS_SRC_INQUIRY" env="uat-bravo" override="EEMSIIB.GPS_ERRORMESSAGE_DATA.queueName">EEMSIIB.ERRORMESSAGE_DATA</com.gps.StandardizedAddress.GPS_StandardizedAddress_MF>
<com.gps.StandardizedAddress.GPS_StandardizedAddress_MF intServ="EEMSIIB_GPS_SRC_INQUIRY" env="uat-bravo" override="MemberInq_ProcessException.dataSource">EEMS_DB</com.gps.StandardizedAddress.GPS_StandardizedAddress_MF>
<com.gps.StandardizedAddress.GPS_StandardizedAddress_MF intServ="EEMSIIB_GPS_SRC_INQUIRY" env="uat-bravo" override="Common_AuditInMessage_SF.queueName">EEMSIIB.COMMON_AUDITMESSAGE_DATA</com.gps.StandardizedAddress.GPS_StandardizedAddress_MF>
<com.gps.StandardizedAddress.GPS_StandardizedAddress_MF intServ="EEMSIIB_GPS_SRC_INQUIRY" env="uat-bravo" override="SOURCE_INQUIRY_IN.queueName">EEMSIIB.GPS_SOURCE_TRANSFORM_IN</com.gps.StandardizedAddress.GPS_StandardizedAddress_MF>
<com.gps.StandardizedAddress.GPS_StandardizedAddress_MF intServ="EEMSIIB_GPS_SRC_INQUIRY" env="uat-bravo" override="GPS_Custom_XML_from_Initial.queueName">EEMSIIB.GPS_SOURCE_POSTPROC_IN</com.gps.StandardizedAddress.GPS_StandardizedAddress_MF>
<com.gps.StandardizedAddress.GPS_StandardizedAddress_MF intServ="EEMSIIB_GPS_SRC_INQUIRY" env="uat-bravo" override="GPS_Custom_XML_from_Initial.componentLevel">node</com.gps.StandardizedAddress.GPS_StandardizedAddress_MF>
<com.gps.StandardizedAddress.GPS_StandardizedAddress_MF intServ="EEMSIIB_GPS_SRC_INQUIRY" env="uat-bravo" override="GPS_Custom_XML_from_Initial.additionalInstances">6</com.gps.StandardizedAddress.GPS_StandardizedAddress_MF>

<com.gps.StandardizedAddress.invokeService_code1_wsdl_new_GPS_StandardizedAddress_MF intServ="EEMSIIB_GPS_SRC_PRIORITY" env="uat-bravo" override="Request.webServiceURL">https://api-int-stg.uhc.com:8443/ZIP/test/getStandardizedAddressV02</com.gps.StandardizedAddress.invokeService_code1_wsdl_new_GPS_StandardizedAddress_MF>
<com.gps.StandardizedAddress.invokeService_code1_wsdl_new_GPS_StandardizedAddress_MF intServ="EEMSIIB_GPS_SRC_PRIORITY" env="uat-bravo" override="Request.sslProtocol">TLS</com.gps.StandardizedAddress.invokeService_code1_wsdl_new_GPS_StandardizedAddress_MF>
<com.gps.StandardizedAddress.GPS_StandardizedAddress_MF intServ="EEMSIIB_GPS_SRC_PRIORITY" env="uat-bravo" override="additionalInstances">30</com.gps.StandardizedAddress.GPS_StandardizedAddress_MF>
<com.gps.StandardizedAddress.GPS_StandardizedAddress_MF intServ="EEMSIIB_GPS_SRC_PRIORITY" env="uat-bravo" override="Username">eeel7tst</com.gps.StandardizedAddress.GPS_StandardizedAddress_MF>
<com.gps.StandardizedAddress.GPS_StandardizedAddress_MF intServ="EEMSIIB_GPS_SRC_PRIORITY" env="uat-bravo" override="Password">v2qMXrKd</com.gps.StandardizedAddress.GPS_StandardizedAddress_MF>
<com.gps.StandardizedAddress.GPS_StandardizedAddress_MF intServ="EEMSIIB_GPS_SRC_PRIORITY" env="uat-bravo" override="RetryNoOfTimes">3</com.gps.StandardizedAddress.GPS_StandardizedAddress_MF>
<com.gps.StandardizedAddress.GPS_StandardizedAddress_MF intServ="EEMSIIB_GPS_SRC_PRIORITY" env="uat-bravo" override="PriorityMap">PriorityMap</com.gps.StandardizedAddress.GPS_StandardizedAddress_MF>
<com.gps.StandardizedAddress.GPS_StandardizedAddress_MF intServ="EEMSIIB_GPS_SRC_PRIORITY" env="uat-bravo" override="PriorityKey">INFLIGHT_CACHE</com.gps.StandardizedAddress.GPS_StandardizedAddress_MF>
<com.gps.StandardizedAddress.GPS_StandardizedAddress_MF intServ="EEMSIIB_GPS_SRC_PRIORITY" env="uat-bravo" override="Build_GPSRequest.dataSource">EEMS_DB</com.gps.StandardizedAddress.GPS_StandardizedAddress_MF>
<com.gps.StandardizedAddress.GPS_StandardizedAddress_MF intServ="EEMSIIB_GPS_SRC_PRIORITY" env="uat-bravo" override="EEMSIIB.GPS_ERRORMESSAGE_DATA.queueName">EEMSIIB.ERRORMESSAGE_DATA</com.gps.StandardizedAddress.GPS_StandardizedAddress_MF>
<com.gps.StandardizedAddress.GPS_StandardizedAddress_MF intServ="EEMSIIB_GPS_SRC_PRIORITY" env="uat-bravo" override="MemberInq_ProcessException.dataSource">EEMS_DB</com.gps.StandardizedAddress.GPS_StandardizedAddress_MF>
<com.gps.StandardizedAddress.GPS_StandardizedAddress_MF intServ="EEMSIIB_GPS_SRC_PRIORITY" env="uat-bravo" override="Common_AuditInMessage_SF.queueName">EEMSIIB.COMMON_AUDITMESSAGE_DATA</com.gps.StandardizedAddress.GPS_StandardizedAddress_MF>
<com.gps.StandardizedAddress.GPS_StandardizedAddress_MF intServ="EEMSIIB_GPS_SRC_PRIORITY" env="uat-bravo" override="SOURCE_INQUIRY_IN.queueName">EEMSIIB.GPS_SOURCE_PRTY_TRANSFORM_IN</com.gps.StandardizedAddress.GPS_StandardizedAddress_MF>
<com.gps.StandardizedAddress.GPS_StandardizedAddress_MF intServ="EEMSIIB_GPS_SRC_PRIORITY" env="uat-bravo" override="GPS_Custom_XML_from_Initial.queueName">EEMSIIB.GPS_SOURCE_PRTY_POSTPROC_IN</com.gps.StandardizedAddress.GPS_StandardizedAddress_MF>
<com.gps.StandardizedAddress.GPS_StandardizedAddress_MF intServ="EEMSIIB_GPS_SRC_PRIORITY" env="uat-bravo" override="GPS_Custom_XML_from_Initial.componentLevel">node</com.gps.StandardizedAddress.GPS_StandardizedAddress_MF>
<com.gps.StandardizedAddress.GPS_StandardizedAddress_MF intServ="EEMSIIB_GPS_SRC_PRIORITY" env="uat-bravo" override="GPS_Custom_XML_from_Initial.additionalInstances">6</com.gps.StandardizedAddress.GPS_StandardizedAddress_MF>


<!-- STAGE -->
<com.gps.StandardizedAddress.invokeService_code1_wsdl_new_GPS_StandardizedAddress_MF intServ="EEMSIIB_GPS_SRC_INQUIRY" env="stage" override="Request.webServiceURL">https://api-int-stg.uhc.com:8443/ZIP/master/getStandardizedAddressV02</com.gps.StandardizedAddress.invokeService_code1_wsdl_new_GPS_StandardizedAddress_MF>
<com.gps.StandardizedAddress.invokeService_code1_wsdl_new_GPS_StandardizedAddress_MF intServ="EEMSIIB_GPS_SRC_INQUIRY" env="stage" override="Request.sslProtocol">TLS</com.gps.StandardizedAddress.invokeService_code1_wsdl_new_GPS_StandardizedAddress_MF>
<com.gps.StandardizedAddress.GPS_StandardizedAddress_MF intServ="EEMSIIB_GPS_SRC_INQUIRY" env="stage" override="additionalInstances">30</com.gps.StandardizedAddress.GPS_StandardizedAddress_MF>
<com.gps.StandardizedAddress.GPS_StandardizedAddress_MF intServ="EEMSIIB_GPS_SRC_INQUIRY" env="stage" override="Username">eeel7tst</com.gps.StandardizedAddress.GPS_StandardizedAddress_MF>
<com.gps.StandardizedAddress.GPS_StandardizedAddress_MF intServ="EEMSIIB_GPS_SRC_INQUIRY" env="stage" override="Password">v2qMXrKd</com.gps.StandardizedAddress.GPS_StandardizedAddress_MF>
<com.gps.StandardizedAddress.GPS_StandardizedAddress_MF intServ="EEMSIIB_GPS_SRC_INQUIRY" env="stage" override="RetryNoOfTimes">3</com.gps.StandardizedAddress.GPS_StandardizedAddress_MF>
<com.gps.StandardizedAddress.GPS_StandardizedAddress_MF intServ="EEMSIIB_GPS_SRC_INQUIRY" env="stage" override="PriorityMap">PriorityMap</com.gps.StandardizedAddress.GPS_StandardizedAddress_MF>
<com.gps.StandardizedAddress.GPS_StandardizedAddress_MF intServ="EEMSIIB_GPS_SRC_INQUIRY" env="stage" override="PriorityKey">INFLIGHT_CACHE</com.gps.StandardizedAddress.GPS_StandardizedAddress_MF>
<com.gps.StandardizedAddress.GPS_StandardizedAddress_MF intServ="EEMSIIB_GPS_SRC_INQUIRY" env="stage" override="Build_GPSRequest.dataSource">EEMS_DB</com.gps.StandardizedAddress.GPS_StandardizedAddress_MF>
<com.gps.StandardizedAddress.GPS_StandardizedAddress_MF intServ="EEMSIIB_GPS_SRC_INQUIRY" env="stage" override="EEMSIIB.GPS_ERRORMESSAGE_DATA.queueName">EEMSIIB.ERRORMESSAGE_DATA</com.gps.StandardizedAddress.GPS_StandardizedAddress_MF>
<com.gps.StandardizedAddress.GPS_StandardizedAddress_MF intServ="EEMSIIB_GPS_SRC_INQUIRY" env="stage" override="MemberInq_ProcessException.dataSource">EEMS_DB</com.gps.StandardizedAddress.GPS_StandardizedAddress_MF>
<com.gps.StandardizedAddress.GPS_StandardizedAddress_MF intServ="EEMSIIB_GPS_SRC_INQUIRY" env="stage" override="Common_AuditInMessage_SF.queueName">EEMSIIB.COMMON_AUDITMESSAGE_DATA</com.gps.StandardizedAddress.GPS_StandardizedAddress_MF>
<com.gps.StandardizedAddress.GPS_StandardizedAddress_MF intServ="EEMSIIB_GPS_SRC_INQUIRY" env="stage" override="SOURCE_INQUIRY_IN.queueName">EEMSIIB.GPS_SOURCE_TRANSFORM_IN</com.gps.StandardizedAddress.GPS_StandardizedAddress_MF>
<com.gps.StandardizedAddress.GPS_StandardizedAddress_MF intServ="EEMSIIB_GPS_SRC_INQUIRY" env="stage" override="GPS_Custom_XML_from_Initial.queueName">EEMSIIB.GPS_SOURCE_POSTPROC_IN</com.gps.StandardizedAddress.GPS_StandardizedAddress_MF>
<com.gps.StandardizedAddress.GPS_StandardizedAddress_MF intServ="EEMSIIB_GPS_SRC_INQUIRY" env="stage" override="GPS_Custom_XML_from_Initial.componentLevel">node</com.gps.StandardizedAddress.GPS_StandardizedAddress_MF>
<com.gps.StandardizedAddress.GPS_StandardizedAddress_MF intServ="EEMSIIB_GPS_SRC_INQUIRY" env="stage" override="GPS_Custom_XML_from_Initial.additionalInstances">6</com.gps.StandardizedAddress.GPS_StandardizedAddress_MF>

<com.gps.StandardizedAddress.invokeService_code1_wsdl_new_GPS_StandardizedAddress_MF intServ="EEMSIIB_GPS_SRC_PRIORITY" env="stage" override="Request.webServiceURL">https://api-int-stg.uhc.com:8443/ZIP/master/getStandardizedAddressV02</com.gps.StandardizedAddress.invokeService_code1_wsdl_new_GPS_StandardizedAddress_MF>
<com.gps.StandardizedAddress.invokeService_code1_wsdl_new_GPS_StandardizedAddress_MF intServ="EEMSIIB_GPS_SRC_PRIORITY" env="stage" override="Request.sslProtocol">TLS</com.gps.StandardizedAddress.invokeService_code1_wsdl_new_GPS_StandardizedAddress_MF>
<com.gps.StandardizedAddress.GPS_StandardizedAddress_MF intServ="EEMSIIB_GPS_SRC_PRIORITY" env="stage" override="additionalInstances">30</com.gps.StandardizedAddress.GPS_StandardizedAddress_MF>
<com.gps.StandardizedAddress.GPS_StandardizedAddress_MF intServ="EEMSIIB_GPS_SRC_PRIORITY" env="stage" override="Username">eeel7tst</com.gps.StandardizedAddress.GPS_StandardizedAddress_MF>
<com.gps.StandardizedAddress.GPS_StandardizedAddress_MF intServ="EEMSIIB_GPS_SRC_PRIORITY" env="stage" override="Password">v2qMXrKd</com.gps.StandardizedAddress.GPS_StandardizedAddress_MF>
<com.gps.StandardizedAddress.GPS_StandardizedAddress_MF intServ="EEMSIIB_GPS_SRC_PRIORITY" env="stage" override="RetryNoOfTimes">3</com.gps.StandardizedAddress.GPS_StandardizedAddress_MF>
<com.gps.StandardizedAddress.GPS_StandardizedAddress_MF intServ="EEMSIIB_GPS_SRC_PRIORITY" env="stage" override="PriorityMap">PriorityMap</com.gps.StandardizedAddress.GPS_StandardizedAddress_MF>
<com.gps.StandardizedAddress.GPS_StandardizedAddress_MF intServ="EEMSIIB_GPS_SRC_PRIORITY" env="stage" override="PriorityKey">INFLIGHT_CACHE</com.gps.StandardizedAddress.GPS_StandardizedAddress_MF>
<com.gps.StandardizedAddress.GPS_StandardizedAddress_MF intServ="EEMSIIB_GPS_SRC_PRIORITY" env="stage" override="Build_GPSRequest.dataSource">EEMS_DB</com.gps.StandardizedAddress.GPS_StandardizedAddress_MF>
<com.gps.StandardizedAddress.GPS_StandardizedAddress_MF intServ="EEMSIIB_GPS_SRC_PRIORITY" env="stage" override="EEMSIIB.GPS_ERRORMESSAGE_DATA.queueName">EEMSIIB.ERRORMESSAGE_DATA</com.gps.StandardizedAddress.GPS_StandardizedAddress_MF>
<com.gps.StandardizedAddress.GPS_StandardizedAddress_MF intServ="EEMSIIB_GPS_SRC_PRIORITY" env="stage" override="MemberInq_ProcessException.dataSource">EEMS_DB</com.gps.StandardizedAddress.GPS_StandardizedAddress_MF>
<com.gps.StandardizedAddress.GPS_StandardizedAddress_MF intServ="EEMSIIB_GPS_SRC_PRIORITY" env="stage" override="Common_AuditInMessage_SF.queueName">EEMSIIB.COMMON_AUDITMESSAGE_DATA</com.gps.StandardizedAddress.GPS_StandardizedAddress_MF>
<com.gps.StandardizedAddress.GPS_StandardizedAddress_MF intServ="EEMSIIB_GPS_SRC_PRIORITY" env="stage" override="SOURCE_INQUIRY_IN.queueName">EEMSIIB.GPS_SOURCE_PRTY_TRANSFORM_IN</com.gps.StandardizedAddress.GPS_StandardizedAddress_MF>
<com.gps.StandardizedAddress.GPS_StandardizedAddress_MF intServ="EEMSIIB_GPS_SRC_PRIORITY" env="stage" override="GPS_Custom_XML_from_Initial.queueName">EEMSIIB.GPS_SOURCE_PRTY_POSTPROC_IN</com.gps.StandardizedAddress.GPS_StandardizedAddress_MF>
<com.gps.StandardizedAddress.GPS_StandardizedAddress_MF intServ="EEMSIIB_GPS_SRC_PRIORITY" env="stage" override="GPS_Custom_XML_from_Initial.componentLevel">node</com.gps.StandardizedAddress.GPS_StandardizedAddress_MF>
<com.gps.StandardizedAddress.GPS_StandardizedAddress_MF intServ="EEMSIIB_GPS_SRC_PRIORITY" env="stage" override="GPS_Custom_XML_from_Initial.additionalInstances">6</com.gps.StandardizedAddress.GPS_StandardizedAddress_MF>

<!-- ADOPT -->
<com.gps.StandardizedAddress.invokeService_code1_wsdl_new_GPS_StandardizedAddress_MF intServ="EEMSIIB_GPS_SRC_INQUIRY" env="adopt" override="Request.webServiceURL">https://api-int.uhc.com:8443/ZIP/getStandardizedAddressV02</com.gps.StandardizedAddress.invokeService_code1_wsdl_new_GPS_StandardizedAddress_MF>
<com.gps.StandardizedAddress.invokeService_code1_wsdl_new_GPS_StandardizedAddress_MF intServ="EEMSIIB_GPS_SRC_INQUIRY" env="adopt" override="Request.sslProtocol">TLS</com.gps.StandardizedAddress.invokeService_code1_wsdl_new_GPS_StandardizedAddress_MF>
<com.gps.StandardizedAddress.GPS_StandardizedAddress_MF intServ="EEMSIIB_GPS_SRC_INQUIRY" env="adopt" override="additionalInstances">30</com.gps.StandardizedAddress.GPS_StandardizedAddress_MF>
<com.gps.StandardizedAddress.GPS_StandardizedAddress_MF intServ="EEMSIIB_GPS_SRC_INQUIRY" env="adopt" override="Username">eeel7prd</com.gps.StandardizedAddress.GPS_StandardizedAddress_MF>
<com.gps.StandardizedAddress.GPS_StandardizedAddress_MF intServ="EEMSIIB_GPS_SRC_INQUIRY" env="adopt" override="Password">qRzAP5kv</com.gps.StandardizedAddress.GPS_StandardizedAddress_MF>
<com.gps.StandardizedAddress.GPS_StandardizedAddress_MF intServ="EEMSIIB_GPS_SRC_INQUIRY" env="adopt" override="RetryNoOfTimes">3</com.gps.StandardizedAddress.GPS_StandardizedAddress_MF>
<com.gps.StandardizedAddress.GPS_StandardizedAddress_MF intServ="EEMSIIB_GPS_SRC_INQUIRY" env="adopt" override="PriorityMap">PriorityMap</com.gps.StandardizedAddress.GPS_StandardizedAddress_MF>
<com.gps.StandardizedAddress.GPS_StandardizedAddress_MF intServ="EEMSIIB_GPS_SRC_INQUIRY" env="adopt" override="PriorityKey">INFLIGHT_CACHE</com.gps.StandardizedAddress.GPS_StandardizedAddress_MF>
<com.gps.StandardizedAddress.GPS_StandardizedAddress_MF intServ="EEMSIIB_GPS_SRC_INQUIRY" env="adopt" override="Build_GPSRequest.dataSource">EEMS_DB</com.gps.StandardizedAddress.GPS_StandardizedAddress_MF>
<com.gps.StandardizedAddress.GPS_StandardizedAddress_MF intServ="EEMSIIB_GPS_SRC_INQUIRY" env="adopt" override="EEMSIIB.GPS_ERRORMESSAGE_DATA.queueName">EEMSIIB.ADP.GPS_ERRORMESSAGE_DATA</com.gps.StandardizedAddress.GPS_StandardizedAddress_MF>
<com.gps.StandardizedAddress.GPS_StandardizedAddress_MF intServ="EEMSIIB_GPS_SRC_INQUIRY" env="adopt" override="MemberInq_ProcessException.dataSource">EEMS_DB</com.gps.StandardizedAddress.GPS_StandardizedAddress_MF>
<com.gps.StandardizedAddress.GPS_StandardizedAddress_MF intServ="EEMSIIB_GPS_SRC_INQUIRY" env="adopt" override="Common_AuditInMessage_SF.queueName">EEMSIIB.ADP.GPS_COMMON_AUDITMESSAGE_DATA</com.gps.StandardizedAddress.GPS_StandardizedAddress_MF>
<com.gps.StandardizedAddress.GPS_StandardizedAddress_MF intServ="EEMSIIB_GPS_SRC_INQUIRY" env="adopt" override="SOURCE_INQUIRY_IN.queueName">EEMSIIB.ADP.GPS_SOURCE_TRANSFORM_IN</com.gps.StandardizedAddress.GPS_StandardizedAddress_MF>
<com.gps.StandardizedAddress.GPS_StandardizedAddress_MF intServ="EEMSIIB_GPS_SRC_INQUIRY" env="adopt" override="GPS_Custom_XML_from_Initial.queueName">EEMSIIB.ADP.GPS_SOURCE_POSTPROC_IN</com.gps.StandardizedAddress.GPS_StandardizedAddress_MF>
<com.gps.StandardizedAddress.GPS_StandardizedAddress_MF intServ="EEMSIIB_GPS_SRC_INQUIRY" env="adopt" override="GPS_Custom_XML_from_Initial.componentLevel">node</com.gps.StandardizedAddress.GPS_StandardizedAddress_MF>
<com.gps.StandardizedAddress.GPS_StandardizedAddress_MF intServ="EEMSIIB_GPS_SRC_INQUIRY" env="adopt" override="GPS_Custom_XML_from_Initial.additionalInstances">6</com.gps.StandardizedAddress.GPS_StandardizedAddress_MF>

<com.gps.StandardizedAddress.invokeService_code1_wsdl_new_GPS_StandardizedAddress_MF intServ="EEMSIIB_GPS_SRC_PRIORITY" env="adopt" override="Request.webServiceURL">https://api-int.uhc.com:8443/ZIP/getStandardizedAddressV02</com.gps.StandardizedAddress.invokeService_code1_wsdl_new_GPS_StandardizedAddress_MF>
<com.gps.StandardizedAddress.invokeService_code1_wsdl_new_GPS_StandardizedAddress_MF intServ="EEMSIIB_GPS_SRC_PRIORITY" env="adopt" override="Request.sslProtocol">TLS</com.gps.StandardizedAddress.invokeService_code1_wsdl_new_GPS_StandardizedAddress_MF>
<com.gps.StandardizedAddress.GPS_StandardizedAddress_MF intServ="EEMSIIB_GPS_SRC_PRIORITY" env="adopt" override="additionalInstances">30</com.gps.StandardizedAddress.GPS_StandardizedAddress_MF>
<com.gps.StandardizedAddress.GPS_StandardizedAddress_MF intServ="EEMSIIB_GPS_SRC_PRIORITY" env="adopt" override="Username">eeel7prd</com.gps.StandardizedAddress.GPS_StandardizedAddress_MF>
<com.gps.StandardizedAddress.GPS_StandardizedAddress_MF intServ="EEMSIIB_GPS_SRC_PRIORITY" env="adopt" override="Password">qRzAP5kv</com.gps.StandardizedAddress.GPS_StandardizedAddress_MF>
<com.gps.StandardizedAddress.GPS_StandardizedAddress_MF intServ="EEMSIIB_GPS_SRC_PRIORITY" env="adopt" override="RetryNoOfTimes">3</com.gps.StandardizedAddress.GPS_StandardizedAddress_MF>
<com.gps.StandardizedAddress.GPS_StandardizedAddress_MF intServ="EEMSIIB_GPS_SRC_PRIORITY" env="adopt" override="PriorityMap">PriorityMap</com.gps.StandardizedAddress.GPS_StandardizedAddress_MF>
<com.gps.StandardizedAddress.GPS_StandardizedAddress_MF intServ="EEMSIIB_GPS_SRC_PRIORITY" env="adopt" override="PriorityKey">INFLIGHT_CACHE</com.gps.StandardizedAddress.GPS_StandardizedAddress_MF>
<com.gps.StandardizedAddress.GPS_StandardizedAddress_MF intServ="EEMSIIB_GPS_SRC_PRIORITY" env="adopt" override="Build_GPSRequest.dataSource">EEMS_DB</com.gps.StandardizedAddress.GPS_StandardizedAddress_MF>
<com.gps.StandardizedAddress.GPS_StandardizedAddress_MF intServ="EEMSIIB_GPS_SRC_PRIORITY" env="adopt" override="EEMSIIB.GPS_ERRORMESSAGE_DATA.queueName">EEMSIIB.ADP.GPS_ERRORMESSAGE_DATA</com.gps.StandardizedAddress.GPS_StandardizedAddress_MF>
<com.gps.StandardizedAddress.GPS_StandardizedAddress_MF intServ="EEMSIIB_GPS_SRC_PRIORITY" env="adopt" override="MemberInq_ProcessException.dataSource">EEMS_DB</com.gps.StandardizedAddress.GPS_StandardizedAddress_MF>
<com.gps.StandardizedAddress.GPS_StandardizedAddress_MF intServ="EEMSIIB_GPS_SRC_PRIORITY" env="adopt" override="Common_AuditInMessage_SF.queueName">EEMSIIB.ADP.GPS_COMMON_AUDITMESSAGE_DATA</com.gps.StandardizedAddress.GPS_StandardizedAddress_MF>
<com.gps.StandardizedAddress.GPS_StandardizedAddress_MF intServ="EEMSIIB_GPS_SRC_PRIORITY" env="adopt" override="SOURCE_INQUIRY_IN.queueName">EEMSIIB.ADP.GPS_SOURCE_PRTY_TRANSFORM_IN</com.gps.StandardizedAddress.GPS_StandardizedAddress_MF>
<com.gps.StandardizedAddress.GPS_StandardizedAddress_MF intServ="EEMSIIB_GPS_SRC_PRIORITY" env="adopt" override="GPS_Custom_XML_from_Initial.queueName">EEMSIIB.ADP.GPS_SOURCE_PRTY_POSTPROC_IN</com.gps.StandardizedAddress.GPS_StandardizedAddress_MF>
<com.gps.StandardizedAddress.GPS_StandardizedAddress_MF intServ="EEMSIIB_GPS_SRC_PRIORITY" env="adopt" override="GPS_Custom_XML_from_Initial.componentLevel">node</com.gps.StandardizedAddress.GPS_StandardizedAddress_MF>
<com.gps.StandardizedAddress.GPS_StandardizedAddress_MF intServ="EEMSIIB_GPS_SRC_PRIORITY" env="adopt" override="GPS_Custom_XML_from_Initial.additionalInstances">6</com.gps.StandardizedAddress.GPS_StandardizedAddress_MF>


<!-- PROD -->
<com.gps.StandardizedAddress.invokeService_code1_wsdl_new_GPS_StandardizedAddress_MF intServ="EEMSIIB_GPS_SRC_INQUIRY" env="prod" override="Request.webServiceURL">https://api-int.uhc.com:8443/ZIP/getStandardizedAddressV02</com.gps.StandardizedAddress.invokeService_code1_wsdl_new_GPS_StandardizedAddress_MF>
<com.gps.StandardizedAddress.invokeService_code1_wsdl_new_GPS_StandardizedAddress_MF intServ="EEMSIIB_GPS_SRC_INQUIRY" env="prod" override="Request.sslProtocol">TLS</com.gps.StandardizedAddress.invokeService_code1_wsdl_new_GPS_StandardizedAddress_MF>
<com.gps.StandardizedAddress.GPS_StandardizedAddress_MF intServ="EEMSIIB_GPS_SRC_INQUIRY" env="prod" override="additionalInstances">30</com.gps.StandardizedAddress.GPS_StandardizedAddress_MF>
<com.gps.StandardizedAddress.GPS_StandardizedAddress_MF intServ="EEMSIIB_GPS_SRC_INQUIRY" env="prod" override="Username">eeel7prd</com.gps.StandardizedAddress.GPS_StandardizedAddress_MF>
<com.gps.StandardizedAddress.GPS_StandardizedAddress_MF intServ="EEMSIIB_GPS_SRC_INQUIRY" env="prod" override="Password">qRzAP5kv</com.gps.StandardizedAddress.GPS_StandardizedAddress_MF>
<com.gps.StandardizedAddress.GPS_StandardizedAddress_MF intServ="EEMSIIB_GPS_SRC_INQUIRY" env="prod" override="RetryNoOfTimes">3</com.gps.StandardizedAddress.GPS_StandardizedAddress_MF>
<com.gps.StandardizedAddress.GPS_StandardizedAddress_MF intServ="EEMSIIB_GPS_SRC_INQUIRY" env="prod" override="PriorityMap">PriorityMap</com.gps.StandardizedAddress.GPS_StandardizedAddress_MF>
<com.gps.StandardizedAddress.GPS_StandardizedAddress_MF intServ="EEMSIIB_GPS_SRC_INQUIRY" env="prod" override="PriorityKey">INFLIGHT_CACHE</com.gps.StandardizedAddress.GPS_StandardizedAddress_MF>
<com.gps.StandardizedAddress.GPS_StandardizedAddress_MF intServ="EEMSIIB_GPS_SRC_INQUIRY" env="prod" override="Build_GPSRequest.dataSource">EEMS_DB</com.gps.StandardizedAddress.GPS_StandardizedAddress_MF>
<com.gps.StandardizedAddress.GPS_StandardizedAddress_MF intServ="EEMSIIB_GPS_SRC_INQUIRY" env="prod" override="EEMSIIB.GPS_ERRORMESSAGE_DATA.queueName">EEMSIIB.ERRORMESSAGE_DATA</com.gps.StandardizedAddress.GPS_StandardizedAddress_MF>
<com.gps.StandardizedAddress.GPS_StandardizedAddress_MF intServ="EEMSIIB_GPS_SRC_INQUIRY" env="prod" override="MemberInq_ProcessException.dataSource">EEMS_DB</com.gps.StandardizedAddress.GPS_StandardizedAddress_MF>
<com.gps.StandardizedAddress.GPS_StandardizedAddress_MF intServ="EEMSIIB_GPS_SRC_INQUIRY" env="prod" override="Common_AuditInMessage_SF.queueName">EEMSIIB.COMMON_AUDITMESSAGE_DATA</com.gps.StandardizedAddress.GPS_StandardizedAddress_MF>
<com.gps.StandardizedAddress.GPS_StandardizedAddress_MF intServ="EEMSIIB_GPS_SRC_INQUIRY" env="prod" override="SOURCE_INQUIRY_IN.queueName">EEMSIIB.GPS_SOURCE_TRANSFORM_IN</com.gps.StandardizedAddress.GPS_StandardizedAddress_MF>
<com.gps.StandardizedAddress.GPS_StandardizedAddress_MF intServ="EEMSIIB_GPS_SRC_INQUIRY" env="prod" override="GPS_Custom_XML_from_Initial.queueName">EEMSIIB.GPS_SOURCE_POSTPROC_IN</com.gps.StandardizedAddress.GPS_StandardizedAddress_MF>
<com.gps.StandardizedAddress.GPS_StandardizedAddress_MF intServ="EEMSIIB_GPS_SRC_INQUIRY" env="prod" override="GPS_Custom_XML_from_Initial.componentLevel">node</com.gps.StandardizedAddress.GPS_StandardizedAddress_MF>
<com.gps.StandardizedAddress.GPS_StandardizedAddress_MF intServ="EEMSIIB_GPS_SRC_INQUIRY" env="prod" override="GPS_Custom_XML_from_Initial.additionalInstances">6</com.gps.StandardizedAddress.GPS_StandardizedAddress_MF>

<com.gps.StandardizedAddress.invokeService_code1_wsdl_new_GPS_StandardizedAddress_MF intServ="EEMSIIB_GPS_SRC_PRIORITY" env="prod" override="Request.webServiceURL">https://api-int.uhc.com:8443/ZIP/getStandardizedAddressV02</com.gps.StandardizedAddress.invokeService_code1_wsdl_new_GPS_StandardizedAddress_MF>
<com.gps.StandardizedAddress.invokeService_code1_wsdl_new_GPS_StandardizedAddress_MF intServ="EEMSIIB_GPS_SRC_PRIORITY" env="prod" override="Request.sslProtocol">TLS</com.gps.StandardizedAddress.invokeService_code1_wsdl_new_GPS_StandardizedAddress_MF>
<com.gps.StandardizedAddress.GPS_StandardizedAddress_MF intServ="EEMSIIB_GPS_SRC_PRIORITY" env="prod" override="additionalInstances">30</com.gps.StandardizedAddress.GPS_StandardizedAddress_MF>
<com.gps.StandardizedAddress.GPS_StandardizedAddress_MF intServ="EEMSIIB_GPS_SRC_PRIORITY" env="prod" override="Username">eeel7prd</com.gps.StandardizedAddress.GPS_StandardizedAddress_MF>
<com.gps.StandardizedAddress.GPS_StandardizedAddress_MF intServ="EEMSIIB_GPS_SRC_PRIORITY" env="prod" override="Password">qRzAP5kv</com.gps.StandardizedAddress.GPS_StandardizedAddress_MF>
<com.gps.StandardizedAddress.GPS_StandardizedAddress_MF intServ="EEMSIIB_GPS_SRC_PRIORITY" env="prod" override="RetryNoOfTimes">3</com.gps.StandardizedAddress.GPS_StandardizedAddress_MF>
<com.gps.StandardizedAddress.GPS_StandardizedAddress_MF intServ="EEMSIIB_GPS_SRC_PRIORITY" env="prod" override="PriorityMap">PriorityMap</com.gps.StandardizedAddress.GPS_StandardizedAddress_MF>
<com.gps.StandardizedAddress.GPS_StandardizedAddress_MF intServ="EEMSIIB_GPS_SRC_PRIORITY" env="prod" override="PriorityKey">INFLIGHT_CACHE</com.gps.StandardizedAddress.GPS_StandardizedAddress_MF>
<com.gps.StandardizedAddress.GPS_StandardizedAddress_MF intServ="EEMSIIB_GPS_SRC_PRIORITY" env="prod" override="Build_GPSRequest.dataSource">EEMS_DB</com.gps.StandardizedAddress.GPS_StandardizedAddress_MF>
<com.gps.StandardizedAddress.GPS_StandardizedAddress_MF intServ="EEMSIIB_GPS_SRC_PRIORITY" env="prod" override="EEMSIIB.GPS_ERRORMESSAGE_DATA.queueName">EEMSIIB.ERRORMESSAGE_DATA</com.gps.StandardizedAddress.GPS_StandardizedAddress_MF>
<com.gps.StandardizedAddress.GPS_StandardizedAddress_MF intServ="EEMSIIB_GPS_SRC_PRIORITY" env="prod" override="MemberInq_ProcessException.dataSource">EEMS_DB</com.gps.StandardizedAddress.GPS_StandardizedAddress_MF>
<com.gps.StandardizedAddress.GPS_StandardizedAddress_MF intServ="EEMSIIB_GPS_SRC_PRIORITY" env="prod" override="Common_AuditInMessage_SF.queueName">EEMSIIB.COMMON_AUDITMESSAGE_DATA</com.gps.StandardizedAddress.GPS_StandardizedAddress_MF>
<com.gps.StandardizedAddress.GPS_StandardizedAddress_MF intServ="EEMSIIB_GPS_SRC_PRIORITY" env="prod" override="SOURCE_INQUIRY_IN.queueName">EEMSIIB.GPS_SOURCE_PRTY_TRANSFORM_IN</com.gps.StandardizedAddress.GPS_StandardizedAddress_MF>
<com.gps.StandardizedAddress.GPS_StandardizedAddress_MF intServ="EEMSIIB_GPS_SRC_PRIORITY" env="prod" override="GPS_Custom_XML_from_Initial.queueName">EEMSIIB.GPS_SOURCE_PRTY_POSTPROC_IN</com.gps.StandardizedAddress.GPS_StandardizedAddress_MF>
<com.gps.StandardizedAddress.GPS_StandardizedAddress_MF intServ="EEMSIIB_GPS_SRC_PRIORITY" env="prod" override="GPS_Custom_XML_from_Initial.componentLevel">node</com.gps.StandardizedAddress.GPS_StandardizedAddress_MF>
<com.gps.StandardizedAddress.GPS_StandardizedAddress_MF intServ="EEMSIIB_GPS_SRC_PRIORITY" env="prod" override="GPS_Custom_XML_from_Initial.additionalInstances">6</com.gps.StandardizedAddress.GPS_StandardizedAddress_MF>

</Broker>