<?xml version="1.0" encoding="UTF-8"?> 
<Broker>

<!--DEV-->
<com.gpscsp.bam.GPSCSP_Notify_BAMCOB_MF intServ="EEMSIIB_GPSCSP_BAM" env="dev" override="additionalInstances">8</com.gpscsp.bam.GPSCSP_Notify_BAMCOB_MF>
<com.gpscsp.bam.GPSCSP_Notify_BAMCOB_MF intServ="EEMSIIB_GPSCSP_BAM" env="dev" override="EEMSIIB.EEMS_GPSCSP_GW_IIB_FILE_CMPL_NTFY.queueName">EEMS.EEMSIIB_GPSCSP_GW_IIB_FILE_CMPL_NTFY</com.gpscsp.bam.GPSCSP_Notify_BAMCOB_MF>
<com.gpscsp.bam.GPSCSP_Notify_BAMCOB_MF intServ="EEMSIIB_GPSCSP_BAM" env="dev" override="EEMSIIB.GPSCSP_GW_IIB_BAM_NTFY.queueName">EEMSIIB.GPSCSP_GW_IIB_BAM_NTFY</com.gpscsp.bam.GPSCSP_Notify_BAMCOB_MF>
<com.gpscsp.bam.GPSCSP_Notify_BAMCOB_MF intServ="EEMSIIB_GPSCSP_BAM" env="dev" override="EEMSIIB.GPSCSP_GW_IIB_COB_NTFY.queueName">EEMSIIB.GPSCSP_GW_IIB_COB_NTFY</com.gpscsp.bam.GPSCSP_Notify_BAMCOB_MF>
<com.gpscsp.bam.GPSCSP_BAM_MF intServ="EEMSIIB_GPSCSP_BAM" env="dev" override="additionalInstances">8</com.gpscsp.bam.GPSCSP_BAM_MF>
<com.gpscsp.bam.GPSCSP_BAM_MF intServ="EEMSIIB_GPSCSP_BAM" env="dev" override="timeoutCheck">300</com.gpscsp.bam.GPSCSP_BAM_MF>
<com.gpscsp.bam.GPSCSP_BAM_MF intServ="EEMSIIB_GPSCSP_BAM" env="dev" override="BrkConfigKey">BRK_CONFIG</com.gpscsp.bam.GPSCSP_BAM_MF>
<com.gpscsp.bam.GPSCSP_BAM_MF intServ="EEMSIIB_GPSCSP_BAM" env="dev" override="SchemaName">ELECELIG</com.gpscsp.bam.GPSCSP_BAM_MF>
<com.gpscsp.bam.GPSCSP_BAM_MF intServ="EEMSIIB_GPSCSP_BAM" env="dev" override="GlobalCacheMap">GPSCSP_Common_Map</com.gpscsp.bam.GPSCSP_BAM_MF>
<com.gpscsp.bam.GPSCSP_BAM_MF intServ="EEMSIIB_GPSCSP_BAM" env="dev" override="RetryCount">3</com.gpscsp.bam.GPSCSP_BAM_MF>
<com.gpscsp.bam.GPSCSP_BAM_MF intServ="EEMSIIB_GPSCSP_BAM" env="dev" override="sleepTime">10000</com.gpscsp.bam.GPSCSP_BAM_MF>
<com.gpscsp.bam.GPSCSP_BAM_MF intServ="EEMSIIB_GPSCSP_BAM" env="dev" override="GPSCSP_Source_Map">GPSCSP_Source_Map</com.gpscsp.bam.GPSCSP_BAM_MF>
<com.gpscsp.bam.GPSCSP_BAM_MF intServ="EEMSIIB_GPSCSP_BAM" env="dev" override="CH_brkrList">BKMBT11</com.gpscsp.bam.GPSCSP_BAM_MF>
<com.gpscsp.bam.GPSCSP_BAM_MF intServ="EEMSIIB_GPSCSP_BAM" env="dev" override="CH_brkrCount">1</com.gpscsp.bam.GPSCSP_BAM_MF>
<com.gpscsp.bam.GPSCSP_BAM_MF intServ="EEMSIIB_GPSCSP_BAM" env="dev" override="EEMSIIB.GPSCSP_GW_IIB_BAM_NTFY_In.queueName">EEMSIIB.GPSCSP_GW_IIB_BAM_NTFY</com.gpscsp.bam.GPSCSP_BAM_MF>
<com.gpscsp.bam.GPSCSP_BAM_MF intServ="EEMSIIB_GPSCSP_BAM" env="dev" override="BAM.ENROLLMENT_PROCESSED.queueName">EEMSIIB.CSP_BAM_ENROLLMENT_NTFY</com.gpscsp.bam.GPSCSP_BAM_MF>
<com.gpscsp.bam.GPSCSP_BAM_MF intServ="EEMSIIB_GPSCSP_BAM" env="dev" override="GPSCSP_FetchAndTransform.dataSource">E3CSP_DB</com.gpscsp.bam.GPSCSP_BAM_MF>
<com.gpscsp.bam.GPSCSP_BAM_MF intServ="EEMSIIB_GPSCSP_BAM" env="dev" override="Common_AuditInMessage_SF.queueName">EEMSIIB.GPSCSP_COMMON_AUDITMESSAGE_DATA</com.gpscsp.bam.GPSCSP_BAM_MF>
<com.gpscsp.bam.GPSCSP_BAM_MF intServ="EEMSIIB_GPSCSP_BAM" env="dev" override="EEMSIIB.GPSCSP_ERRORMESSAGE_DATA.queueName">EEMSIIB.GPSCSP_ERRORMESSAGE_DATA</com.gpscsp.bam.GPSCSP_BAM_MF>


<!--SIT-->
<com.gpscsp.bam.GPSCSP_Notify_BAMCOB_MF intServ="EEMSIIB_GPSCSP_BAM" env="test" override="additionalInstances">8</com.gpscsp.bam.GPSCSP_Notify_BAMCOB_MF>
<com.gpscsp.bam.GPSCSP_Notify_BAMCOB_MF intServ="EEMSIIB_GPSCSP_BAM" env="test" override="EEMSIIB.EEMS_GPSCSP_GW_IIB_FILE_CMPL_NTFY.queueName">EEMS.EEMSIIB_GPSCSP_GW_IIB_FILE_CMPL_NTFY</com.gpscsp.bam.GPSCSP_Notify_BAMCOB_MF>
<com.gpscsp.bam.GPSCSP_Notify_BAMCOB_MF intServ="EEMSIIB_GPSCSP_BAM" env="test" override="EEMSIIB.GPSCSP_GW_IIB_BAM_NTFY.queueName">EEMSIIB.GPSCSP_GW_IIB_BAM_NTFY</com.gpscsp.bam.GPSCSP_Notify_BAMCOB_MF>
<com.gpscsp.bam.GPSCSP_Notify_BAMCOB_MF intServ="EEMSIIB_GPSCSP_BAM" env="test" override="EEMSIIB.GPSCSP_GW_IIB_COB_NTFY.queueName">EEMSIIB.GPSCSP_GW_IIB_COB_NTFY</com.gpscsp.bam.GPSCSP_Notify_BAMCOB_MF>
<com.gpscsp.bam.GPSCSP_BAM_MF intServ="EEMSIIB_GPSCSP_BAM" env="test" override="additionalInstances">8</com.gpscsp.bam.GPSCSP_BAM_MF>
<com.gpscsp.bam.GPSCSP_BAM_MF intServ="EEMSIIB_GPSCSP_BAM" env="test" override="timeoutCheck">300</com.gpscsp.bam.GPSCSP_BAM_MF>
<com.gpscsp.bam.GPSCSP_BAM_MF intServ="EEMSIIB_GPSCSP_BAM" env="test" override="BrkConfigKey">BRK_CONFIG</com.gpscsp.bam.GPSCSP_BAM_MF>
<com.gpscsp.bam.GPSCSP_BAM_MF intServ="EEMSIIB_GPSCSP_BAM" env="test" override="SchemaName">ELECELIG</com.gpscsp.bam.GPSCSP_BAM_MF>
<com.gpscsp.bam.GPSCSP_BAM_MF intServ="EEMSIIB_GPSCSP_BAM" env="test" override="GlobalCacheMap">GPSCSP_Common_Map</com.gpscsp.bam.GPSCSP_BAM_MF>
<com.gpscsp.bam.GPSCSP_BAM_MF intServ="EEMSIIB_GPSCSP_BAM" env="test" override="RetryCount">3</com.gpscsp.bam.GPSCSP_BAM_MF>
<com.gpscsp.bam.GPSCSP_BAM_MF intServ="EEMSIIB_GPSCSP_BAM" env="test" override="sleepTime">10000</com.gpscsp.bam.GPSCSP_BAM_MF>
<com.gpscsp.bam.GPSCSP_BAM_MF intServ="EEMSIIB_GPSCSP_BAM" env="test" override="GPSCSP_Source_Map">GPSCSP_Source_Map</com.gpscsp.bam.GPSCSP_BAM_MF>
<com.gpscsp.bam.GPSCSP_BAM_MF intServ="EEMSIIB_GPSCSP_BAM" env="test" override="CH_brkrList">BKMBS11</com.gpscsp.bam.GPSCSP_BAM_MF>
<com.gpscsp.bam.GPSCSP_BAM_MF intServ="EEMSIIB_GPSCSP_BAM" env="test" override="CH_brkrCount">1</com.gpscsp.bam.GPSCSP_BAM_MF>
<com.gpscsp.bam.GPSCSP_BAM_MF intServ="EEMSIIB_GPSCSP_BAM" env="test" override="EEMSIIB.GPSCSP_GW_IIB_BAM_NTFY_In.queueName">EEMSIIB.GPSCSP_GW_IIB_BAM_NTFY</com.gpscsp.bam.GPSCSP_BAM_MF>
<com.gpscsp.bam.GPSCSP_BAM_MF intServ="EEMSIIB_GPSCSP_BAM" env="test" override="BAM.ENROLLMENT_PROCESSED.queueName">EEMSIIB.CSP_BAM_ENROLLMENT_NTFY</com.gpscsp.bam.GPSCSP_BAM_MF>
<com.gpscsp.bam.GPSCSP_BAM_MF intServ="EEMSIIB_GPSCSP_BAM" env="test" override="GPSCSP_FetchAndTransform.dataSource">E3CSP_DB</com.gpscsp.bam.GPSCSP_BAM_MF>
<com.gpscsp.bam.GPSCSP_BAM_MF intServ="EEMSIIB_GPSCSP_BAM" env="test" override="Common_AuditInMessage_SF.queueName">EEMSIIB.GPSCSP_COMMON_AUDITMESSAGE_DATA</com.gpscsp.bam.GPSCSP_BAM_MF>
<com.gpscsp.bam.GPSCSP_BAM_MF intServ="EEMSIIB_GPSCSP_BAM" env="test" override="EEMSIIB.GPSCSP_ERRORMESSAGE_DATA.queueName">EEMSIIB.GPSCSP_ERRORMESSAGE_DATA</com.gpscsp.bam.GPSCSP_BAM_MF>

<!--SIT Bravo-->
<com.gpscsp.bam.GPSCSP_Notify_BAMCOB_MF intServ="EEMSIIB_GPSCSP_BAM" env="test2" override="additionalInstances">8</com.gpscsp.bam.GPSCSP_Notify_BAMCOB_MF>
<com.gpscsp.bam.GPSCSP_Notify_BAMCOB_MF intServ="EEMSIIB_GPSCSP_BAM" env="test2" override="EEMSIIB.EEMS_GPSCSP_GW_IIB_FILE_CMPL_NTFY.queueName">EEMS.EEMSIIB_GPSCSP_GW_IIB_FILE_CMPL_NTFY</com.gpscsp.bam.GPSCSP_Notify_BAMCOB_MF>
<com.gpscsp.bam.GPSCSP_Notify_BAMCOB_MF intServ="EEMSIIB_GPSCSP_BAM" env="test2" override="EEMSIIB.GPSCSP_GW_IIB_BAM_NTFY.queueName">EEMSIIB.GPSCSP_GW_IIB_BAM_NTFY</com.gpscsp.bam.GPSCSP_Notify_BAMCOB_MF>
<com.gpscsp.bam.GPSCSP_Notify_BAMCOB_MF intServ="EEMSIIB_GPSCSP_BAM" env="test2" override="EEMSIIB.GPSCSP_GW_IIB_COB_NTFY.queueName">EEMSIIB.GPSCSP_GW_IIB_COB_NTFY</com.gpscsp.bam.GPSCSP_Notify_BAMCOB_MF>
<com.gpscsp.bam.GPSCSP_BAM_MF intServ="EEMSIIB_GPSCSP_BAM" env="test2" override="additionalInstances">8</com.gpscsp.bam.GPSCSP_BAM_MF>
<com.gpscsp.bam.GPSCSP_BAM_MF intServ="EEMSIIB_GPSCSP_BAM" env="test2" override="timeoutCheck">300</com.gpscsp.bam.GPSCSP_BAM_MF>
<com.gpscsp.bam.GPSCSP_BAM_MF intServ="EEMSIIB_GPSCSP_BAM" env="test2" override="BrkConfigKey">BRK_CONFIG</com.gpscsp.bam.GPSCSP_BAM_MF>
<com.gpscsp.bam.GPSCSP_BAM_MF intServ="EEMSIIB_GPSCSP_BAM" env="test2" override="SchemaName">ELECELIG</com.gpscsp.bam.GPSCSP_BAM_MF>
<com.gpscsp.bam.GPSCSP_BAM_MF intServ="EEMSIIB_GPSCSP_BAM" env="test2" override="GlobalCacheMap">GPSCSP_Common_Map</com.gpscsp.bam.GPSCSP_BAM_MF>
<com.gpscsp.bam.GPSCSP_BAM_MF intServ="EEMSIIB_GPSCSP_BAM" env="test2" override="RetryCount">3</com.gpscsp.bam.GPSCSP_BAM_MF>
<com.gpscsp.bam.GPSCSP_BAM_MF intServ="EEMSIIB_GPSCSP_BAM" env="test2" override="sleepTime">10000</com.gpscsp.bam.GPSCSP_BAM_MF>
<com.gpscsp.bam.GPSCSP_BAM_MF intServ="EEMSIIB_GPSCSP_BAM" env="test2" override="GPSCSP_Source_Map">GPSCSP_Source_Map</com.gpscsp.bam.GPSCSP_BAM_MF>
<com.gpscsp.bam.GPSCSP_BAM_MF intServ="EEMSIIB_GPSCSP_BAM" env="test2" override="CH_brkrList">BKMBS12</com.gpscsp.bam.GPSCSP_BAM_MF>
<com.gpscsp.bam.GPSCSP_BAM_MF intServ="EEMSIIB_GPSCSP_BAM" env="test2" override="CH_brkrCount">1</com.gpscsp.bam.GPSCSP_BAM_MF>
<com.gpscsp.bam.GPSCSP_BAM_MF intServ="EEMSIIB_GPSCSP_BAM" env="test2" override="EEMSIIB.GPSCSP_GW_IIB_BAM_NTFY_In.queueName">EEMSIIB.GPSCSP_GW_IIB_BAM_NTFY</com.gpscsp.bam.GPSCSP_BAM_MF>
<com.gpscsp.bam.GPSCSP_BAM_MF intServ="EEMSIIB_GPSCSP_BAM" env="test2" override="BAM.ENROLLMENT_PROCESSED.queueName">EEMSIIB.CSP_BAM_ENROLLMENT_NTFY</com.gpscsp.bam.GPSCSP_BAM_MF>
<com.gpscsp.bam.GPSCSP_BAM_MF intServ="EEMSIIB_GPSCSP_BAM" env="test2" override="GPSCSP_FetchAndTransform.dataSource">E3CSP_DB</com.gpscsp.bam.GPSCSP_BAM_MF>
<com.gpscsp.bam.GPSCSP_BAM_MF intServ="EEMSIIB_GPSCSP_BAM" env="test2" override="Common_AuditInMessage_SF.queueName">EEMSIIB.GPSCSP_COMMON_AUDITMESSAGE_DATA</com.gpscsp.bam.GPSCSP_BAM_MF>
<com.gpscsp.bam.GPSCSP_BAM_MF intServ="EEMSIIB_GPSCSP_BAM" env="test2" override="EEMSIIB.GPSCSP_ERRORMESSAGE_DATA.queueName">EEMSIIB.GPSCSP_ERRORMESSAGE_DATA</com.gpscsp.bam.GPSCSP_BAM_MF>


<!--SIT Charlie-->
<com.gpscsp.bam.GPSCSP_Notify_BAMCOB_MF intServ="EEMSIIB_GPSCSP_BAM" env="test-charlie" override="additionalInstances">8</com.gpscsp.bam.GPSCSP_Notify_BAMCOB_MF>
<com.gpscsp.bam.GPSCSP_Notify_BAMCOB_MF intServ="EEMSIIB_GPSCSP_BAM" env="test-charlie" override="EEMSIIB.EEMS_GPSCSP_GW_IIB_FILE_CMPL_NTFY.queueName">EEMS.EEMSIIB_GPSCSP_GW_IIB_FILE_CMPL_NTFY</com.gpscsp.bam.GPSCSP_Notify_BAMCOB_MF>
<com.gpscsp.bam.GPSCSP_Notify_BAMCOB_MF intServ="EEMSIIB_GPSCSP_BAM" env="test-charlie" override="EEMSIIB.GPSCSP_GW_IIB_BAM_NTFY.queueName">EEMSIIB.GPSCSP_GW_IIB_BAM_NTFY</com.gpscsp.bam.GPSCSP_Notify_BAMCOB_MF>
<com.gpscsp.bam.GPSCSP_Notify_BAMCOB_MF intServ="EEMSIIB_GPSCSP_BAM" env="test-charlie" override="EEMSIIB.GPSCSP_GW_IIB_COB_NTFY.queueName">EEMSIIB.GPSCSP_GW_IIB_COB_NTFY</com.gpscsp.bam.GPSCSP_Notify_BAMCOB_MF>
<com.gpscsp.bam.GPSCSP_BAM_MF intServ="EEMSIIB_GPSCSP_BAM" env="test-charlie" override="additionalInstances">8</com.gpscsp.bam.GPSCSP_BAM_MF>
<com.gpscsp.bam.GPSCSP_BAM_MF intServ="EEMSIIB_GPSCSP_BAM" env="test-charlie" override="timeoutCheck">300</com.gpscsp.bam.GPSCSP_BAM_MF>
<com.gpscsp.bam.GPSCSP_BAM_MF intServ="EEMSIIB_GPSCSP_BAM" env="test-charlie" override="BrkConfigKey">BRK_CONFIG</com.gpscsp.bam.GPSCSP_BAM_MF>
<com.gpscsp.bam.GPSCSP_BAM_MF intServ="EEMSIIB_GPSCSP_BAM" env="test-charlie" override="SchemaName">ELECELIG</com.gpscsp.bam.GPSCSP_BAM_MF>
<com.gpscsp.bam.GPSCSP_BAM_MF intServ="EEMSIIB_GPSCSP_BAM" env="test-charlie" override="GlobalCacheMap">GPSCSP_Common_Map</com.gpscsp.bam.GPSCSP_BAM_MF>
<com.gpscsp.bam.GPSCSP_BAM_MF intServ="EEMSIIB_GPSCSP_BAM" env="test-charlie" override="RetryCount">3</com.gpscsp.bam.GPSCSP_BAM_MF>
<com.gpscsp.bam.GPSCSP_BAM_MF intServ="EEMSIIB_GPSCSP_BAM" env="test-charlie" override="sleepTime">10000</com.gpscsp.bam.GPSCSP_BAM_MF>
<com.gpscsp.bam.GPSCSP_BAM_MF intServ="EEMSIIB_GPSCSP_BAM" env="test-charlie" override="GPSCSP_Source_Map">GPSCSP_Source_Map</com.gpscsp.bam.GPSCSP_BAM_MF>
<com.gpscsp.bam.GPSCSP_BAM_MF intServ="EEMSIIB_GPSCSP_BAM" env="test-charlie" override="CH_brkrList">BKMBS11</com.gpscsp.bam.GPSCSP_BAM_MF>
<com.gpscsp.bam.GPSCSP_BAM_MF intServ="EEMSIIB_GPSCSP_BAM" env="test-charlie" override="CH_brkrCount">1</com.gpscsp.bam.GPSCSP_BAM_MF>
<com.gpscsp.bam.GPSCSP_BAM_MF intServ="EEMSIIB_GPSCSP_BAM" env="test-charlie" override="EEMSIIB.GPSCSP_GW_IIB_BAM_NTFY_In.queueName">EEMSIIB.GPSCSP_GW_IIB_BAM_NTFY</com.gpscsp.bam.GPSCSP_BAM_MF>
<com.gpscsp.bam.GPSCSP_BAM_MF intServ="EEMSIIB_GPSCSP_BAM" env="test-charlie" override="BAM.ENROLLMENT_PROCESSED.queueName">EEMSIIB.CSP_BAM_ENROLLMENT_NTFY</com.gpscsp.bam.GPSCSP_BAM_MF>
<com.gpscsp.bam.GPSCSP_BAM_MF intServ="EEMSIIB_GPSCSP_BAM" env="test-charlie" override="GPSCSP_FetchAndTransform.dataSource">E3CSP_DB</com.gpscsp.bam.GPSCSP_BAM_MF>
<com.gpscsp.bam.GPSCSP_BAM_MF intServ="EEMSIIB_GPSCSP_BAM" env="test-charlie" override="Common_AuditInMessage_SF.queueName">EEMSIIB.GPSCSP_COMMON_AUDITMESSAGE_DATA</com.gpscsp.bam.GPSCSP_BAM_MF>
<com.gpscsp.bam.GPSCSP_BAM_MF intServ="EEMSIIB_GPSCSP_BAM" env="test-charlie" override="EEMSIIB.GPSCSP_ERRORMESSAGE_DATA.queueName">EEMSIIB.GPSCSP_ERRORMESSAGE_DATA</com.gpscsp.bam.GPSCSP_BAM_MF>

<!--UAT-->
<com.gpscsp.bam.GPSCSP_Notify_BAMCOB_MF intServ="EEMSIIB_GPSCSP_BAM" env="uat" override="additionalInstances">8</com.gpscsp.bam.GPSCSP_Notify_BAMCOB_MF>
<com.gpscsp.bam.GPSCSP_Notify_BAMCOB_MF intServ="EEMSIIB_GPSCSP_BAM" env="uat" override="EEMSIIB.EEMS_GPSCSP_GW_IIB_FILE_CMPL_NTFY.queueName">EEMS.EEMSIIB_GPSCSP_GW_IIB_FILE_CMPL_NTFY</com.gpscsp.bam.GPSCSP_Notify_BAMCOB_MF>
<com.gpscsp.bam.GPSCSP_Notify_BAMCOB_MF intServ="EEMSIIB_GPSCSP_BAM" env="uat" override="EEMSIIB.GPSCSP_GW_IIB_BAM_NTFY.queueName">EEMSIIB.GPSCSP_GW_IIB_BAM_NTFY</com.gpscsp.bam.GPSCSP_Notify_BAMCOB_MF>
<com.gpscsp.bam.GPSCSP_Notify_BAMCOB_MF intServ="EEMSIIB_GPSCSP_BAM" env="uat" override="EEMSIIB.GPSCSP_GW_IIB_COB_NTFY.queueName">EEMSIIB.GPSCSP_GW_IIB_COB_NTFY</com.gpscsp.bam.GPSCSP_Notify_BAMCOB_MF>
<com.gpscsp.bam.GPSCSP_BAM_MF intServ="EEMSIIB_GPSCSP_BAM" env="uat" override="additionalInstances">8</com.gpscsp.bam.GPSCSP_BAM_MF>
<com.gpscsp.bam.GPSCSP_BAM_MF intServ="EEMSIIB_GPSCSP_BAM" env="uat" override="timeoutCheck">300</com.gpscsp.bam.GPSCSP_BAM_MF>
<com.gpscsp.bam.GPSCSP_BAM_MF intServ="EEMSIIB_GPSCSP_BAM" env="uat" override="BrkConfigKey">BRK_CONFIG</com.gpscsp.bam.GPSCSP_BAM_MF>
<com.gpscsp.bam.GPSCSP_BAM_MF intServ="EEMSIIB_GPSCSP_BAM" env="uat" override="SchemaName">ELECELIG</com.gpscsp.bam.GPSCSP_BAM_MF>
<com.gpscsp.bam.GPSCSP_BAM_MF intServ="EEMSIIB_GPSCSP_BAM" env="uat" override="GlobalCacheMap">GPSCSP_Common_Map</com.gpscsp.bam.GPSCSP_BAM_MF>
<com.gpscsp.bam.GPSCSP_BAM_MF intServ="EEMSIIB_GPSCSP_BAM" env="uat" override="RetryCount">3</com.gpscsp.bam.GPSCSP_BAM_MF>
<com.gpscsp.bam.GPSCSP_BAM_MF intServ="EEMSIIB_GPSCSP_BAM" env="uat" override="sleepTime">10000</com.gpscsp.bam.GPSCSP_BAM_MF>
<com.gpscsp.bam.GPSCSP_BAM_MF intServ="EEMSIIB_GPSCSP_BAM" env="uat" override="GPSCSP_Source_Map">GPSCSP_Source_Map</com.gpscsp.bam.GPSCSP_BAM_MF>
<com.gpscsp.bam.GPSCSP_BAM_MF intServ="EEMSIIB_GPSCSP_BAM" env="uat" override="CH_brkrList">BKMBRA11</com.gpscsp.bam.GPSCSP_BAM_MF>
<com.gpscsp.bam.GPSCSP_BAM_MF intServ="EEMSIIB_GPSCSP_BAM" env="uat" override="CH_brkrCount">1</com.gpscsp.bam.GPSCSP_BAM_MF>
<com.gpscsp.bam.GPSCSP_BAM_MF intServ="EEMSIIB_GPSCSP_BAM" env="uat" override="EEMSIIB.GPSCSP_GW_IIB_BAM_NTFY_In.queueName">EEMSIIB.GPSCSP_GW_IIB_BAM_NTFY</com.gpscsp.bam.GPSCSP_BAM_MF>
<com.gpscsp.bam.GPSCSP_BAM_MF intServ="EEMSIIB_GPSCSP_BAM" env="uat" override="BAM.ENROLLMENT_PROCESSED.queueName">EEMSIIB.CSP_BAM_ENROLLMENT_NTFY</com.gpscsp.bam.GPSCSP_BAM_MF>
<com.gpscsp.bam.GPSCSP_BAM_MF intServ="EEMSIIB_GPSCSP_BAM" env="uat" override="GPSCSP_FetchAndTransform.dataSource">E3CSP_DB</com.gpscsp.bam.GPSCSP_BAM_MF>
<com.gpscsp.bam.GPSCSP_BAM_MF intServ="EEMSIIB_GPSCSP_BAM" env="uat" override="Common_AuditInMessage_SF.queueName">EEMSIIB.GPSCSP_COMMON_AUDITMESSAGE_DATA</com.gpscsp.bam.GPSCSP_BAM_MF>
<com.gpscsp.bam.GPSCSP_BAM_MF intServ="EEMSIIB_GPSCSP_BAM" env="uat" override="EEMSIIB.GPSCSP_ERRORMESSAGE_DATA.queueName">EEMSIIB.GPSCSP_ERRORMESSAGE_DATA</com.gpscsp.bam.GPSCSP_BAM_MF>


<!--UAT Bravo-->
<com.gpscsp.bam.GPSCSP_Notify_BAMCOB_MF intServ="EEMSIIB_GPSCSP_BAM" env="uat-bravo" override="additionalInstances">8</com.gpscsp.bam.GPSCSP_Notify_BAMCOB_MF>
<com.gpscsp.bam.GPSCSP_Notify_BAMCOB_MF intServ="EEMSIIB_GPSCSP_BAM" env="uat-bravo" override="EEMSIIB.EEMS_GPSCSP_GW_IIB_FILE_CMPL_NTFY.queueName">EEMS.EEMSIIB_GPSCSP_GW_IIB_FILE_CMPL_NTFY</com.gpscsp.bam.GPSCSP_Notify_BAMCOB_MF>
<com.gpscsp.bam.GPSCSP_Notify_BAMCOB_MF intServ="EEMSIIB_GPSCSP_BAM" env="uat-bravo" override="EEMSIIB.GPSCSP_GW_IIB_BAM_NTFY.queueName">EEMSIIB.GPSCSP_GW_IIB_BAM_NTFY</com.gpscsp.bam.GPSCSP_Notify_BAMCOB_MF>
<com.gpscsp.bam.GPSCSP_Notify_BAMCOB_MF intServ="EEMSIIB_GPSCSP_BAM" env="uat-bravo" override="EEMSIIB.GPSCSP_GW_IIB_COB_NTFY.queueName">EEMSIIB.GPSCSP_GW_IIB_COB_NTFY</com.gpscsp.bam.GPSCSP_Notify_BAMCOB_MF>
<com.gpscsp.bam.GPSCSP_BAM_MF intServ="EEMSIIB_GPSCSP_BAM" env="uat-bravo" override="additionalInstances">8</com.gpscsp.bam.GPSCSP_BAM_MF>
<com.gpscsp.bam.GPSCSP_BAM_MF intServ="EEMSIIB_GPSCSP_BAM" env="uat-bravo" override="timeoutCheck">300</com.gpscsp.bam.GPSCSP_BAM_MF>
<com.gpscsp.bam.GPSCSP_BAM_MF intServ="EEMSIIB_GPSCSP_BAM" env="uat-bravo" override="BrkConfigKey">BRK_CONFIG</com.gpscsp.bam.GPSCSP_BAM_MF>
<com.gpscsp.bam.GPSCSP_BAM_MF intServ="EEMSIIB_GPSCSP_BAM" env="uat-bravo" override="SchemaName">ELECELIG</com.gpscsp.bam.GPSCSP_BAM_MF>
<com.gpscsp.bam.GPSCSP_BAM_MF intServ="EEMSIIB_GPSCSP_BAM" env="uat-bravo" override="GlobalCacheMap">GPSCSP_Common_Map</com.gpscsp.bam.GPSCSP_BAM_MF>
<com.gpscsp.bam.GPSCSP_BAM_MF intServ="EEMSIIB_GPSCSP_BAM" env="uat-bravo" override="RetryCount">3</com.gpscsp.bam.GPSCSP_BAM_MF>
<com.gpscsp.bam.GPSCSP_BAM_MF intServ="EEMSIIB_GPSCSP_BAM" env="uat-bravo" override="sleepTime">10000</com.gpscsp.bam.GPSCSP_BAM_MF>
<com.gpscsp.bam.GPSCSP_BAM_MF intServ="EEMSIIB_GPSCSP_BAM" env="uat-bravo" override="GPSCSP_Source_Map">GPSCSP_Source_Map</com.gpscsp.bam.GPSCSP_BAM_MF>
<com.gpscsp.bam.GPSCSP_BAM_MF intServ="EEMSIIB_GPSCSP_BAM" env="uat-bravo" override="CH_brkrList">BKMBRB11</com.gpscsp.bam.GPSCSP_BAM_MF>
<com.gpscsp.bam.GPSCSP_BAM_MF intServ="EEMSIIB_GPSCSP_BAM" env="uat-bravo" override="CH_brkrCount">1</com.gpscsp.bam.GPSCSP_BAM_MF>
<com.gpscsp.bam.GPSCSP_BAM_MF intServ="EEMSIIB_GPSCSP_BAM" env="uat-bravo" override="EEMSIIB.GPSCSP_GW_IIB_BAM_NTFY_In.queueName">EEMSIIB.GPSCSP_GW_IIB_BAM_NTFY</com.gpscsp.bam.GPSCSP_BAM_MF>
<com.gpscsp.bam.GPSCSP_BAM_MF intServ="EEMSIIB_GPSCSP_BAM" env="uat-bravo" override="BAM.ENROLLMENT_PROCESSED.queueName">EEMSIIB.CSP_BAM_ENROLLMENT_NTFY</com.gpscsp.bam.GPSCSP_BAM_MF>
<com.gpscsp.bam.GPSCSP_BAM_MF intServ="EEMSIIB_GPSCSP_BAM" env="uat-bravo" override="GPSCSP_FetchAndTransform.dataSource">E3CSP_DB</com.gpscsp.bam.GPSCSP_BAM_MF>
<com.gpscsp.bam.GPSCSP_BAM_MF intServ="EEMSIIB_GPSCSP_BAM" env="uat-bravo" override="Common_AuditInMessage_SF.queueName">EEMSIIB.GPSCSP_COMMON_AUDITMESSAGE_DATA</com.gpscsp.bam.GPSCSP_BAM_MF>
<com.gpscsp.bam.GPSCSP_BAM_MF intServ="EEMSIIB_GPSCSP_BAM" env="uat-bravo" override="EEMSIIB.GPSCSP_ERRORMESSAGE_DATA.queueName">EEMSIIB.GPSCSP_ERRORMESSAGE_DATA</com.gpscsp.bam.GPSCSP_BAM_MF>


<!--UAT Charlie-->
<com.gpscsp.bam.GPSCSP_Notify_BAMCOB_MF intServ="EEMSIIB_GPSCSP_BAM" env="uat-charlie" override="additionalInstances">8</com.gpscsp.bam.GPSCSP_Notify_BAMCOB_MF>
<com.gpscsp.bam.GPSCSP_Notify_BAMCOB_MF intServ="EEMSIIB_GPSCSP_BAM" env="uat-charlie" override="EEMSIIB.EEMS_GPSCSP_GW_IIB_FILE_CMPL_NTFY.queueName">EEMS.EEMSIIB_GPSCSP_GW_IIB_FILE_CMPL_NTFY</com.gpscsp.bam.GPSCSP_Notify_BAMCOB_MF>
<com.gpscsp.bam.GPSCSP_Notify_BAMCOB_MF intServ="EEMSIIB_GPSCSP_BAM" env="uat-charlie" override="EEMSIIB.GPSCSP_GW_IIB_BAM_NTFY.queueName">EEMSIIB.GPSCSP_GW_IIB_BAM_NTFY</com.gpscsp.bam.GPSCSP_Notify_BAMCOB_MF>
<com.gpscsp.bam.GPSCSP_Notify_BAMCOB_MF intServ="EEMSIIB_GPSCSP_BAM" env="uat-charlie" override="EEMSIIB.GPSCSP_GW_IIB_COB_NTFY.queueName">EEMSIIB.GPSCSP_GW_IIB_COB_NTFY</com.gpscsp.bam.GPSCSP_Notify_BAMCOB_MF>
<com.gpscsp.bam.GPSCSP_BAM_MF intServ="EEMSIIB_GPSCSP_BAM" env="uat-charlie" override="additionalInstances">8</com.gpscsp.bam.GPSCSP_BAM_MF>
<com.gpscsp.bam.GPSCSP_BAM_MF intServ="EEMSIIB_GPSCSP_BAM" env="uat-charlie" override="timeoutCheck">300</com.gpscsp.bam.GPSCSP_BAM_MF>
<com.gpscsp.bam.GPSCSP_BAM_MF intServ="EEMSIIB_GPSCSP_BAM" env="uat-charlie" override="BrkConfigKey">BRK_CONFIG</com.gpscsp.bam.GPSCSP_BAM_MF>
<com.gpscsp.bam.GPSCSP_BAM_MF intServ="EEMSIIB_GPSCSP_BAM" env="uat-charlie" override="SchemaName">ELECELIG</com.gpscsp.bam.GPSCSP_BAM_MF>
<com.gpscsp.bam.GPSCSP_BAM_MF intServ="EEMSIIB_GPSCSP_BAM" env="uat-charlie" override="GlobalCacheMap">GPSCSP_Common_Map</com.gpscsp.bam.GPSCSP_BAM_MF>
<com.gpscsp.bam.GPSCSP_BAM_MF intServ="EEMSIIB_GPSCSP_BAM" env="uat-charlie" override="RetryCount">3</com.gpscsp.bam.GPSCSP_BAM_MF>
<com.gpscsp.bam.GPSCSP_BAM_MF intServ="EEMSIIB_GPSCSP_BAM" env="uat-charlie" override="sleepTime">10000</com.gpscsp.bam.GPSCSP_BAM_MF>
<com.gpscsp.bam.GPSCSP_BAM_MF intServ="EEMSIIB_GPSCSP_BAM" env="uat-charlie" override="GPSCSP_Source_Map">GPSCSP_Source_Map</com.gpscsp.bam.GPSCSP_BAM_MF>
<com.gpscsp.bam.GPSCSP_BAM_MF intServ="EEMSIIB_GPSCSP_BAM" env="uat-charlie" override="CH_brkrList">BKMBRC12</com.gpscsp.bam.GPSCSP_BAM_MF>
<com.gpscsp.bam.GPSCSP_BAM_MF intServ="EEMSIIB_GPSCSP_BAM" env="uat-charlie" override="CH_brkrCount">1</com.gpscsp.bam.GPSCSP_BAM_MF>
<com.gpscsp.bam.GPSCSP_BAM_MF intServ="EEMSIIB_GPSCSP_BAM" env="uat-charlie" override="EEMSIIB.GPSCSP_GW_IIB_BAM_NTFY_In.queueName">EEMSIIB.GPSCSP_GW_IIB_BAM_NTFY</com.gpscsp.bam.GPSCSP_BAM_MF>
<com.gpscsp.bam.GPSCSP_BAM_MF intServ="EEMSIIB_GPSCSP_BAM" env="uat-charlie" override="BAM.ENROLLMENT_PROCESSED.queueName">EEMSIIB.CSP_BAM_ENROLLMENT_NTFY</com.gpscsp.bam.GPSCSP_BAM_MF>
<com.gpscsp.bam.GPSCSP_BAM_MF intServ="EEMSIIB_GPSCSP_BAM" env="uat-charlie" override="GPSCSP_FetchAndTransform.dataSource">E3CSP_DB</com.gpscsp.bam.GPSCSP_BAM_MF>
<com.gpscsp.bam.GPSCSP_BAM_MF intServ="EEMSIIB_GPSCSP_BAM" env="uat-charlie" override="Common_AuditInMessage_SF.queueName">EEMSIIB.GPSCSP_COMMON_AUDITMESSAGE_DATA</com.gpscsp.bam.GPSCSP_BAM_MF>
<com.gpscsp.bam.GPSCSP_BAM_MF intServ="EEMSIIB_GPSCSP_BAM" env="uat-charlie" override="EEMSIIB.GPSCSP_ERRORMESSAGE_DATA.queueName">EEMSIIB.GPSCSP_ERRORMESSAGE_DATA</com.gpscsp.bam.GPSCSP_BAM_MF>


<!--STAGE-->

<com.gpscsp.bam.GPSCSP_Notify_BAMCOB_MF intServ="EEMSIIB_GPSCSP_BAM" env="stage" override="additionalInstances">8</com.gpscsp.bam.GPSCSP_Notify_BAMCOB_MF>
<com.gpscsp.bam.GPSCSP_Notify_BAMCOB_MF intServ="EEMSIIB_GPSCSP_BAM" env="stage" override="EEMSIIB.EEMS_GPSCSP_GW_IIB_FILE_CMPL_NTFY.queueName">EEMS.EEMSIIB_GPSCSP_GW_IIB_FILE_CMPL_NTFY</com.gpscsp.bam.GPSCSP_Notify_BAMCOB_MF>
<com.gpscsp.bam.GPSCSP_Notify_BAMCOB_MF intServ="EEMSIIB_GPSCSP_BAM" env="stage" override="EEMSIIB.GPSCSP_GW_IIB_BAM_NTFY.queueName">EEMSIIB.GPSCSP_GW_IIB_BAM_NTFY</com.gpscsp.bam.GPSCSP_Notify_BAMCOB_MF>
<com.gpscsp.bam.GPSCSP_Notify_BAMCOB_MF intServ="EEMSIIB_GPSCSP_BAM" env="stage" override="EEMSIIB.GPSCSP_GW_IIB_COB_NTFY.queueName">EEMSIIB.GPSCSP_GW_IIB_COB_NTFY</com.gpscsp.bam.GPSCSP_Notify_BAMCOB_MF>
<com.gpscsp.bam.GPSCSP_BAM_MF intServ="EEMSIIB_GPSCSP_BAM" env="stage" override="additionalInstances">8</com.gpscsp.bam.GPSCSP_BAM_MF>
<com.gpscsp.bam.GPSCSP_BAM_MF intServ="EEMSIIB_GPSCSP_BAM" env="stage" override="timeoutCheck">300</com.gpscsp.bam.GPSCSP_BAM_MF>
<com.gpscsp.bam.GPSCSP_BAM_MF intServ="EEMSIIB_GPSCSP_BAM" env="stage" override="BrkConfigKey">BRK_CONFIG</com.gpscsp.bam.GPSCSP_BAM_MF>
<com.gpscsp.bam.GPSCSP_BAM_MF intServ="EEMSIIB_GPSCSP_BAM" env="stage" override="SchemaName">ELECELIG</com.gpscsp.bam.GPSCSP_BAM_MF>
<com.gpscsp.bam.GPSCSP_BAM_MF intServ="EEMSIIB_GPSCSP_BAM" env="stage" override="GlobalCacheMap">GPSCSP_Common_Map</com.gpscsp.bam.GPSCSP_BAM_MF>
<com.gpscsp.bam.GPSCSP_BAM_MF intServ="EEMSIIB_GPSCSP_BAM" env="stage" override="RetryCount">3</com.gpscsp.bam.GPSCSP_BAM_MF>
<com.gpscsp.bam.GPSCSP_BAM_MF intServ="EEMSIIB_GPSCSP_BAM" env="stage" override="sleepTime">10000</com.gpscsp.bam.GPSCSP_BAM_MF>
<com.gpscsp.bam.GPSCSP_BAM_MF intServ="EEMSIIB_GPSCSP_BAM" env="stage" override="GPSCSP_Source_Map">GPSCSP_Source_Map</com.gpscsp.bam.GPSCSP_BAM_MF>
<com.gpscsp.bam.GPSCSP_BAM_MF intServ="EEMSIIB_GPSCSP_BAM" env="stage" override="CH_brkrList">BKMBC13_BKMBC14</com.gpscsp.bam.GPSCSP_BAM_MF>
<com.gpscsp.bam.GPSCSP_BAM_MF intServ="EEMSIIB_GPSCSP_BAM" env="stage" override="CH_brkrCount">2</com.gpscsp.bam.GPSCSP_BAM_MF>
<com.gpscsp.bam.GPSCSP_BAM_MF intServ="EEMSIIB_GPSCSP_BAM" env="stage" override="EEMSIIB.GPSCSP_GW_IIB_BAM_NTFY_In.queueName">EEMSIIB.GPSCSP_GW_IIB_BAM_NTFY</com.gpscsp.bam.GPSCSP_BAM_MF>
<com.gpscsp.bam.GPSCSP_BAM_MF intServ="EEMSIIB_GPSCSP_BAM" env="stage" override="BAM.ENROLLMENT_PROCESSED.queueName">EEMSIIB.CSP_BAM_ENROLLMENT_NTFY</com.gpscsp.bam.GPSCSP_BAM_MF>
<com.gpscsp.bam.GPSCSP_BAM_MF intServ="EEMSIIB_GPSCSP_BAM" env="stage" override="GPSCSP_FetchAndTransform.dataSource">E3CSP_DB</com.gpscsp.bam.GPSCSP_BAM_MF>
<com.gpscsp.bam.GPSCSP_BAM_MF intServ="EEMSIIB_GPSCSP_BAM" env="stage" override="Common_AuditInMessage_SF.queueName">EEMSIIB.GPSCSP_COMMON_AUDITMESSAGE_DATA</com.gpscsp.bam.GPSCSP_BAM_MF>
<com.gpscsp.bam.GPSCSP_BAM_MF intServ="EEMSIIB_GPSCSP_BAM" env="stage" override="EEMSIIB.GPSCSP_ERRORMESSAGE_DATA.queueName">EEMSIIB.GPSCSP_ERRORMESSAGE_DATA</com.gpscsp.bam.GPSCSP_BAM_MF>



<!--ADOPT-->

<com.gpscsp.bam.GPSCSP_Notify_BAMCOB_MF intServ="EEMSIIB_GPSCSP_BAM" env="adopt" override="additionalInstances">8</com.gpscsp.bam.GPSCSP_Notify_BAMCOB_MF>
<com.gpscsp.bam.GPSCSP_Notify_BAMCOB_MF intServ="EEMSIIB_GPSCSP_BAM" env="adopt" override="EEMSIIB.EEMS_GPSCSP_GW_IIB_FILE_CMPL_NTFY.queueName">EEMSIIB.ADP.EEMS_GPSCSP_GW_IIB_FILE_CMPL_NTFY</com.gpscsp.bam.GPSCSP_Notify_BAMCOB_MF>
<com.gpscsp.bam.GPSCSP_Notify_BAMCOB_MF intServ="EEMSIIB_GPSCSP_BAM" env="adopt" override="EEMSIIB.GPSCSP_GW_IIB_BAM_NTFY.queueName">EEMSIIB.ADP.GPSCSP_GW_IIB_BAM_NTFY</com.gpscsp.bam.GPSCSP_Notify_BAMCOB_MF>
<com.gpscsp.bam.GPSCSP_Notify_BAMCOB_MF intServ="EEMSIIB_GPSCSP_BAM" env="adopt" override="EEMSIIB.GPSCSP_GW_IIB_COB_NTFY.queueName">EEMSIIB.ADP.GPSCSP_GW_IIB_COB_NTFY</com.gpscsp.bam.GPSCSP_Notify_BAMCOB_MF>
<com.gpscsp.bam.GPSCSP_BAM_MF intServ="EEMSIIB_GPSCSP_BAM" env="adopt" override="additionalInstances">8</com.gpscsp.bam.GPSCSP_BAM_MF>
<com.gpscsp.bam.GPSCSP_BAM_MF intServ="EEMSIIB_GPSCSP_BAM" env="adopt" override="timeoutCheck">300</com.gpscsp.bam.GPSCSP_BAM_MF>
<com.gpscsp.bam.GPSCSP_BAM_MF intServ="EEMSIIB_GPSCSP_BAM" env="adopt" override="BrkConfigKey">BRK_CONFIG</com.gpscsp.bam.GPSCSP_BAM_MF>
<com.gpscsp.bam.GPSCSP_BAM_MF intServ="EEMSIIB_GPSCSP_BAM" env="adopt" override="SchemaName">ELECELIG</com.gpscsp.bam.GPSCSP_BAM_MF>
<com.gpscsp.bam.GPSCSP_BAM_MF intServ="EEMSIIB_GPSCSP_BAM" env="adopt" override="GlobalCacheMap">GPSCSP_Common_Map</com.gpscsp.bam.GPSCSP_BAM_MF>
<com.gpscsp.bam.GPSCSP_BAM_MF intServ="EEMSIIB_GPSCSP_BAM" env="adopt" override="RetryCount">3</com.gpscsp.bam.GPSCSP_BAM_MF>
<com.gpscsp.bam.GPSCSP_BAM_MF intServ="EEMSIIB_GPSCSP_BAM" env="adopt" override="sleepTime">10000</com.gpscsp.bam.GPSCSP_BAM_MF>
<com.gpscsp.bam.GPSCSP_BAM_MF intServ="EEMSIIB_GPSCSP_BAM" env="adopt" override="GPSCSP_Source_Map">GPSCSP_Source_Map</com.gpscsp.bam.GPSCSP_BAM_MF>
<com.gpscsp.bam.GPSCSP_BAM_MF intServ="EEMSIIB_GPSCSP_BAM" env="adopt" override="CH_brkrList">BKMBPD07_BKMBPD08</com.gpscsp.bam.GPSCSP_BAM_MF>
<com.gpscsp.bam.GPSCSP_BAM_MF intServ="EEMSIIB_GPSCSP_BAM" env="adopt" override="CH_brkrCount">2</com.gpscsp.bam.GPSCSP_BAM_MF>
<com.gpscsp.bam.GPSCSP_BAM_MF intServ="EEMSIIB_GPSCSP_BAM" env="adopt" override="EEMSIIB.GPSCSP_GW_IIB_BAM_NTFY_In.queueName">EEMSIIB.ADP.GPSCSP_GW_IIB_BAM_NTFY</com.gpscsp.bam.GPSCSP_BAM_MF>
<com.gpscsp.bam.GPSCSP_BAM_MF intServ="EEMSIIB_GPSCSP_BAM" env="adopt" override="BAM.ENROLLMENT_PROCESSED.queueName">EEMSIIB.ADP.CSP_BAM_ENROLLMENT_NTFY</com.gpscsp.bam.GPSCSP_BAM_MF>
<com.gpscsp.bam.GPSCSP_BAM_MF intServ="EEMSIIB_GPSCSP_BAM" env="adopt" override="GPSCSP_FetchAndTransform.dataSource">E3CSP_DB</com.gpscsp.bam.GPSCSP_BAM_MF>
<com.gpscsp.bam.GPSCSP_BAM_MF intServ="EEMSIIB_GPSCSP_BAM" env="adopt" override="Common_AuditInMessage_SF.queueName">EEMSIIB.ADP.GPSCSP_COMMON_AUDITMESSAGE_DATA</com.gpscsp.bam.GPSCSP_BAM_MF>
<com.gpscsp.bam.GPSCSP_BAM_MF intServ="EEMSIIB_GPSCSP_BAM" env="adopt" override="EEMSIIB.GPSCSP_ERRORMESSAGE_DATA.queueName">EEMSIIB.ADP.GPSCSP_ERRORMESSAGE_DATA</com.gpscsp.bam.GPSCSP_BAM_MF>



<!--PROD-->


<com.gpscsp.bam.GPSCSP_Notify_BAMCOB_MF intServ="EEMSIIB_GPSCSP_BAM" env="prod" override="additionalInstances">8</com.gpscsp.bam.GPSCSP_Notify_BAMCOB_MF>
<com.gpscsp.bam.GPSCSP_Notify_BAMCOB_MF intServ="EEMSIIB_GPSCSP_BAM" env="prod" override="EEMSIIB.EEMS_GPSCSP_GW_IIB_FILE_CMPL_NTFY.queueName">EEMS.EEMSIIB_GPSCSP_GW_IIB_FILE_CMPL_NTFY</com.gpscsp.bam.GPSCSP_Notify_BAMCOB_MF>
<com.gpscsp.bam.GPSCSP_Notify_BAMCOB_MF intServ="EEMSIIB_GPSCSP_BAM" env="prod" override="EEMSIIB.GPSCSP_GW_IIB_BAM_NTFY.queueName">EEMSIIB.GPSCSP_GW_IIB_BAM_NTFY</com.gpscsp.bam.GPSCSP_Notify_BAMCOB_MF>
<com.gpscsp.bam.GPSCSP_Notify_BAMCOB_MF intServ="EEMSIIB_GPSCSP_BAM" env="prod" override="EEMSIIB.GPSCSP_GW_IIB_COB_NTFY.queueName">EEMSIIB.GPSCSP_GW_IIB_COB_NTFY</com.gpscsp.bam.GPSCSP_Notify_BAMCOB_MF>
<com.gpscsp.bam.GPSCSP_BAM_MF intServ="EEMSIIB_GPSCSP_BAM" env="prod" override="additionalInstances">8</com.gpscsp.bam.GPSCSP_BAM_MF>
<com.gpscsp.bam.GPSCSP_BAM_MF intServ="EEMSIIB_GPSCSP_BAM" env="prod" override="timeoutCheck">300</com.gpscsp.bam.GPSCSP_BAM_MF>
<com.gpscsp.bam.GPSCSP_BAM_MF intServ="EEMSIIB_GPSCSP_BAM" env="prod" override="BrkConfigKey">BRK_CONFIG</com.gpscsp.bam.GPSCSP_BAM_MF>
<com.gpscsp.bam.GPSCSP_BAM_MF intServ="EEMSIIB_GPSCSP_BAM" env="prod" override="SchemaName">ELECELIG</com.gpscsp.bam.GPSCSP_BAM_MF>
<com.gpscsp.bam.GPSCSP_BAM_MF intServ="EEMSIIB_GPSCSP_BAM" env="prod" override="GlobalCacheMap">GPSCSP_Common_Map</com.gpscsp.bam.GPSCSP_BAM_MF>
<com.gpscsp.bam.GPSCSP_BAM_MF intServ="EEMSIIB_GPSCSP_BAM" env="prod" override="RetryCount">3</com.gpscsp.bam.GPSCSP_BAM_MF>
<com.gpscsp.bam.GPSCSP_BAM_MF intServ="EEMSIIB_GPSCSP_BAM" env="prod" override="sleepTime">10000</com.gpscsp.bam.GPSCSP_BAM_MF>
<com.gpscsp.bam.GPSCSP_BAM_MF intServ="EEMSIIB_GPSCSP_BAM" env="prod" override="GPSCSP_Source_Map">GPSCSP_Source_Map</com.gpscsp.bam.GPSCSP_BAM_MF>
<com.gpscsp.bam.GPSCSP_BAM_MF intServ="EEMSIIB_GPSCSP_BAM" env="prod" override="CH_brkrList">BKMBPD11_BKMBPD12</com.gpscsp.bam.GPSCSP_BAM_MF>
<com.gpscsp.bam.GPSCSP_BAM_MF intServ="EEMSIIB_GPSCSP_BAM" env="prod" override="CH_brkrCount">2</com.gpscsp.bam.GPSCSP_BAM_MF>
<com.gpscsp.bam.GPSCSP_BAM_MF intServ="EEMSIIB_GPSCSP_BAM" env="prod" override="EEMSIIB.GPSCSP_GW_IIB_BAM_NTFY_In.queueName">EEMSIIB.GPSCSP_GW_IIB_BAM_NTFY</com.gpscsp.bam.GPSCSP_BAM_MF>
<com.gpscsp.bam.GPSCSP_BAM_MF intServ="EEMSIIB_GPSCSP_BAM" env="prod" override="BAM.ENROLLMENT_PROCESSED.queueName">EEMSIIB.CSP_BAM_ENROLLMENT_NTFY</com.gpscsp.bam.GPSCSP_BAM_MF>
<com.gpscsp.bam.GPSCSP_BAM_MF intServ="EEMSIIB_GPSCSP_BAM" env="prod" override="GPSCSP_FetchAndTransform.dataSource">E3CSP_DB</com.gpscsp.bam.GPSCSP_BAM_MF>
<com.gpscsp.bam.GPSCSP_BAM_MF intServ="EEMSIIB_GPSCSP_BAM" env="prod" override="Common_AuditInMessage_SF.queueName">EEMSIIB.GPSCSP_COMMON_AUDITMESSAGE_DATA</com.gpscsp.bam.GPSCSP_BAM_MF>
<com.gpscsp.bam.GPSCSP_BAM_MF intServ="EEMSIIB_GPSCSP_BAM" env="prod" override="EEMSIIB.GPSCSP_ERRORMESSAGE_DATA.queueName">EEMSIIB.GPSCSP_ERRORMESSAGE_DATA</com.gpscsp.bam.GPSCSP_BAM_MF>

</Broker>