<?xml version="1.0" encoding="UTF-8" ?> 
<Broker>
<!--DEV-->
<com.gpscsp.sourcetrans.GPSCSP_SP_Transformation_MF intServ="EEMSIIB_GPSCSP_SOURCETRANSFORM" env="dev" override="additionalInstances">30</com.gpscsp.sourcetrans.GPSCSP_SP_Transformation_MF>
<com.gpscsp.sourcetrans.GPSCSP_SP_Transformation_MF intServ="EEMSIIB_GPSCSP_SOURCETRANSFORM" env="dev" override="GlobalCacheMap">GPSCSP_Common_Map</com.gpscsp.sourcetrans.GPSCSP_SP_Transformation_MF>
<com.gpscsp.sourcetrans.GPSCSP_SP_Transformation_MF intServ="EEMSIIB_GPSCSP_SOURCETRANSFORM" env="dev" override="BrkConfigKey">BRK_CONFIG</com.gpscsp.sourcetrans.GPSCSP_SP_Transformation_MF>
<com.gpscsp.sourcetrans.GPSCSP_SP_Transformation_MF intServ="EEMSIIB_GPSCSP_SOURCETRANSFORM" env="dev" override="SchemaName">ELECELIG</com.gpscsp.sourcetrans.GPSCSP_SP_Transformation_MF>
<com.gpscsp.sourcetrans.GPSCSP_SP_Transformation_MF intServ="EEMSIIB_GPSCSP_SOURCETRANSFORM" env="dev" override="EEMSIIB.GPSCSP_INBOUND_TRANSFORM_IN.queueName">EEMSIIB.GPSCSP_SOURCE_TRANSFORM_IN</com.gpscsp.sourcetrans.GPSCSP_SP_Transformation_MF>
<com.gpscsp.sourcetrans.GPSCSP_SP_Transformation_MF intServ="EEMSIIB_GPSCSP_SOURCETRANSFORM" env="dev" override="EEMSIIB.GPSCSP_INBOUND_DBLOAD.queueName">EEMSIIB.GPSCSP_SOURCE_DBLOAD_IN</com.gpscsp.sourcetrans.GPSCSP_SP_Transformation_MF>
<com.gpscsp.sourcetrans.GPSCSP_SP_Transformation_MF intServ="EEMSIIB_GPSCSP_SOURCETRANSFORM" env="dev" override="Create_SourceMap_Req.dataSource">E3CSP_DB</com.gpscsp.sourcetrans.GPSCSP_SP_Transformation_MF>
<com.gpscsp.sourcetrans.GPSCSP_SP_Transformation_MF intServ="EEMSIIB_GPSCSP_SOURCETRANSFORM" env="dev" override="Validate_SourceMap_Response.dataSource">E3CSP_DB</com.gpscsp.sourcetrans.GPSCSP_SP_Transformation_MF>
<com.gpscsp.sourcetrans.GPSCSP_SP_Transformation_MF intServ="EEMSIIB_GPSCSP_SOURCETRANSFORM" env="dev" override="SourceTrans_ProcessException.dataSource">E3CSP_DB</com.gpscsp.sourcetrans.GPSCSP_SP_Transformation_MF>
<com.gpscsp.sourcetrans.GPSCSP_SP_Transformation_MF intServ="EEMSIIB_GPSCSP_SOURCETRANSFORM" env="dev" override="EEMSIIB.GPSCSP_ERRORMESSAGE_DATA.queueName">EEMSIIB.GPSCSP_ERRORMESSAGE_DATA</com.gpscsp.sourcetrans.GPSCSP_SP_Transformation_MF>
<com.gpscsp.sourcetrans.GPSCSP_SP_Transformation_MF intServ="EEMSIIB_GPSCSP_SOURCETRANSFORM" env="dev" override="Common_AuditInMessage_SF.queueName">EEMSIIB.GPSCSP_COMMON_AUDITMESSAGE_DATA</com.gpscsp.sourcetrans.GPSCSP_SP_Transformation_MF>
<com.gpscsp.sourcetrans.GPSCSP_SP_Transformation_MF intServ="EEMSIIB_GPSCSP_SOURCETRANSFORM" env="dev" override="Common_ExceptionHandling_SF.BECode">700</com.gpscsp.sourcetrans.GPSCSP_SP_Transformation_MF>
<com.gpscsp.sourcetrans.GPSCSP_SP_Transformation_MF intServ="EEMSIIB_GPSCSP_SOURCETRANSFORM" env="dev" override="Common_ExceptionHandling_SF.ProjNumber">2</com.gpscsp.sourcetrans.GPSCSP_SP_Transformation_MF>
<com.gpscsp.sourcetrans.GPSCSP_SP_Transformation_MF intServ="EEMSIIB_GPSCSP_SOURCETRANSFORM" env="dev" override="EEMSIIB.GPSCSP_PROC_FL_STS_EVENT_IN.queueName">EEMSIIB.GPSCSP_PROC_FL_STS_EVENT_IN</com.gpscsp.sourcetrans.GPSCSP_SP_Transformation_MF>

<!--SIT-->
<com.gpscsp.sourcetrans.GPSCSP_SP_Transformation_MF intServ="EEMSIIB_GPSCSP_SOURCETRANSFORM" env="test" override="additionalInstances">30</com.gpscsp.sourcetrans.GPSCSP_SP_Transformation_MF>
<com.gpscsp.sourcetrans.GPSCSP_SP_Transformation_MF intServ="EEMSIIB_GPSCSP_SOURCETRANSFORM" env="test" override="GlobalCacheMap">GPSCSP_Common_Map</com.gpscsp.sourcetrans.GPSCSP_SP_Transformation_MF>
<com.gpscsp.sourcetrans.GPSCSP_SP_Transformation_MF intServ="EEMSIIB_GPSCSP_SOURCETRANSFORM" env="test" override="BrkConfigKey">BRK_CONFIG</com.gpscsp.sourcetrans.GPSCSP_SP_Transformation_MF>
<com.gpscsp.sourcetrans.GPSCSP_SP_Transformation_MF intServ="EEMSIIB_GPSCSP_SOURCETRANSFORM" env="test" override="SchemaName">ELECELIG</com.gpscsp.sourcetrans.GPSCSP_SP_Transformation_MF>
<com.gpscsp.sourcetrans.GPSCSP_SP_Transformation_MF intServ="EEMSIIB_GPSCSP_SOURCETRANSFORM" env="test" override="EEMSIIB.GPSCSP_INBOUND_TRANSFORM_IN.queueName">EEMSIIB.GPSCSP_SOURCE_TRANSFORM_IN</com.gpscsp.sourcetrans.GPSCSP_SP_Transformation_MF>
<com.gpscsp.sourcetrans.GPSCSP_SP_Transformation_MF intServ="EEMSIIB_GPSCSP_SOURCETRANSFORM" env="test" override="EEMSIIB.GPSCSP_INBOUND_DBLOAD.queueName">EEMSIIB.GPSCSP_SOURCE_DBLOAD_IN</com.gpscsp.sourcetrans.GPSCSP_SP_Transformation_MF>
<com.gpscsp.sourcetrans.GPSCSP_SP_Transformation_MF intServ="EEMSIIB_GPSCSP_SOURCETRANSFORM" env="test" override="Create_SourceMap_Req.dataSource">E3CSP_DB</com.gpscsp.sourcetrans.GPSCSP_SP_Transformation_MF>
<com.gpscsp.sourcetrans.GPSCSP_SP_Transformation_MF intServ="EEMSIIB_GPSCSP_SOURCETRANSFORM" env="test" override="Validate_SourceMap_Response.dataSource">E3CSP_DB</com.gpscsp.sourcetrans.GPSCSP_SP_Transformation_MF>
<com.gpscsp.sourcetrans.GPSCSP_SP_Transformation_MF intServ="EEMSIIB_GPSCSP_SOURCETRANSFORM" env="test" override="SourceTrans_ProcessException.dataSource">E3CSP_DB</com.gpscsp.sourcetrans.GPSCSP_SP_Transformation_MF>
<com.gpscsp.sourcetrans.GPSCSP_SP_Transformation_MF intServ="EEMSIIB_GPSCSP_SOURCETRANSFORM" env="test" override="EEMSIIB.GPSCSP_ERRORMESSAGE_DATA.queueName">EEMSIIB.GPSCSP_ERRORMESSAGE_DATA</com.gpscsp.sourcetrans.GPSCSP_SP_Transformation_MF>
<com.gpscsp.sourcetrans.GPSCSP_SP_Transformation_MF intServ="EEMSIIB_GPSCSP_SOURCETRANSFORM" env="test" override="Common_AuditInMessage_SF.queueName">EEMSIIB.GPSCSP_COMMON_AUDITMESSAGE_DATA</com.gpscsp.sourcetrans.GPSCSP_SP_Transformation_MF>
<com.gpscsp.sourcetrans.GPSCSP_SP_Transformation_MF intServ="EEMSIIB_GPSCSP_SOURCETRANSFORM" env="test" override="Common_ExceptionHandling_SF.BECode">700</com.gpscsp.sourcetrans.GPSCSP_SP_Transformation_MF>
<com.gpscsp.sourcetrans.GPSCSP_SP_Transformation_MF intServ="EEMSIIB_GPSCSP_SOURCETRANSFORM" env="test" override="Common_ExceptionHandling_SF.ProjNumber">2</com.gpscsp.sourcetrans.GPSCSP_SP_Transformation_MF>
<com.gpscsp.sourcetrans.GPSCSP_SP_Transformation_MF intServ="EEMSIIB_GPSCSP_SOURCETRANSFORM" env="test" override="EEMSIIB.GPSCSP_PROC_FL_STS_EVENT_IN.queueName">EEMSIIB.GPSCSP_PROC_FL_STS_EVENT_IN</com.gpscsp.sourcetrans.GPSCSP_SP_Transformation_MF>

<!--SIT Bravo-->
<com.gpscsp.sourcetrans.GPSCSP_SP_Transformation_MF intServ="EEMSIIB_GPSCSP_SOURCETRANSFORM" env="test2" override="additionalInstances">30</com.gpscsp.sourcetrans.GPSCSP_SP_Transformation_MF>
<com.gpscsp.sourcetrans.GPSCSP_SP_Transformation_MF intServ="EEMSIIB_GPSCSP_SOURCETRANSFORM" env="test2" override="GlobalCacheMap">GPSCSP_Common_Map</com.gpscsp.sourcetrans.GPSCSP_SP_Transformation_MF>
<com.gpscsp.sourcetrans.GPSCSP_SP_Transformation_MF intServ="EEMSIIB_GPSCSP_SOURCETRANSFORM" env="test2" override="BrkConfigKey">BRK_CONFIG</com.gpscsp.sourcetrans.GPSCSP_SP_Transformation_MF>
<com.gpscsp.sourcetrans.GPSCSP_SP_Transformation_MF intServ="EEMSIIB_GPSCSP_SOURCETRANSFORM" env="test2" override="SchemaName">ELECELIG</com.gpscsp.sourcetrans.GPSCSP_SP_Transformation_MF>
<com.gpscsp.sourcetrans.GPSCSP_SP_Transformation_MF intServ="EEMSIIB_GPSCSP_SOURCETRANSFORM" env="test2" override="EEMSIIB.GPSCSP_INBOUND_TRANSFORM_IN.queueName">EEMSIIB.GPSCSP_SOURCE_TRANSFORM_IN</com.gpscsp.sourcetrans.GPSCSP_SP_Transformation_MF>
<com.gpscsp.sourcetrans.GPSCSP_SP_Transformation_MF intServ="EEMSIIB_GPSCSP_SOURCETRANSFORM" env="test2" override="EEMSIIB.GPSCSP_INBOUND_DBLOAD.queueName">EEMSIIB.GPSCSP_SOURCE_DBLOAD_IN</com.gpscsp.sourcetrans.GPSCSP_SP_Transformation_MF>
<com.gpscsp.sourcetrans.GPSCSP_SP_Transformation_MF intServ="EEMSIIB_GPSCSP_SOURCETRANSFORM" env="test2" override="Create_SourceMap_Req.dataSource">E3CSP_DB</com.gpscsp.sourcetrans.GPSCSP_SP_Transformation_MF>
<com.gpscsp.sourcetrans.GPSCSP_SP_Transformation_MF intServ="EEMSIIB_GPSCSP_SOURCETRANSFORM" env="test2" override="Validate_SourceMap_Response.dataSource">E3CSP_DB</com.gpscsp.sourcetrans.GPSCSP_SP_Transformation_MF>
<com.gpscsp.sourcetrans.GPSCSP_SP_Transformation_MF intServ="EEMSIIB_GPSCSP_SOURCETRANSFORM" env="test2" override="SourceTrans_ProcessException.dataSource">E3CSP_DB</com.gpscsp.sourcetrans.GPSCSP_SP_Transformation_MF>
<com.gpscsp.sourcetrans.GPSCSP_SP_Transformation_MF intServ="EEMSIIB_GPSCSP_SOURCETRANSFORM" env="test2" override="EEMSIIB.GPSCSP_ERRORMESSAGE_DATA.queueName">EEMSIIB.GPSCSP_ERRORMESSAGE_DATA</com.gpscsp.sourcetrans.GPSCSP_SP_Transformation_MF>
<com.gpscsp.sourcetrans.GPSCSP_SP_Transformation_MF intServ="EEMSIIB_GPSCSP_SOURCETRANSFORM" env="test2" override="Common_AuditInMessage_SF.queueName">EEMSIIB.GPSCSP_COMMON_AUDITMESSAGE_DATA</com.gpscsp.sourcetrans.GPSCSP_SP_Transformation_MF>
<com.gpscsp.sourcetrans.GPSCSP_SP_Transformation_MF intServ="EEMSIIB_GPSCSP_SOURCETRANSFORM" env="test2" override="Common_ExceptionHandling_SF.BECode">700</com.gpscsp.sourcetrans.GPSCSP_SP_Transformation_MF>
<com.gpscsp.sourcetrans.GPSCSP_SP_Transformation_MF intServ="EEMSIIB_GPSCSP_SOURCETRANSFORM" env="test2" override="Common_ExceptionHandling_SF.ProjNumber">2</com.gpscsp.sourcetrans.GPSCSP_SP_Transformation_MF>
<com.gpscsp.sourcetrans.GPSCSP_SP_Transformation_MF intServ="EEMSIIB_GPSCSP_SOURCETRANSFORM" env="test2" override="EEMSIIB.GPSCSP_PROC_FL_STS_EVENT_IN.queueName">EEMSIIB.GPSCSP_PROC_FL_STS_EVENT_IN</com.gpscsp.sourcetrans.GPSCSP_SP_Transformation_MF>


<!--SIT Charlie-->
<com.gpscsp.sourcetrans.GPSCSP_SP_Transformation_MF intServ="EEMSIIB_GPSCSP_SOURCETRANSFORM" env="test-charlie" override="additionalInstances">30</com.gpscsp.sourcetrans.GPSCSP_SP_Transformation_MF>
<com.gpscsp.sourcetrans.GPSCSP_SP_Transformation_MF intServ="EEMSIIB_GPSCSP_SOURCETRANSFORM" env="test-charlie" override="GlobalCacheMap">GPSCSP_Common_Map</com.gpscsp.sourcetrans.GPSCSP_SP_Transformation_MF>
<com.gpscsp.sourcetrans.GPSCSP_SP_Transformation_MF intServ="EEMSIIB_GPSCSP_SOURCETRANSFORM" env="test-charlie" override="BrkConfigKey">BRK_CONFIG</com.gpscsp.sourcetrans.GPSCSP_SP_Transformation_MF>
<com.gpscsp.sourcetrans.GPSCSP_SP_Transformation_MF intServ="EEMSIIB_GPSCSP_SOURCETRANSFORM" env="test-charlie" override="SchemaName">ELECELIG</com.gpscsp.sourcetrans.GPSCSP_SP_Transformation_MF>
<com.gpscsp.sourcetrans.GPSCSP_SP_Transformation_MF intServ="EEMSIIB_GPSCSP_SOURCETRANSFORM" env="test-charlie" override="EEMSIIB.GPSCSP_INBOUND_TRANSFORM_IN.queueName">EEMSIIB.GPSCSP_SOURCE_TRANSFORM_IN</com.gpscsp.sourcetrans.GPSCSP_SP_Transformation_MF>
<com.gpscsp.sourcetrans.GPSCSP_SP_Transformation_MF intServ="EEMSIIB_GPSCSP_SOURCETRANSFORM" env="test-charlie" override="EEMSIIB.GPSCSP_INBOUND_DBLOAD.queueName">EEMSIIB.GPSCSP_SOURCE_DBLOAD_IN</com.gpscsp.sourcetrans.GPSCSP_SP_Transformation_MF>
<com.gpscsp.sourcetrans.GPSCSP_SP_Transformation_MF intServ="EEMSIIB_GPSCSP_SOURCETRANSFORM" env="test-charlie" override="Create_SourceMap_Req.dataSource">E3CSP_DB</com.gpscsp.sourcetrans.GPSCSP_SP_Transformation_MF>
<com.gpscsp.sourcetrans.GPSCSP_SP_Transformation_MF intServ="EEMSIIB_GPSCSP_SOURCETRANSFORM" env="test-charlie" override="Validate_SourceMap_Response.dataSource">E3CSP_DB</com.gpscsp.sourcetrans.GPSCSP_SP_Transformation_MF>
<com.gpscsp.sourcetrans.GPSCSP_SP_Transformation_MF intServ="EEMSIIB_GPSCSP_SOURCETRANSFORM" env="test-charlie" override="SourceTrans_ProcessException.dataSource">E3CSP_DB</com.gpscsp.sourcetrans.GPSCSP_SP_Transformation_MF>
<com.gpscsp.sourcetrans.GPSCSP_SP_Transformation_MF intServ="EEMSIIB_GPSCSP_SOURCETRANSFORM" env="test-charlie" override="EEMSIIB.GPSCSP_ERRORMESSAGE_DATA.queueName">EEMSIIB.GPSCSP_ERRORMESSAGE_DATA</com.gpscsp.sourcetrans.GPSCSP_SP_Transformation_MF>
<com.gpscsp.sourcetrans.GPSCSP_SP_Transformation_MF intServ="EEMSIIB_GPSCSP_SOURCETRANSFORM" env="test-charlie" override="Common_AuditInMessage_SF.queueName">EEMSIIB.GPSCSP_COMMON_AUDITMESSAGE_DATA</com.gpscsp.sourcetrans.GPSCSP_SP_Transformation_MF>
<com.gpscsp.sourcetrans.GPSCSP_SP_Transformation_MF intServ="EEMSIIB_GPSCSP_SOURCETRANSFORM" env="test-charlie" override="Common_ExceptionHandling_SF.BECode">700</com.gpscsp.sourcetrans.GPSCSP_SP_Transformation_MF>
<com.gpscsp.sourcetrans.GPSCSP_SP_Transformation_MF intServ="EEMSIIB_GPSCSP_SOURCETRANSFORM" env="test-charlie" override="Common_ExceptionHandling_SF.ProjNumber">2</com.gpscsp.sourcetrans.GPSCSP_SP_Transformation_MF>
<com.gpscsp.sourcetrans.GPSCSP_SP_Transformation_MF intServ="EEMSIIB_GPSCSP_SOURCETRANSFORM" env="test-charlie" override="EEMSIIB.GPSCSP_PROC_FL_STS_EVENT_IN.queueName">EEMSIIB.GPSCSP_PROC_FL_STS_EVENT_IN</com.gpscsp.sourcetrans.GPSCSP_SP_Transformation_MF>

<!--UAT-->
<com.gpscsp.sourcetrans.GPSCSP_SP_Transformation_MF intServ="EEMSIIB_GPSCSP_SOURCETRANSFORM" env="uat" override="additionalInstances">30</com.gpscsp.sourcetrans.GPSCSP_SP_Transformation_MF>
<com.gpscsp.sourcetrans.GPSCSP_SP_Transformation_MF intServ="EEMSIIB_GPSCSP_SOURCETRANSFORM" env="uat" override="GlobalCacheMap">GPSCSP_Common_Map</com.gpscsp.sourcetrans.GPSCSP_SP_Transformation_MF>
<com.gpscsp.sourcetrans.GPSCSP_SP_Transformation_MF intServ="EEMSIIB_GPSCSP_SOURCETRANSFORM" env="uat" override="BrkConfigKey">BRK_CONFIG</com.gpscsp.sourcetrans.GPSCSP_SP_Transformation_MF>
<com.gpscsp.sourcetrans.GPSCSP_SP_Transformation_MF intServ="EEMSIIB_GPSCSP_SOURCETRANSFORM" env="uat" override="SchemaName">ELECELIG</com.gpscsp.sourcetrans.GPSCSP_SP_Transformation_MF>
<com.gpscsp.sourcetrans.GPSCSP_SP_Transformation_MF intServ="EEMSIIB_GPSCSP_SOURCETRANSFORM" env="uat" override="EEMSIIB.GPSCSP_INBOUND_TRANSFORM_IN.queueName">EEMSIIB.GPSCSP_SOURCE_TRANSFORM_IN</com.gpscsp.sourcetrans.GPSCSP_SP_Transformation_MF>
<com.gpscsp.sourcetrans.GPSCSP_SP_Transformation_MF intServ="EEMSIIB_GPSCSP_SOURCETRANSFORM" env="uat" override="EEMSIIB.GPSCSP_INBOUND_DBLOAD.queueName">EEMSIIB.GPSCSP_SOURCE_DBLOAD_IN</com.gpscsp.sourcetrans.GPSCSP_SP_Transformation_MF>
<com.gpscsp.sourcetrans.GPSCSP_SP_Transformation_MF intServ="EEMSIIB_GPSCSP_SOURCETRANSFORM" env="uat" override="Create_SourceMap_Req.dataSource">E3CSP_DB</com.gpscsp.sourcetrans.GPSCSP_SP_Transformation_MF>
<com.gpscsp.sourcetrans.GPSCSP_SP_Transformation_MF intServ="EEMSIIB_GPSCSP_SOURCETRANSFORM" env="uat" override="Validate_SourceMap_Response.dataSource">E3CSP_DB</com.gpscsp.sourcetrans.GPSCSP_SP_Transformation_MF>
<com.gpscsp.sourcetrans.GPSCSP_SP_Transformation_MF intServ="EEMSIIB_GPSCSP_SOURCETRANSFORM" env="uat" override="SourceTrans_ProcessException.dataSource">E3CSP_DB</com.gpscsp.sourcetrans.GPSCSP_SP_Transformation_MF>
<com.gpscsp.sourcetrans.GPSCSP_SP_Transformation_MF intServ="EEMSIIB_GPSCSP_SOURCETRANSFORM" env="uat" override="EEMSIIB.GPSCSP_ERRORMESSAGE_DATA.queueName">EEMSIIB.GPSCSP_ERRORMESSAGE_DATA</com.gpscsp.sourcetrans.GPSCSP_SP_Transformation_MF>
<com.gpscsp.sourcetrans.GPSCSP_SP_Transformation_MF intServ="EEMSIIB_GPSCSP_SOURCETRANSFORM" env="uat" override="Common_AuditInMessage_SF.queueName">EEMSIIB.GPSCSP_COMMON_AUDITMESSAGE_DATA</com.gpscsp.sourcetrans.GPSCSP_SP_Transformation_MF>
<com.gpscsp.sourcetrans.GPSCSP_SP_Transformation_MF intServ="EEMSIIB_GPSCSP_SOURCETRANSFORM" env="uat" override="Common_ExceptionHandling_SF.BECode">700</com.gpscsp.sourcetrans.GPSCSP_SP_Transformation_MF>
<com.gpscsp.sourcetrans.GPSCSP_SP_Transformation_MF intServ="EEMSIIB_GPSCSP_SOURCETRANSFORM" env="uat" override="Common_ExceptionHandling_SF.ProjNumber">2</com.gpscsp.sourcetrans.GPSCSP_SP_Transformation_MF>
<com.gpscsp.sourcetrans.GPSCSP_SP_Transformation_MF intServ="EEMSIIB_GPSCSP_SOURCETRANSFORM" env="uat" override="EEMSIIB.GPSCSP_PROC_FL_STS_EVENT_IN.queueName">EEMSIIB.GPSCSP_PROC_FL_STS_EVENT_IN</com.gpscsp.sourcetrans.GPSCSP_SP_Transformation_MF>

<!--UAT Bravo-->
<com.gpscsp.sourcetrans.GPSCSP_SP_Transformation_MF intServ="EEMSIIB_GPSCSP_SOURCETRANSFORM" env="uat-bravo" override="additionalInstances">30</com.gpscsp.sourcetrans.GPSCSP_SP_Transformation_MF>
<com.gpscsp.sourcetrans.GPSCSP_SP_Transformation_MF intServ="EEMSIIB_GPSCSP_SOURCETRANSFORM" env="uat-bravo" override="GlobalCacheMap">GPSCSP_Common_Map</com.gpscsp.sourcetrans.GPSCSP_SP_Transformation_MF>
<com.gpscsp.sourcetrans.GPSCSP_SP_Transformation_MF intServ="EEMSIIB_GPSCSP_SOURCETRANSFORM" env="uat-bravo" override="BrkConfigKey">BRK_CONFIG</com.gpscsp.sourcetrans.GPSCSP_SP_Transformation_MF>
<com.gpscsp.sourcetrans.GPSCSP_SP_Transformation_MF intServ="EEMSIIB_GPSCSP_SOURCETRANSFORM" env="uat-bravo" override="SchemaName">ELECELIG</com.gpscsp.sourcetrans.GPSCSP_SP_Transformation_MF>
<com.gpscsp.sourcetrans.GPSCSP_SP_Transformation_MF intServ="EEMSIIB_GPSCSP_SOURCETRANSFORM" env="uat-bravo" override="EEMSIIB.GPSCSP_INBOUND_TRANSFORM_IN.queueName">EEMSIIB.GPSCSP_SOURCE_TRANSFORM_IN</com.gpscsp.sourcetrans.GPSCSP_SP_Transformation_MF>
<com.gpscsp.sourcetrans.GPSCSP_SP_Transformation_MF intServ="EEMSIIB_GPSCSP_SOURCETRANSFORM" env="uat-bravo" override="EEMSIIB.GPSCSP_INBOUND_DBLOAD.queueName">EEMSIIB.GPSCSP_SOURCE_DBLOAD_IN</com.gpscsp.sourcetrans.GPSCSP_SP_Transformation_MF>
<com.gpscsp.sourcetrans.GPSCSP_SP_Transformation_MF intServ="EEMSIIB_GPSCSP_SOURCETRANSFORM" env="uat-bravo" override="Create_SourceMap_Req.dataSource">E3CSP_DB</com.gpscsp.sourcetrans.GPSCSP_SP_Transformation_MF>
<com.gpscsp.sourcetrans.GPSCSP_SP_Transformation_MF intServ="EEMSIIB_GPSCSP_SOURCETRANSFORM" env="uat-bravo" override="Validate_SourceMap_Response.dataSource">E3CSP_DB</com.gpscsp.sourcetrans.GPSCSP_SP_Transformation_MF>
<com.gpscsp.sourcetrans.GPSCSP_SP_Transformation_MF intServ="EEMSIIB_GPSCSP_SOURCETRANSFORM" env="uat-bravo" override="SourceTrans_ProcessException.dataSource">E3CSP_DB</com.gpscsp.sourcetrans.GPSCSP_SP_Transformation_MF>
<com.gpscsp.sourcetrans.GPSCSP_SP_Transformation_MF intServ="EEMSIIB_GPSCSP_SOURCETRANSFORM" env="uat-bravo" override="EEMSIIB.GPSCSP_ERRORMESSAGE_DATA.queueName">EEMSIIB.GPSCSP_ERRORMESSAGE_DATA</com.gpscsp.sourcetrans.GPSCSP_SP_Transformation_MF>
<com.gpscsp.sourcetrans.GPSCSP_SP_Transformation_MF intServ="EEMSIIB_GPSCSP_SOURCETRANSFORM" env="uat-bravo" override="Common_AuditInMessage_SF.queueName">EEMSIIB.GPSCSP_COMMON_AUDITMESSAGE_DATA</com.gpscsp.sourcetrans.GPSCSP_SP_Transformation_MF>
<com.gpscsp.sourcetrans.GPSCSP_SP_Transformation_MF intServ="EEMSIIB_GPSCSP_SOURCETRANSFORM" env="uat-bravo" override="Common_ExceptionHandling_SF.BECode">700</com.gpscsp.sourcetrans.GPSCSP_SP_Transformation_MF>
<com.gpscsp.sourcetrans.GPSCSP_SP_Transformation_MF intServ="EEMSIIB_GPSCSP_SOURCETRANSFORM" env="uat-bravo" override="Common_ExceptionHandling_SF.ProjNumber">2</com.gpscsp.sourcetrans.GPSCSP_SP_Transformation_MF>
<com.gpscsp.sourcetrans.GPSCSP_SP_Transformation_MF intServ="EEMSIIB_GPSCSP_SOURCETRANSFORM" env="uat-bravo" override="EEMSIIB.GPSCSP_PROC_FL_STS_EVENT_IN.queueName">EEMSIIB.GPSCSP_PROC_FL_STS_EVENT_IN</com.gpscsp.sourcetrans.GPSCSP_SP_Transformation_MF>

<!--UAT Charlie-->
<com.gpscsp.sourcetrans.GPSCSP_SP_Transformation_MF intServ="EEMSIIB_GPSCSP_SOURCETRANSFORM" env="uat-charlie" override="additionalInstances">30</com.gpscsp.sourcetrans.GPSCSP_SP_Transformation_MF>
<com.gpscsp.sourcetrans.GPSCSP_SP_Transformation_MF intServ="EEMSIIB_GPSCSP_SOURCETRANSFORM" env="uat-charlie" override="GlobalCacheMap">GPSCSP_Common_Map</com.gpscsp.sourcetrans.GPSCSP_SP_Transformation_MF>
<com.gpscsp.sourcetrans.GPSCSP_SP_Transformation_MF intServ="EEMSIIB_GPSCSP_SOURCETRANSFORM" env="uat-charlie" override="BrkConfigKey">BRK_CONFIG</com.gpscsp.sourcetrans.GPSCSP_SP_Transformation_MF>
<com.gpscsp.sourcetrans.GPSCSP_SP_Transformation_MF intServ="EEMSIIB_GPSCSP_SOURCETRANSFORM" env="uat-charlie" override="SchemaName">ELECELIG</com.gpscsp.sourcetrans.GPSCSP_SP_Transformation_MF>
<com.gpscsp.sourcetrans.GPSCSP_SP_Transformation_MF intServ="EEMSIIB_GPSCSP_SOURCETRANSFORM" env="uat-charlie" override="EEMSIIB.GPSCSP_INBOUND_TRANSFORM_IN.queueName">EEMSIIB.GPSCSP_SOURCE_TRANSFORM_IN</com.gpscsp.sourcetrans.GPSCSP_SP_Transformation_MF>
<com.gpscsp.sourcetrans.GPSCSP_SP_Transformation_MF intServ="EEMSIIB_GPSCSP_SOURCETRANSFORM" env="uat-charlie" override="EEMSIIB.GPSCSP_INBOUND_DBLOAD.queueName">EEMSIIB.GPSCSP_SOURCE_DBLOAD_IN</com.gpscsp.sourcetrans.GPSCSP_SP_Transformation_MF>
<com.gpscsp.sourcetrans.GPSCSP_SP_Transformation_MF intServ="EEMSIIB_GPSCSP_SOURCETRANSFORM" env="uat-charlie" override="Create_SourceMap_Req.dataSource">E3CSP_DB</com.gpscsp.sourcetrans.GPSCSP_SP_Transformation_MF>
<com.gpscsp.sourcetrans.GPSCSP_SP_Transformation_MF intServ="EEMSIIB_GPSCSP_SOURCETRANSFORM" env="uat-charlie" override="Validate_SourceMap_Response.dataSource">E3CSP_DB</com.gpscsp.sourcetrans.GPSCSP_SP_Transformation_MF>
<com.gpscsp.sourcetrans.GPSCSP_SP_Transformation_MF intServ="EEMSIIB_GPSCSP_SOURCETRANSFORM" env="uat-charlie" override="SourceTrans_ProcessException.dataSource">E3CSP_DB</com.gpscsp.sourcetrans.GPSCSP_SP_Transformation_MF>
<com.gpscsp.sourcetrans.GPSCSP_SP_Transformation_MF intServ="EEMSIIB_GPSCSP_SOURCETRANSFORM" env="uat-charlie" override="EEMSIIB.GPSCSP_ERRORMESSAGE_DATA.queueName">EEMSIIB.GPSCSP_ERRORMESSAGE_DATA</com.gpscsp.sourcetrans.GPSCSP_SP_Transformation_MF>
<com.gpscsp.sourcetrans.GPSCSP_SP_Transformation_MF intServ="EEMSIIB_GPSCSP_SOURCETRANSFORM" env="uat-charlie" override="Common_AuditInMessage_SF.queueName">EEMSIIB.GPSCSP_COMMON_AUDITMESSAGE_DATA</com.gpscsp.sourcetrans.GPSCSP_SP_Transformation_MF>
<com.gpscsp.sourcetrans.GPSCSP_SP_Transformation_MF intServ="EEMSIIB_GPSCSP_SOURCETRANSFORM" env="uat-charlie" override="Common_ExceptionHandling_SF.BECode">700</com.gpscsp.sourcetrans.GPSCSP_SP_Transformation_MF>
<com.gpscsp.sourcetrans.GPSCSP_SP_Transformation_MF intServ="EEMSIIB_GPSCSP_SOURCETRANSFORM" env="uat-charlie" override="Common_ExceptionHandling_SF.ProjNumber">2</com.gpscsp.sourcetrans.GPSCSP_SP_Transformation_MF>
<com.gpscsp.sourcetrans.GPSCSP_SP_Transformation_MF intServ="EEMSIIB_GPSCSP_SOURCETRANSFORM" env="uat-charlie" override="EEMSIIB.GPSCSP_PROC_FL_STS_EVENT_IN.queueName">EEMSIIB.GPSCSP_PROC_FL_STS_EVENT_IN</com.gpscsp.sourcetrans.GPSCSP_SP_Transformation_MF>


<!--STAGE-->
<com.gpscsp.sourcetrans.GPSCSP_SP_Transformation_MF intServ="EEMSIIB_GPSCSP_SOURCETRANSFORM" env="stage" override="additionalInstances">30</com.gpscsp.sourcetrans.GPSCSP_SP_Transformation_MF>
<com.gpscsp.sourcetrans.GPSCSP_SP_Transformation_MF intServ="EEMSIIB_GPSCSP_SOURCETRANSFORM" env="stage" override="GlobalCacheMap">GPSCSP_Common_Map</com.gpscsp.sourcetrans.GPSCSP_SP_Transformation_MF>
<com.gpscsp.sourcetrans.GPSCSP_SP_Transformation_MF intServ="EEMSIIB_GPSCSP_SOURCETRANSFORM" env="stage" override="BrkConfigKey">BRK_CONFIG</com.gpscsp.sourcetrans.GPSCSP_SP_Transformation_MF>
<com.gpscsp.sourcetrans.GPSCSP_SP_Transformation_MF intServ="EEMSIIB_GPSCSP_SOURCETRANSFORM" env="stage" override="SchemaName">ELECELIG</com.gpscsp.sourcetrans.GPSCSP_SP_Transformation_MF>
<com.gpscsp.sourcetrans.GPSCSP_SP_Transformation_MF intServ="EEMSIIB_GPSCSP_SOURCETRANSFORM" env="stage" override="EEMSIIB.GPSCSP_INBOUND_TRANSFORM_IN.queueName">EEMSIIB.GPSCSP_SOURCE_TRANSFORM_IN</com.gpscsp.sourcetrans.GPSCSP_SP_Transformation_MF>
<com.gpscsp.sourcetrans.GPSCSP_SP_Transformation_MF intServ="EEMSIIB_GPSCSP_SOURCETRANSFORM" env="stage" override="EEMSIIB.GPSCSP_INBOUND_DBLOAD.queueName">EEMSIIB.GPSCSP_SOURCE_DBLOAD_IN</com.gpscsp.sourcetrans.GPSCSP_SP_Transformation_MF>
<com.gpscsp.sourcetrans.GPSCSP_SP_Transformation_MF intServ="EEMSIIB_GPSCSP_SOURCETRANSFORM" env="stage" override="Create_SourceMap_Req.dataSource">E3CSP_DB</com.gpscsp.sourcetrans.GPSCSP_SP_Transformation_MF>
<com.gpscsp.sourcetrans.GPSCSP_SP_Transformation_MF intServ="EEMSIIB_GPSCSP_SOURCETRANSFORM" env="stage" override="Validate_SourceMap_Response.dataSource">E3CSP_DB</com.gpscsp.sourcetrans.GPSCSP_SP_Transformation_MF>
<com.gpscsp.sourcetrans.GPSCSP_SP_Transformation_MF intServ="EEMSIIB_GPSCSP_SOURCETRANSFORM" env="stage" override="SourceTrans_ProcessException.dataSource">E3CSP_DB</com.gpscsp.sourcetrans.GPSCSP_SP_Transformation_MF>
<com.gpscsp.sourcetrans.GPSCSP_SP_Transformation_MF intServ="EEMSIIB_GPSCSP_SOURCETRANSFORM" env="stage" override="EEMSIIB.GPSCSP_ERRORMESSAGE_DATA.queueName">EEMSIIB.GPSCSP_ERRORMESSAGE_DATA</com.gpscsp.sourcetrans.GPSCSP_SP_Transformation_MF>
<com.gpscsp.sourcetrans.GPSCSP_SP_Transformation_MF intServ="EEMSIIB_GPSCSP_SOURCETRANSFORM" env="stage" override="Common_AuditInMessage_SF.queueName">EEMSIIB.GPSCSP_COMMON_AUDITMESSAGE_DATA</com.gpscsp.sourcetrans.GPSCSP_SP_Transformation_MF>
<com.gpscsp.sourcetrans.GPSCSP_SP_Transformation_MF intServ="EEMSIIB_GPSCSP_SOURCETRANSFORM" env="stage" override="Common_ExceptionHandling_SF.BECode">700</com.gpscsp.sourcetrans.GPSCSP_SP_Transformation_MF>
<com.gpscsp.sourcetrans.GPSCSP_SP_Transformation_MF intServ="EEMSIIB_GPSCSP_SOURCETRANSFORM" env="stage" override="Common_ExceptionHandling_SF.ProjNumber">2</com.gpscsp.sourcetrans.GPSCSP_SP_Transformation_MF>
<com.gpscsp.sourcetrans.GPSCSP_SP_Transformation_MF intServ="EEMSIIB_GPSCSP_SOURCETRANSFORM" env="stage" override="EEMSIIB.GPSCSP_PROC_FL_STS_EVENT_IN.queueName">EEMSIIB.GPSCSP_PROC_FL_STS_EVENT_IN</com.gpscsp.sourcetrans.GPSCSP_SP_Transformation_MF>

<!--ADOPT-->
<com.gpscsp.sourcetrans.GPSCSP_SP_Transformation_MF intServ="EEMSIIB_GPSCSP_SOURCETRANSFORM" env="adopt" override="additionalInstances">30</com.gpscsp.sourcetrans.GPSCSP_SP_Transformation_MF>
<com.gpscsp.sourcetrans.GPSCSP_SP_Transformation_MF intServ="EEMSIIB_GPSCSP_SOURCETRANSFORM" env="adopt" override="GlobalCacheMap">GPSCSP_Common_Map</com.gpscsp.sourcetrans.GPSCSP_SP_Transformation_MF>
<com.gpscsp.sourcetrans.GPSCSP_SP_Transformation_MF intServ="EEMSIIB_GPSCSP_SOURCETRANSFORM" env="adopt" override="BrkConfigKey">BRK_CONFIG</com.gpscsp.sourcetrans.GPSCSP_SP_Transformation_MF>
<com.gpscsp.sourcetrans.GPSCSP_SP_Transformation_MF intServ="EEMSIIB_GPSCSP_SOURCETRANSFORM" env="adopt" override="SchemaName">ELECELIG</com.gpscsp.sourcetrans.GPSCSP_SP_Transformation_MF>
<com.gpscsp.sourcetrans.GPSCSP_SP_Transformation_MF intServ="EEMSIIB_GPSCSP_SOURCETRANSFORM" env="adopt" override="EEMSIIB.GPSCSP_INBOUND_TRANSFORM_IN.queueName">EEMSIIB.ADP.GPSCSP_SOURCE_TRANSFORM_IN</com.gpscsp.sourcetrans.GPSCSP_SP_Transformation_MF>
<com.gpscsp.sourcetrans.GPSCSP_SP_Transformation_MF intServ="EEMSIIB_GPSCSP_SOURCETRANSFORM" env="adopt" override="EEMSIIB.GPSCSP_INBOUND_DBLOAD.queueName">EEMSIIB.ADP.GPSCSP_SOURCE_DBLOAD_IN</com.gpscsp.sourcetrans.GPSCSP_SP_Transformation_MF>
<com.gpscsp.sourcetrans.GPSCSP_SP_Transformation_MF intServ="EEMSIIB_GPSCSP_SOURCETRANSFORM" env="adopt" override="Create_SourceMap_Req.dataSource">E3CSP_DB</com.gpscsp.sourcetrans.GPSCSP_SP_Transformation_MF>
<com.gpscsp.sourcetrans.GPSCSP_SP_Transformation_MF intServ="EEMSIIB_GPSCSP_SOURCETRANSFORM" env="adopt" override="Validate_SourceMap_Response.dataSource">E3CSP_DB</com.gpscsp.sourcetrans.GPSCSP_SP_Transformation_MF>
<com.gpscsp.sourcetrans.GPSCSP_SP_Transformation_MF intServ="EEMSIIB_GPSCSP_SOURCETRANSFORM" env="adopt" override="SourceTrans_ProcessException.dataSource">E3CSP_DB</com.gpscsp.sourcetrans.GPSCSP_SP_Transformation_MF>
<com.gpscsp.sourcetrans.GPSCSP_SP_Transformation_MF intServ="EEMSIIB_GPSCSP_SOURCETRANSFORM" env="adopt" override="EEMSIIB.GPSCSP_ERRORMESSAGE_DATA.queueName">EEMSIIB.ADP.GPSCSP_ERRORMESSAGE_DATA</com.gpscsp.sourcetrans.GPSCSP_SP_Transformation_MF>
<com.gpscsp.sourcetrans.GPSCSP_SP_Transformation_MF intServ="EEMSIIB_GPSCSP_SOURCETRANSFORM" env="adopt" override="Common_AuditInMessage_SF.queueName">EEMSIIB.ADP.GPSCSP_COMMON_AUDITMESSAGE_DATA</com.gpscsp.sourcetrans.GPSCSP_SP_Transformation_MF>
<com.gpscsp.sourcetrans.GPSCSP_SP_Transformation_MF intServ="EEMSIIB_GPSCSP_SOURCETRANSFORM" env="adopt" override="Common_ExceptionHandling_SF.BECode">700</com.gpscsp.sourcetrans.GPSCSP_SP_Transformation_MF>
<com.gpscsp.sourcetrans.GPSCSP_SP_Transformation_MF intServ="EEMSIIB_GPSCSP_SOURCETRANSFORM" env="adopt" override="Common_ExceptionHandling_SF.ProjNumber">2</com.gpscsp.sourcetrans.GPSCSP_SP_Transformation_MF>
<com.gpscsp.sourcetrans.GPSCSP_SP_Transformation_MF intServ="EEMSIIB_GPSCSP_SOURCETRANSFORM" env="adopt" override="EEMSIIB.GPSCSP_PROC_FL_STS_EVENT_IN.queueName">EEMSIIB.ADP.GPSCSP_PROC_FL_STS_EVENT_IN</com.gpscsp.sourcetrans.GPSCSP_SP_Transformation_MF>

<!--PROD-->
<com.gpscsp.sourcetrans.GPSCSP_SP_Transformation_MF intServ="EEMSIIB_GPSCSP_SOURCETRANSFORM" env="prod" override="additionalInstances">30</com.gpscsp.sourcetrans.GPSCSP_SP_Transformation_MF>
<com.gpscsp.sourcetrans.GPSCSP_SP_Transformation_MF intServ="EEMSIIB_GPSCSP_SOURCETRANSFORM" env="prod" override="GlobalCacheMap">GPSCSP_Common_Map</com.gpscsp.sourcetrans.GPSCSP_SP_Transformation_MF>
<com.gpscsp.sourcetrans.GPSCSP_SP_Transformation_MF intServ="EEMSIIB_GPSCSP_SOURCETRANSFORM" env="prod" override="BrkConfigKey">BRK_CONFIG</com.gpscsp.sourcetrans.GPSCSP_SP_Transformation_MF>
<com.gpscsp.sourcetrans.GPSCSP_SP_Transformation_MF intServ="EEMSIIB_GPSCSP_SOURCETRANSFORM" env="prod" override="SchemaName">ELECELIG</com.gpscsp.sourcetrans.GPSCSP_SP_Transformation_MF>
<com.gpscsp.sourcetrans.GPSCSP_SP_Transformation_MF intServ="EEMSIIB_GPSCSP_SOURCETRANSFORM" env="prod" override="EEMSIIB.GPSCSP_INBOUND_TRANSFORM_IN.queueName">EEMSIIB.GPSCSP_SOURCE_TRANSFORM_IN</com.gpscsp.sourcetrans.GPSCSP_SP_Transformation_MF>
<com.gpscsp.sourcetrans.GPSCSP_SP_Transformation_MF intServ="EEMSIIB_GPSCSP_SOURCETRANSFORM" env="prod" override="EEMSIIB.GPSCSP_INBOUND_DBLOAD.queueName">EEMSIIB.GPSCSP_SOURCE_DBLOAD_IN</com.gpscsp.sourcetrans.GPSCSP_SP_Transformation_MF>
<com.gpscsp.sourcetrans.GPSCSP_SP_Transformation_MF intServ="EEMSIIB_GPSCSP_SOURCETRANSFORM" env="prod" override="Create_SourceMap_Req.dataSource">E3CSP_DB</com.gpscsp.sourcetrans.GPSCSP_SP_Transformation_MF>
<com.gpscsp.sourcetrans.GPSCSP_SP_Transformation_MF intServ="EEMSIIB_GPSCSP_SOURCETRANSFORM" env="prod" override="Validate_SourceMap_Response.dataSource">E3CSP_DB</com.gpscsp.sourcetrans.GPSCSP_SP_Transformation_MF>
<com.gpscsp.sourcetrans.GPSCSP_SP_Transformation_MF intServ="EEMSIIB_GPSCSP_SOURCETRANSFORM" env="prod" override="SourceTrans_ProcessException.dataSource">E3CSP_DB</com.gpscsp.sourcetrans.GPSCSP_SP_Transformation_MF>
<com.gpscsp.sourcetrans.GPSCSP_SP_Transformation_MF intServ="EEMSIIB_GPSCSP_SOURCETRANSFORM" env="prod" override="EEMSIIB.GPSCSP_ERRORMESSAGE_DATA.queueName">EEMSIIB.GPSCSP_ERRORMESSAGE_DATA</com.gpscsp.sourcetrans.GPSCSP_SP_Transformation_MF>
<com.gpscsp.sourcetrans.GPSCSP_SP_Transformation_MF intServ="EEMSIIB_GPSCSP_SOURCETRANSFORM" env="prod" override="Common_AuditInMessage_SF.queueName">EEMSIIB.GPSCSP_COMMON_AUDITMESSAGE_DATA</com.gpscsp.sourcetrans.GPSCSP_SP_Transformation_MF>
<com.gpscsp.sourcetrans.GPSCSP_SP_Transformation_MF intServ="EEMSIIB_GPSCSP_SOURCETRANSFORM" env="prod" override="Common_ExceptionHandling_SF.BECode">700</com.gpscsp.sourcetrans.GPSCSP_SP_Transformation_MF>
<com.gpscsp.sourcetrans.GPSCSP_SP_Transformation_MF intServ="EEMSIIB_GPSCSP_SOURCETRANSFORM" env="prod" override="Common_ExceptionHandling_SF.ProjNumber">2</com.gpscsp.sourcetrans.GPSCSP_SP_Transformation_MF>
<com.gpscsp.sourcetrans.GPSCSP_SP_Transformation_MF intServ="EEMSIIB_GPSCSP_SOURCETRANSFORM" env="prod" override="EEMSIIB.GPSCSP_PROC_FL_STS_EVENT_IN.queueName">EEMSIIB.GPSCSP_PROC_FL_STS_EVENT_IN</com.gpscsp.sourcetrans.GPSCSP_SP_Transformation_MF>

</Broker>