<?xml version="1.0" encoding="UTF-8"?>
<project xmlns="http://maven.apache.org/POM/4.0.0" xmlns:xsi="http://www.w3.org/2001/XMLSchema-instance" xsi:schemaLocation="http://maven.apache.org/POM/4.0.0
      http://maven.apache.org/xsd/maven-4.0.0.xsd">
	<modelVersion>4.0.0</modelVersion>
	<!-- Parent pom file -->
  <parent>
    <groupId>com.optum.eems</groupId>
    <artifactId>eeem_parent_pom</artifactId>
    <version>1.0.0-SNAPSHOT</version>
    <relativePath>../EEMS_TeamPom/mainpom.xml</relativePath>
  </parent>

	<groupId>com.optum.eems</groupId>
	<artifactId>GPSCSP_CrossWalkLookup</artifactId>
	<version>1.0.0-SNAPSHOT</version>
	<packaging>pom</packaging>
	<name>GPSCSP_CrossWalkLookup_APP</name>

	<modules>
		<module>../FrameworkComponents</module>
	</modules>

	<properties>
		<!--<iib.toolkit.home>C:/Program Files (x86)/IBM/IntegrationToolkit90</iib.toolkit.home>
		<iib.home>C:/Program Files/IBM/MQSI/9.0.0.2/bin/</iib.home>-->

		<src.dir>${basedir}/src</src.dir>
		<build.dir>build</build.dir>
		<!--<target.dir>target</target.dir>-->
		<timestamp>${maven.build.timestamp}</timestamp>
        <maven.build.timestamp.format>yyyyMMddHHmmss</maven.build.timestamp.format>


	</properties>

	<build>
		<plugins>
			<plugin>
				<groupId>org.apache.maven.plugins</groupId>
				<artifactId>maven-antrun-plugin</artifactId>
				<version>1.1</version>
				<executions>
					<execution>
						<id>validate</id>
						<phase>validate</phase>
						<goals>
							<goal>run</goal>
						</goals>
						<configuration>
							<tasks>
								<echo message=""/>
								<echo message="Hello GPSCSP_CrossWalkLookup_APP validate phase"/>
								<echo message="iib.home ${iib.home}"/>
								<echo message="iib.toolkit.home ${iib.toolkit.home}"/>
								<echo message="src.dir ${src.dir}"/>
								<echo message="build.dir ${build.dir}"/>
								<echo message="target.dir ${target.dir}"/>
								<echo message="project.name ${project.name}"/>
								<echo message="timestamp ${timestamp}"/>
								<echo message=""/>
							</tasks>
						</configuration>
					</execution>
				</executions>
			</plugin>

			<plugin>
				<artifactId>maven-resources-plugin</artifactId>
				<version>2.7</version>
				<executions>
					<execution>
						<id>copy-resources</id>
						<phase>prepare-package</phase>
						<goals>
							<goal>copy-resources</goal>
						</goals>
						<configuration>
							<outputDirectory>${build.dir}/Common_Framework_LIB</outputDirectory>
							<resources>
								<resource>
									<directory>../FrameworkComponents/src/Common_Framework_LIB</directory>
								</resource>
							</resources>
						</configuration>
					</execution>

					<execution>
						<id>copy-resources2</id>
						<phase>prepare-package</phase>
						<goals>
							<goal>copy-resources</goal>
						</goals>
						<configuration>
							<outputDirectory>${build.dir}/Common_GlobalCache_LIB</outputDirectory>
							<resources>
								<resource>
									<directory>../FrameworkComponents/src/Common_GlobalCache_LIB</directory>
								</resource>
							</resources>
						</configuration>
					</execution>

					<execution>
						<id>copy-resources-GPSCSP_CrossWalkLookup_APP</id>
						<phase>prepare-package</phase>
						<goals>
							<goal>copy-resources</goal>
						</goals>
						<configuration>
							<outputDirectory>${build.dir}/GPSCSP_CrossWalkLookup_APP</outputDirectory>
							<resources>
								<resource>
									<directory>${src.dir}/GPSCSP_CrossWalkLookup_APP</directory>
								</resource>
							</resources>
						</configuration>
					</execution>

				</executions>
			</plugin>

			<plugin>
				<groupId>org.codehaus.mojo</groupId>
				<artifactId>exec-maven-plugin</artifactId>
				<version>1.4.0</version>
				<executions>

					<execution>
						<id>mqsipackagebar</id>
						<phase>package</phase>
						<goals>
							<goal>exec</goal>
						</goals>
						<configuration>
							<environmentScript>${iib.home}mqsiprofile</environmentScript>
							<!--<executable>${iib.home}mqsipackagebar.bat</executable>-->
							<executable>${iib.home}mqsipackagebar</executable>
							<arguments>
								<argument>-a</argument>
								<argument>${basedir}/target/${repo.branch}_${project.name}_${timestamp}.bar</argument>

								<argument>-w</argument>
								<argument>${build.dir}</argument>

								<argument>-k</argument>
								<argument>GPSCSP_CrossWalkLookup_APP</argument>

							</arguments>
						</configuration>
					</execution>
				</executions>
			</plugin>

			<plugin>
				<artifactId>maven-clean-plugin</artifactId>
				<version>2.6.1</version>
				<executions>
					<execution>
						<id>default-clean</id>
						<phase>clean</phase>
						<goals>
							<goal>clean</goal>
						</goals>
						<configuration>
							<verbose>true</verbose>
							<excludeDefaultDirectories>true</excludeDefaultDirectories>
							<filesets>

								<fileset>
									<directory>${build.dir}</directory>
									<includes>
										<include>**/*</include>
									</includes>
								</fileset>

								<fileset>
									<directory>${basedir}/target</directory>
								<includes>
                                         <include>**/*</include>
                                    </includes>
								</fileset>

								<fileset>
									<directory>${src.dir}/.metadata</directory>
								</fileset>

							</filesets>
						</configuration>
					</execution>
				</executions>
			</plugin>
		</plugins>
	</build>
</project>
