<?xml version="1.0" encoding="UTF-8" ?> 
<Broker>
<!--DEV-->

<com.gpscsp.brc.GPSCSP_BRC_CrosswalkLoad_DBLoad_MF intServ="EEMSIIB_GPSCSP_XWALKLOAD" env="dev" override="additionalInstances">0</com.gpscsp.brc.GPSCSP_BRC_CrosswalkLoad_DBLoad_MF>
<com.gpscsp.brc.GPSCSP_BRC_CrosswalkLoad_DBLoad_MF intServ="EEMSIIB_GPSCSP_XWALKLOAD" env="dev" override="DSN">E3CSP_DB</com.gpscsp.brc.GPSCSP_BRC_CrosswalkLoad_DBLoad_MF>
<com.gpscsp.brc.GPSCSP_BRC_CrosswalkLoad_DBLoad_MF intServ="EEMSIIB_GPSCSP_XWALKLOAD" env="dev" override="GlobalCacheMap">GPSCSP_Common_Map</com.gpscsp.brc.GPSCSP_BRC_CrosswalkLoad_DBLoad_MF>
<com.gpscsp.brc.GPSCSP_BRC_CrosswalkLoad_DBLoad_MF intServ="EEMSIIB_GPSCSP_XWALKLOAD" env="dev" override="BrkConfigKey">BRK_CONFIG</com.gpscsp.brc.GPSCSP_BRC_CrosswalkLoad_DBLoad_MF>
<com.gpscsp.brc.GPSCSP_BRC_CrosswalkLoad_DBLoad_MF intServ="EEMSIIB_GPSCSP_XWALKLOAD" env="dev" override="CH_brkrList">BKMBT11</com.gpscsp.brc.GPSCSP_BRC_CrosswalkLoad_DBLoad_MF>
<com.gpscsp.brc.GPSCSP_BRC_CrosswalkLoad_DBLoad_MF intServ="EEMSIIB_GPSCSP_XWALKLOAD" env="dev" override="CH_brkrCount">1</com.gpscsp.brc.GPSCSP_BRC_CrosswalkLoad_DBLoad_MF>
<com.gpscsp.brc.GPSCSP_BRC_CrosswalkLoad_DBLoad_MF intServ="EEMSIIB_GPSCSP_XWALKLOAD" env="dev" override="SchemaName">ELECELIG</com.gpscsp.brc.GPSCSP_BRC_CrosswalkLoad_DBLoad_MF>
<com.gpscsp.brc.GPSCSP_BRC_CrosswalkLoad_DBLoad_MF intServ="EEMSIIB_GPSCSP_XWALKLOAD" env="dev" override="FilePath">/eems/iib/inbound/BRC</com.gpscsp.brc.GPSCSP_BRC_CrosswalkLoad_DBLoad_MF>
<com.gpscsp.brc.GPSCSP_BRC_CrosswalkLoad_DBLoad_MF intServ="EEMSIIB_GPSCSP_XWALKLOAD" env="dev" override="EEMSIIB.GPSCSP_TBA_REQ_TRIGGER_IN.queueName">EEMSIIB.GPSCSP_TBA_REQ_TRIGGER_IN</com.gpscsp.brc.GPSCSP_BRC_CrosswalkLoad_DBLoad_MF>
<com.gpscsp.brc.GPSCSP_BRC_CrosswalkLoad_DBLoad_MF intServ="EEMSIIB_GPSCSP_XWALKLOAD" env="dev" override="FileRead.inputDirectory">/eems/iib/properties/CSP</com.gpscsp.brc.GPSCSP_BRC_CrosswalkLoad_DBLoad_MF>
<com.gpscsp.brc.GPSCSP_BRC_CrosswalkLoad_DBLoad_MF intServ="EEMSIIB_GPSCSP_XWALKLOAD" env="dev" override="FileRead.filenamePattern">*.xml</com.gpscsp.brc.GPSCSP_BRC_CrosswalkLoad_DBLoad_MF>
<com.gpscsp.brc.GPSCSP_BRC_CrosswalkLoad_DBLoad_MF intServ="EEMSIIB_GPSCSP_XWALKLOAD" env="dev" override="Common_AuditInMessage_SF.queueName">EEMSIIB.GPSCSP_COMMON_AUDITMESSAGE_DATA</com.gpscsp.brc.GPSCSP_BRC_CrosswalkLoad_DBLoad_MF>
<com.gpscsp.brc.GPSCSP_BRC_CrosswalkLoad_DBLoad_MF intServ="EEMSIIB_GPSCSP_XWALKLOAD" env="dev" override="EEMSIIB.GPSCSP_ERRORMESSAGE_DATA.queueName">EEMSIIB.GPSCSP_ERRORMESSAGE_DATA</com.gpscsp.brc.GPSCSP_BRC_CrosswalkLoad_DBLoad_MF>
<com.gpscsp.brc.GPSCSP_BRC_CrosswalkLoad_DBLoad_MF intServ="EEMSIIB_GPSCSP_XWALKLOAD" env="dev" override="EEMSIIB.GPSCSP_BRC_XWALK_TRANSFORM_IN.queueName">EEMSIIB.GPSCSP_BRC_XWALK_TRANSFORM_IN</com.gpscsp.brc.GPSCSP_BRC_CrosswalkLoad_DBLoad_MF>
<com.gpscsp.brc.GPSCSP_BRC_CrosswalkLoad_Debatcher_MF intServ="EEMSIIB_GPSCSP_XWALKLOAD" env="dev" override="additionalInstances">0</com.gpscsp.brc.GPSCSP_BRC_CrosswalkLoad_Debatcher_MF>
<com.gpscsp.brc.GPSCSP_BRC_CrosswalkLoad_Debatcher_MF intServ="EEMSIIB_GPSCSP_XWALKLOAD" env="dev" override="EEMSIIB.GPSCSP_BRC_XWALK_TRANSFORM_IN.queueName">EEMSIIB.GPSCSP_BRC_XWALK_TRANSFORM_IN</com.gpscsp.brc.GPSCSP_BRC_CrosswalkLoad_Debatcher_MF>
<com.gpscsp.brc.GPSCSP_BRC_CrosswalkLoad_Debatcher_MF intServ="EEMSIIB_GPSCSP_XWALKLOAD" env="dev" override="Timeout Notification.uniqueIdentifier">BRC</com.gpscsp.brc.GPSCSP_BRC_CrosswalkLoad_Debatcher_MF>
<com.gpscsp.brc.GPSCSP_BRC_CrosswalkLoad_Debatcher_MF intServ="EEMSIIB_GPSCSP_XWALKLOAD" env="dev" override="Timeout Notification.timeoutInterval">180</com.gpscsp.brc.GPSCSP_BRC_CrosswalkLoad_Debatcher_MF>
<com.gpscsp.brc.GPSCSP_BRC_CrosswalkLoad_Debatcher_MF intServ="EEMSIIB_GPSCSP_XWALKLOAD" env="dev" override="BrkConfigKey_1">BRK_CONFIG</com.gpscsp.brc.GPSCSP_BRC_CrosswalkLoad_Debatcher_MF>
<com.gpscsp.brc.GPSCSP_BRC_CrosswalkLoad_Debatcher_MF intServ="EEMSIIB_GPSCSP_XWALKLOAD" env="dev" override="varGCMapName_1">GPSCSP_Common_Map</com.gpscsp.brc.GPSCSP_BRC_CrosswalkLoad_Debatcher_MF>
<com.gpscsp.brc.GPSCSP_BRC_CrosswalkLoad_Debatcher_MF intServ="EEMSIIB_GPSCSP_XWALKLOAD" env="dev" override="ApplicationName">GPSCSP_BRC_CrosswalkLoad_APP</com.gpscsp.brc.GPSCSP_BRC_CrosswalkLoad_Debatcher_MF>
<com.gpscsp.brc.GPSCSP_BRC_CrosswalkLoad_Debatcher_MF intServ="EEMSIIB_GPSCSP_XWALKLOAD" env="dev" override="SchemaName_1">ELECELIG</com.gpscsp.brc.GPSCSP_BRC_CrosswalkLoad_Debatcher_MF>
<com.gpscsp.brc.GPSCSP_BRC_CrosswalkLoad_Debatcher_MF intServ="EEMSIIB_GPSCSP_XWALKLOAD" env="dev" override="DSN">E3CSP_DB</com.gpscsp.brc.GPSCSP_BRC_CrosswalkLoad_Debatcher_MF>

<!--SIT-->

<com.gpscsp.brc.GPSCSP_BRC_CrosswalkLoad_DBLoad_MF intServ="EEMSIIB_GPSCSP_XWALKLOAD" env="test" override="additionalInstances">0</com.gpscsp.brc.GPSCSP_BRC_CrosswalkLoad_DBLoad_MF>
<com.gpscsp.brc.GPSCSP_BRC_CrosswalkLoad_DBLoad_MF intServ="EEMSIIB_GPSCSP_XWALKLOAD" env="test" override="DSN">E3CSP_DB</com.gpscsp.brc.GPSCSP_BRC_CrosswalkLoad_DBLoad_MF>
<com.gpscsp.brc.GPSCSP_BRC_CrosswalkLoad_DBLoad_MF intServ="EEMSIIB_GPSCSP_XWALKLOAD" env="test" override="GlobalCacheMap">GPSCSP_Common_Map</com.gpscsp.brc.GPSCSP_BRC_CrosswalkLoad_DBLoad_MF>
<com.gpscsp.brc.GPSCSP_BRC_CrosswalkLoad_DBLoad_MF intServ="EEMSIIB_GPSCSP_XWALKLOAD" env="test" override="BrkConfigKey">BRK_CONFIG</com.gpscsp.brc.GPSCSP_BRC_CrosswalkLoad_DBLoad_MF>
<com.gpscsp.brc.GPSCSP_BRC_CrosswalkLoad_DBLoad_MF intServ="EEMSIIB_GPSCSP_XWALKLOAD" env="test" override="CH_brkrList">BKMBS11</com.gpscsp.brc.GPSCSP_BRC_CrosswalkLoad_DBLoad_MF>
<com.gpscsp.brc.GPSCSP_BRC_CrosswalkLoad_DBLoad_MF intServ="EEMSIIB_GPSCSP_XWALKLOAD" env="test" override="CH_brkrCount">1</com.gpscsp.brc.GPSCSP_BRC_CrosswalkLoad_DBLoad_MF>
<com.gpscsp.brc.GPSCSP_BRC_CrosswalkLoad_DBLoad_MF intServ="EEMSIIB_GPSCSP_XWALKLOAD" env="test" override="SchemaName">ELECELIG</com.gpscsp.brc.GPSCSP_BRC_CrosswalkLoad_DBLoad_MF>
<com.gpscsp.brc.GPSCSP_BRC_CrosswalkLoad_DBLoad_MF intServ="EEMSIIB_GPSCSP_XWALKLOAD" env="test" override="FilePath">/eems/iib/inbound/BRC</com.gpscsp.brc.GPSCSP_BRC_CrosswalkLoad_DBLoad_MF>
<com.gpscsp.brc.GPSCSP_BRC_CrosswalkLoad_DBLoad_MF intServ="EEMSIIB_GPSCSP_XWALKLOAD" env="test" override="EEMSIIB.GPSCSP_TBA_REQ_TRIGGER_IN.queueName">EEMSIIB.GPSCSP_TBA_REQ_TRIGGER_IN</com.gpscsp.brc.GPSCSP_BRC_CrosswalkLoad_DBLoad_MF>
<com.gpscsp.brc.GPSCSP_BRC_CrosswalkLoad_DBLoad_MF intServ="EEMSIIB_GPSCSP_XWALKLOAD" env="test" override="FileRead.inputDirectory">/eems/iib/properties/CSP</com.gpscsp.brc.GPSCSP_BRC_CrosswalkLoad_DBLoad_MF>
<com.gpscsp.brc.GPSCSP_BRC_CrosswalkLoad_DBLoad_MF intServ="EEMSIIB_GPSCSP_XWALKLOAD" env="test" override="FileRead.filenamePattern">*.xml</com.gpscsp.brc.GPSCSP_BRC_CrosswalkLoad_DBLoad_MF>
<com.gpscsp.brc.GPSCSP_BRC_CrosswalkLoad_DBLoad_MF intServ="EEMSIIB_GPSCSP_XWALKLOAD" env="test" override="Common_AuditInMessage_SF.queueName">EEMSIIB.GPSCSP_COMMON_AUDITMESSAGE_DATA</com.gpscsp.brc.GPSCSP_BRC_CrosswalkLoad_DBLoad_MF>
<com.gpscsp.brc.GPSCSP_BRC_CrosswalkLoad_DBLoad_MF intServ="EEMSIIB_GPSCSP_XWALKLOAD" env="test" override="EEMSIIB.GPSCSP_ERRORMESSAGE_DATA.queueName">EEMSIIB.GPSCSP_ERRORMESSAGE_DATA</com.gpscsp.brc.GPSCSP_BRC_CrosswalkLoad_DBLoad_MF>
<com.gpscsp.brc.GPSCSP_BRC_CrosswalkLoad_DBLoad_MF intServ="EEMSIIB_GPSCSP_XWALKLOAD" env="test" override="EEMSIIB.GPSCSP_BRC_XWALK_TRANSFORM_IN.queueName">EEMSIIB.GPSCSP_BRC_XWALK_TRANSFORM_IN</com.gpscsp.brc.GPSCSP_BRC_CrosswalkLoad_DBLoad_MF>
<com.gpscsp.brc.GPSCSP_BRC_CrosswalkLoad_Debatcher_MF intServ="EEMSIIB_GPSCSP_XWALKLOAD" env="test" override="additionalInstances">0</com.gpscsp.brc.GPSCSP_BRC_CrosswalkLoad_Debatcher_MF>
<com.gpscsp.brc.GPSCSP_BRC_CrosswalkLoad_Debatcher_MF intServ="EEMSIIB_GPSCSP_XWALKLOAD" env="test" override="EEMSIIB.GPSCSP_BRC_XWALK_TRANSFORM_IN.queueName">EEMSIIB.GPSCSP_BRC_XWALK_TRANSFORM_IN</com.gpscsp.brc.GPSCSP_BRC_CrosswalkLoad_Debatcher_MF>
<com.gpscsp.brc.GPSCSP_BRC_CrosswalkLoad_Debatcher_MF intServ="EEMSIIB_GPSCSP_XWALKLOAD" env="test" override="Timeout Notification.uniqueIdentifier">BRC</com.gpscsp.brc.GPSCSP_BRC_CrosswalkLoad_Debatcher_MF>
<com.gpscsp.brc.GPSCSP_BRC_CrosswalkLoad_Debatcher_MF intServ="EEMSIIB_GPSCSP_XWALKLOAD" env="test" override="Timeout Notification.timeoutInterval">180</com.gpscsp.brc.GPSCSP_BRC_CrosswalkLoad_Debatcher_MF>
<com.gpscsp.brc.GPSCSP_BRC_CrosswalkLoad_Debatcher_MF intServ="EEMSIIB_GPSCSP_XWALKLOAD" env="test" override="BrkConfigKey_1">BRK_CONFIG</com.gpscsp.brc.GPSCSP_BRC_CrosswalkLoad_Debatcher_MF>
<com.gpscsp.brc.GPSCSP_BRC_CrosswalkLoad_Debatcher_MF intServ="EEMSIIB_GPSCSP_XWALKLOAD" env="test" override="varGCMapName_1">GPSCSP_Common_Map</com.gpscsp.brc.GPSCSP_BRC_CrosswalkLoad_Debatcher_MF>
<com.gpscsp.brc.GPSCSP_BRC_CrosswalkLoad_Debatcher_MF intServ="EEMSIIB_GPSCSP_XWALKLOAD" env="test" override="ApplicationName">GPSCSP_BRC_CrosswalkLoad_APP</com.gpscsp.brc.GPSCSP_BRC_CrosswalkLoad_Debatcher_MF>
<com.gpscsp.brc.GPSCSP_BRC_CrosswalkLoad_Debatcher_MF intServ="EEMSIIB_GPSCSP_XWALKLOAD" env="test" override="SchemaName_1">ELECELIG</com.gpscsp.brc.GPSCSP_BRC_CrosswalkLoad_Debatcher_MF>
<com.gpscsp.brc.GPSCSP_BRC_CrosswalkLoad_Debatcher_MF intServ="EEMSIIB_GPSCSP_XWALKLOAD" env="test" override="DSN">E3CSP_DB</com.gpscsp.brc.GPSCSP_BRC_CrosswalkLoad_Debatcher_MF>

<!--SIT Bravo-->
<com.gpscsp.brc.GPSCSP_BRC_CrosswalkLoad_DBLoad_MF intServ="EEMSIIB_GPSCSP_XWALKLOAD" env="test2" override="additionalInstances">0</com.gpscsp.brc.GPSCSP_BRC_CrosswalkLoad_DBLoad_MF>
<com.gpscsp.brc.GPSCSP_BRC_CrosswalkLoad_DBLoad_MF intServ="EEMSIIB_GPSCSP_XWALKLOAD" env="test2" override="DSN">E3CSP_DB</com.gpscsp.brc.GPSCSP_BRC_CrosswalkLoad_DBLoad_MF>
<com.gpscsp.brc.GPSCSP_BRC_CrosswalkLoad_DBLoad_MF intServ="EEMSIIB_GPSCSP_XWALKLOAD" env="test2" override="GlobalCacheMap">GPSCSP_Common_Map</com.gpscsp.brc.GPSCSP_BRC_CrosswalkLoad_DBLoad_MF>
<com.gpscsp.brc.GPSCSP_BRC_CrosswalkLoad_DBLoad_MF intServ="EEMSIIB_GPSCSP_XWALKLOAD" env="test2" override="BrkConfigKey">BRK_CONFIG</com.gpscsp.brc.GPSCSP_BRC_CrosswalkLoad_DBLoad_MF>
<com.gpscsp.brc.GPSCSP_BRC_CrosswalkLoad_DBLoad_MF intServ="EEMSIIB_GPSCSP_XWALKLOAD" env="test2" override="CH_brkrList">BKMBS12</com.gpscsp.brc.GPSCSP_BRC_CrosswalkLoad_DBLoad_MF>
<com.gpscsp.brc.GPSCSP_BRC_CrosswalkLoad_DBLoad_MF intServ="EEMSIIB_GPSCSP_XWALKLOAD" env="test2" override="CH_brkrCount">1</com.gpscsp.brc.GPSCSP_BRC_CrosswalkLoad_DBLoad_MF>
<com.gpscsp.brc.GPSCSP_BRC_CrosswalkLoad_DBLoad_MF intServ="EEMSIIB_GPSCSP_XWALKLOAD" env="test2" override="SchemaName">ELECELIG</com.gpscsp.brc.GPSCSP_BRC_CrosswalkLoad_DBLoad_MF>
<com.gpscsp.brc.GPSCSP_BRC_CrosswalkLoad_DBLoad_MF intServ="EEMSIIB_GPSCSP_XWALKLOAD" env="test2" override="FilePath">/eems/iib/inbound/BRC</com.gpscsp.brc.GPSCSP_BRC_CrosswalkLoad_DBLoad_MF>
<com.gpscsp.brc.GPSCSP_BRC_CrosswalkLoad_DBLoad_MF intServ="EEMSIIB_GPSCSP_XWALKLOAD" env="test2" override="EEMSIIB.GPSCSP_TBA_REQ_TRIGGER_IN.queueName">EEMSIIB.GPSCSP_TBA_REQ_TRIGGER_IN</com.gpscsp.brc.GPSCSP_BRC_CrosswalkLoad_DBLoad_MF>
<com.gpscsp.brc.GPSCSP_BRC_CrosswalkLoad_DBLoad_MF intServ="EEMSIIB_GPSCSP_XWALKLOAD" env="test2" override="FileRead.inputDirectory">/eems/iib/properties/CSP</com.gpscsp.brc.GPSCSP_BRC_CrosswalkLoad_DBLoad_MF>
<com.gpscsp.brc.GPSCSP_BRC_CrosswalkLoad_DBLoad_MF intServ="EEMSIIB_GPSCSP_XWALKLOAD" env="test2" override="FileRead.filenamePattern">*.xml</com.gpscsp.brc.GPSCSP_BRC_CrosswalkLoad_DBLoad_MF>
<com.gpscsp.brc.GPSCSP_BRC_CrosswalkLoad_DBLoad_MF intServ="EEMSIIB_GPSCSP_XWALKLOAD" env="test2" override="Common_AuditInMessage_SF.queueName">EEMSIIB.COMMON_AUDITMESSAGE_DATA</com.gpscsp.brc.GPSCSP_BRC_CrosswalkLoad_DBLoad_MF>
<com.gpscsp.brc.GPSCSP_BRC_CrosswalkLoad_DBLoad_MF intServ="EEMSIIB_GPSCSP_XWALKLOAD" env="test2" override="EEMSIIB.GPSCSP_ERRORMESSAGE_DATA.queueName">EEMSIIB.GPSCSP_ERRORMESSAGE_DATA</com.gpscsp.brc.GPSCSP_BRC_CrosswalkLoad_DBLoad_MF>
<com.gpscsp.brc.GPSCSP_BRC_CrosswalkLoad_DBLoad_MF intServ="EEMSIIB_GPSCSP_XWALKLOAD" env="test2" override="EEMSIIB.GPSCSP_BRC_XWALK_TRANSFORM_IN.queueName">EEMSIIB.GPSCSP_BRC_XWALK_TRANSFORM_IN</com.gpscsp.brc.GPSCSP_BRC_CrosswalkLoad_DBLoad_MF>
<com.gpscsp.brc.GPSCSP_BRC_CrosswalkLoad_Debatcher_MF intServ="EEMSIIB_GPSCSP_XWALKLOAD" env="test2" override="additionalInstances">0</com.gpscsp.brc.GPSCSP_BRC_CrosswalkLoad_Debatcher_MF>
<com.gpscsp.brc.GPSCSP_BRC_CrosswalkLoad_Debatcher_MF intServ="EEMSIIB_GPSCSP_XWALKLOAD" env="test2" override="EEMSIIB.GPSCSP_BRC_XWALK_TRANSFORM_IN.queueName">EEMSIIB.GPSCSP_BRC_XWALK_TRANSFORM_IN</com.gpscsp.brc.GPSCSP_BRC_CrosswalkLoad_Debatcher_MF>
<com.gpscsp.brc.GPSCSP_BRC_CrosswalkLoad_Debatcher_MF intServ="EEMSIIB_GPSCSP_XWALKLOAD" env="test2" override="Timeout Notification.uniqueIdentifier">BRC</com.gpscsp.brc.GPSCSP_BRC_CrosswalkLoad_Debatcher_MF>
<com.gpscsp.brc.GPSCSP_BRC_CrosswalkLoad_Debatcher_MF intServ="EEMSIIB_GPSCSP_XWALKLOAD" env="test2" override="Timeout Notification.timeoutInterval">180</com.gpscsp.brc.GPSCSP_BRC_CrosswalkLoad_Debatcher_MF>
<com.gpscsp.brc.GPSCSP_BRC_CrosswalkLoad_Debatcher_MF intServ="EEMSIIB_GPSCSP_XWALKLOAD" env="test2" override="BrkConfigKey_1">BRK_CONFIG</com.gpscsp.brc.GPSCSP_BRC_CrosswalkLoad_Debatcher_MF>
<com.gpscsp.brc.GPSCSP_BRC_CrosswalkLoad_Debatcher_MF intServ="EEMSIIB_GPSCSP_XWALKLOAD" env="test2" override="varGCMapName_1">GPSCSP_Common_Map</com.gpscsp.brc.GPSCSP_BRC_CrosswalkLoad_Debatcher_MF>
<com.gpscsp.brc.GPSCSP_BRC_CrosswalkLoad_Debatcher_MF intServ="EEMSIIB_GPSCSP_XWALKLOAD" env="test2" override="ApplicationName">GPSCSP_BRC_CrosswalkLoad_APP</com.gpscsp.brc.GPSCSP_BRC_CrosswalkLoad_Debatcher_MF>
<com.gpscsp.brc.GPSCSP_BRC_CrosswalkLoad_Debatcher_MF intServ="EEMSIIB_GPSCSP_XWALKLOAD" env="test2" override="SchemaName_1">ELECELIG</com.gpscsp.brc.GPSCSP_BRC_CrosswalkLoad_Debatcher_MF>
<com.gpscsp.brc.GPSCSP_BRC_CrosswalkLoad_Debatcher_MF intServ="EEMSIIB_GPSCSP_XWALKLOAD" env="test2" override="DSN">E3CSP_DB</com.gpscsp.brc.GPSCSP_BRC_CrosswalkLoad_Debatcher_MF>



<!--SIT Charlie-->
<com.gpscsp.brc.GPSCSP_BRC_CrosswalkLoad_DBLoad_MF intServ="EEMSIIB_GPSCSP_XWALKLOAD" env="test-charlie" override="additionalInstances">0</com.gpscsp.brc.GPSCSP_BRC_CrosswalkLoad_DBLoad_MF>
<com.gpscsp.brc.GPSCSP_BRC_CrosswalkLoad_DBLoad_MF intServ="EEMSIIB_GPSCSP_XWALKLOAD" env="test-charlie" override="DSN">E3CSP_DB</com.gpscsp.brc.GPSCSP_BRC_CrosswalkLoad_DBLoad_MF>
<com.gpscsp.brc.GPSCSP_BRC_CrosswalkLoad_DBLoad_MF intServ="EEMSIIB_GPSCSP_XWALKLOAD" env="test-charlie" override="GlobalCacheMap">GPSCSP_Common_Map</com.gpscsp.brc.GPSCSP_BRC_CrosswalkLoad_DBLoad_MF>
<com.gpscsp.brc.GPSCSP_BRC_CrosswalkLoad_DBLoad_MF intServ="EEMSIIB_GPSCSP_XWALKLOAD" env="test-charlie" override="BrkConfigKey">BRK_CONFIG</com.gpscsp.brc.GPSCSP_BRC_CrosswalkLoad_DBLoad_MF>
<com.gpscsp.brc.GPSCSP_BRC_CrosswalkLoad_DBLoad_MF intServ="EEMSIIB_GPSCSP_XWALKLOAD" env="test-charlie" override="CH_brkrList">BKMBS11</com.gpscsp.brc.GPSCSP_BRC_CrosswalkLoad_DBLoad_MF>
<com.gpscsp.brc.GPSCSP_BRC_CrosswalkLoad_DBLoad_MF intServ="EEMSIIB_GPSCSP_XWALKLOAD" env="test-charlie" override="CH_brkrCount">1</com.gpscsp.brc.GPSCSP_BRC_CrosswalkLoad_DBLoad_MF>
<com.gpscsp.brc.GPSCSP_BRC_CrosswalkLoad_DBLoad_MF intServ="EEMSIIB_GPSCSP_XWALKLOAD" env="test-charlie" override="SchemaName">ELECELIG</com.gpscsp.brc.GPSCSP_BRC_CrosswalkLoad_DBLoad_MF>
<com.gpscsp.brc.GPSCSP_BRC_CrosswalkLoad_DBLoad_MF intServ="EEMSIIB_GPSCSP_XWALKLOAD" env="test-charlie" override="FilePath">/eems/iib/inbound/BRC</com.gpscsp.brc.GPSCSP_BRC_CrosswalkLoad_DBLoad_MF>
<com.gpscsp.brc.GPSCSP_BRC_CrosswalkLoad_DBLoad_MF intServ="EEMSIIB_GPSCSP_XWALKLOAD" env="test-charlie" override="EEMSIIB.GPSCSP_TBA_REQ_TRIGGER_IN.queueName">EEMSIIB.GPSCSP_TBA_REQ_TRIGGER_IN</com.gpscsp.brc.GPSCSP_BRC_CrosswalkLoad_DBLoad_MF>
<com.gpscsp.brc.GPSCSP_BRC_CrosswalkLoad_DBLoad_MF intServ="EEMSIIB_GPSCSP_XWALKLOAD" env="test-charlie" override="FileRead.inputDirectory">/eems/iib/properties/CSP</com.gpscsp.brc.GPSCSP_BRC_CrosswalkLoad_DBLoad_MF>
<com.gpscsp.brc.GPSCSP_BRC_CrosswalkLoad_DBLoad_MF intServ="EEMSIIB_GPSCSP_XWALKLOAD" env="test-charlie" override="FileRead.filenamePattern">*.xml</com.gpscsp.brc.GPSCSP_BRC_CrosswalkLoad_DBLoad_MF>
<com.gpscsp.brc.GPSCSP_BRC_CrosswalkLoad_DBLoad_MF intServ="EEMSIIB_GPSCSP_XWALKLOAD" env="test-charlie" override="Common_AuditInMessage_SF.queueName">EEMSIIB.COMMON_AUDITMESSAGE_DATA</com.gpscsp.brc.GPSCSP_BRC_CrosswalkLoad_DBLoad_MF>
<com.gpscsp.brc.GPSCSP_BRC_CrosswalkLoad_DBLoad_MF intServ="EEMSIIB_GPSCSP_XWALKLOAD" env="test-charlie" override="EEMSIIB.GPSCSP_ERRORMESSAGE_DATA.queueName">EEMSIIB.GPSCSP_ERRORMESSAGE_DATA</com.gpscsp.brc.GPSCSP_BRC_CrosswalkLoad_DBLoad_MF>
<com.gpscsp.brc.GPSCSP_BRC_CrosswalkLoad_DBLoad_MF intServ="EEMSIIB_GPSCSP_XWALKLOAD" env="test-charlie" override="EEMSIIB.GPSCSP_BRC_XWALK_TRANSFORM_IN.queueName">EEMSIIB.GPSCSP_BRC_XWALK_TRANSFORM_IN</com.gpscsp.brc.GPSCSP_BRC_CrosswalkLoad_DBLoad_MF>
<com.gpscsp.brc.GPSCSP_BRC_CrosswalkLoad_Debatcher_MF intServ="EEMSIIB_GPSCSP_XWALKLOAD" env="test-charlie" override="additionalInstances">0</com.gpscsp.brc.GPSCSP_BRC_CrosswalkLoad_Debatcher_MF>
<com.gpscsp.brc.GPSCSP_BRC_CrosswalkLoad_Debatcher_MF intServ="EEMSIIB_GPSCSP_XWALKLOAD" env="test-charlie" override="EEMSIIB.GPSCSP_BRC_XWALK_TRANSFORM_IN.queueName">EEMSIIB.GPSCSP_BRC_XWALK_TRANSFORM_IN</com.gpscsp.brc.GPSCSP_BRC_CrosswalkLoad_Debatcher_MF>
<com.gpscsp.brc.GPSCSP_BRC_CrosswalkLoad_Debatcher_MF intServ="EEMSIIB_GPSCSP_XWALKLOAD" env="test-charlie" override="Timeout Notification.uniqueIdentifier">BRC</com.gpscsp.brc.GPSCSP_BRC_CrosswalkLoad_Debatcher_MF>
<com.gpscsp.brc.GPSCSP_BRC_CrosswalkLoad_Debatcher_MF intServ="EEMSIIB_GPSCSP_XWALKLOAD" env="test-charlie" override="Timeout Notification.timeoutInterval">180</com.gpscsp.brc.GPSCSP_BRC_CrosswalkLoad_Debatcher_MF>
<com.gpscsp.brc.GPSCSP_BRC_CrosswalkLoad_Debatcher_MF intServ="EEMSIIB_GPSCSP_XWALKLOAD" env="test-charlie" override="BrkConfigKey_1">BRK_CONFIG</com.gpscsp.brc.GPSCSP_BRC_CrosswalkLoad_Debatcher_MF>
<com.gpscsp.brc.GPSCSP_BRC_CrosswalkLoad_Debatcher_MF intServ="EEMSIIB_GPSCSP_XWALKLOAD" env="test-charlie" override="varGCMapName_1">GPSCSP_Common_Map</com.gpscsp.brc.GPSCSP_BRC_CrosswalkLoad_Debatcher_MF>
<com.gpscsp.brc.GPSCSP_BRC_CrosswalkLoad_Debatcher_MF intServ="EEMSIIB_GPSCSP_XWALKLOAD" env="test-charlie" override="ApplicationName">GPSCSP_BRC_CrosswalkLoad_APP</com.gpscsp.brc.GPSCSP_BRC_CrosswalkLoad_Debatcher_MF>
<com.gpscsp.brc.GPSCSP_BRC_CrosswalkLoad_Debatcher_MF intServ="EEMSIIB_GPSCSP_XWALKLOAD" env="test-charlie" override="SchemaName_1">ELECELIG</com.gpscsp.brc.GPSCSP_BRC_CrosswalkLoad_Debatcher_MF>
<com.gpscsp.brc.GPSCSP_BRC_CrosswalkLoad_Debatcher_MF intServ="EEMSIIB_GPSCSP_XWALKLOAD" env="test-charlie" override="DSN">E3CSP_DB</com.gpscsp.brc.GPSCSP_BRC_CrosswalkLoad_Debatcher_MF>

<!--UAT-->

<com.gpscsp.brc.GPSCSP_BRC_CrosswalkLoad_DBLoad_MF intServ="EEMSIIB_GPSCSP_XWALKLOAD" env="uat" override="additionalInstances">0</com.gpscsp.brc.GPSCSP_BRC_CrosswalkLoad_DBLoad_MF>
<com.gpscsp.brc.GPSCSP_BRC_CrosswalkLoad_DBLoad_MF intServ="EEMSIIB_GPSCSP_XWALKLOAD" env="uat" override="DSN">E3CSP_DB</com.gpscsp.brc.GPSCSP_BRC_CrosswalkLoad_DBLoad_MF>
<com.gpscsp.brc.GPSCSP_BRC_CrosswalkLoad_DBLoad_MF intServ="EEMSIIB_GPSCSP_XWALKLOAD" env="uat" override="GlobalCacheMap">GPSCSP_Common_Map</com.gpscsp.brc.GPSCSP_BRC_CrosswalkLoad_DBLoad_MF>
<com.gpscsp.brc.GPSCSP_BRC_CrosswalkLoad_DBLoad_MF intServ="EEMSIIB_GPSCSP_XWALKLOAD" env="uat" override="BrkConfigKey">BRK_CONFIG</com.gpscsp.brc.GPSCSP_BRC_CrosswalkLoad_DBLoad_MF>
<com.gpscsp.brc.GPSCSP_BRC_CrosswalkLoad_DBLoad_MF intServ="EEMSIIB_GPSCSP_XWALKLOAD" env="uat" override="CH_brkrList">BKMBRA11</com.gpscsp.brc.GPSCSP_BRC_CrosswalkLoad_DBLoad_MF>
<com.gpscsp.brc.GPSCSP_BRC_CrosswalkLoad_DBLoad_MF intServ="EEMSIIB_GPSCSP_XWALKLOAD" env="uat" override="CH_brkrCount">1</com.gpscsp.brc.GPSCSP_BRC_CrosswalkLoad_DBLoad_MF>
<com.gpscsp.brc.GPSCSP_BRC_CrosswalkLoad_DBLoad_MF intServ="EEMSIIB_GPSCSP_XWALKLOAD" env="uat" override="SchemaName">ELECELIG</com.gpscsp.brc.GPSCSP_BRC_CrosswalkLoad_DBLoad_MF>
<com.gpscsp.brc.GPSCSP_BRC_CrosswalkLoad_DBLoad_MF intServ="EEMSIIB_GPSCSP_XWALKLOAD" env="uat" override="FilePath">/eems/iib/inbound/BRC</com.gpscsp.brc.GPSCSP_BRC_CrosswalkLoad_DBLoad_MF>
<com.gpscsp.brc.GPSCSP_BRC_CrosswalkLoad_DBLoad_MF intServ="EEMSIIB_GPSCSP_XWALKLOAD" env="uat" override="EEMSIIB.GPSCSP_TBA_REQ_TRIGGER_IN.queueName">EEMSIIB.GPSCSP_TBA_REQ_TRIGGER_IN</com.gpscsp.brc.GPSCSP_BRC_CrosswalkLoad_DBLoad_MF>
<com.gpscsp.brc.GPSCSP_BRC_CrosswalkLoad_DBLoad_MF intServ="EEMSIIB_GPSCSP_XWALKLOAD" env="uat" override="FileRead.inputDirectory">/eems/iib/properties/CSP</com.gpscsp.brc.GPSCSP_BRC_CrosswalkLoad_DBLoad_MF>
<com.gpscsp.brc.GPSCSP_BRC_CrosswalkLoad_DBLoad_MF intServ="EEMSIIB_GPSCSP_XWALKLOAD" env="uat" override="FileRead.filenamePattern">*.xml</com.gpscsp.brc.GPSCSP_BRC_CrosswalkLoad_DBLoad_MF>
<com.gpscsp.brc.GPSCSP_BRC_CrosswalkLoad_DBLoad_MF intServ="EEMSIIB_GPSCSP_XWALKLOAD" env="uat" override="Common_AuditInMessage_SF.queueName">EEMSIIB.GPSCSP_COMMON_AUDITMESSAGE_DATA</com.gpscsp.brc.GPSCSP_BRC_CrosswalkLoad_DBLoad_MF>
<com.gpscsp.brc.GPSCSP_BRC_CrosswalkLoad_DBLoad_MF intServ="EEMSIIB_GPSCSP_XWALKLOAD" env="uat" override="EEMSIIB.GPSCSP_ERRORMESSAGE_DATA.queueName">EEMSIIB.GPSCSP_ERRORMESSAGE_DATA</com.gpscsp.brc.GPSCSP_BRC_CrosswalkLoad_DBLoad_MF>
<com.gpscsp.brc.GPSCSP_BRC_CrosswalkLoad_DBLoad_MF intServ="EEMSIIB_GPSCSP_XWALKLOAD" env="uat" override="EEMSIIB.GPSCSP_BRC_XWALK_TRANSFORM_IN.queueName">EEMSIIB.GPSCSP_BRC_XWALK_TRANSFORM_IN</com.gpscsp.brc.GPSCSP_BRC_CrosswalkLoad_DBLoad_MF>
<com.gpscsp.brc.GPSCSP_BRC_CrosswalkLoad_Debatcher_MF intServ="EEMSIIB_GPSCSP_XWALKLOAD" env="uat" override="additionalInstances">0</com.gpscsp.brc.GPSCSP_BRC_CrosswalkLoad_Debatcher_MF>
<com.gpscsp.brc.GPSCSP_BRC_CrosswalkLoad_Debatcher_MF intServ="EEMSIIB_GPSCSP_XWALKLOAD" env="uat" override="EEMSIIB.GPSCSP_BRC_XWALK_TRANSFORM_IN.queueName">EEMSIIB.GPSCSP_BRC_XWALK_TRANSFORM_IN</com.gpscsp.brc.GPSCSP_BRC_CrosswalkLoad_Debatcher_MF>
<com.gpscsp.brc.GPSCSP_BRC_CrosswalkLoad_Debatcher_MF intServ="EEMSIIB_GPSCSP_XWALKLOAD" env="uat" override="Timeout Notification.uniqueIdentifier">BRC</com.gpscsp.brc.GPSCSP_BRC_CrosswalkLoad_Debatcher_MF>
<com.gpscsp.brc.GPSCSP_BRC_CrosswalkLoad_Debatcher_MF intServ="EEMSIIB_GPSCSP_XWALKLOAD" env="uat" override="Timeout Notification.timeoutInterval">180</com.gpscsp.brc.GPSCSP_BRC_CrosswalkLoad_Debatcher_MF>
<com.gpscsp.brc.GPSCSP_BRC_CrosswalkLoad_Debatcher_MF intServ="EEMSIIB_GPSCSP_XWALKLOAD" env="uat" override="BrkConfigKey_1">BRK_CONFIG</com.gpscsp.brc.GPSCSP_BRC_CrosswalkLoad_Debatcher_MF>
<com.gpscsp.brc.GPSCSP_BRC_CrosswalkLoad_Debatcher_MF intServ="EEMSIIB_GPSCSP_XWALKLOAD" env="uat" override="varGCMapName_1">GPSCSP_Common_Map</com.gpscsp.brc.GPSCSP_BRC_CrosswalkLoad_Debatcher_MF>
<com.gpscsp.brc.GPSCSP_BRC_CrosswalkLoad_Debatcher_MF intServ="EEMSIIB_GPSCSP_XWALKLOAD" env="uat" override="ApplicationName">GPSCSP_BRC_CrosswalkLoad_APP</com.gpscsp.brc.GPSCSP_BRC_CrosswalkLoad_Debatcher_MF>
<com.gpscsp.brc.GPSCSP_BRC_CrosswalkLoad_Debatcher_MF intServ="EEMSIIB_GPSCSP_XWALKLOAD" env="uat" override="SchemaName_1">ELECELIG</com.gpscsp.brc.GPSCSP_BRC_CrosswalkLoad_Debatcher_MF>
<com.gpscsp.brc.GPSCSP_BRC_CrosswalkLoad_Debatcher_MF intServ="EEMSIIB_GPSCSP_XWALKLOAD" env="uat" override="DSN">E3CSP_DB</com.gpscsp.brc.GPSCSP_BRC_CrosswalkLoad_Debatcher_MF>

<!--UAT Bravo-->

<com.gpscsp.brc.GPSCSP_BRC_CrosswalkLoad_DBLoad_MF intServ="EEMSIIB_GPSCSP_XWALKLOAD" env="uat-bravo" override="additionalInstances">0</com.gpscsp.brc.GPSCSP_BRC_CrosswalkLoad_DBLoad_MF>
<com.gpscsp.brc.GPSCSP_BRC_CrosswalkLoad_DBLoad_MF intServ="EEMSIIB_GPSCSP_XWALKLOAD" env="uat-bravo" override="DSN">E3CSP_DB</com.gpscsp.brc.GPSCSP_BRC_CrosswalkLoad_DBLoad_MF>
<com.gpscsp.brc.GPSCSP_BRC_CrosswalkLoad_DBLoad_MF intServ="EEMSIIB_GPSCSP_XWALKLOAD" env="uat-bravo" override="GlobalCacheMap">GPSCSP_Common_Map</com.gpscsp.brc.GPSCSP_BRC_CrosswalkLoad_DBLoad_MF>
<com.gpscsp.brc.GPSCSP_BRC_CrosswalkLoad_DBLoad_MF intServ="EEMSIIB_GPSCSP_XWALKLOAD" env="uat-bravo" override="BrkConfigKey">BRK_CONFIG</com.gpscsp.brc.GPSCSP_BRC_CrosswalkLoad_DBLoad_MF>
<com.gpscsp.brc.GPSCSP_BRC_CrosswalkLoad_DBLoad_MF intServ="EEMSIIB_GPSCSP_XWALKLOAD" env="uat-bravo" override="CH_brkrList">BKMBRB11</com.gpscsp.brc.GPSCSP_BRC_CrosswalkLoad_DBLoad_MF>
<com.gpscsp.brc.GPSCSP_BRC_CrosswalkLoad_DBLoad_MF intServ="EEMSIIB_GPSCSP_XWALKLOAD" env="uat-bravo" override="CH_brkrCount">1</com.gpscsp.brc.GPSCSP_BRC_CrosswalkLoad_DBLoad_MF>
<com.gpscsp.brc.GPSCSP_BRC_CrosswalkLoad_DBLoad_MF intServ="EEMSIIB_GPSCSP_XWALKLOAD" env="uat-bravo" override="SchemaName">ELECELIG</com.gpscsp.brc.GPSCSP_BRC_CrosswalkLoad_DBLoad_MF>
<com.gpscsp.brc.GPSCSP_BRC_CrosswalkLoad_DBLoad_MF intServ="EEMSIIB_GPSCSP_XWALKLOAD" env="uat-bravo" override="FilePath">/eems/iib/inbound/BRC</com.gpscsp.brc.GPSCSP_BRC_CrosswalkLoad_DBLoad_MF>
<com.gpscsp.brc.GPSCSP_BRC_CrosswalkLoad_DBLoad_MF intServ="EEMSIIB_GPSCSP_XWALKLOAD" env="uat-bravo" override="EEMSIIB.GPSCSP_TBA_REQ_TRIGGER_IN.queueName">EEMSIIB.GPSCSP_TBA_REQ_TRIGGER_IN</com.gpscsp.brc.GPSCSP_BRC_CrosswalkLoad_DBLoad_MF>
<com.gpscsp.brc.GPSCSP_BRC_CrosswalkLoad_DBLoad_MF intServ="EEMSIIB_GPSCSP_XWALKLOAD" env="uat-bravo" override="FileRead.inputDirectory">/eems/iib/properties/CSP</com.gpscsp.brc.GPSCSP_BRC_CrosswalkLoad_DBLoad_MF>
<com.gpscsp.brc.GPSCSP_BRC_CrosswalkLoad_DBLoad_MF intServ="EEMSIIB_GPSCSP_XWALKLOAD" env="uat-bravo" override="FileRead.filenamePattern">*.xml</com.gpscsp.brc.GPSCSP_BRC_CrosswalkLoad_DBLoad_MF>
<com.gpscsp.brc.GPSCSP_BRC_CrosswalkLoad_DBLoad_MF intServ="EEMSIIB_GPSCSP_XWALKLOAD" env="uat-bravo" override="Common_AuditInMessage_SF.queueName">EEMSIIB.GPSCSP_COMMON_AUDITMESSAGE_DATA</com.gpscsp.brc.GPSCSP_BRC_CrosswalkLoad_DBLoad_MF>
<com.gpscsp.brc.GPSCSP_BRC_CrosswalkLoad_DBLoad_MF intServ="EEMSIIB_GPSCSP_XWALKLOAD" env="uat-bravo" override="EEMSIIB.GPSCSP_ERRORMESSAGE_DATA.queueName">EEMSIIB.GPSCSP_ERRORMESSAGE_DATA</com.gpscsp.brc.GPSCSP_BRC_CrosswalkLoad_DBLoad_MF>
<com.gpscsp.brc.GPSCSP_BRC_CrosswalkLoad_DBLoad_MF intServ="EEMSIIB_GPSCSP_XWALKLOAD" env="uat-bravo" override="EEMSIIB.GPSCSP_BRC_XWALK_TRANSFORM_IN.queueName">EEMSIIB.GPSCSP_BRC_XWALK_TRANSFORM_IN</com.gpscsp.brc.GPSCSP_BRC_CrosswalkLoad_DBLoad_MF>
<com.gpscsp.brc.GPSCSP_BRC_CrosswalkLoad_Debatcher_MF intServ="EEMSIIB_GPSCSP_XWALKLOAD" env="uat-bravo" override="additionalInstances">0</com.gpscsp.brc.GPSCSP_BRC_CrosswalkLoad_Debatcher_MF>
<com.gpscsp.brc.GPSCSP_BRC_CrosswalkLoad_Debatcher_MF intServ="EEMSIIB_GPSCSP_XWALKLOAD" env="uat-bravo" override="EEMSIIB.GPSCSP_BRC_XWALK_TRANSFORM_IN.queueName">EEMSIIB.GPSCSP_BRC_XWALK_TRANSFORM_IN</com.gpscsp.brc.GPSCSP_BRC_CrosswalkLoad_Debatcher_MF>
<com.gpscsp.brc.GPSCSP_BRC_CrosswalkLoad_Debatcher_MF intServ="EEMSIIB_GPSCSP_XWALKLOAD" env="uat-bravo" override="Timeout Notification.uniqueIdentifier">BRC</com.gpscsp.brc.GPSCSP_BRC_CrosswalkLoad_Debatcher_MF>
<com.gpscsp.brc.GPSCSP_BRC_CrosswalkLoad_Debatcher_MF intServ="EEMSIIB_GPSCSP_XWALKLOAD" env="uat-bravo" override="Timeout Notification.timeoutInterval">180</com.gpscsp.brc.GPSCSP_BRC_CrosswalkLoad_Debatcher_MF>
<com.gpscsp.brc.GPSCSP_BRC_CrosswalkLoad_Debatcher_MF intServ="EEMSIIB_GPSCSP_XWALKLOAD" env="uat-bravo" override="BrkConfigKey_1">BRK_CONFIG</com.gpscsp.brc.GPSCSP_BRC_CrosswalkLoad_Debatcher_MF>
<com.gpscsp.brc.GPSCSP_BRC_CrosswalkLoad_Debatcher_MF intServ="EEMSIIB_GPSCSP_XWALKLOAD" env="uat-bravo" override="varGCMapName_1">GPSCSP_Common_Map</com.gpscsp.brc.GPSCSP_BRC_CrosswalkLoad_Debatcher_MF>
<com.gpscsp.brc.GPSCSP_BRC_CrosswalkLoad_Debatcher_MF intServ="EEMSIIB_GPSCSP_XWALKLOAD" env="uat-bravo" override="ApplicationName">GPSCSP_BRC_CrosswalkLoad_APP</com.gpscsp.brc.GPSCSP_BRC_CrosswalkLoad_Debatcher_MF>
<com.gpscsp.brc.GPSCSP_BRC_CrosswalkLoad_Debatcher_MF intServ="EEMSIIB_GPSCSP_XWALKLOAD" env="uat-bravo" override="SchemaName_1">ELECELIG</com.gpscsp.brc.GPSCSP_BRC_CrosswalkLoad_Debatcher_MF>
<com.gpscsp.brc.GPSCSP_BRC_CrosswalkLoad_Debatcher_MF intServ="EEMSIIB_GPSCSP_XWALKLOAD" env="uat-bravo" override="DSN">E3CSP_DB</com.gpscsp.brc.GPSCSP_BRC_CrosswalkLoad_Debatcher_MF>


<!--UAT Charlie-->

<com.gpscsp.brc.GPSCSP_BRC_CrosswalkLoad_DBLoad_MF intServ="EEMSIIB_GPSCSP_XWALKLOAD" env="uat-charlie" override="additionalInstances">0</com.gpscsp.brc.GPSCSP_BRC_CrosswalkLoad_DBLoad_MF>
<com.gpscsp.brc.GPSCSP_BRC_CrosswalkLoad_DBLoad_MF intServ="EEMSIIB_GPSCSP_XWALKLOAD" env="uat-charlie" override="DSN">E3CSP_DB</com.gpscsp.brc.GPSCSP_BRC_CrosswalkLoad_DBLoad_MF>
<com.gpscsp.brc.GPSCSP_BRC_CrosswalkLoad_DBLoad_MF intServ="EEMSIIB_GPSCSP_XWALKLOAD" env="uat-charlie" override="GlobalCacheMap">GPSCSP_Common_Map</com.gpscsp.brc.GPSCSP_BRC_CrosswalkLoad_DBLoad_MF>
<com.gpscsp.brc.GPSCSP_BRC_CrosswalkLoad_DBLoad_MF intServ="EEMSIIB_GPSCSP_XWALKLOAD" env="uat-charlie" override="BrkConfigKey">BRK_CONFIG</com.gpscsp.brc.GPSCSP_BRC_CrosswalkLoad_DBLoad_MF>
<com.gpscsp.brc.GPSCSP_BRC_CrosswalkLoad_DBLoad_MF intServ="EEMSIIB_GPSCSP_XWALKLOAD" env="uat-charlie" override="CH_brkrList">BKMBRC12</com.gpscsp.brc.GPSCSP_BRC_CrosswalkLoad_DBLoad_MF>
<com.gpscsp.brc.GPSCSP_BRC_CrosswalkLoad_DBLoad_MF intServ="EEMSIIB_GPSCSP_XWALKLOAD" env="uat-charlie" override="CH_brkrCount">1</com.gpscsp.brc.GPSCSP_BRC_CrosswalkLoad_DBLoad_MF>
<com.gpscsp.brc.GPSCSP_BRC_CrosswalkLoad_DBLoad_MF intServ="EEMSIIB_GPSCSP_XWALKLOAD" env="uat-charlie" override="SchemaName">ELECELIG</com.gpscsp.brc.GPSCSP_BRC_CrosswalkLoad_DBLoad_MF>
<com.gpscsp.brc.GPSCSP_BRC_CrosswalkLoad_DBLoad_MF intServ="EEMSIIB_GPSCSP_XWALKLOAD" env="uat-charlie" override="FilePath">/eems/iib/inbound/BRC</com.gpscsp.brc.GPSCSP_BRC_CrosswalkLoad_DBLoad_MF>
<com.gpscsp.brc.GPSCSP_BRC_CrosswalkLoad_DBLoad_MF intServ="EEMSIIB_GPSCSP_XWALKLOAD" env="uat-charlie" override="EEMSIIB.GPSCSP_TBA_REQ_TRIGGER_IN.queueName">EEMSIIB.GPSCSP_TBA_REQ_TRIGGER_IN</com.gpscsp.brc.GPSCSP_BRC_CrosswalkLoad_DBLoad_MF>
<com.gpscsp.brc.GPSCSP_BRC_CrosswalkLoad_DBLoad_MF intServ="EEMSIIB_GPSCSP_XWALKLOAD" env="uat-charlie" override="FileRead.inputDirectory">/eems/iib/properties/CSP</com.gpscsp.brc.GPSCSP_BRC_CrosswalkLoad_DBLoad_MF>
<com.gpscsp.brc.GPSCSP_BRC_CrosswalkLoad_DBLoad_MF intServ="EEMSIIB_GPSCSP_XWALKLOAD" env="uat-charlie" override="FileRead.filenamePattern">*.xml</com.gpscsp.brc.GPSCSP_BRC_CrosswalkLoad_DBLoad_MF>
<com.gpscsp.brc.GPSCSP_BRC_CrosswalkLoad_DBLoad_MF intServ="EEMSIIB_GPSCSP_XWALKLOAD" env="uat-charlie" override="Common_AuditInMessage_SF.queueName">EEMSIIB.GPSCSP_COMMON_AUDITMESSAGE_DATA</com.gpscsp.brc.GPSCSP_BRC_CrosswalkLoad_DBLoad_MF>
<com.gpscsp.brc.GPSCSP_BRC_CrosswalkLoad_DBLoad_MF intServ="EEMSIIB_GPSCSP_XWALKLOAD" env="uat-charlie" override="EEMSIIB.GPSCSP_ERRORMESSAGE_DATA.queueName">EEMSIIB.GPSCSP_ERRORMESSAGE_DATA</com.gpscsp.brc.GPSCSP_BRC_CrosswalkLoad_DBLoad_MF>
<com.gpscsp.brc.GPSCSP_BRC_CrosswalkLoad_DBLoad_MF intServ="EEMSIIB_GPSCSP_XWALKLOAD" env="uat-charlie" override="EEMSIIB.GPSCSP_BRC_XWALK_TRANSFORM_IN.queueName">EEMSIIB.GPSCSP_BRC_XWALK_TRANSFORM_IN</com.gpscsp.brc.GPSCSP_BRC_CrosswalkLoad_DBLoad_MF>
<com.gpscsp.brc.GPSCSP_BRC_CrosswalkLoad_Debatcher_MF intServ="EEMSIIB_GPSCSP_XWALKLOAD" env="uat-charlie" override="additionalInstances">0</com.gpscsp.brc.GPSCSP_BRC_CrosswalkLoad_Debatcher_MF>
<com.gpscsp.brc.GPSCSP_BRC_CrosswalkLoad_Debatcher_MF intServ="EEMSIIB_GPSCSP_XWALKLOAD" env="uat-charlie" override="EEMSIIB.GPSCSP_BRC_XWALK_TRANSFORM_IN.queueName">EEMSIIB.GPSCSP_BRC_XWALK_TRANSFORM_IN</com.gpscsp.brc.GPSCSP_BRC_CrosswalkLoad_Debatcher_MF>
<com.gpscsp.brc.GPSCSP_BRC_CrosswalkLoad_Debatcher_MF intServ="EEMSIIB_GPSCSP_XWALKLOAD" env="uat-charlie" override="Timeout Notification.uniqueIdentifier">BRC</com.gpscsp.brc.GPSCSP_BRC_CrosswalkLoad_Debatcher_MF>
<com.gpscsp.brc.GPSCSP_BRC_CrosswalkLoad_Debatcher_MF intServ="EEMSIIB_GPSCSP_XWALKLOAD" env="uat-charlie" override="Timeout Notification.timeoutInterval">180</com.gpscsp.brc.GPSCSP_BRC_CrosswalkLoad_Debatcher_MF>
<com.gpscsp.brc.GPSCSP_BRC_CrosswalkLoad_Debatcher_MF intServ="EEMSIIB_GPSCSP_XWALKLOAD" env="uat-charlie" override="BrkConfigKey_1">BRK_CONFIG</com.gpscsp.brc.GPSCSP_BRC_CrosswalkLoad_Debatcher_MF>
<com.gpscsp.brc.GPSCSP_BRC_CrosswalkLoad_Debatcher_MF intServ="EEMSIIB_GPSCSP_XWALKLOAD" env="uat-charlie" override="varGCMapName_1">GPSCSP_Common_Map</com.gpscsp.brc.GPSCSP_BRC_CrosswalkLoad_Debatcher_MF>
<com.gpscsp.brc.GPSCSP_BRC_CrosswalkLoad_Debatcher_MF intServ="EEMSIIB_GPSCSP_XWALKLOAD" env="uat-charlie" override="ApplicationName">GPSCSP_BRC_CrosswalkLoad_APP</com.gpscsp.brc.GPSCSP_BRC_CrosswalkLoad_Debatcher_MF>
<com.gpscsp.brc.GPSCSP_BRC_CrosswalkLoad_Debatcher_MF intServ="EEMSIIB_GPSCSP_XWALKLOAD" env="uat-charlie" override="SchemaName_1">ELECELIG</com.gpscsp.brc.GPSCSP_BRC_CrosswalkLoad_Debatcher_MF>
<com.gpscsp.brc.GPSCSP_BRC_CrosswalkLoad_Debatcher_MF intServ="EEMSIIB_GPSCSP_XWALKLOAD" env="uat-charlie" override="DSN">E3CSP_DB</com.gpscsp.brc.GPSCSP_BRC_CrosswalkLoad_Debatcher_MF>


<!--STAGE-->

<com.gpscsp.brc.GPSCSP_BRC_CrosswalkLoad_DBLoad_MF intServ="EEMSIIB_GPSCSP_XWALKLOAD" env="stage" override="additionalInstances">0</com.gpscsp.brc.GPSCSP_BRC_CrosswalkLoad_DBLoad_MF>
<com.gpscsp.brc.GPSCSP_BRC_CrosswalkLoad_DBLoad_MF intServ="EEMSIIB_GPSCSP_XWALKLOAD" env="stage" override="DSN">E3CSP_DB</com.gpscsp.brc.GPSCSP_BRC_CrosswalkLoad_DBLoad_MF>
<com.gpscsp.brc.GPSCSP_BRC_CrosswalkLoad_DBLoad_MF intServ="EEMSIIB_GPSCSP_XWALKLOAD" env="stage" override="GlobalCacheMap">GPSCSP_Common_Map</com.gpscsp.brc.GPSCSP_BRC_CrosswalkLoad_DBLoad_MF>
<com.gpscsp.brc.GPSCSP_BRC_CrosswalkLoad_DBLoad_MF intServ="EEMSIIB_GPSCSP_XWALKLOAD" env="stage" override="BrkConfigKey">BRK_CONFIG</com.gpscsp.brc.GPSCSP_BRC_CrosswalkLoad_DBLoad_MF>
<com.gpscsp.brc.GPSCSP_BRC_CrosswalkLoad_DBLoad_MF intServ="EEMSIIB_GPSCSP_XWALKLOAD" env="stage" override="CH_brkrList">BKMBC13_BKMBC14</com.gpscsp.brc.GPSCSP_BRC_CrosswalkLoad_DBLoad_MF>
<com.gpscsp.brc.GPSCSP_BRC_CrosswalkLoad_DBLoad_MF intServ="EEMSIIB_GPSCSP_XWALKLOAD" env="stage" override="CH_brkrCount">2</com.gpscsp.brc.GPSCSP_BRC_CrosswalkLoad_DBLoad_MF>
<com.gpscsp.brc.GPSCSP_BRC_CrosswalkLoad_DBLoad_MF intServ="EEMSIIB_GPSCSP_XWALKLOAD" env="stage" override="SchemaName">ELECELIG</com.gpscsp.brc.GPSCSP_BRC_CrosswalkLoad_DBLoad_MF>
<com.gpscsp.brc.GPSCSP_BRC_CrosswalkLoad_DBLoad_MF intServ="EEMSIIB_GPSCSP_XWALKLOAD" env="stage" override="FilePath">/eems/iib/inbound/BRC</com.gpscsp.brc.GPSCSP_BRC_CrosswalkLoad_DBLoad_MF>
<com.gpscsp.brc.GPSCSP_BRC_CrosswalkLoad_DBLoad_MF intServ="EEMSIIB_GPSCSP_XWALKLOAD" env="stage" override="EEMSIIB.GPSCSP_TBA_REQ_TRIGGER_IN.queueName">EEMSIIB.GPSCSP_TBA_REQ_TRIGGER_IN</com.gpscsp.brc.GPSCSP_BRC_CrosswalkLoad_DBLoad_MF>
<com.gpscsp.brc.GPSCSP_BRC_CrosswalkLoad_DBLoad_MF intServ="EEMSIIB_GPSCSP_XWALKLOAD" env="stage" override="FileRead.inputDirectory">/eems/iib/properties/CSP</com.gpscsp.brc.GPSCSP_BRC_CrosswalkLoad_DBLoad_MF>
<com.gpscsp.brc.GPSCSP_BRC_CrosswalkLoad_DBLoad_MF intServ="EEMSIIB_GPSCSP_XWALKLOAD" env="stage" override="FileRead.filenamePattern">*.xml</com.gpscsp.brc.GPSCSP_BRC_CrosswalkLoad_DBLoad_MF>
<com.gpscsp.brc.GPSCSP_BRC_CrosswalkLoad_DBLoad_MF intServ="EEMSIIB_GPSCSP_XWALKLOAD" env="stage" override="Common_AuditInMessage_SF.queueName">EEMSIIB.GPSCSP_COMMON_AUDITMESSAGE_DATA</com.gpscsp.brc.GPSCSP_BRC_CrosswalkLoad_DBLoad_MF>
<com.gpscsp.brc.GPSCSP_BRC_CrosswalkLoad_DBLoad_MF intServ="EEMSIIB_GPSCSP_XWALKLOAD" env="stage" override="EEMSIIB.GPSCSP_ERRORMESSAGE_DATA.queueName">EEMSIIB.GPSCSP_ERRORMESSAGE_DATA</com.gpscsp.brc.GPSCSP_BRC_CrosswalkLoad_DBLoad_MF>
<com.gpscsp.brc.GPSCSP_BRC_CrosswalkLoad_DBLoad_MF intServ="EEMSIIB_GPSCSP_XWALKLOAD" env="stage" override="EEMSIIB.GPSCSP_BRC_XWALK_TRANSFORM_IN.queueName">EEMSIIB.GPSCSP_BRC_XWALK_TRANSFORM_IN</com.gpscsp.brc.GPSCSP_BRC_CrosswalkLoad_DBLoad_MF>
<com.gpscsp.brc.GPSCSP_BRC_CrosswalkLoad_Debatcher_MF intServ="EEMSIIB_GPSCSP_XWALKLOAD" env="stage" override="additionalInstances">0</com.gpscsp.brc.GPSCSP_BRC_CrosswalkLoad_Debatcher_MF>
<com.gpscsp.brc.GPSCSP_BRC_CrosswalkLoad_Debatcher_MF intServ="EEMSIIB_GPSCSP_XWALKLOAD" env="stage" override="EEMSIIB.GPSCSP_BRC_XWALK_TRANSFORM_IN.queueName">EEMSIIB.GPSCSP_BRC_XWALK_TRANSFORM_IN</com.gpscsp.brc.GPSCSP_BRC_CrosswalkLoad_Debatcher_MF>
<com.gpscsp.brc.GPSCSP_BRC_CrosswalkLoad_Debatcher_MF intServ="EEMSIIB_GPSCSP_XWALKLOAD" env="stage" override="Timeout Notification.uniqueIdentifier">BRC</com.gpscsp.brc.GPSCSP_BRC_CrosswalkLoad_Debatcher_MF>
<com.gpscsp.brc.GPSCSP_BRC_CrosswalkLoad_Debatcher_MF intServ="EEMSIIB_GPSCSP_XWALKLOAD" env="stage" override="Timeout Notification.timeoutInterval">900</com.gpscsp.brc.GPSCSP_BRC_CrosswalkLoad_Debatcher_MF>
<com.gpscsp.brc.GPSCSP_BRC_CrosswalkLoad_Debatcher_MF intServ="EEMSIIB_GPSCSP_XWALKLOAD" env="stage" override="BrkConfigKey_1">BRK_CONFIG</com.gpscsp.brc.GPSCSP_BRC_CrosswalkLoad_Debatcher_MF>
<com.gpscsp.brc.GPSCSP_BRC_CrosswalkLoad_Debatcher_MF intServ="EEMSIIB_GPSCSP_XWALKLOAD" env="stage" override="varGCMapName_1">GPSCSP_Common_Map</com.gpscsp.brc.GPSCSP_BRC_CrosswalkLoad_Debatcher_MF>
<com.gpscsp.brc.GPSCSP_BRC_CrosswalkLoad_Debatcher_MF intServ="EEMSIIB_GPSCSP_XWALKLOAD" env="stage" override="ApplicationName">GPSCSP_BRC_CrosswalkLoad_APP</com.gpscsp.brc.GPSCSP_BRC_CrosswalkLoad_Debatcher_MF>
<com.gpscsp.brc.GPSCSP_BRC_CrosswalkLoad_Debatcher_MF intServ="EEMSIIB_GPSCSP_XWALKLOAD" env="stage" override="SchemaName_1">ELECELIG</com.gpscsp.brc.GPSCSP_BRC_CrosswalkLoad_Debatcher_MF>
<com.gpscsp.brc.GPSCSP_BRC_CrosswalkLoad_Debatcher_MF intServ="EEMSIIB_GPSCSP_XWALKLOAD" env="stage" override="DSN">E3CSP_DB</com.gpscsp.brc.GPSCSP_BRC_CrosswalkLoad_Debatcher_MF>

<!--ADOPT-->

<com.gpscsp.brc.GPSCSP_BRC_CrosswalkLoad_DBLoad_MF intServ="EEMSIIB_GPSCSP_XWALKLOAD" env="adopt" override="additionalInstances">0</com.gpscsp.brc.GPSCSP_BRC_CrosswalkLoad_DBLoad_MF>
<com.gpscsp.brc.GPSCSP_BRC_CrosswalkLoad_DBLoad_MF intServ="EEMSIIB_GPSCSP_XWALKLOAD" env="adopt" override="DSN">E3CSP_DB</com.gpscsp.brc.GPSCSP_BRC_CrosswalkLoad_DBLoad_MF>
<com.gpscsp.brc.GPSCSP_BRC_CrosswalkLoad_DBLoad_MF intServ="EEMSIIB_GPSCSP_XWALKLOAD" env="adopt" override="GlobalCacheMap">GPSCSP_Common_Map</com.gpscsp.brc.GPSCSP_BRC_CrosswalkLoad_DBLoad_MF>
<com.gpscsp.brc.GPSCSP_BRC_CrosswalkLoad_DBLoad_MF intServ="EEMSIIB_GPSCSP_XWALKLOAD" env="adopt" override="BrkConfigKey">BRK_CONFIG</com.gpscsp.brc.GPSCSP_BRC_CrosswalkLoad_DBLoad_MF>
<com.gpscsp.brc.GPSCSP_BRC_CrosswalkLoad_DBLoad_MF intServ="EEMSIIB_GPSCSP_XWALKLOAD" env="adopt" override="CH_brkrList">BKMBPD07_BKMBPD08</com.gpscsp.brc.GPSCSP_BRC_CrosswalkLoad_DBLoad_MF>
<com.gpscsp.brc.GPSCSP_BRC_CrosswalkLoad_DBLoad_MF intServ="EEMSIIB_GPSCSP_XWALKLOAD" env="adopt" override="CH_brkrCount">2</com.gpscsp.brc.GPSCSP_BRC_CrosswalkLoad_DBLoad_MF>
<com.gpscsp.brc.GPSCSP_BRC_CrosswalkLoad_DBLoad_MF intServ="EEMSIIB_GPSCSP_XWALKLOAD" env="adopt" override="SchemaName">ELECELIG</com.gpscsp.brc.GPSCSP_BRC_CrosswalkLoad_DBLoad_MF>
<com.gpscsp.brc.GPSCSP_BRC_CrosswalkLoad_DBLoad_MF intServ="EEMSIIB_GPSCSP_XWALKLOAD" env="adopt" override="FilePath">/eems/iib/inbound/BRC</com.gpscsp.brc.GPSCSP_BRC_CrosswalkLoad_DBLoad_MF>
<com.gpscsp.brc.GPSCSP_BRC_CrosswalkLoad_DBLoad_MF intServ="EEMSIIB_GPSCSP_XWALKLOAD" env="adopt" override="EEMSIIB.GPSCSP_TBA_REQ_TRIGGER_IN.queueName">EEMSIIB.ADP.GPSCSP_TBA_REQ_TRIGGER_IN</com.gpscsp.brc.GPSCSP_BRC_CrosswalkLoad_DBLoad_MF>
<com.gpscsp.brc.GPSCSP_BRC_CrosswalkLoad_DBLoad_MF intServ="EEMSIIB_GPSCSP_XWALKLOAD" env="adopt" override="FileRead.inputDirectory">/eems/iib/properties/CSP</com.gpscsp.brc.GPSCSP_BRC_CrosswalkLoad_DBLoad_MF>
<com.gpscsp.brc.GPSCSP_BRC_CrosswalkLoad_DBLoad_MF intServ="EEMSIIB_GPSCSP_XWALKLOAD" env="adopt" override="FileRead.filenamePattern">*.xml</com.gpscsp.brc.GPSCSP_BRC_CrosswalkLoad_DBLoad_MF>
<com.gpscsp.brc.GPSCSP_BRC_CrosswalkLoad_DBLoad_MF intServ="EEMSIIB_GPSCSP_XWALKLOAD" env="adopt" override="Common_AuditInMessage_SF.queueName">EEMSIIB.ADP.COMMON_AUDITMESSAGE_DATA</com.gpscsp.brc.GPSCSP_BRC_CrosswalkLoad_DBLoad_MF>
<com.gpscsp.brc.GPSCSP_BRC_CrosswalkLoad_DBLoad_MF intServ="EEMSIIB_GPSCSP_XWALKLOAD" env="adopt" override="EEMSIIB.GPSCSP_ERRORMESSAGE_DATA.queueName">EEMSIIB.ADP.GPSCSP_ERRORMESSAGE_DATA</com.gpscsp.brc.GPSCSP_BRC_CrosswalkLoad_DBLoad_MF>
<com.gpscsp.brc.GPSCSP_BRC_CrosswalkLoad_DBLoad_MF intServ="EEMSIIB_GPSCSP_XWALKLOAD" env="adopt" override="EEMSIIB.GPSCSP_BRC_XWALK_TRANSFORM_IN.queueName">EEMSIIB.ADP.GPSCSP_BRC_XWALK_TRANSFORM_IN</com.gpscsp.brc.GPSCSP_BRC_CrosswalkLoad_DBLoad_MF>
<com.gpscsp.brc.GPSCSP_BRC_CrosswalkLoad_Debatcher_MF intServ="EEMSIIB_GPSCSP_XWALKLOAD" env="adopt" override="additionalInstances">0</com.gpscsp.brc.GPSCSP_BRC_CrosswalkLoad_Debatcher_MF>
<com.gpscsp.brc.GPSCSP_BRC_CrosswalkLoad_Debatcher_MF intServ="EEMSIIB_GPSCSP_XWALKLOAD" env="adopt" override="EEMSIIB.GPSCSP_BRC_XWALK_TRANSFORM_IN.queueName">EEMSIIB.ADP.GPSCSP_BRC_XWALK_TRANSFORM_IN</com.gpscsp.brc.GPSCSP_BRC_CrosswalkLoad_Debatcher_MF>
<com.gpscsp.brc.GPSCSP_BRC_CrosswalkLoad_Debatcher_MF intServ="EEMSIIB_GPSCSP_XWALKLOAD" env="adopt" override="Timeout Notification.uniqueIdentifier">BRC</com.gpscsp.brc.GPSCSP_BRC_CrosswalkLoad_Debatcher_MF>
<com.gpscsp.brc.GPSCSP_BRC_CrosswalkLoad_Debatcher_MF intServ="EEMSIIB_GPSCSP_XWALKLOAD" env="adopt" override="Timeout Notification.timeoutInterval">900</com.gpscsp.brc.GPSCSP_BRC_CrosswalkLoad_Debatcher_MF>
<com.gpscsp.brc.GPSCSP_BRC_CrosswalkLoad_Debatcher_MF intServ="EEMSIIB_GPSCSP_XWALKLOAD" env="adopt" override="BrkConfigKey_1">BRK_CONFIG</com.gpscsp.brc.GPSCSP_BRC_CrosswalkLoad_Debatcher_MF>
<com.gpscsp.brc.GPSCSP_BRC_CrosswalkLoad_Debatcher_MF intServ="EEMSIIB_GPSCSP_XWALKLOAD" env="adopt" override="varGCMapName_1">GPSCSP_Common_Map</com.gpscsp.brc.GPSCSP_BRC_CrosswalkLoad_Debatcher_MF>
<com.gpscsp.brc.GPSCSP_BRC_CrosswalkLoad_Debatcher_MF intServ="EEMSIIB_GPSCSP_XWALKLOAD" env="adopt" override="ApplicationName">GPSCSP_BRC_CrosswalkLoad_APP</com.gpscsp.brc.GPSCSP_BRC_CrosswalkLoad_Debatcher_MF>
<com.gpscsp.brc.GPSCSP_BRC_CrosswalkLoad_Debatcher_MF intServ="EEMSIIB_GPSCSP_XWALKLOAD" env="adopt" override="SchemaName_1">ELECELIG</com.gpscsp.brc.GPSCSP_BRC_CrosswalkLoad_Debatcher_MF>
<com.gpscsp.brc.GPSCSP_BRC_CrosswalkLoad_Debatcher_MF intServ="EEMSIIB_GPSCSP_XWALKLOAD" env="adopt" override="DSN">E3CSP_DB</com.gpscsp.brc.GPSCSP_BRC_CrosswalkLoad_Debatcher_MF>

<!--PROD-->

<com.gpscsp.brc.GPSCSP_BRC_CrosswalkLoad_DBLoad_MF intServ="EEMSIIB_GPSCSP_XWALKLOAD" env="prod" override="additionalInstances">0</com.gpscsp.brc.GPSCSP_BRC_CrosswalkLoad_DBLoad_MF>
<com.gpscsp.brc.GPSCSP_BRC_CrosswalkLoad_DBLoad_MF intServ="EEMSIIB_GPSCSP_XWALKLOAD" env="prod" override="DSN">E3CSP_DB</com.gpscsp.brc.GPSCSP_BRC_CrosswalkLoad_DBLoad_MF>
<com.gpscsp.brc.GPSCSP_BRC_CrosswalkLoad_DBLoad_MF intServ="EEMSIIB_GPSCSP_XWALKLOAD" env="prod" override="GlobalCacheMap">GPSCSP_Common_Map</com.gpscsp.brc.GPSCSP_BRC_CrosswalkLoad_DBLoad_MF>
<com.gpscsp.brc.GPSCSP_BRC_CrosswalkLoad_DBLoad_MF intServ="EEMSIIB_GPSCSP_XWALKLOAD" env="prod" override="BrkConfigKey">BRK_CONFIG</com.gpscsp.brc.GPSCSP_BRC_CrosswalkLoad_DBLoad_MF>
<com.gpscsp.brc.GPSCSP_BRC_CrosswalkLoad_DBLoad_MF intServ="EEMSIIB_GPSCSP_XWALKLOAD" env="prod" override="CH_brkrList">BKMBPD11_BKMBPD12</com.gpscsp.brc.GPSCSP_BRC_CrosswalkLoad_DBLoad_MF>
<com.gpscsp.brc.GPSCSP_BRC_CrosswalkLoad_DBLoad_MF intServ="EEMSIIB_GPSCSP_XWALKLOAD" env="prod" override="CH_brkrCount">2</com.gpscsp.brc.GPSCSP_BRC_CrosswalkLoad_DBLoad_MF>
<com.gpscsp.brc.GPSCSP_BRC_CrosswalkLoad_DBLoad_MF intServ="EEMSIIB_GPSCSP_XWALKLOAD" env="prod" override="SchemaName">ELECELIG</com.gpscsp.brc.GPSCSP_BRC_CrosswalkLoad_DBLoad_MF>
<com.gpscsp.brc.GPSCSP_BRC_CrosswalkLoad_DBLoad_MF intServ="EEMSIIB_GPSCSP_XWALKLOAD" env="prod" override="FilePath">/eems/iib/inbound/BRC</com.gpscsp.brc.GPSCSP_BRC_CrosswalkLoad_DBLoad_MF>
<com.gpscsp.brc.GPSCSP_BRC_CrosswalkLoad_DBLoad_MF intServ="EEMSIIB_GPSCSP_XWALKLOAD" env="prod" override="EEMSIIB.GPSCSP_TBA_REQ_TRIGGER_IN.queueName">EEMSIIB.GPSCSP_TBA_REQ_TRIGGER_IN</com.gpscsp.brc.GPSCSP_BRC_CrosswalkLoad_DBLoad_MF>
<com.gpscsp.brc.GPSCSP_BRC_CrosswalkLoad_DBLoad_MF intServ="EEMSIIB_GPSCSP_XWALKLOAD" env="prod" override="FileRead.inputDirectory">/eems/iib/properties/CSP</com.gpscsp.brc.GPSCSP_BRC_CrosswalkLoad_DBLoad_MF>
<com.gpscsp.brc.GPSCSP_BRC_CrosswalkLoad_DBLoad_MF intServ="EEMSIIB_GPSCSP_XWALKLOAD" env="prod" override="FileRead.filenamePattern">*.xml</com.gpscsp.brc.GPSCSP_BRC_CrosswalkLoad_DBLoad_MF>
<com.gpscsp.brc.GPSCSP_BRC_CrosswalkLoad_DBLoad_MF intServ="EEMSIIB_GPSCSP_XWALKLOAD" env="prod" override="Common_AuditInMessage_SF.queueName">EEMSIIB.GPSCSP_COMMON_AUDITMESSAGE_DATA</com.gpscsp.brc.GPSCSP_BRC_CrosswalkLoad_DBLoad_MF>
<com.gpscsp.brc.GPSCSP_BRC_CrosswalkLoad_DBLoad_MF intServ="EEMSIIB_GPSCSP_XWALKLOAD" env="prod" override="EEMSIIB.GPSCSP_ERRORMESSAGE_DATA.queueName">EEMSIIB.GPSCSP_ERRORMESSAGE_DATA</com.gpscsp.brc.GPSCSP_BRC_CrosswalkLoad_DBLoad_MF>
<com.gpscsp.brc.GPSCSP_BRC_CrosswalkLoad_DBLoad_MF intServ="EEMSIIB_GPSCSP_XWALKLOAD" env="prod" override="EEMSIIB.GPSCSP_BRC_XWALK_TRANSFORM_IN.queueName">EEMSIIB.GPSCSP_BRC_XWALK_TRANSFORM_IN</com.gpscsp.brc.GPSCSP_BRC_CrosswalkLoad_DBLoad_MF>
<com.gpscsp.brc.GPSCSP_BRC_CrosswalkLoad_Debatcher_MF intServ="EEMSIIB_GPSCSP_XWALKLOAD" env="prod" override="additionalInstances">0</com.gpscsp.brc.GPSCSP_BRC_CrosswalkLoad_Debatcher_MF>
<com.gpscsp.brc.GPSCSP_BRC_CrosswalkLoad_Debatcher_MF intServ="EEMSIIB_GPSCSP_XWALKLOAD" env="prod" override="EEMSIIB.GPSCSP_BRC_XWALK_TRANSFORM_IN.queueName">EEMSIIB.GPSCSP_BRC_XWALK_TRANSFORM_IN</com.gpscsp.brc.GPSCSP_BRC_CrosswalkLoad_Debatcher_MF>
<com.gpscsp.brc.GPSCSP_BRC_CrosswalkLoad_Debatcher_MF intServ="EEMSIIB_GPSCSP_XWALKLOAD" env="prod" override="Timeout Notification.uniqueIdentifier">BRC</com.gpscsp.brc.GPSCSP_BRC_CrosswalkLoad_Debatcher_MF>
<com.gpscsp.brc.GPSCSP_BRC_CrosswalkLoad_Debatcher_MF intServ="EEMSIIB_GPSCSP_XWALKLOAD" env="prod" override="Timeout Notification.timeoutInterval">900</com.gpscsp.brc.GPSCSP_BRC_CrosswalkLoad_Debatcher_MF>
<com.gpscsp.brc.GPSCSP_BRC_CrosswalkLoad_Debatcher_MF intServ="EEMSIIB_GPSCSP_XWALKLOAD" env="prod" override="BrkConfigKey_1">BRK_CONFIG</com.gpscsp.brc.GPSCSP_BRC_CrosswalkLoad_Debatcher_MF>
<com.gpscsp.brc.GPSCSP_BRC_CrosswalkLoad_Debatcher_MF intServ="EEMSIIB_GPSCSP_XWALKLOAD" env="prod" override="varGCMapName_1">GPSCSP_Common_Map</com.gpscsp.brc.GPSCSP_BRC_CrosswalkLoad_Debatcher_MF>
<com.gpscsp.brc.GPSCSP_BRC_CrosswalkLoad_Debatcher_MF intServ="EEMSIIB_GPSCSP_XWALKLOAD" env="prod" override="ApplicationName">GPSCSP_BRC_CrosswalkLoad_APP</com.gpscsp.brc.GPSCSP_BRC_CrosswalkLoad_Debatcher_MF>
<com.gpscsp.brc.GPSCSP_BRC_CrosswalkLoad_Debatcher_MF intServ="EEMSIIB_GPSCSP_XWALKLOAD" env="prod" override="SchemaName_1">ELECELIG</com.gpscsp.brc.GPSCSP_BRC_CrosswalkLoad_Debatcher_MF>
<com.gpscsp.brc.GPSCSP_BRC_CrosswalkLoad_Debatcher_MF intServ="EEMSIIB_GPSCSP_XWALKLOAD" env="prod" override="DSN">E3CSP_DB</com.gpscsp.brc.GPSCSP_BRC_CrosswalkLoad_Debatcher_MF>

</Broker>