<?xml version="1.0" encoding="UTF-8"?>
<Broker>
	<com.gps.isReadyToProcess.GPS_IsReadyToProcess_MF intServ="EEMSIIB_GPS_COMMON_APPLICATIONS" env="dev" override="additionalInstances">0</com.gps.isReadyToProcess.GPS_IsReadyToProcess_MF>
	<com.gps.isReadyToProcess.GPS_IsReadyToProcess_MF intServ="EEMSIIB_GPS_COMMON_APPLICATIONS" env="dev" override="PayloadFlag">TRUE</com.gps.isReadyToProcess.GPS_IsReadyToProcess_MF>
	<com.gps.isReadyToProcess.GPS_IsReadyToProcess_MF intServ="EEMSIIB_GPS_COMMON_APPLICATIONS" env="dev" override="BECode">600</com.gps.isReadyToProcess.GPS_IsReadyToProcess_MF>
	<com.gps.isReadyToProcess.GPS_IsReadyToProcess_MF intServ="EEMSIIB_GPS_COMMON_APPLICATIONS" env="dev" override="ProjNumber">3</com.gps.isReadyToProcess.GPS_IsReadyToProcess_MF>
	<com.gps.isReadyToProcess.GPS_IsReadyToProcess_MF intServ="EEMSIIB_GPS_COMMON_APPLICATIONS" env="dev" override="RetryNoOfTimes">3</com.gps.isReadyToProcess.GPS_IsReadyToProcess_MF>
	<com.gps.isReadyToProcess.GPS_IsReadyToProcess_MF intServ="EEMSIIB_GPS_COMMON_APPLICATIONS" env="dev" override="WaitInterval">1000</com.gps.isReadyToProcess.GPS_IsReadyToProcess_MF>
	<com.gps.isReadyToProcess.GPS_IsReadyToProcess_MF intServ="EEMSIIB_GPS_COMMON_APPLICATIONS" env="dev" override="GPS_READY_IN.queueName">EEMSIIB.GPS_ISREADYTOPROCESS_IN</com.gps.isReadyToProcess.GPS_IsReadyToProcess_MF>
	<com.gps.isReadyToProcess.GPS_IsReadyToProcess_MF intServ="EEMSIIB_GPS_COMMON_APPLICATIONS" env="dev" override="GPS_PFG_OUT.queueName">EEMSIIB.EBILL_GPS_NTFY_ISREADYTOPROCESS_DATA</com.gps.isReadyToProcess.GPS_IsReadyToProcess_MF>
	<com.gps.isReadyToProcess.GPS_IsReadyToProcess_MF intServ="EEMSIIB_GPS_COMMON_APPLICATIONS" env="dev" override="GPS_UpdateReadyToProcessTable.dataSource">EEMS_DB</com.gps.isReadyToProcess.GPS_IsReadyToProcess_MF>
	<com.gps.isReadyToProcess.GPS_IsReadyToProcess_MF intServ="EEMSIIB_GPS_COMMON_APPLICATIONS" env="dev" override="GPS_ERRORMESSAGE.queueName">EEMSIIB.GPS_ERRORMESSAGE_DATA</com.gps.isReadyToProcess.GPS_IsReadyToProcess_MF>
	<com.gps.isReadyToProcess.GPS_IsReadyToProcess_MF intServ="EEMSIIB_GPS_COMMON_APPLICATIONS" env="dev" override="GPS_AuditFailMessage.dataSource">EEMS_DB</com.gps.isReadyToProcess.GPS_IsReadyToProcess_MF>
	<com.gps.isReadyToProcess.GPS_IsReadyToProcess_MF intServ="EEMSIIB_GPS_COMMON_APPLICATIONS" env="dev" override="BrkConfigKey">BRK_CONFIG</com.gps.isReadyToProcess.GPS_IsReadyToProcess_MF>
	<com.gps.isReadyToProcess.GPS_IsReadyToProcess_MF intServ="EEMSIIB_GPS_COMMON_APPLICATIONS" env="dev" override="SCHEMA_NAME">ELECELIG</com.gps.isReadyToProcess.GPS_IsReadyToProcess_MF>
	<com.gps.isReadyToProcess.GPS_IsReadyToProcess_MF intServ="EEMSIIB_GPS_COMMON_APPLICATIONS" env="dev" override="varGCMapName">GPS_Common_Map</com.gps.isReadyToProcess.GPS_IsReadyToProcess_MF>
	<com.gps.isReadyToProcess.GPS_IsReadyToProcess_MF intServ="EEMSIIB_GPS_COMMON_APPLICATIONS" env="dev" override="CommonCache">GPS_Common_Map</com.gps.isReadyToProcess.GPS_IsReadyToProcess_MF>
	<com.gps.isReadyToProcess.GPS_IsReadyToProcess_MF intServ="EEMSIIB_GPS_COMMON_APPLICATIONS" env="dev" override="brkrList">BKMBT11</com.gps.isReadyToProcess.GPS_IsReadyToProcess_MF>
	<com.gps.isReadyToProcess.GPS_IsReadyToProcess_MF intServ="EEMSIIB_GPS_COMMON_APPLICATIONS" env="dev" override="brkrCount">1</com.gps.isReadyToProcess.GPS_IsReadyToProcess_MF>
	<com.gps.isReadyToProcess.GPS_IsReadyToProcess_MF intServ="EEMSIIB_GPS_COMMON_APPLICATIONS" env="dev" override="srcMapName">GPS_Source_Map</com.gps.isReadyToProcess.GPS_IsReadyToProcess_MF>
	<com.gps.isReadyToProcess.GPS_IsReadyToProcess_MF intServ="EEMSIIB_GPS_COMMON_APPLICATIONS" env="dev" override="custProfMapName">CustomerProfile_Map</com.gps.isReadyToProcess.GPS_IsReadyToProcess_MF>
	<com.gps.isReadyToProcess.GPS_IsReadyToProcess_MF intServ="EEMSIIB_GPS_COMMON_APPLICATIONS" env="dev" override="thresholdcount">0</com.gps.isReadyToProcess.GPS_IsReadyToProcess_MF>
	<com.gps.isReadyToProcess.GPS_IsReadyToProcess_MF intServ="EEMSIIB_GPS_COMMON_APPLICATIONS" env="dev" override="Common_AuditInMessage_SF.queueName">EEMSIIB.GPS_COMMON_AUDITMESSAGE_DATA</com.gps.isReadyToProcess.GPS_IsReadyToProcess_MF>
	<com.gps.isReadyToProcess.GPS_IsReadyToProcess_MF intServ="EEMSIIB_GPS_COMMON_APPLICATIONS" env="dev" override="dbqueryLength">1000</com.gps.isReadyToProcess.GPS_IsReadyToProcess_MF>

	<!-- SIT -->
	<com.gps.isReadyToProcess.GPS_IsReadyToProcess_MF intServ="EEMSIIB_GPS_COMMON_APPLICATIONS" env="test" override="additionalInstances">0</com.gps.isReadyToProcess.GPS_IsReadyToProcess_MF>
	<com.gps.isReadyToProcess.GPS_IsReadyToProcess_MF intServ="EEMSIIB_GPS_COMMON_APPLICATIONS" env="test" override="PayloadFlag">TRUE</com.gps.isReadyToProcess.GPS_IsReadyToProcess_MF>
	<com.gps.isReadyToProcess.GPS_IsReadyToProcess_MF intServ="EEMSIIB_GPS_COMMON_APPLICATIONS" env="test" override="BECode">600</com.gps.isReadyToProcess.GPS_IsReadyToProcess_MF>
	<com.gps.isReadyToProcess.GPS_IsReadyToProcess_MF intServ="EEMSIIB_GPS_COMMON_APPLICATIONS" env="test" override="ProjNumber">3</com.gps.isReadyToProcess.GPS_IsReadyToProcess_MF>
	<com.gps.isReadyToProcess.GPS_IsReadyToProcess_MF intServ="EEMSIIB_GPS_COMMON_APPLICATIONS" env="test" override="RetryNoOfTimes">3</com.gps.isReadyToProcess.GPS_IsReadyToProcess_MF>
	<com.gps.isReadyToProcess.GPS_IsReadyToProcess_MF intServ="EEMSIIB_GPS_COMMON_APPLICATIONS" env="test" override="WaitInterval">1000</com.gps.isReadyToProcess.GPS_IsReadyToProcess_MF>
	<com.gps.isReadyToProcess.GPS_IsReadyToProcess_MF intServ="EEMSIIB_GPS_COMMON_APPLICATIONS" env="test" override="GPS_READY_IN.queueName">EEMSIIB.GPS_ISREADYTOPROCESS_IN</com.gps.isReadyToProcess.GPS_IsReadyToProcess_MF>
	<com.gps.isReadyToProcess.GPS_IsReadyToProcess_MF intServ="EEMSIIB_GPS_COMMON_APPLICATIONS" env="test" override="GPS_PFG_OUT.queueName">EEMSIIB.EBILL_GPS_NTFY_ISREADYTOPROCESS_DATA</com.gps.isReadyToProcess.GPS_IsReadyToProcess_MF>
	<com.gps.isReadyToProcess.GPS_IsReadyToProcess_MF intServ="EEMSIIB_GPS_COMMON_APPLICATIONS" env="test" override="GPS_UpdateReadyToProcessTable.dataSource">EEMS_DB</com.gps.isReadyToProcess.GPS_IsReadyToProcess_MF>
	<com.gps.isReadyToProcess.GPS_IsReadyToProcess_MF intServ="EEMSIIB_GPS_COMMON_APPLICATIONS" env="test" override="GPS_ERRORMESSAGE.queueName">EEMSIIB.GPS_ERRORMESSAGE_DATA</com.gps.isReadyToProcess.GPS_IsReadyToProcess_MF>
	<com.gps.isReadyToProcess.GPS_IsReadyToProcess_MF intServ="EEMSIIB_GPS_COMMON_APPLICATIONS" env="test" override="GPS_AuditFailMessage.dataSource">EEMS_DB</com.gps.isReadyToProcess.GPS_IsReadyToProcess_MF>
	<com.gps.isReadyToProcess.GPS_IsReadyToProcess_MF intServ="EEMSIIB_GPS_COMMON_APPLICATIONS" env="test" override="BrkConfigKey">BRK_CONFIG</com.gps.isReadyToProcess.GPS_IsReadyToProcess_MF>
	<com.gps.isReadyToProcess.GPS_IsReadyToProcess_MF intServ="EEMSIIB_GPS_COMMON_APPLICATIONS" env="test" override="SCHEMA_NAME">ELECELIG</com.gps.isReadyToProcess.GPS_IsReadyToProcess_MF>
	<com.gps.isReadyToProcess.GPS_IsReadyToProcess_MF intServ="EEMSIIB_GPS_COMMON_APPLICATIONS" env="test" override="varGCMapName">GPS_Common_Map</com.gps.isReadyToProcess.GPS_IsReadyToProcess_MF>
	<com.gps.isReadyToProcess.GPS_IsReadyToProcess_MF intServ="EEMSIIB_GPS_COMMON_APPLICATIONS" env="test" override="CommonCache">GPS_Common_Map</com.gps.isReadyToProcess.GPS_IsReadyToProcess_MF>
	<com.gps.isReadyToProcess.GPS_IsReadyToProcess_MF intServ="EEMSIIB_GPS_COMMON_APPLICATIONS" env="test" override="brkrList">BKMBS11</com.gps.isReadyToProcess.GPS_IsReadyToProcess_MF>
	<com.gps.isReadyToProcess.GPS_IsReadyToProcess_MF intServ="EEMSIIB_GPS_COMMON_APPLICATIONS" env="test" override="brkrCount">1</com.gps.isReadyToProcess.GPS_IsReadyToProcess_MF>
	<com.gps.isReadyToProcess.GPS_IsReadyToProcess_MF intServ="EEMSIIB_GPS_COMMON_APPLICATIONS" env="test" override="srcMapName">GPS_Source_Map</com.gps.isReadyToProcess.GPS_IsReadyToProcess_MF>
	<com.gps.isReadyToProcess.GPS_IsReadyToProcess_MF intServ="EEMSIIB_GPS_COMMON_APPLICATIONS" env="test" override="custProfMapName">CustomerProfile_Map</com.gps.isReadyToProcess.GPS_IsReadyToProcess_MF>
	<com.gps.isReadyToProcess.GPS_IsReadyToProcess_MF intServ="EEMSIIB_GPS_COMMON_APPLICATIONS" env="test" override="thresholdcount">0</com.gps.isReadyToProcess.GPS_IsReadyToProcess_MF>
	<com.gps.isReadyToProcess.GPS_IsReadyToProcess_MF intServ="EEMSIIB_GPS_COMMON_APPLICATIONS" env="test" override="Common_AuditInMessage_SF.queueName">EEMSIIB.GPS_COMMON_AUDITMESSAGE_DATA</com.gps.isReadyToProcess.GPS_IsReadyToProcess_MF>
	<com.gps.isReadyToProcess.GPS_IsReadyToProcess_MF intServ="EEMSIIB_GPS_COMMON_APPLICATIONS" env="test" override="dbqueryLength">1000</com.gps.isReadyToProcess.GPS_IsReadyToProcess_MF>

	<!-- SIT Bravo-->
	<com.gps.isReadyToProcess.GPS_IsReadyToProcess_MF intServ="EEMSIIB_GPS_COMMON_APPLICATIONS" env="test2" override="additionalInstances">0</com.gps.isReadyToProcess.GPS_IsReadyToProcess_MF>
	<com.gps.isReadyToProcess.GPS_IsReadyToProcess_MF intServ="EEMSIIB_GPS_COMMON_APPLICATIONS" env="test2" override="PayloadFlag">TRUE</com.gps.isReadyToProcess.GPS_IsReadyToProcess_MF>
	<com.gps.isReadyToProcess.GPS_IsReadyToProcess_MF intServ="EEMSIIB_GPS_COMMON_APPLICATIONS" env="test2" override="BECode">600</com.gps.isReadyToProcess.GPS_IsReadyToProcess_MF>
	<com.gps.isReadyToProcess.GPS_IsReadyToProcess_MF intServ="EEMSIIB_GPS_COMMON_APPLICATIONS" env="test2" override="ProjNumber">3</com.gps.isReadyToProcess.GPS_IsReadyToProcess_MF>
	<com.gps.isReadyToProcess.GPS_IsReadyToProcess_MF intServ="EEMSIIB_GPS_COMMON_APPLICATIONS" env="test2" override="RetryNoOfTimes">3</com.gps.isReadyToProcess.GPS_IsReadyToProcess_MF>
	<com.gps.isReadyToProcess.GPS_IsReadyToProcess_MF intServ="EEMSIIB_GPS_COMMON_APPLICATIONS" env="test2" override="WaitInterval">1000</com.gps.isReadyToProcess.GPS_IsReadyToProcess_MF>
	<com.gps.isReadyToProcess.GPS_IsReadyToProcess_MF intServ="EEMSIIB_GPS_COMMON_APPLICATIONS" env="test2" override="GPS_READY_IN.queueName">EEMSIIB.GPS_ISREADYTOPROCESS_IN</com.gps.isReadyToProcess.GPS_IsReadyToProcess_MF>
	<com.gps.isReadyToProcess.GPS_IsReadyToProcess_MF intServ="EEMSIIB_GPS_COMMON_APPLICATIONS" env="test2" override="GPS_PFG_OUT.queueName">EEMSIIB.EBILL_BE128_NTFY_ISREADYTOPROCESS_DATA</com.gps.isReadyToProcess.GPS_IsReadyToProcess_MF>
	<com.gps.isReadyToProcess.GPS_IsReadyToProcess_MF intServ="EEMSIIB_GPS_COMMON_APPLICATIONS" env="test2" override="GPS_UpdateReadyToProcessTable.dataSource">EEMS_DB</com.gps.isReadyToProcess.GPS_IsReadyToProcess_MF>
	<com.gps.isReadyToProcess.GPS_IsReadyToProcess_MF intServ="EEMSIIB_GPS_COMMON_APPLICATIONS" env="test2" override="GPS_ERRORMESSAGE.queueName">EEMSIIB.GPS_ERRORMESSAGE_DATA</com.gps.isReadyToProcess.GPS_IsReadyToProcess_MF>
	<com.gps.isReadyToProcess.GPS_IsReadyToProcess_MF intServ="EEMSIIB_GPS_COMMON_APPLICATIONS" env="test2" override="GPS_AuditFailMessage.dataSource">EEMS_DB</com.gps.isReadyToProcess.GPS_IsReadyToProcess_MF>
	<com.gps.isReadyToProcess.GPS_IsReadyToProcess_MF intServ="EEMSIIB_GPS_COMMON_APPLICATIONS" env="test2" override="BrkConfigKey">BRK_CONFIG</com.gps.isReadyToProcess.GPS_IsReadyToProcess_MF>
	<com.gps.isReadyToProcess.GPS_IsReadyToProcess_MF intServ="EEMSIIB_GPS_COMMON_APPLICATIONS" env="test2" override="SCHEMA_NAME">ELECELIG</com.gps.isReadyToProcess.GPS_IsReadyToProcess_MF>
	<com.gps.isReadyToProcess.GPS_IsReadyToProcess_MF intServ="EEMSIIB_GPS_COMMON_APPLICATIONS" env="test2" override="varGCMapName">GPS_Common_Map</com.gps.isReadyToProcess.GPS_IsReadyToProcess_MF>
	<com.gps.isReadyToProcess.GPS_IsReadyToProcess_MF intServ="EEMSIIB_GPS_COMMON_APPLICATIONS" env="test2" override="CommonCache">GPS_Common_Map</com.gps.isReadyToProcess.GPS_IsReadyToProcess_MF>
	<com.gps.isReadyToProcess.GPS_IsReadyToProcess_MF intServ="EEMSIIB_GPS_COMMON_APPLICATIONS" env="test2" override="brkrList">BKMBS12</com.gps.isReadyToProcess.GPS_IsReadyToProcess_MF>
	<com.gps.isReadyToProcess.GPS_IsReadyToProcess_MF intServ="EEMSIIB_GPS_COMMON_APPLICATIONS" env="test2" override="brkrCount">1</com.gps.isReadyToProcess.GPS_IsReadyToProcess_MF>
	<com.gps.isReadyToProcess.GPS_IsReadyToProcess_MF intServ="EEMSIIB_GPS_COMMON_APPLICATIONS" env="test2" override="srcMapName">GPS_Source_Map</com.gps.isReadyToProcess.GPS_IsReadyToProcess_MF>
	<com.gps.isReadyToProcess.GPS_IsReadyToProcess_MF intServ="EEMSIIB_GPS_COMMON_APPLICATIONS" env="test2" override="custProfMapName">CustomerProfile_Map</com.gps.isReadyToProcess.GPS_IsReadyToProcess_MF>
	<com.gps.isReadyToProcess.GPS_IsReadyToProcess_MF intServ="EEMSIIB_GPS_COMMON_APPLICATIONS" env="test2" override="thresholdcount">0</com.gps.isReadyToProcess.GPS_IsReadyToProcess_MF>
	<com.gps.isReadyToProcess.GPS_IsReadyToProcess_MF intServ="EEMSIIB_GPS_COMMON_APPLICATIONS" env="test2" override="Common_AuditInMessage_SF.queueName">EEMSIIB.GPS_COMMON_AUDITMESSAGE_DATA</com.gps.isReadyToProcess.GPS_IsReadyToProcess_MF>
	<com.gps.isReadyToProcess.GPS_IsReadyToProcess_MF intServ="EEMSIIB_GPS_COMMON_APPLICATIONS" env="test2" override="dbqueryLength">1000</com.gps.isReadyToProcess.GPS_IsReadyToProcess_MF>
	
	<!-- UAT -->
	<com.gps.isReadyToProcess.GPS_IsReadyToProcess_MF intServ="EEMSIIB_GPS_COMMON_APPLICATIONS" env="uat" override="additionalInstances">0</com.gps.isReadyToProcess.GPS_IsReadyToProcess_MF>
	<com.gps.isReadyToProcess.GPS_IsReadyToProcess_MF intServ="EEMSIIB_GPS_COMMON_APPLICATIONS" env="uat" override="PayloadFlag">TRUE</com.gps.isReadyToProcess.GPS_IsReadyToProcess_MF>
	<com.gps.isReadyToProcess.GPS_IsReadyToProcess_MF intServ="EEMSIIB_GPS_COMMON_APPLICATIONS" env="uat" override="BECode">600</com.gps.isReadyToProcess.GPS_IsReadyToProcess_MF>
	<com.gps.isReadyToProcess.GPS_IsReadyToProcess_MF intServ="EEMSIIB_GPS_COMMON_APPLICATIONS" env="uat" override="ProjNumber">3</com.gps.isReadyToProcess.GPS_IsReadyToProcess_MF>
	<com.gps.isReadyToProcess.GPS_IsReadyToProcess_MF intServ="EEMSIIB_GPS_COMMON_APPLICATIONS" env="uat" override="RetryNoOfTimes">3</com.gps.isReadyToProcess.GPS_IsReadyToProcess_MF>
	<com.gps.isReadyToProcess.GPS_IsReadyToProcess_MF intServ="EEMSIIB_GPS_COMMON_APPLICATIONS" env="uat" override="WaitInterval">1000</com.gps.isReadyToProcess.GPS_IsReadyToProcess_MF>
	<com.gps.isReadyToProcess.GPS_IsReadyToProcess_MF intServ="EEMSIIB_GPS_COMMON_APPLICATIONS" env="uat" override="GPS_READY_IN.queueName">EEMSIIB.GPS_ISREADYTOPROCESS_IN</com.gps.isReadyToProcess.GPS_IsReadyToProcess_MF>
	<com.gps.isReadyToProcess.GPS_IsReadyToProcess_MF intServ="EEMSIIB_GPS_COMMON_APPLICATIONS" env="uat" override="GPS_PFG_OUT.queueName">EEMSIIB.EBILL_GPS_NTFY_ISREADYTOPROCESS_DATA</com.gps.isReadyToProcess.GPS_IsReadyToProcess_MF>
	<com.gps.isReadyToProcess.GPS_IsReadyToProcess_MF intServ="EEMSIIB_GPS_COMMON_APPLICATIONS" env="uat" override="GPS_UpdateReadyToProcessTable.dataSource">EEMS_DB</com.gps.isReadyToProcess.GPS_IsReadyToProcess_MF>
	<com.gps.isReadyToProcess.GPS_IsReadyToProcess_MF intServ="EEMSIIB_GPS_COMMON_APPLICATIONS" env="uat" override="GPS_ERRORMESSAGE.queueName">EEMSIIB.GPS_ERRORMESSAGE_DATA</com.gps.isReadyToProcess.GPS_IsReadyToProcess_MF>
	<com.gps.isReadyToProcess.GPS_IsReadyToProcess_MF intServ="EEMSIIB_GPS_COMMON_APPLICATIONS" env="uat" override="GPS_AuditFailMessage.dataSource">EEMS_DB</com.gps.isReadyToProcess.GPS_IsReadyToProcess_MF>
	<com.gps.isReadyToProcess.GPS_IsReadyToProcess_MF intServ="EEMSIIB_GPS_COMMON_APPLICATIONS" env="uat" override="BrkConfigKey">BRK_CONFIG</com.gps.isReadyToProcess.GPS_IsReadyToProcess_MF>
	<com.gps.isReadyToProcess.GPS_IsReadyToProcess_MF intServ="EEMSIIB_GPS_COMMON_APPLICATIONS" env="uat" override="SCHEMA_NAME">ELECELIG</com.gps.isReadyToProcess.GPS_IsReadyToProcess_MF>
	<com.gps.isReadyToProcess.GPS_IsReadyToProcess_MF intServ="EEMSIIB_GPS_COMMON_APPLICATIONS" env="uat" override="varGCMapName">GPS_Common_Map</com.gps.isReadyToProcess.GPS_IsReadyToProcess_MF>
	<com.gps.isReadyToProcess.GPS_IsReadyToProcess_MF intServ="EEMSIIB_GPS_COMMON_APPLICATIONS" env="uat" override="CommonCache">GPS_Common_Map</com.gps.isReadyToProcess.GPS_IsReadyToProcess_MF>
	<com.gps.isReadyToProcess.GPS_IsReadyToProcess_MF intServ="EEMSIIB_GPS_COMMON_APPLICATIONS" env="uat" override="brkrList">BKMBRA11</com.gps.isReadyToProcess.GPS_IsReadyToProcess_MF>
	<com.gps.isReadyToProcess.GPS_IsReadyToProcess_MF intServ="EEMSIIB_GPS_COMMON_APPLICATIONS" env="uat" override="brkrCount">1</com.gps.isReadyToProcess.GPS_IsReadyToProcess_MF>
	<com.gps.isReadyToProcess.GPS_IsReadyToProcess_MF intServ="EEMSIIB_GPS_COMMON_APPLICATIONS" env="uat" override="srcMapName">GPS_Source_Map</com.gps.isReadyToProcess.GPS_IsReadyToProcess_MF>
	<com.gps.isReadyToProcess.GPS_IsReadyToProcess_MF intServ="EEMSIIB_GPS_COMMON_APPLICATIONS" env="uat" override="custProfMapName">CustomerProfile_Map</com.gps.isReadyToProcess.GPS_IsReadyToProcess_MF>
	<com.gps.isReadyToProcess.GPS_IsReadyToProcess_MF intServ="EEMSIIB_GPS_COMMON_APPLICATIONS" env="uat" override="thresholdcount">0</com.gps.isReadyToProcess.GPS_IsReadyToProcess_MF>
	<com.gps.isReadyToProcess.GPS_IsReadyToProcess_MF intServ="EEMSIIB_GPS_COMMON_APPLICATIONS" env="uat" override="Common_AuditInMessage_SF.queueName">EEMSIIB.GPS_COMMON_AUDITMESSAGE_DATA</com.gps.isReadyToProcess.GPS_IsReadyToProcess_MF>
	<com.gps.isReadyToProcess.GPS_IsReadyToProcess_MF intServ="EEMSIIB_GPS_COMMON_APPLICATIONS" env="uat" override="dbqueryLength">1000</com.gps.isReadyToProcess.GPS_IsReadyToProcess_MF>
	
	<!-- UAT Bravo -->
	<com.gps.isReadyToProcess.GPS_IsReadyToProcess_MF intServ="EEMSIIB_GPS_COMMON_APPLICATIONS" env="uat-bravo" override="additionalInstances">0</com.gps.isReadyToProcess.GPS_IsReadyToProcess_MF>
	<com.gps.isReadyToProcess.GPS_IsReadyToProcess_MF intServ="EEMSIIB_GPS_COMMON_APPLICATIONS" env="uat-bravo" override="PayloadFlag">TRUE</com.gps.isReadyToProcess.GPS_IsReadyToProcess_MF>
	<com.gps.isReadyToProcess.GPS_IsReadyToProcess_MF intServ="EEMSIIB_GPS_COMMON_APPLICATIONS" env="uat-bravo" override="BECode">600</com.gps.isReadyToProcess.GPS_IsReadyToProcess_MF>
	<com.gps.isReadyToProcess.GPS_IsReadyToProcess_MF intServ="EEMSIIB_GPS_COMMON_APPLICATIONS" env="uat-bravo" override="ProjNumber">3</com.gps.isReadyToProcess.GPS_IsReadyToProcess_MF>
	<com.gps.isReadyToProcess.GPS_IsReadyToProcess_MF intServ="EEMSIIB_GPS_COMMON_APPLICATIONS" env="uat-bravo" override="RetryNoOfTimes">3</com.gps.isReadyToProcess.GPS_IsReadyToProcess_MF>
	<com.gps.isReadyToProcess.GPS_IsReadyToProcess_MF intServ="EEMSIIB_GPS_COMMON_APPLICATIONS" env="uat-bravo" override="WaitInterval">1000</com.gps.isReadyToProcess.GPS_IsReadyToProcess_MF>
	<com.gps.isReadyToProcess.GPS_IsReadyToProcess_MF intServ="EEMSIIB_GPS_COMMON_APPLICATIONS" env="uat-bravo" override="GPS_READY_IN.queueName">EEMSIIB.GPS_ISREADYTOPROCESS_IN</com.gps.isReadyToProcess.GPS_IsReadyToProcess_MF>
	<com.gps.isReadyToProcess.GPS_IsReadyToProcess_MF intServ="EEMSIIB_GPS_COMMON_APPLICATIONS" env="uat-bravo" override="GPS_PFG_OUT.queueName">EEMSIIB.EBILL_GPS_NTFY_ISREADYTOPROCESS_DATA</com.gps.isReadyToProcess.GPS_IsReadyToProcess_MF>
	<com.gps.isReadyToProcess.GPS_IsReadyToProcess_MF intServ="EEMSIIB_GPS_COMMON_APPLICATIONS" env="uat-bravo" override="GPS_UpdateReadyToProcessTable.dataSource">EEMS_DB</com.gps.isReadyToProcess.GPS_IsReadyToProcess_MF>
	<com.gps.isReadyToProcess.GPS_IsReadyToProcess_MF intServ="EEMSIIB_GPS_COMMON_APPLICATIONS" env="uat-bravo" override="GPS_ERRORMESSAGE.queueName">EEMSIIB.GPS_ERRORMESSAGE_DATA</com.gps.isReadyToProcess.GPS_IsReadyToProcess_MF>
	<com.gps.isReadyToProcess.GPS_IsReadyToProcess_MF intServ="EEMSIIB_GPS_COMMON_APPLICATIONS" env="uat-bravo" override="GPS_AuditFailMessage.dataSource">EEMS_DB</com.gps.isReadyToProcess.GPS_IsReadyToProcess_MF>
	<com.gps.isReadyToProcess.GPS_IsReadyToProcess_MF intServ="EEMSIIB_GPS_COMMON_APPLICATIONS" env="uat-bravo" override="BrkConfigKey">BRK_CONFIG</com.gps.isReadyToProcess.GPS_IsReadyToProcess_MF>
	<com.gps.isReadyToProcess.GPS_IsReadyToProcess_MF intServ="EEMSIIB_GPS_COMMON_APPLICATIONS" env="uat-bravo" override="SCHEMA_NAME">ELECELIG</com.gps.isReadyToProcess.GPS_IsReadyToProcess_MF>
	<com.gps.isReadyToProcess.GPS_IsReadyToProcess_MF intServ="EEMSIIB_GPS_COMMON_APPLICATIONS" env="uat-bravo" override="varGCMapName">GPS_Common_Map</com.gps.isReadyToProcess.GPS_IsReadyToProcess_MF>
	<com.gps.isReadyToProcess.GPS_IsReadyToProcess_MF intServ="EEMSIIB_GPS_COMMON_APPLICATIONS" env="uat-bravo" override="CommonCache">GPS_Common_Map</com.gps.isReadyToProcess.GPS_IsReadyToProcess_MF>
	<com.gps.isReadyToProcess.GPS_IsReadyToProcess_MF intServ="EEMSIIB_GPS_COMMON_APPLICATIONS" env="uat-bravo" override="brkrList">BKMBRB11</com.gps.isReadyToProcess.GPS_IsReadyToProcess_MF>
	<com.gps.isReadyToProcess.GPS_IsReadyToProcess_MF intServ="EEMSIIB_GPS_COMMON_APPLICATIONS" env="uat-bravo" override="brkrCount">1</com.gps.isReadyToProcess.GPS_IsReadyToProcess_MF>
	<com.gps.isReadyToProcess.GPS_IsReadyToProcess_MF intServ="EEMSIIB_GPS_COMMON_APPLICATIONS" env="uat-bravo" override="srcMapName">GPS_Source_Map</com.gps.isReadyToProcess.GPS_IsReadyToProcess_MF>
	<com.gps.isReadyToProcess.GPS_IsReadyToProcess_MF intServ="EEMSIIB_GPS_COMMON_APPLICATIONS" env="uat-bravo" override="custProfMapName">CustomerProfile_Map</com.gps.isReadyToProcess.GPS_IsReadyToProcess_MF>
	<com.gps.isReadyToProcess.GPS_IsReadyToProcess_MF intServ="EEMSIIB_GPS_COMMON_APPLICATIONS" env="uat-bravo" override="thresholdcount">15</com.gps.isReadyToProcess.GPS_IsReadyToProcess_MF>
	<com.gps.isReadyToProcess.GPS_IsReadyToProcess_MF intServ="EEMSIIB_GPS_COMMON_APPLICATIONS" env="uat-bravo" override="Common_AuditInMessage_SF.queueName">EEMSIIB.GPS_COMMON_AUDITMESSAGE_DATA</com.gps.isReadyToProcess.GPS_IsReadyToProcess_MF>
	<com.gps.isReadyToProcess.GPS_IsReadyToProcess_MF intServ="EEMSIIB_GPS_COMMON_APPLICATIONS" env="uat-bravo" override="dbqueryLength">1000</com.gps.isReadyToProcess.GPS_IsReadyToProcess_MF>
	
	<!-- stage -->
	<com.gps.isReadyToProcess.GPS_IsReadyToProcess_MF intServ="EEMSIIB_GPS_COMMON_APPLICATIONS" env="stage" override="additionalInstances">0</com.gps.isReadyToProcess.GPS_IsReadyToProcess_MF>
	<com.gps.isReadyToProcess.GPS_IsReadyToProcess_MF intServ="EEMSIIB_GPS_COMMON_APPLICATIONS" env="stage" override="PayloadFlag">TRUE</com.gps.isReadyToProcess.GPS_IsReadyToProcess_MF>
	<com.gps.isReadyToProcess.GPS_IsReadyToProcess_MF intServ="EEMSIIB_GPS_COMMON_APPLICATIONS" env="stage" override="BECode">600</com.gps.isReadyToProcess.GPS_IsReadyToProcess_MF>
	<com.gps.isReadyToProcess.GPS_IsReadyToProcess_MF intServ="EEMSIIB_GPS_COMMON_APPLICATIONS" env="stage" override="ProjNumber">3</com.gps.isReadyToProcess.GPS_IsReadyToProcess_MF>
	<com.gps.isReadyToProcess.GPS_IsReadyToProcess_MF intServ="EEMSIIB_GPS_COMMON_APPLICATIONS" env="stage" override="RetryNoOfTimes">3</com.gps.isReadyToProcess.GPS_IsReadyToProcess_MF>
	<com.gps.isReadyToProcess.GPS_IsReadyToProcess_MF intServ="EEMSIIB_GPS_COMMON_APPLICATIONS" env="stage" override="WaitInterval">1000</com.gps.isReadyToProcess.GPS_IsReadyToProcess_MF>
	<com.gps.isReadyToProcess.GPS_IsReadyToProcess_MF intServ="EEMSIIB_GPS_COMMON_APPLICATIONS" env="stage" override="GPS_READY_IN.queueName">EEMSIIB.GPS_ISREADYTOPROCESS_IN</com.gps.isReadyToProcess.GPS_IsReadyToProcess_MF>
	<com.gps.isReadyToProcess.GPS_IsReadyToProcess_MF intServ="EEMSIIB_GPS_COMMON_APPLICATIONS" env="stage" override="GPS_PFG_OUT.queueName">EEMSIIB.EBILL_GPS_NTFY_ISREADYTOPROCESS_DATA</com.gps.isReadyToProcess.GPS_IsReadyToProcess_MF>
	<com.gps.isReadyToProcess.GPS_IsReadyToProcess_MF intServ="EEMSIIB_GPS_COMMON_APPLICATIONS" env="stage" override="GPS_UpdateReadyToProcessTable.dataSource">EEMS_DB</com.gps.isReadyToProcess.GPS_IsReadyToProcess_MF>
	<com.gps.isReadyToProcess.GPS_IsReadyToProcess_MF intServ="EEMSIIB_GPS_COMMON_APPLICATIONS" env="stage" override="GPS_ERRORMESSAGE.queueName">EEMSIIB.GPS_ERRORMESSAGE_DATA</com.gps.isReadyToProcess.GPS_IsReadyToProcess_MF>
	<com.gps.isReadyToProcess.GPS_IsReadyToProcess_MF intServ="EEMSIIB_GPS_COMMON_APPLICATIONS" env="stage" override="GPS_AuditFailMessage.dataSource">EEMS_DB</com.gps.isReadyToProcess.GPS_IsReadyToProcess_MF>
	<com.gps.isReadyToProcess.GPS_IsReadyToProcess_MF intServ="EEMSIIB_GPS_COMMON_APPLICATIONS" env="stage" override="BrkConfigKey">BRK_CONFIG</com.gps.isReadyToProcess.GPS_IsReadyToProcess_MF>
	<com.gps.isReadyToProcess.GPS_IsReadyToProcess_MF intServ="EEMSIIB_GPS_COMMON_APPLICATIONS" env="stage" override="SCHEMA_NAME">ELECELIG</com.gps.isReadyToProcess.GPS_IsReadyToProcess_MF>
	<com.gps.isReadyToProcess.GPS_IsReadyToProcess_MF intServ="EEMSIIB_GPS_COMMON_APPLICATIONS" env="stage" override="varGCMapName">GPS_Common_Map</com.gps.isReadyToProcess.GPS_IsReadyToProcess_MF>
	<com.gps.isReadyToProcess.GPS_IsReadyToProcess_MF intServ="EEMSIIB_GPS_COMMON_APPLICATIONS" env="stage" override="CommonCache">GPS_Common_Map</com.gps.isReadyToProcess.GPS_IsReadyToProcess_MF>
	<com.gps.isReadyToProcess.GPS_IsReadyToProcess_MF intServ="EEMSIIB_GPS_COMMON_APPLICATIONS" env="stage" override="brkrList">BKMBRM11_BKMBRM12_BKMBRM13</com.gps.isReadyToProcess.GPS_IsReadyToProcess_MF>
	<com.gps.isReadyToProcess.GPS_IsReadyToProcess_MF intServ="EEMSIIB_GPS_COMMON_APPLICATIONS" env="stage" override="brkrCount">3</com.gps.isReadyToProcess.GPS_IsReadyToProcess_MF>
	<com.gps.isReadyToProcess.GPS_IsReadyToProcess_MF intServ="EEMSIIB_GPS_COMMON_APPLICATIONS" env="stage" override="srcMapName">GPS_Source_Map</com.gps.isReadyToProcess.GPS_IsReadyToProcess_MF>
	<com.gps.isReadyToProcess.GPS_IsReadyToProcess_MF intServ="EEMSIIB_GPS_COMMON_APPLICATIONS" env="stage" override="custProfMapName">CustomerProfile_Map</com.gps.isReadyToProcess.GPS_IsReadyToProcess_MF>
	<com.gps.isReadyToProcess.GPS_IsReadyToProcess_MF intServ="EEMSIIB_GPS_COMMON_APPLICATIONS" env="stage" override="thresholdcount">0</com.gps.isReadyToProcess.GPS_IsReadyToProcess_MF>
	<com.gps.isReadyToProcess.GPS_IsReadyToProcess_MF intServ="EEMSIIB_GPS_COMMON_APPLICATIONS" env="stage" override="Common_AuditInMessage_SF.queueName">EEMSIIB.GPS_COMMON_AUDITMESSAGE_DATA</com.gps.isReadyToProcess.GPS_IsReadyToProcess_MF>
	<com.gps.isReadyToProcess.GPS_IsReadyToProcess_MF intServ="EEMSIIB_GPS_COMMON_APPLICATIONS" env="stage" override="dbqueryLength">1000</com.gps.isReadyToProcess.GPS_IsReadyToProcess_MF>
	
	<!-- adopt -->
	<com.gps.isReadyToProcess.GPS_IsReadyToProcess_MF intServ="EEMSIIB_GPS_COMMON_APPLICATIONS" env="adopt" override="additionalInstances">0</com.gps.isReadyToProcess.GPS_IsReadyToProcess_MF>
	<com.gps.isReadyToProcess.GPS_IsReadyToProcess_MF intServ="EEMSIIB_GPS_COMMON_APPLICATIONS" env="adopt" override="PayloadFlag">TRUE</com.gps.isReadyToProcess.GPS_IsReadyToProcess_MF>
	<com.gps.isReadyToProcess.GPS_IsReadyToProcess_MF intServ="EEMSIIB_GPS_COMMON_APPLICATIONS" env="adopt" override="BECode">600</com.gps.isReadyToProcess.GPS_IsReadyToProcess_MF>
	<com.gps.isReadyToProcess.GPS_IsReadyToProcess_MF intServ="EEMSIIB_GPS_COMMON_APPLICATIONS" env="adopt" override="ProjNumber">3</com.gps.isReadyToProcess.GPS_IsReadyToProcess_MF>
	<com.gps.isReadyToProcess.GPS_IsReadyToProcess_MF intServ="EEMSIIB_GPS_COMMON_APPLICATIONS" env="adopt" override="RetryNoOfTimes">3</com.gps.isReadyToProcess.GPS_IsReadyToProcess_MF>
	<com.gps.isReadyToProcess.GPS_IsReadyToProcess_MF intServ="EEMSIIB_GPS_COMMON_APPLICATIONS" env="adopt" override="WaitInterval">1000</com.gps.isReadyToProcess.GPS_IsReadyToProcess_MF>
	<com.gps.isReadyToProcess.GPS_IsReadyToProcess_MF intServ="EEMSIIB_GPS_COMMON_APPLICATIONS" env="adopt" override="GPS_READY_IN.queueName">EEMSIIB.ADP.GPS_ISREADYTOPROCESS_IN</com.gps.isReadyToProcess.GPS_IsReadyToProcess_MF>
	<com.gps.isReadyToProcess.GPS_IsReadyToProcess_MF intServ="EEMSIIB_GPS_COMMON_APPLICATIONS" env="adopt" override="GPS_PFG_OUT.queueName">EEMSIIB.ADP.EBILL_GPS_NTFY_ISREADYTOPROCESS_DATA</com.gps.isReadyToProcess.GPS_IsReadyToProcess_MF>
	<com.gps.isReadyToProcess.GPS_IsReadyToProcess_MF intServ="EEMSIIB_GPS_COMMON_APPLICATIONS" env="adopt" override="GPS_UpdateReadyToProcessTable.dataSource">EEMS_DB</com.gps.isReadyToProcess.GPS_IsReadyToProcess_MF>
	<com.gps.isReadyToProcess.GPS_IsReadyToProcess_MF intServ="EEMSIIB_GPS_COMMON_APPLICATIONS" env="adopt" override="GPS_ERRORMESSAGE.queueName">EEMSIIB.ADP.GPS_ERRORMESSAGE_DATA</com.gps.isReadyToProcess.GPS_IsReadyToProcess_MF>
	<com.gps.isReadyToProcess.GPS_IsReadyToProcess_MF intServ="EEMSIIB_GPS_COMMON_APPLICATIONS" env="adopt" override="GPS_AuditFailMessage.dataSource">EEMS_DB</com.gps.isReadyToProcess.GPS_IsReadyToProcess_MF>
	<com.gps.isReadyToProcess.GPS_IsReadyToProcess_MF intServ="EEMSIIB_GPS_COMMON_APPLICATIONS" env="adopt" override="BrkConfigKey">BRK_CONFIG</com.gps.isReadyToProcess.GPS_IsReadyToProcess_MF>
	<com.gps.isReadyToProcess.GPS_IsReadyToProcess_MF intServ="EEMSIIB_GPS_COMMON_APPLICATIONS" env="adopt" override="SCHEMA_NAME">ELECELIG</com.gps.isReadyToProcess.GPS_IsReadyToProcess_MF>
	<com.gps.isReadyToProcess.GPS_IsReadyToProcess_MF intServ="EEMSIIB_GPS_COMMON_APPLICATIONS" env="adopt" override="varGCMapName">GPS_Common_Map</com.gps.isReadyToProcess.GPS_IsReadyToProcess_MF>
	<com.gps.isReadyToProcess.GPS_IsReadyToProcess_MF intServ="EEMSIIB_GPS_COMMON_APPLICATIONS" env="adopt" override="CommonCache">GPS_Common_Map</com.gps.isReadyToProcess.GPS_IsReadyToProcess_MF>
	<com.gps.isReadyToProcess.GPS_IsReadyToProcess_MF intServ="EEMSIIB_GPS_COMMON_APPLICATIONS" env="adopt" override="brkrList">BKMBPD07_BKMBPD08</com.gps.isReadyToProcess.GPS_IsReadyToProcess_MF>
	<com.gps.isReadyToProcess.GPS_IsReadyToProcess_MF intServ="EEMSIIB_GPS_COMMON_APPLICATIONS" env="adopt" override="brkrCount">2</com.gps.isReadyToProcess.GPS_IsReadyToProcess_MF>
	<com.gps.isReadyToProcess.GPS_IsReadyToProcess_MF intServ="EEMSIIB_GPS_COMMON_APPLICATIONS" env="adopt" override="srcMapName">GPS_Source_Map</com.gps.isReadyToProcess.GPS_IsReadyToProcess_MF>
	<com.gps.isReadyToProcess.GPS_IsReadyToProcess_MF intServ="EEMSIIB_GPS_COMMON_APPLICATIONS" env="adopt" override="custProfMapName">CustomerProfile_Map</com.gps.isReadyToProcess.GPS_IsReadyToProcess_MF>
	<com.gps.isReadyToProcess.GPS_IsReadyToProcess_MF intServ="EEMSIIB_GPS_COMMON_APPLICATIONS" env="adopt" override="thresholdcount">0</com.gps.isReadyToProcess.GPS_IsReadyToProcess_MF>
	<com.gps.isReadyToProcess.GPS_IsReadyToProcess_MF intServ="EEMSIIB_GPS_COMMON_APPLICATIONS" env="adopt" override="Common_AuditInMessage_SF.queueName">EEMSIIB.ADP.GPS_COMMON_AUDITMESSAGE_DATA</com.gps.isReadyToProcess.GPS_IsReadyToProcess_MF>
	<com.gps.isReadyToProcess.GPS_IsReadyToProcess_MF intServ="EEMSIIB_GPS_COMMON_APPLICATIONS" env="adopt" override="dbqueryLength">1000</com.gps.isReadyToProcess.GPS_IsReadyToProcess_MF>
	
	<!-- prod -->
	<com.gps.isReadyToProcess.GPS_IsReadyToProcess_MF intServ="EEMSIIB_GPS_COMMON_APPLICATIONS" env="prod" override="additionalInstances">0</com.gps.isReadyToProcess.GPS_IsReadyToProcess_MF>
	<com.gps.isReadyToProcess.GPS_IsReadyToProcess_MF intServ="EEMSIIB_GPS_COMMON_APPLICATIONS" env="prod" override="PayloadFlag">TRUE</com.gps.isReadyToProcess.GPS_IsReadyToProcess_MF>
	<com.gps.isReadyToProcess.GPS_IsReadyToProcess_MF intServ="EEMSIIB_GPS_COMMON_APPLICATIONS" env="prod" override="BECode">600</com.gps.isReadyToProcess.GPS_IsReadyToProcess_MF>
	<com.gps.isReadyToProcess.GPS_IsReadyToProcess_MF intServ="EEMSIIB_GPS_COMMON_APPLICATIONS" env="prod" override="ProjNumber">3</com.gps.isReadyToProcess.GPS_IsReadyToProcess_MF>
	<com.gps.isReadyToProcess.GPS_IsReadyToProcess_MF intServ="EEMSIIB_GPS_COMMON_APPLICATIONS" env="prod" override="RetryNoOfTimes">3</com.gps.isReadyToProcess.GPS_IsReadyToProcess_MF>
	<com.gps.isReadyToProcess.GPS_IsReadyToProcess_MF intServ="EEMSIIB_GPS_COMMON_APPLICATIONS" env="prod" override="WaitInterval">1000</com.gps.isReadyToProcess.GPS_IsReadyToProcess_MF>
	<com.gps.isReadyToProcess.GPS_IsReadyToProcess_MF intServ="EEMSIIB_GPS_COMMON_APPLICATIONS" env="prod" override="GPS_READY_IN.queueName">EEMSIIB.GPS_ISREADYTOPROCESS_IN</com.gps.isReadyToProcess.GPS_IsReadyToProcess_MF>
	<com.gps.isReadyToProcess.GPS_IsReadyToProcess_MF intServ="EEMSIIB_GPS_COMMON_APPLICATIONS" env="prod" override="GPS_PFG_OUT.queueName">EEMSIIB.EBILL_GPS_NTFY_ISREADYTOPROCESS_DATA</com.gps.isReadyToProcess.GPS_IsReadyToProcess_MF>
	<com.gps.isReadyToProcess.GPS_IsReadyToProcess_MF intServ="EEMSIIB_GPS_COMMON_APPLICATIONS" env="prod" override="GPS_UpdateReadyToProcessTable.dataSource">EEMS_DB</com.gps.isReadyToProcess.GPS_IsReadyToProcess_MF>
	<com.gps.isReadyToProcess.GPS_IsReadyToProcess_MF intServ="EEMSIIB_GPS_COMMON_APPLICATIONS" env="prod" override="GPS_ERRORMESSAGE.queueName">EEMSIIB.GPS_ERRORMESSAGE_DATA</com.gps.isReadyToProcess.GPS_IsReadyToProcess_MF>
	<com.gps.isReadyToProcess.GPS_IsReadyToProcess_MF intServ="EEMSIIB_GPS_COMMON_APPLICATIONS" env="prod" override="GPS_AuditFailMessage.dataSource">EEMS_DB</com.gps.isReadyToProcess.GPS_IsReadyToProcess_MF>
	<com.gps.isReadyToProcess.GPS_IsReadyToProcess_MF intServ="EEMSIIB_GPS_COMMON_APPLICATIONS" env="prod" override="BrkConfigKey">BRK_CONFIG</com.gps.isReadyToProcess.GPS_IsReadyToProcess_MF>
	<com.gps.isReadyToProcess.GPS_IsReadyToProcess_MF intServ="EEMSIIB_GPS_COMMON_APPLICATIONS" env="prod" override="SCHEMA_NAME">ELECELIG</com.gps.isReadyToProcess.GPS_IsReadyToProcess_MF>
	<com.gps.isReadyToProcess.GPS_IsReadyToProcess_MF intServ="EEMSIIB_GPS_COMMON_APPLICATIONS" env="prod" override="varGCMapName">GPS_Common_Map</com.gps.isReadyToProcess.GPS_IsReadyToProcess_MF>
	<com.gps.isReadyToProcess.GPS_IsReadyToProcess_MF intServ="EEMSIIB_GPS_COMMON_APPLICATIONS" env="prod" override="CommonCache">GPS_Common_Map</com.gps.isReadyToProcess.GPS_IsReadyToProcess_MF>
	<com.gps.isReadyToProcess.GPS_IsReadyToProcess_MF intServ="EEMSIIB_GPS_COMMON_APPLICATIONS" env="prod" override="brkrList">BKMBPD15_BKMBPD16_BKMBPD30_BKMBPD31</com.gps.isReadyToProcess.GPS_IsReadyToProcess_MF>
	<com.gps.isReadyToProcess.GPS_IsReadyToProcess_MF intServ="EEMSIIB_GPS_COMMON_APPLICATIONS" env="prod" override="brkrCount">4</com.gps.isReadyToProcess.GPS_IsReadyToProcess_MF>
	<com.gps.isReadyToProcess.GPS_IsReadyToProcess_MF intServ="EEMSIIB_GPS_COMMON_APPLICATIONS" env="prod" override="srcMapName">GPS_Source_Map</com.gps.isReadyToProcess.GPS_IsReadyToProcess_MF>
	<com.gps.isReadyToProcess.GPS_IsReadyToProcess_MF intServ="EEMSIIB_GPS_COMMON_APPLICATIONS" env="prod" override="custProfMapName">CustomerProfile_Map</com.gps.isReadyToProcess.GPS_IsReadyToProcess_MF>
	<com.gps.isReadyToProcess.GPS_IsReadyToProcess_MF intServ="EEMSIIB_GPS_COMMON_APPLICATIONS" env="prod" override="thresholdcount">0</com.gps.isReadyToProcess.GPS_IsReadyToProcess_MF>
	<com.gps.isReadyToProcess.GPS_IsReadyToProcess_MF intServ="EEMSIIB_GPS_COMMON_APPLICATIONS" env="prod" override="Common_AuditInMessage_SF.queueName">EEMSIIB.GPS_COMMON_AUDITMESSAGE_DATA</com.gps.isReadyToProcess.GPS_IsReadyToProcess_MF>
	<com.gps.isReadyToProcess.GPS_IsReadyToProcess_MF intServ="EEMSIIB_GPS_COMMON_APPLICATIONS" env="prod" override="dbqueryLength">1000</com.gps.isReadyToProcess.GPS_IsReadyToProcess_MF>
	
</Broker>