<?xml version="1.0" encoding="UTF-8" ?> 
<Broker>
<!--DEV-->
<com.eems.gpscsp.updateprocflsts.GPSCSP_UpdateProc_FL_STS_MF intServ="EEMSIIB_GPSCSP_COMMON" env="dev" override="cMapNameReq">GPSCSP_Common_Map</com.eems.gpscsp.updateprocflsts.GPSCSP_UpdateProc_FL_STS_MF>
<com.eems.gpscsp.updateprocflsts.GPSCSP_UpdateProc_FL_STS_MF intServ="EEMSIIB_GPSCSP_COMMON" env="dev" override="BECode">700</com.eems.gpscsp.updateprocflsts.GPSCSP_UpdateProc_FL_STS_MF>
<com.eems.gpscsp.updateprocflsts.GPSCSP_UpdateProc_FL_STS_MF intServ="EEMSIIB_GPSCSP_COMMON" env="dev" override="ProjNumber">2</com.eems.gpscsp.updateprocflsts.GPSCSP_UpdateProc_FL_STS_MF>
<com.eems.gpscsp.updateprocflsts.GPSCSP_UpdateProc_FL_STS_MF intServ="EEMSIIB_GPSCSP_COMMON" env="dev" override="BrkConfigKey">BRK_CONFIG</com.eems.gpscsp.updateprocflsts.GPSCSP_UpdateProc_FL_STS_MF>
<com.eems.gpscsp.updateprocflsts.GPSCSP_UpdateProc_FL_STS_MF intServ="EEMSIIB_GPSCSP_COMMON" env="dev" override="varGCMapName">GPSCSP_Common_Map</com.eems.gpscsp.updateprocflsts.GPSCSP_UpdateProc_FL_STS_MF>
<com.eems.gpscsp.updateprocflsts.GPSCSP_UpdateProc_FL_STS_MF intServ="EEMSIIB_GPSCSP_COMMON" env="dev" override="schemaName">ELECELIG</com.eems.gpscsp.updateprocflsts.GPSCSP_UpdateProc_FL_STS_MF>
<com.eems.gpscsp.updateprocflsts.GPSCSP_UpdateProc_FL_STS_MF intServ="EEMSIIB_GPSCSP_COMMON" env="dev" override="BROKER_LIST">BKMBT11</com.eems.gpscsp.updateprocflsts.GPSCSP_UpdateProc_FL_STS_MF>
<com.eems.gpscsp.updateprocflsts.GPSCSP_UpdateProc_FL_STS_MF intServ="EEMSIIB_GPSCSP_COMMON" env="dev" override="GPSCSP_UpdateProc_fl_sts_IN.queueName">EEMSIIB.GPSCSP_PROC_FL_STS_EVENT_IN</com.eems.gpscsp.updateprocflsts.GPSCSP_UpdateProc_FL_STS_MF>
<com.eems.gpscsp.updateprocflsts.GPSCSP_UpdateProc_FL_STS_MF intServ="EEMSIIB_GPSCSP_COMMON" env="dev" override="GPSCSP_UpdateProc_fl_sts_IN.componentLevel">node</com.eems.gpscsp.updateprocflsts.GPSCSP_UpdateProc_FL_STS_MF>
<com.eems.gpscsp.updateprocflsts.GPSCSP_UpdateProc_FL_STS_MF intServ="EEMSIIB_GPSCSP_COMMON" env="dev" override="GPSCSP_UpdateProc_fl_sts_IN.additionalInstances">10</com.eems.gpscsp.updateprocflsts.GPSCSP_UpdateProc_FL_STS_MF>
<com.eems.gpscsp.updateprocflsts.GPSCSP_UpdateProc_FL_STS_MF intServ="EEMSIIB_GPSCSP_COMMON" env="dev" override="GPSCSP_UpdateProc_FL_STS_MF_Compute.dataSource">E3CSP_DB</com.eems.gpscsp.updateprocflsts.GPSCSP_UpdateProc_FL_STS_MF>
<com.eems.gpscsp.updateprocflsts.GPSCSP_UpdateProc_FL_STS_MF intServ="EEMSIIB_GPSCSP_COMMON" env="dev" override="GPSCSP_UpdateProc_FL_STS_MF_Exception.dataSource">E3CSP_DB</com.eems.gpscsp.updateprocflsts.GPSCSP_UpdateProc_FL_STS_MF>
<com.eems.gpscsp.updateprocflsts.GPSCSP_UpdateProc_FL_STS_MF intServ="EEMSIIB_GPSCSP_COMMON" env="dev" override="Common_AuditInMessage_SF.queueName">EEMSIIB.GPSCSP_COMMON_AUDITMESSAGE_DATA</com.eems.gpscsp.updateprocflsts.GPSCSP_UpdateProc_FL_STS_MF>
<com.eems.gpscsp.updateprocflsts.GPSCSP_UpdateProc_FL_STS_MF intServ="EEMSIIB_GPSCSP_COMMON" env="dev" override="EEMSIIB.ERRORMESSAGE.DATA.queueName">EEMSIIB.GPSCSP_ERRORMESSAGE_DATA</com.eems.gpscsp.updateprocflsts.GPSCSP_UpdateProc_FL_STS_MF>


<!--SIT-->
<com.eems.gpscsp.updateprocflsts.GPSCSP_UpdateProc_FL_STS_MF intServ="EEMSIIB_GPSCSP_COMMON" env="test" override="cMapNameReq">GPSCSP_Common_Map</com.eems.gpscsp.updateprocflsts.GPSCSP_UpdateProc_FL_STS_MF>
<com.eems.gpscsp.updateprocflsts.GPSCSP_UpdateProc_FL_STS_MF intServ="EEMSIIB_GPSCSP_COMMON" env="test" override="BECode">700</com.eems.gpscsp.updateprocflsts.GPSCSP_UpdateProc_FL_STS_MF>
<com.eems.gpscsp.updateprocflsts.GPSCSP_UpdateProc_FL_STS_MF intServ="EEMSIIB_GPSCSP_COMMON" env="test" override="ProjNumber">2</com.eems.gpscsp.updateprocflsts.GPSCSP_UpdateProc_FL_STS_MF>
<com.eems.gpscsp.updateprocflsts.GPSCSP_UpdateProc_FL_STS_MF intServ="EEMSIIB_GPSCSP_COMMON" env="test" override="BrkConfigKey">BRK_CONFIG</com.eems.gpscsp.updateprocflsts.GPSCSP_UpdateProc_FL_STS_MF>
<com.eems.gpscsp.updateprocflsts.GPSCSP_UpdateProc_FL_STS_MF intServ="EEMSIIB_GPSCSP_COMMON" env="test" override="varGCMapName">GPSCSP_Common_Map</com.eems.gpscsp.updateprocflsts.GPSCSP_UpdateProc_FL_STS_MF>
<com.eems.gpscsp.updateprocflsts.GPSCSP_UpdateProc_FL_STS_MF intServ="EEMSIIB_GPSCSP_COMMON" env="test" override="schemaName">ELECELIG</com.eems.gpscsp.updateprocflsts.GPSCSP_UpdateProc_FL_STS_MF>
<com.eems.gpscsp.updateprocflsts.GPSCSP_UpdateProc_FL_STS_MF intServ="EEMSIIB_GPSCSP_COMMON" env="test" override="BROKER_LIST">BKMBS11</com.eems.gpscsp.updateprocflsts.GPSCSP_UpdateProc_FL_STS_MF>
<com.eems.gpscsp.updateprocflsts.GPSCSP_UpdateProc_FL_STS_MF intServ="EEMSIIB_GPSCSP_COMMON" env="test" override="GPSCSP_UpdateProc_fl_sts_IN.queueName">EEMSIIB.GPSCSP_PROC_FL_STS_EVENT_IN</com.eems.gpscsp.updateprocflsts.GPSCSP_UpdateProc_FL_STS_MF>
<com.eems.gpscsp.updateprocflsts.GPSCSP_UpdateProc_FL_STS_MF intServ="EEMSIIB_GPSCSP_COMMON" env="test" override="GPSCSP_UpdateProc_fl_sts_IN.componentLevel">node</com.eems.gpscsp.updateprocflsts.GPSCSP_UpdateProc_FL_STS_MF>
<com.eems.gpscsp.updateprocflsts.GPSCSP_UpdateProc_FL_STS_MF intServ="EEMSIIB_GPSCSP_COMMON" env="test" override="GPSCSP_UpdateProc_fl_sts_IN.additionalInstances">10</com.eems.gpscsp.updateprocflsts.GPSCSP_UpdateProc_FL_STS_MF>
<com.eems.gpscsp.updateprocflsts.GPSCSP_UpdateProc_FL_STS_MF intServ="EEMSIIB_GPSCSP_COMMON" env="test" override="GPSCSP_UpdateProc_FL_STS_MF_Compute.dataSource">E3CSP_DB</com.eems.gpscsp.updateprocflsts.GPSCSP_UpdateProc_FL_STS_MF>
<com.eems.gpscsp.updateprocflsts.GPSCSP_UpdateProc_FL_STS_MF intServ="EEMSIIB_GPSCSP_COMMON" env="test" override="GPSCSP_UpdateProc_FL_STS_MF_Exception.dataSource">E3CSP_DB</com.eems.gpscsp.updateprocflsts.GPSCSP_UpdateProc_FL_STS_MF>
<com.eems.gpscsp.updateprocflsts.GPSCSP_UpdateProc_FL_STS_MF intServ="EEMSIIB_GPSCSP_COMMON" env="test" override="Common_AuditInMessage_SF.queueName">EEMSIIB.GPSCSP_COMMON_AUDITMESSAGE_DATA</com.eems.gpscsp.updateprocflsts.GPSCSP_UpdateProc_FL_STS_MF>
<com.eems.gpscsp.updateprocflsts.GPSCSP_UpdateProc_FL_STS_MF intServ="EEMSIIB_GPSCSP_COMMON" env="test" override="EEMSIIB.ERRORMESSAGE.DATA.queueName">EEMSIIB.GPSCSP_ERRORMESSAGE_DATA</com.eems.gpscsp.updateprocflsts.GPSCSP_UpdateProc_FL_STS_MF>

<!--SIT Charlie-->
<com.eems.gpscsp.updateprocflsts.GPSCSP_UpdateProc_FL_STS_MF intServ="EEMSIIB_GPSCSP_COMMON" env="test-charlie" override="cMapNameReq">GPSCSP_Common_Map</com.eems.gpscsp.updateprocflsts.GPSCSP_UpdateProc_FL_STS_MF>
<com.eems.gpscsp.updateprocflsts.GPSCSP_UpdateProc_FL_STS_MF intServ="EEMSIIB_GPSCSP_COMMON" env="test-charlie" override="BECode">700</com.eems.gpscsp.updateprocflsts.GPSCSP_UpdateProc_FL_STS_MF>
<com.eems.gpscsp.updateprocflsts.GPSCSP_UpdateProc_FL_STS_MF intServ="EEMSIIB_GPSCSP_COMMON" env="test-charlie" override="ProjNumber">2</com.eems.gpscsp.updateprocflsts.GPSCSP_UpdateProc_FL_STS_MF>
<com.eems.gpscsp.updateprocflsts.GPSCSP_UpdateProc_FL_STS_MF intServ="EEMSIIB_GPSCSP_COMMON" env="test-charlie" override="BrkConfigKey">BRK_CONFIG</com.eems.gpscsp.updateprocflsts.GPSCSP_UpdateProc_FL_STS_MF>
<com.eems.gpscsp.updateprocflsts.GPSCSP_UpdateProc_FL_STS_MF intServ="EEMSIIB_GPSCSP_COMMON" env="test-charlie" override="varGCMapName">GPSCSP_Common_Map</com.eems.gpscsp.updateprocflsts.GPSCSP_UpdateProc_FL_STS_MF>
<com.eems.gpscsp.updateprocflsts.GPSCSP_UpdateProc_FL_STS_MF intServ="EEMSIIB_GPSCSP_COMMON" env="test-charlie" override="schemaName">ELECELIG</com.eems.gpscsp.updateprocflsts.GPSCSP_UpdateProc_FL_STS_MF>
<com.eems.gpscsp.updateprocflsts.GPSCSP_UpdateProc_FL_STS_MF intServ="EEMSIIB_GPSCSP_COMMON" env="test-charlie" override="BROKER_LIST">BKMBRC11</com.eems.gpscsp.updateprocflsts.GPSCSP_UpdateProc_FL_STS_MF>
<com.eems.gpscsp.updateprocflsts.GPSCSP_UpdateProc_FL_STS_MF intServ="EEMSIIB_GPSCSP_COMMON" env="test-charlie" override="GPSCSP_UpdateProc_fl_sts_IN.queueName">EEMSIIB.GPSCSP_PROC_FL_STS_EVENT_IN</com.eems.gpscsp.updateprocflsts.GPSCSP_UpdateProc_FL_STS_MF>
<com.eems.gpscsp.updateprocflsts.GPSCSP_UpdateProc_FL_STS_MF intServ="EEMSIIB_GPSCSP_COMMON" env="test-charlie" override="GPSCSP_UpdateProc_fl_sts_IN.componentLevel">node</com.eems.gpscsp.updateprocflsts.GPSCSP_UpdateProc_FL_STS_MF>
<com.eems.gpscsp.updateprocflsts.GPSCSP_UpdateProc_FL_STS_MF intServ="EEMSIIB_GPSCSP_COMMON" env="test-charlie" override="GPSCSP_UpdateProc_fl_sts_IN.additionalInstances">10</com.eems.gpscsp.updateprocflsts.GPSCSP_UpdateProc_FL_STS_MF>
<com.eems.gpscsp.updateprocflsts.GPSCSP_UpdateProc_FL_STS_MF intServ="EEMSIIB_GPSCSP_COMMON" env="test-charlie" override="GPSCSP_UpdateProc_FL_STS_MF_Compute.dataSource">E3CSP_DB</com.eems.gpscsp.updateprocflsts.GPSCSP_UpdateProc_FL_STS_MF>
<com.eems.gpscsp.updateprocflsts.GPSCSP_UpdateProc_FL_STS_MF intServ="EEMSIIB_GPSCSP_COMMON" env="test-charlie" override="GPSCSP_UpdateProc_FL_STS_MF_Exception.dataSource">E3CSP_DB</com.eems.gpscsp.updateprocflsts.GPSCSP_UpdateProc_FL_STS_MF>
<com.eems.gpscsp.updateprocflsts.GPSCSP_UpdateProc_FL_STS_MF intServ="EEMSIIB_GPSCSP_COMMON" env="test-charlie" override="Common_AuditInMessage_SF.queueName">EEMSIIB.GPSCSP_COMMON_AUDITMESSAGE_DATA</com.eems.gpscsp.updateprocflsts.GPSCSP_UpdateProc_FL_STS_MF>
<com.eems.gpscsp.updateprocflsts.GPSCSP_UpdateProc_FL_STS_MF intServ="EEMSIIB_GPSCSP_COMMON" env="test-charlie" override="EEMSIIB.ERRORMESSAGE.DATA.queueName">EEMSIIB.GPSCSP_ERRORMESSAGE_DATA</com.eems.gpscsp.updateprocflsts.GPSCSP_UpdateProc_FL_STS_MF>


<!--UAT-->
<com.eems.gpscsp.updateprocflsts.GPSCSP_UpdateProc_FL_STS_MF intServ="EEMSIIB_GPSCSP_COMMON" env="uat" override="cMapNameReq">GPSCSP_Common_Map</com.eems.gpscsp.updateprocflsts.GPSCSP_UpdateProc_FL_STS_MF>
<com.eems.gpscsp.updateprocflsts.GPSCSP_UpdateProc_FL_STS_MF intServ="EEMSIIB_GPSCSP_COMMON" env="uat" override="BECode">700</com.eems.gpscsp.updateprocflsts.GPSCSP_UpdateProc_FL_STS_MF>
<com.eems.gpscsp.updateprocflsts.GPSCSP_UpdateProc_FL_STS_MF intServ="EEMSIIB_GPSCSP_COMMON" env="uat" override="ProjNumber">2</com.eems.gpscsp.updateprocflsts.GPSCSP_UpdateProc_FL_STS_MF>
<com.eems.gpscsp.updateprocflsts.GPSCSP_UpdateProc_FL_STS_MF intServ="EEMSIIB_GPSCSP_COMMON" env="uat" override="BrkConfigKey">BRK_CONFIG</com.eems.gpscsp.updateprocflsts.GPSCSP_UpdateProc_FL_STS_MF>
<com.eems.gpscsp.updateprocflsts.GPSCSP_UpdateProc_FL_STS_MF intServ="EEMSIIB_GPSCSP_COMMON" env="uat" override="varGCMapName">GPSCSP_Common_Map</com.eems.gpscsp.updateprocflsts.GPSCSP_UpdateProc_FL_STS_MF>
<com.eems.gpscsp.updateprocflsts.GPSCSP_UpdateProc_FL_STS_MF intServ="EEMSIIB_GPSCSP_COMMON" env="uat" override="schemaName">ELECELIG</com.eems.gpscsp.updateprocflsts.GPSCSP_UpdateProc_FL_STS_MF>
<com.eems.gpscsp.updateprocflsts.GPSCSP_UpdateProc_FL_STS_MF intServ="EEMSIIB_GPSCSP_COMMON" env="uat" override="BROKER_LIST">BKMBRA11</com.eems.gpscsp.updateprocflsts.GPSCSP_UpdateProc_FL_STS_MF>
<com.eems.gpscsp.updateprocflsts.GPSCSP_UpdateProc_FL_STS_MF intServ="EEMSIIB_GPSCSP_COMMON" env="uat" override="GPSCSP_UpdateProc_fl_sts_IN.queueName">EEMSIIB.GPSCSP_PROC_FL_STS_EVENT_IN</com.eems.gpscsp.updateprocflsts.GPSCSP_UpdateProc_FL_STS_MF>
<com.eems.gpscsp.updateprocflsts.GPSCSP_UpdateProc_FL_STS_MF intServ="EEMSIIB_GPSCSP_COMMON" env="uat" override="GPSCSP_UpdateProc_fl_sts_IN.componentLevel">node</com.eems.gpscsp.updateprocflsts.GPSCSP_UpdateProc_FL_STS_MF>
<com.eems.gpscsp.updateprocflsts.GPSCSP_UpdateProc_FL_STS_MF intServ="EEMSIIB_GPSCSP_COMMON" env="uat" override="GPSCSP_UpdateProc_fl_sts_IN.additionalInstances">10</com.eems.gpscsp.updateprocflsts.GPSCSP_UpdateProc_FL_STS_MF>
<com.eems.gpscsp.updateprocflsts.GPSCSP_UpdateProc_FL_STS_MF intServ="EEMSIIB_GPSCSP_COMMON" env="uat" override="GPSCSP_UpdateProc_FL_STS_MF_Compute.dataSource">E3CSP_DB</com.eems.gpscsp.updateprocflsts.GPSCSP_UpdateProc_FL_STS_MF>
<com.eems.gpscsp.updateprocflsts.GPSCSP_UpdateProc_FL_STS_MF intServ="EEMSIIB_GPSCSP_COMMON" env="uat" override="GPSCSP_UpdateProc_FL_STS_MF_Exception.dataSource">E3CSP_DB</com.eems.gpscsp.updateprocflsts.GPSCSP_UpdateProc_FL_STS_MF>
<com.eems.gpscsp.updateprocflsts.GPSCSP_UpdateProc_FL_STS_MF intServ="EEMSIIB_GPSCSP_COMMON" env="uat" override="Common_AuditInMessage_SF.queueName">EEMSIIB.GPSCSP_COMMON_AUDITMESSAGE_DATA</com.eems.gpscsp.updateprocflsts.GPSCSP_UpdateProc_FL_STS_MF>
<com.eems.gpscsp.updateprocflsts.GPSCSP_UpdateProc_FL_STS_MF intServ="EEMSIIB_GPSCSP_COMMON" env="uat" override="EEMSIIB.ERRORMESSAGE.DATA.queueName">EEMSIIB.GPSCSP_ERRORMESSAGE_DATA</com.eems.gpscsp.updateprocflsts.GPSCSP_UpdateProc_FL_STS_MF>


<!--UAT Charlie-->
<com.eems.gpscsp.updateprocflsts.GPSCSP_UpdateProc_FL_STS_MF intServ="EEMSIIB_GPSCSP_COMMON" env="uat-charlie" override="cMapNameReq">GPSCSP_Common_Map</com.eems.gpscsp.updateprocflsts.GPSCSP_UpdateProc_FL_STS_MF>
<com.eems.gpscsp.updateprocflsts.GPSCSP_UpdateProc_FL_STS_MF intServ="EEMSIIB_GPSCSP_COMMON" env="uat-charlie" override="BECode">700</com.eems.gpscsp.updateprocflsts.GPSCSP_UpdateProc_FL_STS_MF>
<com.eems.gpscsp.updateprocflsts.GPSCSP_UpdateProc_FL_STS_MF intServ="EEMSIIB_GPSCSP_COMMON" env="uat-charlie" override="ProjNumber">2</com.eems.gpscsp.updateprocflsts.GPSCSP_UpdateProc_FL_STS_MF>
<com.eems.gpscsp.updateprocflsts.GPSCSP_UpdateProc_FL_STS_MF intServ="EEMSIIB_GPSCSP_COMMON" env="uat-charlie" override="BrkConfigKey">BRK_CONFIG</com.eems.gpscsp.updateprocflsts.GPSCSP_UpdateProc_FL_STS_MF>
<com.eems.gpscsp.updateprocflsts.GPSCSP_UpdateProc_FL_STS_MF intServ="EEMSIIB_GPSCSP_COMMON" env="uat-charlie" override="varGCMapName">GPSCSP_Common_Map</com.eems.gpscsp.updateprocflsts.GPSCSP_UpdateProc_FL_STS_MF>
<com.eems.gpscsp.updateprocflsts.GPSCSP_UpdateProc_FL_STS_MF intServ="EEMSIIB_GPSCSP_COMMON" env="uat-charlie" override="schemaName">ELECELIG</com.eems.gpscsp.updateprocflsts.GPSCSP_UpdateProc_FL_STS_MF>
<com.eems.gpscsp.updateprocflsts.GPSCSP_UpdateProc_FL_STS_MF intServ="EEMSIIB_GPSCSP_COMMON" env="uat-charlie" override="BROKER_LIST">BKMBRC12</com.eems.gpscsp.updateprocflsts.GPSCSP_UpdateProc_FL_STS_MF>
<com.eems.gpscsp.updateprocflsts.GPSCSP_UpdateProc_FL_STS_MF intServ="EEMSIIB_GPSCSP_COMMON" env="uat-charlie" override="GPSCSP_UpdateProc_fl_sts_IN.queueName">EEMSIIB.GPSCSP_PROC_FL_STS_EVENT_IN</com.eems.gpscsp.updateprocflsts.GPSCSP_UpdateProc_FL_STS_MF>
<com.eems.gpscsp.updateprocflsts.GPSCSP_UpdateProc_FL_STS_MF intServ="EEMSIIB_GPSCSP_COMMON" env="uat-charlie" override="GPSCSP_UpdateProc_fl_sts_IN.componentLevel">node</com.eems.gpscsp.updateprocflsts.GPSCSP_UpdateProc_FL_STS_MF>
<com.eems.gpscsp.updateprocflsts.GPSCSP_UpdateProc_FL_STS_MF intServ="EEMSIIB_GPSCSP_COMMON" env="uat-charlie" override="GPSCSP_UpdateProc_fl_sts_IN.additionalInstances">10</com.eems.gpscsp.updateprocflsts.GPSCSP_UpdateProc_FL_STS_MF>
<com.eems.gpscsp.updateprocflsts.GPSCSP_UpdateProc_FL_STS_MF intServ="EEMSIIB_GPSCSP_COMMON" env="uat-charlie" override="GPSCSP_UpdateProc_FL_STS_MF_Compute.dataSource">E3CSP_DB</com.eems.gpscsp.updateprocflsts.GPSCSP_UpdateProc_FL_STS_MF>
<com.eems.gpscsp.updateprocflsts.GPSCSP_UpdateProc_FL_STS_MF intServ="EEMSIIB_GPSCSP_COMMON" env="uat-charlie" override="GPSCSP_UpdateProc_FL_STS_MF_Exception.dataSource">E3CSP_DB</com.eems.gpscsp.updateprocflsts.GPSCSP_UpdateProc_FL_STS_MF>
<com.eems.gpscsp.updateprocflsts.GPSCSP_UpdateProc_FL_STS_MF intServ="EEMSIIB_GPSCSP_COMMON" env="uat-charlie" override="Common_AuditInMessage_SF.queueName">EEMSIIB.GPSCSP_COMMON_AUDITMESSAGE_DATA</com.eems.gpscsp.updateprocflsts.GPSCSP_UpdateProc_FL_STS_MF>
<com.eems.gpscsp.updateprocflsts.GPSCSP_UpdateProc_FL_STS_MF intServ="EEMSIIB_GPSCSP_COMMON" env="uat-charlie" override="EEMSIIB.ERRORMESSAGE.DATA.queueName">EEMSIIB.GPSCSP_ERRORMESSAGE_DATA</com.eems.gpscsp.updateprocflsts.GPSCSP_UpdateProc_FL_STS_MF>


<!--STAGE-->

<com.eems.gpscsp.updateprocflsts.GPSCSP_UpdateProc_FL_STS_MF intServ="EEMSIIB_GPSCSP_COMMON" env="stage" override="cMapNameReq">GPSCSP_Common_Map</com.eems.gpscsp.updateprocflsts.GPSCSP_UpdateProc_FL_STS_MF>
<com.eems.gpscsp.updateprocflsts.GPSCSP_UpdateProc_FL_STS_MF intServ="EEMSIIB_GPSCSP_COMMON" env="stage" override="BECode">700</com.eems.gpscsp.updateprocflsts.GPSCSP_UpdateProc_FL_STS_MF>
<com.eems.gpscsp.updateprocflsts.GPSCSP_UpdateProc_FL_STS_MF intServ="EEMSIIB_GPSCSP_COMMON" env="stage" override="ProjNumber">2</com.eems.gpscsp.updateprocflsts.GPSCSP_UpdateProc_FL_STS_MF>
<com.eems.gpscsp.updateprocflsts.GPSCSP_UpdateProc_FL_STS_MF intServ="EEMSIIB_GPSCSP_COMMON" env="stage" override="BrkConfigKey">BRK_CONFIG</com.eems.gpscsp.updateprocflsts.GPSCSP_UpdateProc_FL_STS_MF>
<com.eems.gpscsp.updateprocflsts.GPSCSP_UpdateProc_FL_STS_MF intServ="EEMSIIB_GPSCSP_COMMON" env="stage" override="varGCMapName">GPSCSP_Common_Map</com.eems.gpscsp.updateprocflsts.GPSCSP_UpdateProc_FL_STS_MF>
<com.eems.gpscsp.updateprocflsts.GPSCSP_UpdateProc_FL_STS_MF intServ="EEMSIIB_GPSCSP_COMMON" env="stage" override="schemaName">ELECELIG</com.eems.gpscsp.updateprocflsts.GPSCSP_UpdateProc_FL_STS_MF>
<com.eems.gpscsp.updateprocflsts.GPSCSP_UpdateProc_FL_STS_MF intServ="EEMSIIB_GPSCSP_COMMON" env="stage" override="BROKER_LIST">BKMBC13_BKMBC14</com.eems.gpscsp.updateprocflsts.GPSCSP_UpdateProc_FL_STS_MF>
<com.eems.gpscsp.updateprocflsts.GPSCSP_UpdateProc_FL_STS_MF intServ="EEMSIIB_GPSCSP_COMMON" env="stage" override="GPSCSP_UpdateProc_fl_sts_IN.queueName">EEMSIIB.GPSCSP_PROC_FL_STS_EVENT_IN</com.eems.gpscsp.updateprocflsts.GPSCSP_UpdateProc_FL_STS_MF>
<com.eems.gpscsp.updateprocflsts.GPSCSP_UpdateProc_FL_STS_MF intServ="EEMSIIB_GPSCSP_COMMON" env="stage" override="GPSCSP_UpdateProc_fl_sts_IN.componentLevel">node</com.eems.gpscsp.updateprocflsts.GPSCSP_UpdateProc_FL_STS_MF>
<com.eems.gpscsp.updateprocflsts.GPSCSP_UpdateProc_FL_STS_MF intServ="EEMSIIB_GPSCSP_COMMON" env="stage" override="GPSCSP_UpdateProc_fl_sts_IN.additionalInstances">10</com.eems.gpscsp.updateprocflsts.GPSCSP_UpdateProc_FL_STS_MF>
<com.eems.gpscsp.updateprocflsts.GPSCSP_UpdateProc_FL_STS_MF intServ="EEMSIIB_GPSCSP_COMMON" env="stage" override="GPSCSP_UpdateProc_FL_STS_MF_Compute.dataSource">E3CSP_DB</com.eems.gpscsp.updateprocflsts.GPSCSP_UpdateProc_FL_STS_MF>
<com.eems.gpscsp.updateprocflsts.GPSCSP_UpdateProc_FL_STS_MF intServ="EEMSIIB_GPSCSP_COMMON" env="stage" override="GPSCSP_UpdateProc_FL_STS_MF_Exception.dataSource">E3CSP_DB</com.eems.gpscsp.updateprocflsts.GPSCSP_UpdateProc_FL_STS_MF>
<com.eems.gpscsp.updateprocflsts.GPSCSP_UpdateProc_FL_STS_MF intServ="EEMSIIB_GPSCSP_COMMON" env="stage" override="Common_AuditInMessage_SF.queueName">EEMSIIB.GPSCSP_COMMON_AUDITMESSAGE_DATA</com.eems.gpscsp.updateprocflsts.GPSCSP_UpdateProc_FL_STS_MF>
<com.eems.gpscsp.updateprocflsts.GPSCSP_UpdateProc_FL_STS_MF intServ="EEMSIIB_GPSCSP_COMMON" env="stage" override="EEMSIIB.ERRORMESSAGE.DATA.queueName">EEMSIIB.GPSCSP_ERRORMESSAGE_DATA</com.eems.gpscsp.updateprocflsts.GPSCSP_UpdateProc_FL_STS_MF>


<!--ADOPT-->

<com.eems.gpscsp.updateprocflsts.GPSCSP_UpdateProc_FL_STS_MF intServ="EEMSIIB_GPSCSP_COMMON" env="adopt" override="cMapNameReq">GPSCSP_Common_Map</com.eems.gpscsp.updateprocflsts.GPSCSP_UpdateProc_FL_STS_MF>
<com.eems.gpscsp.updateprocflsts.GPSCSP_UpdateProc_FL_STS_MF intServ="EEMSIIB_GPSCSP_COMMON" env="adopt" override="BECode">700</com.eems.gpscsp.updateprocflsts.GPSCSP_UpdateProc_FL_STS_MF>
<com.eems.gpscsp.updateprocflsts.GPSCSP_UpdateProc_FL_STS_MF intServ="EEMSIIB_GPSCSP_COMMON" env="adopt" override="ProjNumber">2</com.eems.gpscsp.updateprocflsts.GPSCSP_UpdateProc_FL_STS_MF>
<com.eems.gpscsp.updateprocflsts.GPSCSP_UpdateProc_FL_STS_MF intServ="EEMSIIB_GPSCSP_COMMON" env="adopt" override="BrkConfigKey">BRK_CONFIG</com.eems.gpscsp.updateprocflsts.GPSCSP_UpdateProc_FL_STS_MF>
<com.eems.gpscsp.updateprocflsts.GPSCSP_UpdateProc_FL_STS_MF intServ="EEMSIIB_GPSCSP_COMMON" env="adopt" override="varGCMapName">GPSCSP_Common_Map</com.eems.gpscsp.updateprocflsts.GPSCSP_UpdateProc_FL_STS_MF>
<com.eems.gpscsp.updateprocflsts.GPSCSP_UpdateProc_FL_STS_MF intServ="EEMSIIB_GPSCSP_COMMON" env="adopt" override="schemaName">ELECELIG</com.eems.gpscsp.updateprocflsts.GPSCSP_UpdateProc_FL_STS_MF>
<com.eems.gpscsp.updateprocflsts.GPSCSP_UpdateProc_FL_STS_MF intServ="EEMSIIB_GPSCSP_COMMON" env="adopt" override="BROKER_LIST">BKMBPD07_BKMBPD08</com.eems.gpscsp.updateprocflsts.GPSCSP_UpdateProc_FL_STS_MF>
<com.eems.gpscsp.updateprocflsts.GPSCSP_UpdateProc_FL_STS_MF intServ="EEMSIIB_GPSCSP_COMMON" env="adopt" override="GPSCSP_UpdateProc_fl_sts_IN.queueName">EEMSIIB.ADP.GPSCSP_PROC_FL_STS_EVENT_IN</com.eems.gpscsp.updateprocflsts.GPSCSP_UpdateProc_FL_STS_MF>
<com.eems.gpscsp.updateprocflsts.GPSCSP_UpdateProc_FL_STS_MF intServ="EEMSIIB_GPSCSP_COMMON" env="adopt" override="GPSCSP_UpdateProc_fl_sts_IN.componentLevel">node</com.eems.gpscsp.updateprocflsts.GPSCSP_UpdateProc_FL_STS_MF>
<com.eems.gpscsp.updateprocflsts.GPSCSP_UpdateProc_FL_STS_MF intServ="EEMSIIB_GPSCSP_COMMON" env="adopt" override="GPSCSP_UpdateProc_fl_sts_IN.additionalInstances">10</com.eems.gpscsp.updateprocflsts.GPSCSP_UpdateProc_FL_STS_MF>
<com.eems.gpscsp.updateprocflsts.GPSCSP_UpdateProc_FL_STS_MF intServ="EEMSIIB_GPSCSP_COMMON" env="adopt" override="GPSCSP_UpdateProc_FL_STS_MF_Compute.dataSource">E3CSP_DB</com.eems.gpscsp.updateprocflsts.GPSCSP_UpdateProc_FL_STS_MF>
<com.eems.gpscsp.updateprocflsts.GPSCSP_UpdateProc_FL_STS_MF intServ="EEMSIIB_GPSCSP_COMMON" env="adopt" override="GPSCSP_UpdateProc_FL_STS_MF_Exception.dataSource">E3CSP_DB</com.eems.gpscsp.updateprocflsts.GPSCSP_UpdateProc_FL_STS_MF>
<com.eems.gpscsp.updateprocflsts.GPSCSP_UpdateProc_FL_STS_MF intServ="EEMSIIB_GPSCSP_COMMON" env="adopt" override="Common_AuditInMessage_SF.queueName">EEMSIIB.ADP.GPSCSP_COMMON_AUDITMESSAGE_DATA</com.eems.gpscsp.updateprocflsts.GPSCSP_UpdateProc_FL_STS_MF>
<com.eems.gpscsp.updateprocflsts.GPSCSP_UpdateProc_FL_STS_MF intServ="EEMSIIB_GPSCSP_COMMON" env="adopt" override="EEMSIIB.ERRORMESSAGE.DATA.queueName">EEMSIIB.ADP.GPSCSP_ERRORMESSAGE_DATA</com.eems.gpscsp.updateprocflsts.GPSCSP_UpdateProc_FL_STS_MF>


<!--PROD-->
<com.eems.gpscsp.updateprocflsts.GPSCSP_UpdateProc_FL_STS_MF intServ="EEMSIIB_GPSCSP_COMMON" env="prod" override="cMapNameReq">GPSCSP_Common_Map</com.eems.gpscsp.updateprocflsts.GPSCSP_UpdateProc_FL_STS_MF>
<com.eems.gpscsp.updateprocflsts.GPSCSP_UpdateProc_FL_STS_MF intServ="EEMSIIB_GPSCSP_COMMON" env="prod" override="BECode">700</com.eems.gpscsp.updateprocflsts.GPSCSP_UpdateProc_FL_STS_MF>
<com.eems.gpscsp.updateprocflsts.GPSCSP_UpdateProc_FL_STS_MF intServ="EEMSIIB_GPSCSP_COMMON" env="prod" override="ProjNumber">2</com.eems.gpscsp.updateprocflsts.GPSCSP_UpdateProc_FL_STS_MF>
<com.eems.gpscsp.updateprocflsts.GPSCSP_UpdateProc_FL_STS_MF intServ="EEMSIIB_GPSCSP_COMMON" env="prod" override="BrkConfigKey">BRK_CONFIG</com.eems.gpscsp.updateprocflsts.GPSCSP_UpdateProc_FL_STS_MF>
<com.eems.gpscsp.updateprocflsts.GPSCSP_UpdateProc_FL_STS_MF intServ="EEMSIIB_GPSCSP_COMMON" env="prod" override="varGCMapName">GPSCSP_Common_Map</com.eems.gpscsp.updateprocflsts.GPSCSP_UpdateProc_FL_STS_MF>
<com.eems.gpscsp.updateprocflsts.GPSCSP_UpdateProc_FL_STS_MF intServ="EEMSIIB_GPSCSP_COMMON" env="prod" override="schemaName">ELECELIG</com.eems.gpscsp.updateprocflsts.GPSCSP_UpdateProc_FL_STS_MF>
<com.eems.gpscsp.updateprocflsts.GPSCSP_UpdateProc_FL_STS_MF intServ="EEMSIIB_GPSCSP_COMMON" env="prod" override="BROKER_LIST">BKMBPD11_BKMBPD12</com.eems.gpscsp.updateprocflsts.GPSCSP_UpdateProc_FL_STS_MF>
<com.eems.gpscsp.updateprocflsts.GPSCSP_UpdateProc_FL_STS_MF intServ="EEMSIIB_GPSCSP_COMMON" env="prod" override="GPSCSP_UpdateProc_fl_sts_IN.queueName">EEMSIIB.GPSCSP_PROC_FL_STS_EVENT_IN</com.eems.gpscsp.updateprocflsts.GPSCSP_UpdateProc_FL_STS_MF>
<com.eems.gpscsp.updateprocflsts.GPSCSP_UpdateProc_FL_STS_MF intServ="EEMSIIB_GPSCSP_COMMON" env="prod" override="GPSCSP_UpdateProc_fl_sts_IN.componentLevel">node</com.eems.gpscsp.updateprocflsts.GPSCSP_UpdateProc_FL_STS_MF>
<com.eems.gpscsp.updateprocflsts.GPSCSP_UpdateProc_FL_STS_MF intServ="EEMSIIB_GPSCSP_COMMON" env="prod" override="GPSCSP_UpdateProc_fl_sts_IN.additionalInstances">10</com.eems.gpscsp.updateprocflsts.GPSCSP_UpdateProc_FL_STS_MF>
<com.eems.gpscsp.updateprocflsts.GPSCSP_UpdateProc_FL_STS_MF intServ="EEMSIIB_GPSCSP_COMMON" env="prod" override="GPSCSP_UpdateProc_FL_STS_MF_Compute.dataSource">E3CSP_DB</com.eems.gpscsp.updateprocflsts.GPSCSP_UpdateProc_FL_STS_MF>
<com.eems.gpscsp.updateprocflsts.GPSCSP_UpdateProc_FL_STS_MF intServ="EEMSIIB_GPSCSP_COMMON" env="prod" override="GPSCSP_UpdateProc_FL_STS_MF_Exception.dataSource">E3CSP_DB</com.eems.gpscsp.updateprocflsts.GPSCSP_UpdateProc_FL_STS_MF>
<com.eems.gpscsp.updateprocflsts.GPSCSP_UpdateProc_FL_STS_MF intServ="EEMSIIB_GPSCSP_COMMON" env="prod" override="Common_AuditInMessage_SF.queueName">EEMSIIB.GPSCSP_COMMON_AUDITMESSAGE_DATA</com.eems.gpscsp.updateprocflsts.GPSCSP_UpdateProc_FL_STS_MF>
<com.eems.gpscsp.updateprocflsts.GPSCSP_UpdateProc_FL_STS_MF intServ="EEMSIIB_GPSCSP_COMMON" env="prod" override="EEMSIIB.ERRORMESSAGE.DATA.queueName">EEMSIIB.GPSCSP_ERRORMESSAGE_DATA</com.eems.gpscsp.updateprocflsts.GPSCSP_UpdateProc_FL_STS_MF>


</Broker>