<?xml version="1.0" encoding="UTF-8" ?> 
<Broker>
<!--DEV-->

<com.eems.sourceupdate.GPS_Update_WS_Transformation_MF intServ="EEMSIIB_GPS_SRC_UPDATE" env="dev" override="additionalInstances">10</com.eems.sourceupdate.GPS_Update_WS_Transformation_MF>
<com.eems.sourceupdate.GPS_Update_WS_Transformation_MF intServ="EEMSIIB_GPS_SRC_UPDATE" env="dev" override="BrkConfigKey_Trans">BRK_CONFIG</com.eems.sourceupdate.GPS_Update_WS_Transformation_MF>
<com.eems.sourceupdate.GPS_Update_WS_Transformation_MF intServ="EEMSIIB_GPS_SRC_UPDATE" env="dev" override="SchemaName_Trans">ELECELIG</com.eems.sourceupdate.GPS_Update_WS_Transformation_MF>
<com.eems.sourceupdate.GPS_Update_WS_Transformation_MF intServ="EEMSIIB_GPS_SRC_UPDATE" env="dev" override="varGCMapName_Trans">GPS_Common_Map</com.eems.sourceupdate.GPS_Update_WS_Transformation_MF>
<com.eems.sourceupdate.GPS_Update_WS_Transformation_MF intServ="EEMSIIB_GPS_SRC_UPDATE" env="dev" override="AuditQName">EEMSIIB.GPS_COMMON_AUDITMESSAGE_DATA</com.eems.sourceupdate.GPS_Update_WS_Transformation_MF>
<com.eems.sourceupdate.GPS_Update_WS_Transformation_MF intServ="EEMSIIB_GPS_SRC_UPDATE" env="dev" override="BECode">600</com.eems.sourceupdate.GPS_Update_WS_Transformation_MF>
<com.eems.sourceupdate.GPS_Update_WS_Transformation_MF intServ="EEMSIIB_GPS_SRC_UPDATE" env="dev" override="ProjNumber">3</com.eems.sourceupdate.GPS_Update_WS_Transformation_MF>
<com.eems.sourceupdate.GPS_Update_WS_Transformation_MF intServ="EEMSIIB_GPS_SRC_UPDATE" env="dev" override="Read_.gpsdone_In.inputDirectory">/eems/iib/be085/exchange/gw</com.eems.sourceupdate.GPS_Update_WS_Transformation_MF>
<com.eems.sourceupdate.GPS_Update_WS_Transformation_MF intServ="EEMSIIB_GPS_SRC_UPDATE" env="dev" override="Read_.gpsdone_In.filenamePattern">*.gpsdone</com.eems.sourceupdate.GPS_Update_WS_Transformation_MF>
<com.eems.sourceupdate.GPS_Update_WS_Transformation_MF intServ="EEMSIIB_GPS_SRC_UPDATE" env="dev" override="GPS_Update_Transformation.dataSource">EEMS_DB</com.eems.sourceupdate.GPS_Update_WS_Transformation_MF>
<com.eems.sourceupdate.GPS_Update_WS_Transformation_MF intServ="EEMSIIB_GPS_SRC_UPDATE" env="dev" override="EEMSIIB.GPS_UPDATE_REQUEST_DATA.queueName">EEMSIIB.GPS_UPDATE_RESP_IN</com.eems.sourceupdate.GPS_Update_WS_Transformation_MF>
<com.eems.sourceupdate.GPS_Update_WS_Transformation_MF intServ="EEMSIIB_GPS_SRC_UPDATE" env="dev" override="EEMSIIB.ERRORMESSAGE_DATA.queueName">EEMSIIB.GPS_ERRORMESSAGE_DATA</com.eems.sourceupdate.GPS_Update_WS_Transformation_MF>
<com.eems.sourceupdate.GPS_Update_WS_Transformation_MF intServ="EEMSIIB_GPS_SRC_UPDATE" env="dev" override="GPS_Update_Fail.dataSource">EEMS_DB</com.eems.sourceupdate.GPS_Update_WS_Transformation_MF>
<com.eems.sourceupdate.GPS_Update_WS_Transformation_MF intServ="EEMSIIB_GPS_SRC_UPDATE" env="dev" override="OutFile_To_GPS.outputDirectory">/eems/iib/outbound/GPS/daily</com.eems.sourceupdate.GPS_Update_WS_Transformation_MF>
<com.eems.sourceupdate.GPS_Update_WS_Transformation_MF intServ="EEMSIIB_GPS_SRC_UPDATE" env="dev" override="OutFile_To_GPS.outputFilename">*</com.eems.sourceupdate.GPS_Update_WS_Transformation_MF>

<!--SIT-->
<com.eems.sourceupdate.GPS_Update_WS_Transformation_MF intServ="EEMSIIB_GPS_SRC_UPDATE" env="test" override="additionalInstances">10</com.eems.sourceupdate.GPS_Update_WS_Transformation_MF>
<com.eems.sourceupdate.GPS_Update_WS_Transformation_MF intServ="EEMSIIB_GPS_SRC_UPDATE" env="test" override="BrkConfigKey_Trans">BRK_CONFIG</com.eems.sourceupdate.GPS_Update_WS_Transformation_MF>
<com.eems.sourceupdate.GPS_Update_WS_Transformation_MF intServ="EEMSIIB_GPS_SRC_UPDATE" env="test" override="SchemaName_Trans">ELECELIG</com.eems.sourceupdate.GPS_Update_WS_Transformation_MF>
<com.eems.sourceupdate.GPS_Update_WS_Transformation_MF intServ="EEMSIIB_GPS_SRC_UPDATE" env="test" override="varGCMapName_Trans">GPS_Common_Map</com.eems.sourceupdate.GPS_Update_WS_Transformation_MF>
<com.eems.sourceupdate.GPS_Update_WS_Transformation_MF intServ="EEMSIIB_GPS_SRC_UPDATE" env="test" override="AuditQName">EEMSIIB.GPS_COMMON_AUDITMESSAGE_DATA</com.eems.sourceupdate.GPS_Update_WS_Transformation_MF>
<com.eems.sourceupdate.GPS_Update_WS_Transformation_MF intServ="EEMSIIB_GPS_SRC_UPDATE" env="test" override="BECode">600</com.eems.sourceupdate.GPS_Update_WS_Transformation_MF>
<com.eems.sourceupdate.GPS_Update_WS_Transformation_MF intServ="EEMSIIB_GPS_SRC_UPDATE" env="test" override="ProjNumber">3</com.eems.sourceupdate.GPS_Update_WS_Transformation_MF>
<com.eems.sourceupdate.GPS_Update_WS_Transformation_MF intServ="EEMSIIB_GPS_SRC_UPDATE" env="test" override="Read_.gpsdone_In.inputDirectory">/eems/iib/be085/exchange/gw</com.eems.sourceupdate.GPS_Update_WS_Transformation_MF>
<com.eems.sourceupdate.GPS_Update_WS_Transformation_MF intServ="EEMSIIB_GPS_SRC_UPDATE" env="test" override="Read_.gpsdone_In.filenamePattern">*.gpsdone</com.eems.sourceupdate.GPS_Update_WS_Transformation_MF>
<com.eems.sourceupdate.GPS_Update_WS_Transformation_MF intServ="EEMSIIB_GPS_SRC_UPDATE" env="test" override="GPS_Update_Transformation.dataSource">EEMS_DB</com.eems.sourceupdate.GPS_Update_WS_Transformation_MF>
<com.eems.sourceupdate.GPS_Update_WS_Transformation_MF intServ="EEMSIIB_GPS_SRC_UPDATE" env="test" override="EEMSIIB.GPS_UPDATE_REQUEST_DATA.queueName">EEMSIIB.GPS_UPDATE_RESP_IN</com.eems.sourceupdate.GPS_Update_WS_Transformation_MF>
<com.eems.sourceupdate.GPS_Update_WS_Transformation_MF intServ="EEMSIIB_GPS_SRC_UPDATE" env="test" override="EEMSIIB.ERRORMESSAGE_DATA.queueName">EEMSIIB.GPS_ERRORMESSAGE_DATA</com.eems.sourceupdate.GPS_Update_WS_Transformation_MF>
<com.eems.sourceupdate.GPS_Update_WS_Transformation_MF intServ="EEMSIIB_GPS_SRC_UPDATE" env="test" override="GPS_Update_Fail.dataSource">EEMS_DB</com.eems.sourceupdate.GPS_Update_WS_Transformation_MF>
<com.eems.sourceupdate.GPS_Update_WS_Transformation_MF intServ="EEMSIIB_GPS_SRC_UPDATE" env="test" override="OutFile_To_GPS.outputDirectory">/eems/iib/outbound/GPS/daily</com.eems.sourceupdate.GPS_Update_WS_Transformation_MF>
<com.eems.sourceupdate.GPS_Update_WS_Transformation_MF intServ="EEMSIIB_GPS_SRC_UPDATE" env="test" override="OutFile_To_GPS.outputFilename">*</com.eems.sourceupdate.GPS_Update_WS_Transformation_MF>

<!--SIT-Bravo-->
<com.eems.sourceupdate.GPS_Update_WS_Transformation_MF intServ="EEMSIIB_GPS_SRC_UPDATE" env="test2" override="additionalInstances">10</com.eems.sourceupdate.GPS_Update_WS_Transformation_MF>
<com.eems.sourceupdate.GPS_Update_WS_Transformation_MF intServ="EEMSIIB_GPS_SRC_UPDATE" env="test2" override="BrkConfigKey_Trans">BRK_CONFIG</com.eems.sourceupdate.GPS_Update_WS_Transformation_MF>
<com.eems.sourceupdate.GPS_Update_WS_Transformation_MF intServ="EEMSIIB_GPS_SRC_UPDATE" env="test2" override="SchemaName_Trans">ELECELIG</com.eems.sourceupdate.GPS_Update_WS_Transformation_MF>
<com.eems.sourceupdate.GPS_Update_WS_Transformation_MF intServ="EEMSIIB_GPS_SRC_UPDATE" env="test2" override="varGCMapName_Trans">GPS_Common_Map</com.eems.sourceupdate.GPS_Update_WS_Transformation_MF>
<com.eems.sourceupdate.GPS_Update_WS_Transformation_MF intServ="EEMSIIB_GPS_SRC_UPDATE" env="test2" override="AuditQName">EEMSIIB.GPS_COMMON_AUDITMESSAGE_DATA</com.eems.sourceupdate.GPS_Update_WS_Transformation_MF>
<com.eems.sourceupdate.GPS_Update_WS_Transformation_MF intServ="EEMSIIB_GPS_SRC_UPDATE" env="test2" override="BECode">600</com.eems.sourceupdate.GPS_Update_WS_Transformation_MF>
<com.eems.sourceupdate.GPS_Update_WS_Transformation_MF intServ="EEMSIIB_GPS_SRC_UPDATE" env="test2" override="ProjNumber">3</com.eems.sourceupdate.GPS_Update_WS_Transformation_MF>
<com.eems.sourceupdate.GPS_Update_WS_Transformation_MF intServ="EEMSIIB_GPS_SRC_UPDATE" env="test2" override="Read_.gpsdone_In.inputDirectory">/eems/iib/be085/exchange/gw</com.eems.sourceupdate.GPS_Update_WS_Transformation_MF>
<com.eems.sourceupdate.GPS_Update_WS_Transformation_MF intServ="EEMSIIB_GPS_SRC_UPDATE" env="test2" override="Read_.gpsdone_In.filenamePattern">*.gpsdone</com.eems.sourceupdate.GPS_Update_WS_Transformation_MF>
<com.eems.sourceupdate.GPS_Update_WS_Transformation_MF intServ="EEMSIIB_GPS_SRC_UPDATE" env="test2" override="GPS_Update_Transformation.dataSource">EEMS_DB</com.eems.sourceupdate.GPS_Update_WS_Transformation_MF>
<com.eems.sourceupdate.GPS_Update_WS_Transformation_MF intServ="EEMSIIB_GPS_SRC_UPDATE" env="test2" override="EEMSIIB.GPS_UPDATE_REQUEST_DATA.queueName">EEMSIIB.GPS_UPDATE_RESP_IN</com.eems.sourceupdate.GPS_Update_WS_Transformation_MF>
<com.eems.sourceupdate.GPS_Update_WS_Transformation_MF intServ="EEMSIIB_GPS_SRC_UPDATE" env="test2" override="EEMSIIB.ERRORMESSAGE_DATA.queueName">EEMSIIB.GPS_ERRORMESSAGE_DATA</com.eems.sourceupdate.GPS_Update_WS_Transformation_MF>
<com.eems.sourceupdate.GPS_Update_WS_Transformation_MF intServ="EEMSIIB_GPS_SRC_UPDATE" env="test2" override="GPS_Update_Fail.dataSource">EEMS_DB</com.eems.sourceupdate.GPS_Update_WS_Transformation_MF>
<com.eems.sourceupdate.GPS_Update_WS_Transformation_MF intServ="EEMSIIB_GPS_SRC_UPDATE" env="test2" override="OutFile_To_GPS.outputDirectory">/eems/iib/outbound/GPS/daily</com.eems.sourceupdate.GPS_Update_WS_Transformation_MF>
<com.eems.sourceupdate.GPS_Update_WS_Transformation_MF intServ="EEMSIIB_GPS_SRC_UPDATE" env="test2" override="OutFile_To_GPS.outputFilename">*</com.eems.sourceupdate.GPS_Update_WS_Transformation_MF>

<!--UAT-->

<com.eems.sourceupdate.GPS_Update_WS_Transformation_MF intServ="EEMSIIB_GPS_SRC_UPDATE" env="uat" override="additionalInstances">10</com.eems.sourceupdate.GPS_Update_WS_Transformation_MF>
<com.eems.sourceupdate.GPS_Update_WS_Transformation_MF intServ="EEMSIIB_GPS_SRC_UPDATE" env="uat" override="BrkConfigKey_Trans">BRK_CONFIG</com.eems.sourceupdate.GPS_Update_WS_Transformation_MF>
<com.eems.sourceupdate.GPS_Update_WS_Transformation_MF intServ="EEMSIIB_GPS_SRC_UPDATE" env="uat" override="SchemaName_Trans">ELECELIG</com.eems.sourceupdate.GPS_Update_WS_Transformation_MF>
<com.eems.sourceupdate.GPS_Update_WS_Transformation_MF intServ="EEMSIIB_GPS_SRC_UPDATE" env="uat" override="varGCMapName_Trans">GPS_Common_Map</com.eems.sourceupdate.GPS_Update_WS_Transformation_MF>
<com.eems.sourceupdate.GPS_Update_WS_Transformation_MF intServ="EEMSIIB_GPS_SRC_UPDATE" env="uat" override="AuditQName">EEMSIIB.GPS_COMMON_AUDITMESSAGE_DATA</com.eems.sourceupdate.GPS_Update_WS_Transformation_MF>
<com.eems.sourceupdate.GPS_Update_WS_Transformation_MF intServ="EEMSIIB_GPS_SRC_UPDATE" env="uat" override="BECode">600</com.eems.sourceupdate.GPS_Update_WS_Transformation_MF>
<com.eems.sourceupdate.GPS_Update_WS_Transformation_MF intServ="EEMSIIB_GPS_SRC_UPDATE" env="uat" override="ProjNumber">3</com.eems.sourceupdate.GPS_Update_WS_Transformation_MF>
<com.eems.sourceupdate.GPS_Update_WS_Transformation_MF intServ="EEMSIIB_GPS_SRC_UPDATE" env="uat" override="Read_.gpsdone_In.inputDirectory">/eems/iib/be085/exchange/gw</com.eems.sourceupdate.GPS_Update_WS_Transformation_MF>
<com.eems.sourceupdate.GPS_Update_WS_Transformation_MF intServ="EEMSIIB_GPS_SRC_UPDATE" env="uat" override="Read_.gpsdone_In.filenamePattern">*.gpsdone</com.eems.sourceupdate.GPS_Update_WS_Transformation_MF>
<com.eems.sourceupdate.GPS_Update_WS_Transformation_MF intServ="EEMSIIB_GPS_SRC_UPDATE" env="uat" override="GPS_Update_Transformation.dataSource">EEMS_DB</com.eems.sourceupdate.GPS_Update_WS_Transformation_MF>
<com.eems.sourceupdate.GPS_Update_WS_Transformation_MF intServ="EEMSIIB_GPS_SRC_UPDATE" env="uat" override="EEMSIIB.GPS_UPDATE_REQUEST_DATA.queueName">EEMSIIB.GPS_UPDATE_RESP_IN</com.eems.sourceupdate.GPS_Update_WS_Transformation_MF>
<com.eems.sourceupdate.GPS_Update_WS_Transformation_MF intServ="EEMSIIB_GPS_SRC_UPDATE" env="uat" override="EEMSIIB.ERRORMESSAGE_DATA.queueName">EEMSIIB.GPS_ERRORMESSAGE_DATA</com.eems.sourceupdate.GPS_Update_WS_Transformation_MF>
<com.eems.sourceupdate.GPS_Update_WS_Transformation_MF intServ="EEMSIIB_GPS_SRC_UPDATE" env="uat" override="GPS_Update_Fail.dataSource">EEMS_DB</com.eems.sourceupdate.GPS_Update_WS_Transformation_MF>
<com.eems.sourceupdate.GPS_Update_WS_Transformation_MF intServ="EEMSIIB_GPS_SRC_UPDATE" env="uat" override="OutFile_To_GPS.outputDirectory">/eems/iib/outbound/GPS/daily</com.eems.sourceupdate.GPS_Update_WS_Transformation_MF>
<com.eems.sourceupdate.GPS_Update_WS_Transformation_MF intServ="EEMSIIB_GPS_SRC_UPDATE" env="uat" override="OutFile_To_GPS.outputFilename">*</com.eems.sourceupdate.GPS_Update_WS_Transformation_MF>

<!-- UAT-Bravo -->
<com.eems.sourceupdate.GPS_Update_WS_Transformation_MF intServ="EEMSIIB_GPS_SRC_UPDATE" env="uat-bravo" override="additionalInstances">10</com.eems.sourceupdate.GPS_Update_WS_Transformation_MF>
<com.eems.sourceupdate.GPS_Update_WS_Transformation_MF intServ="EEMSIIB_GPS_SRC_UPDATE" env="uat-bravo" override="BrkConfigKey_Trans">BRK_CONFIG</com.eems.sourceupdate.GPS_Update_WS_Transformation_MF>
<com.eems.sourceupdate.GPS_Update_WS_Transformation_MF intServ="EEMSIIB_GPS_SRC_UPDATE" env="uat-bravo" override="SchemaName_Trans">ELECELIG</com.eems.sourceupdate.GPS_Update_WS_Transformation_MF>
<com.eems.sourceupdate.GPS_Update_WS_Transformation_MF intServ="EEMSIIB_GPS_SRC_UPDATE" env="uat-bravo" override="varGCMapName_Trans">GPS_Common_Map</com.eems.sourceupdate.GPS_Update_WS_Transformation_MF>
<com.eems.sourceupdate.GPS_Update_WS_Transformation_MF intServ="EEMSIIB_GPS_SRC_UPDATE" env="uat-bravo" override="AuditQName">EEMSIIB.GPS_COMMON_AUDITMESSAGE_DATA</com.eems.sourceupdate.GPS_Update_WS_Transformation_MF>
<com.eems.sourceupdate.GPS_Update_WS_Transformation_MF intServ="EEMSIIB_GPS_SRC_UPDATE" env="uat-bravo" override="BECode">600</com.eems.sourceupdate.GPS_Update_WS_Transformation_MF>
<com.eems.sourceupdate.GPS_Update_WS_Transformation_MF intServ="EEMSIIB_GPS_SRC_UPDATE" env="uat-bravo" override="ProjNumber">3</com.eems.sourceupdate.GPS_Update_WS_Transformation_MF>
<com.eems.sourceupdate.GPS_Update_WS_Transformation_MF intServ="EEMSIIB_GPS_SRC_UPDATE" env="uat-bravo" override="Read_.gpsdone_In.inputDirectory">/eems/iib/be085/exchange/gw</com.eems.sourceupdate.GPS_Update_WS_Transformation_MF>
<com.eems.sourceupdate.GPS_Update_WS_Transformation_MF intServ="EEMSIIB_GPS_SRC_UPDATE" env="uat-bravo" override="Read_.gpsdone_In.filenamePattern">*.gpsdone</com.eems.sourceupdate.GPS_Update_WS_Transformation_MF>
<com.eems.sourceupdate.GPS_Update_WS_Transformation_MF intServ="EEMSIIB_GPS_SRC_UPDATE" env="uat-bravo" override="GPS_Update_Transformation.dataSource">EEMS_DB</com.eems.sourceupdate.GPS_Update_WS_Transformation_MF>
<com.eems.sourceupdate.GPS_Update_WS_Transformation_MF intServ="EEMSIIB_GPS_SRC_UPDATE" env="uat-bravo" override="EEMSIIB.GPS_UPDATE_REQUEST_DATA.queueName">EEMSIIB.GPS_UPDATE_RESP_IN</com.eems.sourceupdate.GPS_Update_WS_Transformation_MF>
<com.eems.sourceupdate.GPS_Update_WS_Transformation_MF intServ="EEMSIIB_GPS_SRC_UPDATE" env="uat-bravo" override="EEMSIIB.ERRORMESSAGE_DATA.queueName">EEMSIIB.GPS_ERRORMESSAGE_DATA</com.eems.sourceupdate.GPS_Update_WS_Transformation_MF>
<com.eems.sourceupdate.GPS_Update_WS_Transformation_MF intServ="EEMSIIB_GPS_SRC_UPDATE" env="uat-bravo" override="GPS_Update_Fail.dataSource">EEMS_DB</com.eems.sourceupdate.GPS_Update_WS_Transformation_MF>
<com.eems.sourceupdate.GPS_Update_WS_Transformation_MF intServ="EEMSIIB_GPS_SRC_UPDATE" env="uat-bravo" override="OutFile_To_GPS.outputDirectory">/eems/iib/outbound/GPS/daily</com.eems.sourceupdate.GPS_Update_WS_Transformation_MF>
<com.eems.sourceupdate.GPS_Update_WS_Transformation_MF intServ="EEMSIIB_GPS_SRC_UPDATE" env="uat-bravo" override="OutFile_To_GPS.outputFilename">*</com.eems.sourceupdate.GPS_Update_WS_Transformation_MF>

<!--STAGE-->

<com.eems.sourceupdate.GPS_Update_WS_Transformation_MF intServ="EEMSIIB_GPS_SRC_UPDATE" env="stage" override="additionalInstances">10</com.eems.sourceupdate.GPS_Update_WS_Transformation_MF>
<com.eems.sourceupdate.GPS_Update_WS_Transformation_MF intServ="EEMSIIB_GPS_SRC_UPDATE" env="stage" override="BrkConfigKey_Trans">BRK_CONFIG</com.eems.sourceupdate.GPS_Update_WS_Transformation_MF>
<com.eems.sourceupdate.GPS_Update_WS_Transformation_MF intServ="EEMSIIB_GPS_SRC_UPDATE" env="stage" override="SchemaName_Trans">ELECELIG</com.eems.sourceupdate.GPS_Update_WS_Transformation_MF>
<com.eems.sourceupdate.GPS_Update_WS_Transformation_MF intServ="EEMSIIB_GPS_SRC_UPDATE" env="stage" override="varGCMapName_Trans">GPS_Common_Map</com.eems.sourceupdate.GPS_Update_WS_Transformation_MF>
<com.eems.sourceupdate.GPS_Update_WS_Transformation_MF intServ="EEMSIIB_GPS_SRC_UPDATE" env="stage" override="AuditQName">EEMSIIB.GPS_COMMON_AUDITMESSAGE_DATA</com.eems.sourceupdate.GPS_Update_WS_Transformation_MF>
<com.eems.sourceupdate.GPS_Update_WS_Transformation_MF intServ="EEMSIIB_GPS_SRC_UPDATE" env="stage" override="BECode">600</com.eems.sourceupdate.GPS_Update_WS_Transformation_MF>
<com.eems.sourceupdate.GPS_Update_WS_Transformation_MF intServ="EEMSIIB_GPS_SRC_UPDATE" env="stage" override="ProjNumber">3</com.eems.sourceupdate.GPS_Update_WS_Transformation_MF>
<com.eems.sourceupdate.GPS_Update_WS_Transformation_MF intServ="EEMSIIB_GPS_SRC_UPDATE" env="stage" override="Read_.gpsdone_In.inputDirectory">/eems/iib/be085/exchange/gw</com.eems.sourceupdate.GPS_Update_WS_Transformation_MF>
<com.eems.sourceupdate.GPS_Update_WS_Transformation_MF intServ="EEMSIIB_GPS_SRC_UPDATE" env="stage" override="Read_.gpsdone_In.filenamePattern">*.gpsdone</com.eems.sourceupdate.GPS_Update_WS_Transformation_MF>
<com.eems.sourceupdate.GPS_Update_WS_Transformation_MF intServ="EEMSIIB_GPS_SRC_UPDATE" env="stage" override="GPS_Update_Transformation.dataSource">EEMS_DB</com.eems.sourceupdate.GPS_Update_WS_Transformation_MF>
<com.eems.sourceupdate.GPS_Update_WS_Transformation_MF intServ="EEMSIIB_GPS_SRC_UPDATE" env="stage" override="EEMSIIB.GPS_UPDATE_REQUEST_DATA.queueName">EEMSIIB.GPS_UPDATE_RESP_IN</com.eems.sourceupdate.GPS_Update_WS_Transformation_MF>
<com.eems.sourceupdate.GPS_Update_WS_Transformation_MF intServ="EEMSIIB_GPS_SRC_UPDATE" env="stage" override="EEMSIIB.ERRORMESSAGE_DATA.queueName">EEMSIIB.GPS_ERRORMESSAGE_DATA</com.eems.sourceupdate.GPS_Update_WS_Transformation_MF>
<com.eems.sourceupdate.GPS_Update_WS_Transformation_MF intServ="EEMSIIB_GPS_SRC_UPDATE" env="stage" override="GPS_Update_Fail.dataSource">EEMS_DB</com.eems.sourceupdate.GPS_Update_WS_Transformation_MF>
<com.eems.sourceupdate.GPS_Update_WS_Transformation_MF intServ="EEMSIIB_GPS_SRC_UPDATE" env="stage" override="OutFile_To_GPS.outputDirectory">/eems/iib/outbound/GPS/daily</com.eems.sourceupdate.GPS_Update_WS_Transformation_MF>
<com.eems.sourceupdate.GPS_Update_WS_Transformation_MF intServ="EEMSIIB_GPS_SRC_UPDATE" env="stage" override="OutFile_To_GPS.outputFilename">*</com.eems.sourceupdate.GPS_Update_WS_Transformation_MF>

<!--ADOPT-->

<com.eems.sourceupdate.GPS_Update_WS_Transformation_MF intServ="EEMSIIB_GPS_SRC_UPDATE" env="adopt" override="additionalInstances">10</com.eems.sourceupdate.GPS_Update_WS_Transformation_MF>
<com.eems.sourceupdate.GPS_Update_WS_Transformation_MF intServ="EEMSIIB_GPS_SRC_UPDATE" env="adopt" override="BrkConfigKey_Trans">BRK_CONFIG</com.eems.sourceupdate.GPS_Update_WS_Transformation_MF>
<com.eems.sourceupdate.GPS_Update_WS_Transformation_MF intServ="EEMSIIB_GPS_SRC_UPDATE" env="adopt" override="SchemaName_Trans">ELECELIG</com.eems.sourceupdate.GPS_Update_WS_Transformation_MF>
<com.eems.sourceupdate.GPS_Update_WS_Transformation_MF intServ="EEMSIIB_GPS_SRC_UPDATE" env="adopt" override="varGCMapName_Trans">GPS_Common_Map</com.eems.sourceupdate.GPS_Update_WS_Transformation_MF>
<com.eems.sourceupdate.GPS_Update_WS_Transformation_MF intServ="EEMSIIB_GPS_SRC_UPDATE" env="adopt" override="AuditQName">EEMSIIB.ADP.GPS_COMMON_AUDITMESSAGE_DATA</com.eems.sourceupdate.GPS_Update_WS_Transformation_MF>
<com.eems.sourceupdate.GPS_Update_WS_Transformation_MF intServ="EEMSIIB_GPS_SRC_UPDATE" env="adopt" override="BECode">600</com.eems.sourceupdate.GPS_Update_WS_Transformation_MF>
<com.eems.sourceupdate.GPS_Update_WS_Transformation_MF intServ="EEMSIIB_GPS_SRC_UPDATE" env="adopt" override="ProjNumber">3</com.eems.sourceupdate.GPS_Update_WS_Transformation_MF>
<com.eems.sourceupdate.GPS_Update_WS_Transformation_MF intServ="EEMSIIB_GPS_SRC_UPDATE" env="adopt" override="Read_.gpsdone_In.inputDirectory">/eems/iib/be085/exchange/gw</com.eems.sourceupdate.GPS_Update_WS_Transformation_MF>
<com.eems.sourceupdate.GPS_Update_WS_Transformation_MF intServ="EEMSIIB_GPS_SRC_UPDATE" env="adopt" override="Read_.gpsdone_In.filenamePattern">*.gpsdone</com.eems.sourceupdate.GPS_Update_WS_Transformation_MF>
<com.eems.sourceupdate.GPS_Update_WS_Transformation_MF intServ="EEMSIIB_GPS_SRC_UPDATE" env="adopt" override="GPS_Update_Transformation.dataSource">EEMS_DB</com.eems.sourceupdate.GPS_Update_WS_Transformation_MF>
<com.eems.sourceupdate.GPS_Update_WS_Transformation_MF intServ="EEMSIIB_GPS_SRC_UPDATE" env="adopt" override="EEMSIIB.GPS_UPDATE_REQUEST_DATA.queueName">EEMSIIB.ADP.GPS_UPDATE_RESP_IN</com.eems.sourceupdate.GPS_Update_WS_Transformation_MF>
<com.eems.sourceupdate.GPS_Update_WS_Transformation_MF intServ="EEMSIIB_GPS_SRC_UPDATE" env="adopt" override="EEMSIIB.ERRORMESSAGE_DATA.queueName">EEMSIIB.ADP.GPS_ERRORMESSAGE_DATA</com.eems.sourceupdate.GPS_Update_WS_Transformation_MF>
<com.eems.sourceupdate.GPS_Update_WS_Transformation_MF intServ="EEMSIIB_GPS_SRC_UPDATE" env="adopt" override="GPS_Update_Fail.dataSource">EEMS_DB</com.eems.sourceupdate.GPS_Update_WS_Transformation_MF>
<com.eems.sourceupdate.GPS_Update_WS_Transformation_MF intServ="EEMSIIB_GPS_SRC_UPDATE" env="adopt" override="OutFile_To_GPS.outputDirectory">/eems/iib/outbound/GPS/daily</com.eems.sourceupdate.GPS_Update_WS_Transformation_MF>
<com.eems.sourceupdate.GPS_Update_WS_Transformation_MF intServ="EEMSIIB_GPS_SRC_UPDATE" env="adopt" override="OutFile_To_GPS.outputFilename">*</com.eems.sourceupdate.GPS_Update_WS_Transformation_MF>

<!--PROD-->

<com.eems.sourceupdate.GPS_Update_WS_Transformation_MF intServ="EEMSIIB_GPS_SRC_UPDATE" env="prod" override="additionalInstances">10</com.eems.sourceupdate.GPS_Update_WS_Transformation_MF>
<com.eems.sourceupdate.GPS_Update_WS_Transformation_MF intServ="EEMSIIB_GPS_SRC_UPDATE" env="prod" override="BrkConfigKey_Trans">BRK_CONFIG</com.eems.sourceupdate.GPS_Update_WS_Transformation_MF>
<com.eems.sourceupdate.GPS_Update_WS_Transformation_MF intServ="EEMSIIB_GPS_SRC_UPDATE" env="prod" override="SchemaName_Trans">ELECELIG</com.eems.sourceupdate.GPS_Update_WS_Transformation_MF>
<com.eems.sourceupdate.GPS_Update_WS_Transformation_MF intServ="EEMSIIB_GPS_SRC_UPDATE" env="prod" override="varGCMapName_Trans">GPS_Common_Map</com.eems.sourceupdate.GPS_Update_WS_Transformation_MF>
<com.eems.sourceupdate.GPS_Update_WS_Transformation_MF intServ="EEMSIIB_GPS_SRC_UPDATE" env="prod" override="AuditQName">EEMSIIB.GPS_COMMON_AUDITMESSAGE_DATA</com.eems.sourceupdate.GPS_Update_WS_Transformation_MF>
<com.eems.sourceupdate.GPS_Update_WS_Transformation_MF intServ="EEMSIIB_GPS_SRC_UPDATE" env="prod" override="BECode">600</com.eems.sourceupdate.GPS_Update_WS_Transformation_MF>
<com.eems.sourceupdate.GPS_Update_WS_Transformation_MF intServ="EEMSIIB_GPS_SRC_UPDATE" env="prod" override="ProjNumber">3</com.eems.sourceupdate.GPS_Update_WS_Transformation_MF>
<com.eems.sourceupdate.GPS_Update_WS_Transformation_MF intServ="EEMSIIB_GPS_SRC_UPDATE" env="prod" override="Read_.gpsdone_In.inputDirectory">/eems/iib/be085/exchange/gw</com.eems.sourceupdate.GPS_Update_WS_Transformation_MF>
<com.eems.sourceupdate.GPS_Update_WS_Transformation_MF intServ="EEMSIIB_GPS_SRC_UPDATE" env="prod" override="Read_.gpsdone_In.filenamePattern">*.gpsdone</com.eems.sourceupdate.GPS_Update_WS_Transformation_MF>
<com.eems.sourceupdate.GPS_Update_WS_Transformation_MF intServ="EEMSIIB_GPS_SRC_UPDATE" env="prod" override="GPS_Update_Transformation.dataSource">EEMS_DB</com.eems.sourceupdate.GPS_Update_WS_Transformation_MF>
<com.eems.sourceupdate.GPS_Update_WS_Transformation_MF intServ="EEMSIIB_GPS_SRC_UPDATE" env="prod" override="EEMSIIB.GPS_UPDATE_REQUEST_DATA.queueName">EEMSIIB.GPS_UPDATE_RESP_IN</com.eems.sourceupdate.GPS_Update_WS_Transformation_MF>
<com.eems.sourceupdate.GPS_Update_WS_Transformation_MF intServ="EEMSIIB_GPS_SRC_UPDATE" env="prod" override="EEMSIIB.ERRORMESSAGE_DATA.queueName">EEMSIIB.GPS_ERRORMESSAGE_DATA</com.eems.sourceupdate.GPS_Update_WS_Transformation_MF>
<com.eems.sourceupdate.GPS_Update_WS_Transformation_MF intServ="EEMSIIB_GPS_SRC_UPDATE" env="prod" override="GPS_Update_Fail.dataSource">EEMS_DB</com.eems.sourceupdate.GPS_Update_WS_Transformation_MF>
<com.eems.sourceupdate.GPS_Update_WS_Transformation_MF intServ="EEMSIIB_GPS_SRC_UPDATE" env="prod" override="OutFile_To_GPS.outputDirectory">/eems/iib/outbound/GPS/daily</com.eems.sourceupdate.GPS_Update_WS_Transformation_MF>
<com.eems.sourceupdate.GPS_Update_WS_Transformation_MF intServ="EEMSIIB_GPS_SRC_UPDATE" env="prod" override="OutFile_To_GPS.outputFilename">*</com.eems.sourceupdate.GPS_Update_WS_Transformation_MF>

</Broker>