<?xml version="1.0" encoding="UTF-8"?>
<Broker>
	<!--DEV -->
	<com.gpscsp.isReadyToProcess.GPSCSP_IsReadyToProcess intServ="EEMSIIB_GPSCSP_COMMON" env="dev" override="PayloadFlag">TRUE</com.gpscsp.isReadyToProcess.GPSCSP_IsReadyToProcess>
	<com.gpscsp.isReadyToProcess.GPSCSP_IsReadyToProcess intServ="EEMSIIB_GPSCSP_COMMON" env="dev" override="RetryNoOfTimes">3</com.gpscsp.isReadyToProcess.GPSCSP_IsReadyToProcess>
	<com.gpscsp.isReadyToProcess.GPSCSP_IsReadyToProcess intServ="EEMSIIB_GPSCSP_COMMON" env="dev" override="WaitInterval">1000</com.gpscsp.isReadyToProcess.GPSCSP_IsReadyToProcess>
	<com.gpscsp.isReadyToProcess.GPSCSP_IsReadyToProcess intServ="EEMSIIB_GPSCSP_COMMON" env="dev" override="BrkConfigKey">BRK_CONFIG</com.gpscsp.isReadyToProcess.GPSCSP_IsReadyToProcess>
	<com.gpscsp.isReadyToProcess.GPSCSP_IsReadyToProcess intServ="EEMSIIB_GPSCSP_COMMON" env="dev" override="SchemaName">ELECELIG</com.gpscsp.isReadyToProcess.GPSCSP_IsReadyToProcess>
	<com.gpscsp.isReadyToProcess.GPSCSP_IsReadyToProcess intServ="EEMSIIB_GPSCSP_COMMON" env="dev" override="varGCMapName">GPSCSP_Common_Map</com.gpscsp.isReadyToProcess.GPSCSP_IsReadyToProcess>
	<com.gpscsp.isReadyToProcess.GPSCSP_IsReadyToProcess intServ="EEMSIIB_GPSCSP_COMMON" env="dev" override="brkrList">BKMBT11</com.gpscsp.isReadyToProcess.GPSCSP_IsReadyToProcess>
	<com.gpscsp.isReadyToProcess.GPSCSP_IsReadyToProcess intServ="EEMSIIB_GPSCSP_COMMON" env="dev" override="brkrCount">1</com.gpscsp.isReadyToProcess.GPSCSP_IsReadyToProcess>
	<com.gpscsp.isReadyToProcess.GPSCSP_IsReadyToProcess intServ="EEMSIIB_GPSCSP_COMMON" env="dev" override="srcMapName">GPSCSP_Source_Map</com.gpscsp.isReadyToProcess.GPSCSP_IsReadyToProcess>
	<com.gpscsp.isReadyToProcess.GPSCSP_IsReadyToProcess intServ="EEMSIIB_GPSCSP_COMMON" env="dev" override="thresholdcount">0</com.gpscsp.isReadyToProcess.GPSCSP_IsReadyToProcess>
	<com.gpscsp.isReadyToProcess.GPSCSP_IsReadyToProcess intServ="EEMSIIB_GPSCSP_COMMON" env="dev" override="CSPELIGSchema">CSPELIG</com.gpscsp.isReadyToProcess.GPSCSP_IsReadyToProcess>
	<com.gpscsp.isReadyToProcess.GPSCSP_IsReadyToProcess intServ="EEMSIIB_GPSCSP_COMMON" env="dev" override="AuditQName">EEMSIIB.GPSCSP_COMMON_AUDITMESSAGE_DATA</com.gpscsp.isReadyToProcess.GPSCSP_IsReadyToProcess>
	<com.gpscsp.isReadyToProcess.GPSCSP_IsReadyToProcess intServ="EEMSIIB_GPSCSP_COMMON" env="dev" override="BECode">700</com.gpscsp.isReadyToProcess.GPSCSP_IsReadyToProcess>
	<com.gpscsp.isReadyToProcess.GPSCSP_IsReadyToProcess intServ="EEMSIIB_GPSCSP_COMMON" env="dev" override="ProjNumber">2</com.gpscsp.isReadyToProcess.GPSCSP_IsReadyToProcess>
	<com.gpscsp.isReadyToProcess.GPSCSP_IsReadyToProcess intServ="EEMSIIB_GPSCSP_COMMON" env="dev" override="DSN">E3CSP_DB</com.gpscsp.isReadyToProcess.GPSCSP_IsReadyToProcess>
	<com.gpscsp.isReadyToProcess.GPSCSP_IsReadyToProcess intServ="EEMSIIB_GPSCSP_COMMON" env="dev" override="GPSCSP_READY_IN.queueName">EEMSIIB.GPSCSP_ISREADYTOPROCESS_IN</com.gpscsp.isReadyToProcess.GPSCSP_IsReadyToProcess>
	<com.gpscsp.isReadyToProcess.GPSCSP_IsReadyToProcess intServ="EEMSIIB_GPSCSP_COMMON" env="dev" override="GPSCSP_PFG_OUT.queueName">EEMSIIB.CSP_NTFY_ISREADYTOPROCESS_DATA</com.gpscsp.isReadyToProcess.GPSCSP_IsReadyToProcess>
	<com.gpscsp.isReadyToProcess.GPSCSP_IsReadyToProcess intServ="EEMSIIB_GPSCSP_COMMON" env="dev" override="GPSCSP_UpdateReadyToProcessTable.dataSource">E3CSP_DB</com.gpscsp.isReadyToProcess.GPSCSP_IsReadyToProcess>
	<com.gpscsp.isReadyToProcess.GPSCSP_IsReadyToProcess intServ="EEMSIIB_GPSCSP_COMMON" env="dev" override="EEMSIIB.GPSCSP_TBA_GETSBCRID_IN.queueName">EEMSIIB.GPSCSP_TBA_GETSBCRID_IN</com.gpscsp.isReadyToProcess.GPSCSP_IsReadyToProcess>
	<com.gpscsp.isReadyToProcess.GPSCSP_IsReadyToProcess intServ="EEMSIIB_GPSCSP_COMMON" env="dev" override="GPSCSP_GatewayMessageCreation.dataSource">E3CSP_DB</com.gpscsp.isReadyToProcess.GPSCSP_IsReadyToProcess>
	<com.gpscsp.isReadyToProcess.GPSCSP_IsReadyToProcess intServ="EEMSIIB_GPSCSP_COMMON" env="dev" override="EEMSIIB.CSP_TBA_BATCH_CMPL_NTFY_REQ.queueName">EEMSIIB.CSP_TBA_BATCH_CMPL_NTFY_REQ</com.gpscsp.isReadyToProcess.GPSCSP_IsReadyToProcess>
	<com.gpscsp.isReadyToProcess.GPSCSP_IsReadyToProcess intServ="EEMSIIB_GPSCSP_COMMON" env="dev" override="EEMSIIB.GPSCSP_ERRORMESSAGE_DATA.queueName">EEMSIIB.GPSCSP_ERRORMESSAGE_DATA</com.gpscsp.isReadyToProcess.GPSCSP_IsReadyToProcess>

	<!-- SIT -->
	<com.gpscsp.isReadyToProcess.GPSCSP_IsReadyToProcess intServ="EEMSIIB_GPSCSP_COMMON" env="test" override="PayloadFlag">TRUE</com.gpscsp.isReadyToProcess.GPSCSP_IsReadyToProcess>
	<com.gpscsp.isReadyToProcess.GPSCSP_IsReadyToProcess intServ="EEMSIIB_GPSCSP_COMMON" env="test" override="RetryNoOfTimes">3</com.gpscsp.isReadyToProcess.GPSCSP_IsReadyToProcess>
	<com.gpscsp.isReadyToProcess.GPSCSP_IsReadyToProcess intServ="EEMSIIB_GPSCSP_COMMON" env="test" override="WaitInterval">1000</com.gpscsp.isReadyToProcess.GPSCSP_IsReadyToProcess>
	<com.gpscsp.isReadyToProcess.GPSCSP_IsReadyToProcess intServ="EEMSIIB_GPSCSP_COMMON" env="test" override="BrkConfigKey">BRK_CONFIG</com.gpscsp.isReadyToProcess.GPSCSP_IsReadyToProcess>
	<com.gpscsp.isReadyToProcess.GPSCSP_IsReadyToProcess intServ="EEMSIIB_GPSCSP_COMMON" env="test" override="SchemaName">ELECELIG</com.gpscsp.isReadyToProcess.GPSCSP_IsReadyToProcess>
	<com.gpscsp.isReadyToProcess.GPSCSP_IsReadyToProcess intServ="EEMSIIB_GPSCSP_COMMON" env="test" override="varGCMapName">GPSCSP_Common_Map</com.gpscsp.isReadyToProcess.GPSCSP_IsReadyToProcess>
	<com.gpscsp.isReadyToProcess.GPSCSP_IsReadyToProcess intServ="EEMSIIB_GPSCSP_COMMON" env="test" override="brkrList">BKMBS11</com.gpscsp.isReadyToProcess.GPSCSP_IsReadyToProcess>
	<com.gpscsp.isReadyToProcess.GPSCSP_IsReadyToProcess intServ="EEMSIIB_GPSCSP_COMMON" env="test" override="brkrCount">1</com.gpscsp.isReadyToProcess.GPSCSP_IsReadyToProcess>
	<com.gpscsp.isReadyToProcess.GPSCSP_IsReadyToProcess intServ="EEMSIIB_GPSCSP_COMMON" env="test" override="srcMapName">GPSCSP_Source_Map</com.gpscsp.isReadyToProcess.GPSCSP_IsReadyToProcess>
	<com.gpscsp.isReadyToProcess.GPSCSP_IsReadyToProcess intServ="EEMSIIB_GPSCSP_COMMON" env="test" override="thresholdcount">0</com.gpscsp.isReadyToProcess.GPSCSP_IsReadyToProcess>
	<com.gpscsp.isReadyToProcess.GPSCSP_IsReadyToProcess intServ="EEMSIIB_GPSCSP_COMMON" env="test" override="CSPELIGSchema">CSPELIG</com.gpscsp.isReadyToProcess.GPSCSP_IsReadyToProcess>
	<com.gpscsp.isReadyToProcess.GPSCSP_IsReadyToProcess intServ="EEMSIIB_GPSCSP_COMMON" env="test" override="AuditQName">EEMSIIB.GPSCSP_COMMON_AUDITMESSAGE_DATA</com.gpscsp.isReadyToProcess.GPSCSP_IsReadyToProcess>
	<com.gpscsp.isReadyToProcess.GPSCSP_IsReadyToProcess intServ="EEMSIIB_GPSCSP_COMMON" env="test" override="BECode">700</com.gpscsp.isReadyToProcess.GPSCSP_IsReadyToProcess>
	<com.gpscsp.isReadyToProcess.GPSCSP_IsReadyToProcess intServ="EEMSIIB_GPSCSP_COMMON" env="test" override="ProjNumber">2</com.gpscsp.isReadyToProcess.GPSCSP_IsReadyToProcess>
	<com.gpscsp.isReadyToProcess.GPSCSP_IsReadyToProcess intServ="EEMSIIB_GPSCSP_COMMON" env="test" override="DSN">E3CSP_DB</com.gpscsp.isReadyToProcess.GPSCSP_IsReadyToProcess>
	<com.gpscsp.isReadyToProcess.GPSCSP_IsReadyToProcess intServ="EEMSIIB_GPSCSP_COMMON" env="test" override="GPSCSP_READY_IN.queueName">EEMSIIB.GPSCSP_ISREADYTOPROCESS_IN</com.gpscsp.isReadyToProcess.GPSCSP_IsReadyToProcess>
	<com.gpscsp.isReadyToProcess.GPSCSP_IsReadyToProcess intServ="EEMSIIB_GPSCSP_COMMON" env="test" override="GPSCSP_PFG_OUT.queueName">EEMSIIB.CSP_NTFY_ISREADYTOPROCESS_DATA</com.gpscsp.isReadyToProcess.GPSCSP_IsReadyToProcess>
	<com.gpscsp.isReadyToProcess.GPSCSP_IsReadyToProcess intServ="EEMSIIB_GPSCSP_COMMON" env="test" override="GPSCSP_UpdateReadyToProcessTable.dataSource">E3CSP_DB</com.gpscsp.isReadyToProcess.GPSCSP_IsReadyToProcess>
	<com.gpscsp.isReadyToProcess.GPSCSP_IsReadyToProcess intServ="EEMSIIB_GPSCSP_COMMON" env="test" override="EEMSIIB.GPSCSP_TBA_GETSBCRID_IN.queueName">EEMSIIB.GPSCSP_TBA_GETSBCRID_IN</com.gpscsp.isReadyToProcess.GPSCSP_IsReadyToProcess>
	<com.gpscsp.isReadyToProcess.GPSCSP_IsReadyToProcess intServ="EEMSIIB_GPSCSP_COMMON" env="test" override="GPSCSP_GatewayMessageCreation.dataSource">E3CSP_DB</com.gpscsp.isReadyToProcess.GPSCSP_IsReadyToProcess>
	<com.gpscsp.isReadyToProcess.GPSCSP_IsReadyToProcess intServ="EEMSIIB_GPSCSP_COMMON" env="test" override="EEMSIIB.CSP_TBA_BATCH_CMPL_NTFY_REQ.queueName">EEMSIIB.CSP_TBA_BATCH_CMPL_NTFY_REQ</com.gpscsp.isReadyToProcess.GPSCSP_IsReadyToProcess>
	<com.gpscsp.isReadyToProcess.GPSCSP_IsReadyToProcess intServ="EEMSIIB_GPSCSP_COMMON" env="test" override="EEMSIIB.GPSCSP_ERRORMESSAGE_DATA.queueName">EEMSIIB.GPSCSP_ERRORMESSAGE_DATA</com.gpscsp.isReadyToProcess.GPSCSP_IsReadyToProcess>

	<!-- SIT Bravo-->
	<com.gpscsp.isReadyToProcess.GPSCSP_IsReadyToProcess intServ="EEMSIIB_GPSCSP_COMMON" env="test2" override="PayloadFlag">TRUE</com.gpscsp.isReadyToProcess.GPSCSP_IsReadyToProcess>
	<com.gpscsp.isReadyToProcess.GPSCSP_IsReadyToProcess intServ="EEMSIIB_GPSCSP_COMMON" env="test2" override="RetryNoOfTimes">3</com.gpscsp.isReadyToProcess.GPSCSP_IsReadyToProcess>
	<com.gpscsp.isReadyToProcess.GPSCSP_IsReadyToProcess intServ="EEMSIIB_GPSCSP_COMMON" env="test2" override="WaitInterval">1000</com.gpscsp.isReadyToProcess.GPSCSP_IsReadyToProcess>
	<com.gpscsp.isReadyToProcess.GPSCSP_IsReadyToProcess intServ="EEMSIIB_GPSCSP_COMMON" env="test2" override="BrkConfigKey">BRK_CONFIG</com.gpscsp.isReadyToProcess.GPSCSP_IsReadyToProcess>
	<com.gpscsp.isReadyToProcess.GPSCSP_IsReadyToProcess intServ="EEMSIIB_GPSCSP_COMMON" env="test2" override="SchemaName">ELECELIG</com.gpscsp.isReadyToProcess.GPSCSP_IsReadyToProcess>
	<com.gpscsp.isReadyToProcess.GPSCSP_IsReadyToProcess intServ="EEMSIIB_GPSCSP_COMMON" env="test2" override="varGCMapName">GPSCSP_Common_Map</com.gpscsp.isReadyToProcess.GPSCSP_IsReadyToProcess>
	<com.gpscsp.isReadyToProcess.GPSCSP_IsReadyToProcess intServ="EEMSIIB_GPSCSP_COMMON" env="test2" override="brkrList">BKMBS12</com.gpscsp.isReadyToProcess.GPSCSP_IsReadyToProcess>
	<com.gpscsp.isReadyToProcess.GPSCSP_IsReadyToProcess intServ="EEMSIIB_GPSCSP_COMMON" env="test2" override="brkrCount">1</com.gpscsp.isReadyToProcess.GPSCSP_IsReadyToProcess>
	<com.gpscsp.isReadyToProcess.GPSCSP_IsReadyToProcess intServ="EEMSIIB_GPSCSP_COMMON" env="test2" override="srcMapName">GPSCSP_Source_Map</com.gpscsp.isReadyToProcess.GPSCSP_IsReadyToProcess>
	<com.gpscsp.isReadyToProcess.GPSCSP_IsReadyToProcess intServ="EEMSIIB_GPSCSP_COMMON" env="test2" override="thresholdcount">0</com.gpscsp.isReadyToProcess.GPSCSP_IsReadyToProcess>
	<com.gpscsp.isReadyToProcess.GPSCSP_IsReadyToProcess intServ="EEMSIIB_GPSCSP_COMMON" env="test2" override="CSPELIGSchema">CSPELIG</com.gpscsp.isReadyToProcess.GPSCSP_IsReadyToProcess>
	<com.gpscsp.isReadyToProcess.GPSCSP_IsReadyToProcess intServ="EEMSIIB_GPSCSP_COMMON" env="test2" override="AuditQName">EEMSIIB.GPSCSP_COMMON_AUDITMESSAGE_DATA</com.gpscsp.isReadyToProcess.GPSCSP_IsReadyToProcess>
	<com.gpscsp.isReadyToProcess.GPSCSP_IsReadyToProcess intServ="EEMSIIB_GPSCSP_COMMON" env="test2" override="BECode">700</com.gpscsp.isReadyToProcess.GPSCSP_IsReadyToProcess>
	<com.gpscsp.isReadyToProcess.GPSCSP_IsReadyToProcess intServ="EEMSIIB_GPSCSP_COMMON" env="test2" override="ProjNumber">2</com.gpscsp.isReadyToProcess.GPSCSP_IsReadyToProcess>
	<com.gpscsp.isReadyToProcess.GPSCSP_IsReadyToProcess intServ="EEMSIIB_GPSCSP_COMMON" env="test2" override="DSN">E3CSP_DB</com.gpscsp.isReadyToProcess.GPSCSP_IsReadyToProcess>
	<com.gpscsp.isReadyToProcess.GPSCSP_IsReadyToProcess intServ="EEMSIIB_GPSCSP_COMMON" env="test2" override="GPSCSP_READY_IN.queueName">EEMSIIB.GPSCSP_ISREADYTOPROCESS_IN</com.gpscsp.isReadyToProcess.GPSCSP_IsReadyToProcess>
	<com.gpscsp.isReadyToProcess.GPSCSP_IsReadyToProcess intServ="EEMSIIB_GPSCSP_COMMON" env="test2" override="GPSCSP_PFG_OUT.queueName">EEMSIIB.CSP_NTFY_ISREADYTOPROCESS_DATA</com.gpscsp.isReadyToProcess.GPSCSP_IsReadyToProcess>
	<com.gpscsp.isReadyToProcess.GPSCSP_IsReadyToProcess intServ="EEMSIIB_GPSCSP_COMMON" env="test2" override="GPSCSP_UpdateReadyToProcessTable.dataSource">E3CSP_DB</com.gpscsp.isReadyToProcess.GPSCSP_IsReadyToProcess>
	<com.gpscsp.isReadyToProcess.GPSCSP_IsReadyToProcess intServ="EEMSIIB_GPSCSP_COMMON" env="test2" override="EEMSIIB.GPSCSP_TBA_GETSBCRID_IN.queueName">EEMSIIB.GPSCSP_TBA_GETSBCRID_IN</com.gpscsp.isReadyToProcess.GPSCSP_IsReadyToProcess>
	<com.gpscsp.isReadyToProcess.GPSCSP_IsReadyToProcess intServ="EEMSIIB_GPSCSP_COMMON" env="test2" override="GPSCSP_GatewayMessageCreation.dataSource">E3CSP_DB</com.gpscsp.isReadyToProcess.GPSCSP_IsReadyToProcess>
	<com.gpscsp.isReadyToProcess.GPSCSP_IsReadyToProcess intServ="EEMSIIB_GPSCSP_COMMON" env="test2" override="EEMSIIB.CSP_TBA_BATCH_CMPL_NTFY_REQ.queueName">EEMSIIB.CSP_TBA_BATCH_CMPL_NTFY_REQ</com.gpscsp.isReadyToProcess.GPSCSP_IsReadyToProcess>
	<com.gpscsp.isReadyToProcess.GPSCSP_IsReadyToProcess intServ="EEMSIIB_GPSCSP_COMMON" env="test2" override="EEMSIIB.GPSCSP_ERRORMESSAGE_DATA.queueName">EEMSIIB.GPSCSP_ERRORMESSAGE_DATA</com.gpscsp.isReadyToProcess.GPSCSP_IsReadyToProcess>


	<!-- SIT Charlie-->
	<com.gpscsp.isReadyToProcess.GPSCSP_IsReadyToProcess intServ="EEMSIIB_GPSCSP_COMMON" env="test-charlie" override="PayloadFlag">TRUE</com.gpscsp.isReadyToProcess.GPSCSP_IsReadyToProcess>
	<com.gpscsp.isReadyToProcess.GPSCSP_IsReadyToProcess intServ="EEMSIIB_GPSCSP_COMMON" env="test-charlie" override="RetryNoOfTimes">3</com.gpscsp.isReadyToProcess.GPSCSP_IsReadyToProcess>
	<com.gpscsp.isReadyToProcess.GPSCSP_IsReadyToProcess intServ="EEMSIIB_GPSCSP_COMMON" env="test-charlie" override="WaitInterval">1000</com.gpscsp.isReadyToProcess.GPSCSP_IsReadyToProcess>
	<com.gpscsp.isReadyToProcess.GPSCSP_IsReadyToProcess intServ="EEMSIIB_GPSCSP_COMMON" env="test-charlie" override="BrkConfigKey">BRK_CONFIG</com.gpscsp.isReadyToProcess.GPSCSP_IsReadyToProcess>
	<com.gpscsp.isReadyToProcess.GPSCSP_IsReadyToProcess intServ="EEMSIIB_GPSCSP_COMMON" env="test-charlie" override="SchemaName">ELECELIG</com.gpscsp.isReadyToProcess.GPSCSP_IsReadyToProcess>
	<com.gpscsp.isReadyToProcess.GPSCSP_IsReadyToProcess intServ="EEMSIIB_GPSCSP_COMMON" env="test-charlie" override="varGCMapName">GPSCSP_Common_Map</com.gpscsp.isReadyToProcess.GPSCSP_IsReadyToProcess>
	<com.gpscsp.isReadyToProcess.GPSCSP_IsReadyToProcess intServ="EEMSIIB_GPSCSP_COMMON" env="test-charlie" override="brkrList">BKMBS11</com.gpscsp.isReadyToProcess.GPSCSP_IsReadyToProcess>
	<com.gpscsp.isReadyToProcess.GPSCSP_IsReadyToProcess intServ="EEMSIIB_GPSCSP_COMMON" env="test-charlie" override="brkrCount">1</com.gpscsp.isReadyToProcess.GPSCSP_IsReadyToProcess>
	<com.gpscsp.isReadyToProcess.GPSCSP_IsReadyToProcess intServ="EEMSIIB_GPSCSP_COMMON" env="test-charlie" override="srcMapName">GPSCSP_Source_Map</com.gpscsp.isReadyToProcess.GPSCSP_IsReadyToProcess>
	<com.gpscsp.isReadyToProcess.GPSCSP_IsReadyToProcess intServ="EEMSIIB_GPSCSP_COMMON" env="test-charlie" override="thresholdcount">0</com.gpscsp.isReadyToProcess.GPSCSP_IsReadyToProcess>
	<com.gpscsp.isReadyToProcess.GPSCSP_IsReadyToProcess intServ="EEMSIIB_GPSCSP_COMMON" env="test-charlie" override="CSPELIGSchema">CSPELIG</com.gpscsp.isReadyToProcess.GPSCSP_IsReadyToProcess>
	<com.gpscsp.isReadyToProcess.GPSCSP_IsReadyToProcess intServ="EEMSIIB_GPSCSP_COMMON" env="test-charlie" override="AuditQName">EEMSIIB.GPSCSP_COMMON_AUDITMESSAGE_DATA</com.gpscsp.isReadyToProcess.GPSCSP_IsReadyToProcess>
	<com.gpscsp.isReadyToProcess.GPSCSP_IsReadyToProcess intServ="EEMSIIB_GPSCSP_COMMON" env="test-charlie" override="BECode">700</com.gpscsp.isReadyToProcess.GPSCSP_IsReadyToProcess>
	<com.gpscsp.isReadyToProcess.GPSCSP_IsReadyToProcess intServ="EEMSIIB_GPSCSP_COMMON" env="test-charlie" override="ProjNumber">2</com.gpscsp.isReadyToProcess.GPSCSP_IsReadyToProcess>
	<com.gpscsp.isReadyToProcess.GPSCSP_IsReadyToProcess intServ="EEMSIIB_GPSCSP_COMMON" env="test-charlie" override="DSN">E3CSP_DB</com.gpscsp.isReadyToProcess.GPSCSP_IsReadyToProcess>
	<com.gpscsp.isReadyToProcess.GPSCSP_IsReadyToProcess intServ="EEMSIIB_GPSCSP_COMMON" env="test-charlie" override="GPSCSP_READY_IN.queueName">EEMSIIB.GPSCSP_ISREADYTOPROCESS_IN</com.gpscsp.isReadyToProcess.GPSCSP_IsReadyToProcess>
	<com.gpscsp.isReadyToProcess.GPSCSP_IsReadyToProcess intServ="EEMSIIB_GPSCSP_COMMON" env="test-charlie" override="GPSCSP_PFG_OUT.queueName">EEMSIIB.CSP_NTFY_ISREADYTOPROCESS_DATA</com.gpscsp.isReadyToProcess.GPSCSP_IsReadyToProcess>
	<com.gpscsp.isReadyToProcess.GPSCSP_IsReadyToProcess intServ="EEMSIIB_GPSCSP_COMMON" env="test-charlie" override="GPSCSP_UpdateReadyToProcessTable.dataSource">E3CSP_DB</com.gpscsp.isReadyToProcess.GPSCSP_IsReadyToProcess>
	<com.gpscsp.isReadyToProcess.GPSCSP_IsReadyToProcess intServ="EEMSIIB_GPSCSP_COMMON" env="test-charlie" override="EEMSIIB.GPSCSP_TBA_GETSBCRID_IN.queueName">EEMSIIB.GPSCSP_TBA_GETSBCRID_IN</com.gpscsp.isReadyToProcess.GPSCSP_IsReadyToProcess>
	<com.gpscsp.isReadyToProcess.GPSCSP_IsReadyToProcess intServ="EEMSIIB_GPSCSP_COMMON" env="test-charlie" override="GPSCSP_GatewayMessageCreation.dataSource">E3CSP_DB</com.gpscsp.isReadyToProcess.GPSCSP_IsReadyToProcess>
	<com.gpscsp.isReadyToProcess.GPSCSP_IsReadyToProcess intServ="EEMSIIB_GPSCSP_COMMON" env="test-charlie" override="EEMSIIB.CSP_TBA_BATCH_CMPL_NTFY_REQ.queueName">EEMSIIB.CSP_TBA_BATCH_CMPL_NTFY_REQ</com.gpscsp.isReadyToProcess.GPSCSP_IsReadyToProcess>
	<com.gpscsp.isReadyToProcess.GPSCSP_IsReadyToProcess intServ="EEMSIIB_GPSCSP_COMMON" env="test-charlie" override="EEMSIIB.GPSCSP_ERRORMESSAGE_DATA.queueName">EEMSIIB.GPSCSP_ERRORMESSAGE_DATA</com.gpscsp.isReadyToProcess.GPSCSP_IsReadyToProcess>

	<!--UAT -->
	<com.gpscsp.isReadyToProcess.GPSCSP_IsReadyToProcess intServ="EEMSIIB_GPSCSP_COMMON" env="uat" override="PayloadFlag">TRUE</com.gpscsp.isReadyToProcess.GPSCSP_IsReadyToProcess>
	<com.gpscsp.isReadyToProcess.GPSCSP_IsReadyToProcess intServ="EEMSIIB_GPSCSP_COMMON" env="uat" override="RetryNoOfTimes">3</com.gpscsp.isReadyToProcess.GPSCSP_IsReadyToProcess>
	<com.gpscsp.isReadyToProcess.GPSCSP_IsReadyToProcess intServ="EEMSIIB_GPSCSP_COMMON" env="uat" override="WaitInterval">1000</com.gpscsp.isReadyToProcess.GPSCSP_IsReadyToProcess>
	<com.gpscsp.isReadyToProcess.GPSCSP_IsReadyToProcess intServ="EEMSIIB_GPSCSP_COMMON" env="uat" override="BrkConfigKey">BRK_CONFIG</com.gpscsp.isReadyToProcess.GPSCSP_IsReadyToProcess>
	<com.gpscsp.isReadyToProcess.GPSCSP_IsReadyToProcess intServ="EEMSIIB_GPSCSP_COMMON" env="uat" override="SchemaName">ELECELIG</com.gpscsp.isReadyToProcess.GPSCSP_IsReadyToProcess>
	<com.gpscsp.isReadyToProcess.GPSCSP_IsReadyToProcess intServ="EEMSIIB_GPSCSP_COMMON" env="uat" override="varGCMapName">GPSCSP_Common_Map</com.gpscsp.isReadyToProcess.GPSCSP_IsReadyToProcess>
	<com.gpscsp.isReadyToProcess.GPSCSP_IsReadyToProcess intServ="EEMSIIB_GPSCSP_COMMON" env="uat" override="brkrList">BKMBRA11</com.gpscsp.isReadyToProcess.GPSCSP_IsReadyToProcess>
	<com.gpscsp.isReadyToProcess.GPSCSP_IsReadyToProcess intServ="EEMSIIB_GPSCSP_COMMON" env="uat" override="brkrCount">1</com.gpscsp.isReadyToProcess.GPSCSP_IsReadyToProcess>
	<com.gpscsp.isReadyToProcess.GPSCSP_IsReadyToProcess intServ="EEMSIIB_GPSCSP_COMMON" env="uat" override="srcMapName">GPSCSP_Source_Map</com.gpscsp.isReadyToProcess.GPSCSP_IsReadyToProcess>
	<com.gpscsp.isReadyToProcess.GPSCSP_IsReadyToProcess intServ="EEMSIIB_GPSCSP_COMMON" env="uat" override="thresholdcount">0</com.gpscsp.isReadyToProcess.GPSCSP_IsReadyToProcess>
	<com.gpscsp.isReadyToProcess.GPSCSP_IsReadyToProcess intServ="EEMSIIB_GPSCSP_COMMON" env="uat" override="CSPELIGSchema">CSPELIG</com.gpscsp.isReadyToProcess.GPSCSP_IsReadyToProcess>
	<com.gpscsp.isReadyToProcess.GPSCSP_IsReadyToProcess intServ="EEMSIIB_GPSCSP_COMMON" env="uat" override="AuditQName">EEMSIIB.GPSCSP_COMMON_AUDITMESSAGE_DATA</com.gpscsp.isReadyToProcess.GPSCSP_IsReadyToProcess>
	<com.gpscsp.isReadyToProcess.GPSCSP_IsReadyToProcess intServ="EEMSIIB_GPSCSP_COMMON" env="uat" override="BECode">700</com.gpscsp.isReadyToProcess.GPSCSP_IsReadyToProcess>
	<com.gpscsp.isReadyToProcess.GPSCSP_IsReadyToProcess intServ="EEMSIIB_GPSCSP_COMMON" env="uat" override="ProjNumber">2</com.gpscsp.isReadyToProcess.GPSCSP_IsReadyToProcess>
	<com.gpscsp.isReadyToProcess.GPSCSP_IsReadyToProcess intServ="EEMSIIB_GPSCSP_COMMON" env="uat" override="DSN">E3CSP_DB</com.gpscsp.isReadyToProcess.GPSCSP_IsReadyToProcess>
	<com.gpscsp.isReadyToProcess.GPSCSP_IsReadyToProcess intServ="EEMSIIB_GPSCSP_COMMON" env="uat" override="GPSCSP_READY_IN.queueName">EEMSIIB.GPSCSP_ISREADYTOPROCESS_IN</com.gpscsp.isReadyToProcess.GPSCSP_IsReadyToProcess>
	<com.gpscsp.isReadyToProcess.GPSCSP_IsReadyToProcess intServ="EEMSIIB_GPSCSP_COMMON" env="uat" override="GPSCSP_PFG_OUT.queueName">EEMSIIB.CSP_NTFY_ISREADYTOPROCESS_DATA</com.gpscsp.isReadyToProcess.GPSCSP_IsReadyToProcess>
	<com.gpscsp.isReadyToProcess.GPSCSP_IsReadyToProcess intServ="EEMSIIB_GPSCSP_COMMON" env="uat" override="GPSCSP_UpdateReadyToProcessTable.dataSource">E3CSP_DB</com.gpscsp.isReadyToProcess.GPSCSP_IsReadyToProcess>
	<com.gpscsp.isReadyToProcess.GPSCSP_IsReadyToProcess intServ="EEMSIIB_GPSCSP_COMMON" env="uat" override="EEMSIIB.GPSCSP_TBA_GETSBCRID_IN.queueName">EEMSIIB.GPSCSP_TBA_GETSBCRID_IN</com.gpscsp.isReadyToProcess.GPSCSP_IsReadyToProcess>
	<com.gpscsp.isReadyToProcess.GPSCSP_IsReadyToProcess intServ="EEMSIIB_GPSCSP_COMMON" env="uat" override="GPSCSP_GatewayMessageCreation.dataSource">E3CSP_DB</com.gpscsp.isReadyToProcess.GPSCSP_IsReadyToProcess>
	<com.gpscsp.isReadyToProcess.GPSCSP_IsReadyToProcess intServ="EEMSIIB_GPSCSP_COMMON" env="uat" override="EEMSIIB.CSP_TBA_BATCH_CMPL_NTFY_REQ.queueName">EEMSIIB.CSP_TBA_BATCH_CMPL_NTFY_REQ</com.gpscsp.isReadyToProcess.GPSCSP_IsReadyToProcess>
	<com.gpscsp.isReadyToProcess.GPSCSP_IsReadyToProcess intServ="EEMSIIB_GPSCSP_COMMON" env="uat" override="EEMSIIB.GPSCSP_ERRORMESSAGE_DATA.queueName">EEMSIIB.GPSCSP_ERRORMESSAGE_DATA</com.gpscsp.isReadyToProcess.GPSCSP_IsReadyToProcess>

	<!--UAT Bravo-->
	<com.gpscsp.isReadyToProcess.GPSCSP_IsReadyToProcess intServ="EEMSIIB_GPSCSP_COMMON" env="uat-bravo" override="PayloadFlag">TRUE</com.gpscsp.isReadyToProcess.GPSCSP_IsReadyToProcess>
	<com.gpscsp.isReadyToProcess.GPSCSP_IsReadyToProcess intServ="EEMSIIB_GPSCSP_COMMON" env="uat-bravo" override="RetryNoOfTimes">3</com.gpscsp.isReadyToProcess.GPSCSP_IsReadyToProcess>
	<com.gpscsp.isReadyToProcess.GPSCSP_IsReadyToProcess intServ="EEMSIIB_GPSCSP_COMMON" env="uat-bravo" override="WaitInterval">1000</com.gpscsp.isReadyToProcess.GPSCSP_IsReadyToProcess>
	<com.gpscsp.isReadyToProcess.GPSCSP_IsReadyToProcess intServ="EEMSIIB_GPSCSP_COMMON" env="uat-bravo" override="BrkConfigKey">BRK_CONFIG</com.gpscsp.isReadyToProcess.GPSCSP_IsReadyToProcess>
	<com.gpscsp.isReadyToProcess.GPSCSP_IsReadyToProcess intServ="EEMSIIB_GPSCSP_COMMON" env="uat-bravo" override="SchemaName">ELECELIG</com.gpscsp.isReadyToProcess.GPSCSP_IsReadyToProcess>
	<com.gpscsp.isReadyToProcess.GPSCSP_IsReadyToProcess intServ="EEMSIIB_GPSCSP_COMMON" env="uat-bravo" override="varGCMapName">GPSCSP_Common_Map</com.gpscsp.isReadyToProcess.GPSCSP_IsReadyToProcess>
	<com.gpscsp.isReadyToProcess.GPSCSP_IsReadyToProcess intServ="EEMSIIB_GPSCSP_COMMON" env="uat-bravo" override="brkrList">BKMBRB11</com.gpscsp.isReadyToProcess.GPSCSP_IsReadyToProcess>
	<com.gpscsp.isReadyToProcess.GPSCSP_IsReadyToProcess intServ="EEMSIIB_GPSCSP_COMMON" env="uat-bravo" override="brkrCount">1</com.gpscsp.isReadyToProcess.GPSCSP_IsReadyToProcess>
	<com.gpscsp.isReadyToProcess.GPSCSP_IsReadyToProcess intServ="EEMSIIB_GPSCSP_COMMON" env="uat-bravo" override="srcMapName">GPSCSP_Source_Map</com.gpscsp.isReadyToProcess.GPSCSP_IsReadyToProcess>
	<com.gpscsp.isReadyToProcess.GPSCSP_IsReadyToProcess intServ="EEMSIIB_GPSCSP_COMMON" env="uat-bravo" override="thresholdcount">0</com.gpscsp.isReadyToProcess.GPSCSP_IsReadyToProcess>
	<com.gpscsp.isReadyToProcess.GPSCSP_IsReadyToProcess intServ="EEMSIIB_GPSCSP_COMMON" env="uat-bravo" override="CSPELIGSchema">CSPELIG</com.gpscsp.isReadyToProcess.GPSCSP_IsReadyToProcess>
	<com.gpscsp.isReadyToProcess.GPSCSP_IsReadyToProcess intServ="EEMSIIB_GPSCSP_COMMON" env="uat-bravo" override="AuditQName">EEMSIIB.GPSCSP_COMMON_AUDITMESSAGE_DATA</com.gpscsp.isReadyToProcess.GPSCSP_IsReadyToProcess>
	<com.gpscsp.isReadyToProcess.GPSCSP_IsReadyToProcess intServ="EEMSIIB_GPSCSP_COMMON" env="uat-bravo" override="BECode">700</com.gpscsp.isReadyToProcess.GPSCSP_IsReadyToProcess>
	<com.gpscsp.isReadyToProcess.GPSCSP_IsReadyToProcess intServ="EEMSIIB_GPSCSP_COMMON" env="uat-bravo" override="ProjNumber">2</com.gpscsp.isReadyToProcess.GPSCSP_IsReadyToProcess>
	<com.gpscsp.isReadyToProcess.GPSCSP_IsReadyToProcess intServ="EEMSIIB_GPSCSP_COMMON" env="uat-bravo" override="DSN">E3CSP_DB</com.gpscsp.isReadyToProcess.GPSCSP_IsReadyToProcess>
	<com.gpscsp.isReadyToProcess.GPSCSP_IsReadyToProcess intServ="EEMSIIB_GPSCSP_COMMON" env="uat-bravo" override="GPSCSP_READY_IN.queueName">EEMSIIB.GPSCSP_ISREADYTOPROCESS_IN</com.gpscsp.isReadyToProcess.GPSCSP_IsReadyToProcess>
	<com.gpscsp.isReadyToProcess.GPSCSP_IsReadyToProcess intServ="EEMSIIB_GPSCSP_COMMON" env="uat-bravo" override="GPSCSP_PFG_OUT.queueName">EEMSIIB.CSP_NTFY_ISREADYTOPROCESS_DATA</com.gpscsp.isReadyToProcess.GPSCSP_IsReadyToProcess>
	<com.gpscsp.isReadyToProcess.GPSCSP_IsReadyToProcess intServ="EEMSIIB_GPSCSP_COMMON" env="uat-bravo" override="GPSCSP_UpdateReadyToProcessTable.dataSource">E3CSP_DB</com.gpscsp.isReadyToProcess.GPSCSP_IsReadyToProcess>
	<com.gpscsp.isReadyToProcess.GPSCSP_IsReadyToProcess intServ="EEMSIIB_GPSCSP_COMMON" env="uat-bravo" override="EEMSIIB.GPSCSP_TBA_GETSBCRID_IN.queueName">EEMSIIB.GPSCSP_TBA_GETSBCRID_IN</com.gpscsp.isReadyToProcess.GPSCSP_IsReadyToProcess>
	<com.gpscsp.isReadyToProcess.GPSCSP_IsReadyToProcess intServ="EEMSIIB_GPSCSP_COMMON" env="uat-bravo" override="GPSCSP_GatewayMessageCreation.dataSource">E3CSP_DB</com.gpscsp.isReadyToProcess.GPSCSP_IsReadyToProcess>
	<com.gpscsp.isReadyToProcess.GPSCSP_IsReadyToProcess intServ="EEMSIIB_GPSCSP_COMMON" env="uat-bravo" override="EEMSIIB.CSP_TBA_BATCH_CMPL_NTFY_REQ.queueName">EEMSIIB.CSP_TBA_BATCH_CMPL_NTFY_REQ</com.gpscsp.isReadyToProcess.GPSCSP_IsReadyToProcess>
	<com.gpscsp.isReadyToProcess.GPSCSP_IsReadyToProcess intServ="EEMSIIB_GPSCSP_COMMON" env="uat-bravo" override="EEMSIIB.GPSCSP_ERRORMESSAGE_DATA.queueName">EEMSIIB.GPSCSP_ERRORMESSAGE_DATA</com.gpscsp.isReadyToProcess.GPSCSP_IsReadyToProcess>


	<!--UAT Charlie-->
	<com.gpscsp.isReadyToProcess.GPSCSP_IsReadyToProcess intServ="EEMSIIB_GPSCSP_COMMON" env="uat-charlie" override="PayloadFlag">TRUE</com.gpscsp.isReadyToProcess.GPSCSP_IsReadyToProcess>
	<com.gpscsp.isReadyToProcess.GPSCSP_IsReadyToProcess intServ="EEMSIIB_GPSCSP_COMMON" env="uat-charlie" override="RetryNoOfTimes">3</com.gpscsp.isReadyToProcess.GPSCSP_IsReadyToProcess>
	<com.gpscsp.isReadyToProcess.GPSCSP_IsReadyToProcess intServ="EEMSIIB_GPSCSP_COMMON" env="uat-charlie" override="WaitInterval">1000</com.gpscsp.isReadyToProcess.GPSCSP_IsReadyToProcess>
	<com.gpscsp.isReadyToProcess.GPSCSP_IsReadyToProcess intServ="EEMSIIB_GPSCSP_COMMON" env="uat-charlie" override="BrkConfigKey">BRK_CONFIG</com.gpscsp.isReadyToProcess.GPSCSP_IsReadyToProcess>
	<com.gpscsp.isReadyToProcess.GPSCSP_IsReadyToProcess intServ="EEMSIIB_GPSCSP_COMMON" env="uat-charlie" override="SchemaName">ELECELIG</com.gpscsp.isReadyToProcess.GPSCSP_IsReadyToProcess>
	<com.gpscsp.isReadyToProcess.GPSCSP_IsReadyToProcess intServ="EEMSIIB_GPSCSP_COMMON" env="uat-charlie" override="varGCMapName">GPSCSP_Common_Map</com.gpscsp.isReadyToProcess.GPSCSP_IsReadyToProcess>
	<com.gpscsp.isReadyToProcess.GPSCSP_IsReadyToProcess intServ="EEMSIIB_GPSCSP_COMMON" env="uat-charlie" override="brkrList">BKMBRC12</com.gpscsp.isReadyToProcess.GPSCSP_IsReadyToProcess>
	<com.gpscsp.isReadyToProcess.GPSCSP_IsReadyToProcess intServ="EEMSIIB_GPSCSP_COMMON" env="uat-charlie" override="brkrCount">1</com.gpscsp.isReadyToProcess.GPSCSP_IsReadyToProcess>
	<com.gpscsp.isReadyToProcess.GPSCSP_IsReadyToProcess intServ="EEMSIIB_GPSCSP_COMMON" env="uat-charlie" override="srcMapName">GPSCSP_Source_Map</com.gpscsp.isReadyToProcess.GPSCSP_IsReadyToProcess>
	<com.gpscsp.isReadyToProcess.GPSCSP_IsReadyToProcess intServ="EEMSIIB_GPSCSP_COMMON" env="uat-charlie" override="thresholdcount">0</com.gpscsp.isReadyToProcess.GPSCSP_IsReadyToProcess>
	<com.gpscsp.isReadyToProcess.GPSCSP_IsReadyToProcess intServ="EEMSIIB_GPSCSP_COMMON" env="uat-charlie" override="CSPELIGSchema">CSPELIG</com.gpscsp.isReadyToProcess.GPSCSP_IsReadyToProcess>
	<com.gpscsp.isReadyToProcess.GPSCSP_IsReadyToProcess intServ="EEMSIIB_GPSCSP_COMMON" env="uat-charlie" override="AuditQName">EEMSIIB.GPSCSP_COMMON_AUDITMESSAGE_DATA</com.gpscsp.isReadyToProcess.GPSCSP_IsReadyToProcess>
	<com.gpscsp.isReadyToProcess.GPSCSP_IsReadyToProcess intServ="EEMSIIB_GPSCSP_COMMON" env="uat-charlie" override="BECode">700</com.gpscsp.isReadyToProcess.GPSCSP_IsReadyToProcess>
	<com.gpscsp.isReadyToProcess.GPSCSP_IsReadyToProcess intServ="EEMSIIB_GPSCSP_COMMON" env="uat-charlie" override="ProjNumber">2</com.gpscsp.isReadyToProcess.GPSCSP_IsReadyToProcess>
	<com.gpscsp.isReadyToProcess.GPSCSP_IsReadyToProcess intServ="EEMSIIB_GPSCSP_COMMON" env="uat-charlie" override="DSN">E3CSP_DB</com.gpscsp.isReadyToProcess.GPSCSP_IsReadyToProcess>
	<com.gpscsp.isReadyToProcess.GPSCSP_IsReadyToProcess intServ="EEMSIIB_GPSCSP_COMMON" env="uat-charlie" override="GPSCSP_READY_IN.queueName">EEMSIIB.GPSCSP_ISREADYTOPROCESS_IN</com.gpscsp.isReadyToProcess.GPSCSP_IsReadyToProcess>
	<com.gpscsp.isReadyToProcess.GPSCSP_IsReadyToProcess intServ="EEMSIIB_GPSCSP_COMMON" env="uat-charlie" override="GPSCSP_PFG_OUT.queueName">EEMSIIB.CSP_NTFY_ISREADYTOPROCESS_DATA</com.gpscsp.isReadyToProcess.GPSCSP_IsReadyToProcess>
	<com.gpscsp.isReadyToProcess.GPSCSP_IsReadyToProcess intServ="EEMSIIB_GPSCSP_COMMON" env="uat-charlie" override="GPSCSP_UpdateReadyToProcessTable.dataSource">E3CSP_DB</com.gpscsp.isReadyToProcess.GPSCSP_IsReadyToProcess>
	<com.gpscsp.isReadyToProcess.GPSCSP_IsReadyToProcess intServ="EEMSIIB_GPSCSP_COMMON" env="uat-charlie" override="EEMSIIB.GPSCSP_TBA_GETSBCRID_IN.queueName">EEMSIIB.GPSCSP_TBA_GETSBCRID_IN</com.gpscsp.isReadyToProcess.GPSCSP_IsReadyToProcess>
	<com.gpscsp.isReadyToProcess.GPSCSP_IsReadyToProcess intServ="EEMSIIB_GPSCSP_COMMON" env="uat-charlie" override="GPSCSP_GatewayMessageCreation.dataSource">E3CSP_DB</com.gpscsp.isReadyToProcess.GPSCSP_IsReadyToProcess>
	<com.gpscsp.isReadyToProcess.GPSCSP_IsReadyToProcess intServ="EEMSIIB_GPSCSP_COMMON" env="uat-charlie" override="EEMSIIB.CSP_TBA_BATCH_CMPL_NTFY_REQ.queueName">EEMSIIB.CSP_TBA_BATCH_CMPL_NTFY_REQ</com.gpscsp.isReadyToProcess.GPSCSP_IsReadyToProcess>
	<com.gpscsp.isReadyToProcess.GPSCSP_IsReadyToProcess intServ="EEMSIIB_GPSCSP_COMMON" env="uat-charlie" override="EEMSIIB.GPSCSP_ERRORMESSAGE_DATA.queueName">EEMSIIB.GPSCSP_ERRORMESSAGE_DATA</com.gpscsp.isReadyToProcess.GPSCSP_IsReadyToProcess>


	<!--STAGE -->
	
	<com.gpscsp.isReadyToProcess.GPSCSP_IsReadyToProcess intServ="EEMSIIB_GPSCSP_COMMON" env="stage" override="PayloadFlag">TRUE</com.gpscsp.isReadyToProcess.GPSCSP_IsReadyToProcess>
	<com.gpscsp.isReadyToProcess.GPSCSP_IsReadyToProcess intServ="EEMSIIB_GPSCSP_COMMON" env="stage" override="RetryNoOfTimes">3</com.gpscsp.isReadyToProcess.GPSCSP_IsReadyToProcess>
	<com.gpscsp.isReadyToProcess.GPSCSP_IsReadyToProcess intServ="EEMSIIB_GPSCSP_COMMON" env="stage" override="WaitInterval">1000</com.gpscsp.isReadyToProcess.GPSCSP_IsReadyToProcess>
	<com.gpscsp.isReadyToProcess.GPSCSP_IsReadyToProcess intServ="EEMSIIB_GPSCSP_COMMON" env="stage" override="BrkConfigKey">BRK_CONFIG</com.gpscsp.isReadyToProcess.GPSCSP_IsReadyToProcess>
	<com.gpscsp.isReadyToProcess.GPSCSP_IsReadyToProcess intServ="EEMSIIB_GPSCSP_COMMON" env="stage" override="SchemaName">ELECELIG</com.gpscsp.isReadyToProcess.GPSCSP_IsReadyToProcess>
	<com.gpscsp.isReadyToProcess.GPSCSP_IsReadyToProcess intServ="EEMSIIB_GPSCSP_COMMON" env="stage" override="varGCMapName">GPSCSP_Common_Map</com.gpscsp.isReadyToProcess.GPSCSP_IsReadyToProcess>
	<com.gpscsp.isReadyToProcess.GPSCSP_IsReadyToProcess intServ="EEMSIIB_GPSCSP_COMMON" env="stage" override="brkrList">BKMBC13_BKMBC14</com.gpscsp.isReadyToProcess.GPSCSP_IsReadyToProcess>
	<com.gpscsp.isReadyToProcess.GPSCSP_IsReadyToProcess intServ="EEMSIIB_GPSCSP_COMMON" env="stage" override="brkrCount">2</com.gpscsp.isReadyToProcess.GPSCSP_IsReadyToProcess>
	<com.gpscsp.isReadyToProcess.GPSCSP_IsReadyToProcess intServ="EEMSIIB_GPSCSP_COMMON" env="stage" override="srcMapName">GPSCSP_Source_Map</com.gpscsp.isReadyToProcess.GPSCSP_IsReadyToProcess>
	<com.gpscsp.isReadyToProcess.GPSCSP_IsReadyToProcess intServ="EEMSIIB_GPSCSP_COMMON" env="stage" override="thresholdcount">0</com.gpscsp.isReadyToProcess.GPSCSP_IsReadyToProcess>
	<com.gpscsp.isReadyToProcess.GPSCSP_IsReadyToProcess intServ="EEMSIIB_GPSCSP_COMMON" env="stage" override="CSPELIGSchema">CSPELIG</com.gpscsp.isReadyToProcess.GPSCSP_IsReadyToProcess>
	<com.gpscsp.isReadyToProcess.GPSCSP_IsReadyToProcess intServ="EEMSIIB_GPSCSP_COMMON" env="stage" override="AuditQName">EEMSIIB.GPSCSP_COMMON_AUDITMESSAGE_DATA</com.gpscsp.isReadyToProcess.GPSCSP_IsReadyToProcess>
	<com.gpscsp.isReadyToProcess.GPSCSP_IsReadyToProcess intServ="EEMSIIB_GPSCSP_COMMON" env="stage" override="BECode">700</com.gpscsp.isReadyToProcess.GPSCSP_IsReadyToProcess>
	<com.gpscsp.isReadyToProcess.GPSCSP_IsReadyToProcess intServ="EEMSIIB_GPSCSP_COMMON" env="stage" override="ProjNumber">2</com.gpscsp.isReadyToProcess.GPSCSP_IsReadyToProcess>
	<com.gpscsp.isReadyToProcess.GPSCSP_IsReadyToProcess intServ="EEMSIIB_GPSCSP_COMMON" env="stage" override="DSN">E3CSP_DB</com.gpscsp.isReadyToProcess.GPSCSP_IsReadyToProcess>
	<com.gpscsp.isReadyToProcess.GPSCSP_IsReadyToProcess intServ="EEMSIIB_GPSCSP_COMMON" env="stage" override="GPSCSP_READY_IN.queueName">EEMSIIB.GPSCSP_ISREADYTOPROCESS_IN</com.gpscsp.isReadyToProcess.GPSCSP_IsReadyToProcess>
	<com.gpscsp.isReadyToProcess.GPSCSP_IsReadyToProcess intServ="EEMSIIB_GPSCSP_COMMON" env="stage" override="GPSCSP_PFG_OUT.queueName">EEMSIIB.CSP_NTFY_ISREADYTOPROCESS_DATA</com.gpscsp.isReadyToProcess.GPSCSP_IsReadyToProcess>
	<com.gpscsp.isReadyToProcess.GPSCSP_IsReadyToProcess intServ="EEMSIIB_GPSCSP_COMMON" env="stage" override="GPSCSP_UpdateReadyToProcessTable.dataSource">E3CSP_DB</com.gpscsp.isReadyToProcess.GPSCSP_IsReadyToProcess>
	<com.gpscsp.isReadyToProcess.GPSCSP_IsReadyToProcess intServ="EEMSIIB_GPSCSP_COMMON" env="stage" override="EEMSIIB.GPSCSP_TBA_GETSBCRID_IN.queueName">EEMSIIB.GPSCSP_TBA_GETSBCRID_IN</com.gpscsp.isReadyToProcess.GPSCSP_IsReadyToProcess>
	<com.gpscsp.isReadyToProcess.GPSCSP_IsReadyToProcess intServ="EEMSIIB_GPSCSP_COMMON" env="stage" override="GPSCSP_GatewayMessageCreation.dataSource">E3CSP_DB</com.gpscsp.isReadyToProcess.GPSCSP_IsReadyToProcess>
	<com.gpscsp.isReadyToProcess.GPSCSP_IsReadyToProcess intServ="EEMSIIB_GPSCSP_COMMON" env="stage" override="EEMSIIB.CSP_TBA_BATCH_CMPL_NTFY_REQ.queueName">EEMSIIB.CSP_TBA_BATCH_CMPL_NTFY_REQ</com.gpscsp.isReadyToProcess.GPSCSP_IsReadyToProcess>
	<com.gpscsp.isReadyToProcess.GPSCSP_IsReadyToProcess intServ="EEMSIIB_GPSCSP_COMMON" env="stage" override="EEMSIIB.GPSCSP_ERRORMESSAGE_DATA.queueName">EEMSIIB.GPSCSP_ERRORMESSAGE_DATA</com.gpscsp.isReadyToProcess.GPSCSP_IsReadyToProcess>

	<!--ADOPT -->
	
	<com.gpscsp.isReadyToProcess.GPSCSP_IsReadyToProcess intServ="EEMSIIB_GPSCSP_COMMON" env="adopt" override="PayloadFlag">TRUE</com.gpscsp.isReadyToProcess.GPSCSP_IsReadyToProcess>
	<com.gpscsp.isReadyToProcess.GPSCSP_IsReadyToProcess intServ="EEMSIIB_GPSCSP_COMMON" env="adopt" override="RetryNoOfTimes">3</com.gpscsp.isReadyToProcess.GPSCSP_IsReadyToProcess>
	<com.gpscsp.isReadyToProcess.GPSCSP_IsReadyToProcess intServ="EEMSIIB_GPSCSP_COMMON" env="adopt" override="WaitInterval">1000</com.gpscsp.isReadyToProcess.GPSCSP_IsReadyToProcess>
	<com.gpscsp.isReadyToProcess.GPSCSP_IsReadyToProcess intServ="EEMSIIB_GPSCSP_COMMON" env="adopt" override="BrkConfigKey">BRK_CONFIG</com.gpscsp.isReadyToProcess.GPSCSP_IsReadyToProcess>
	<com.gpscsp.isReadyToProcess.GPSCSP_IsReadyToProcess intServ="EEMSIIB_GPSCSP_COMMON" env="adopt" override="SchemaName">ELECELIG</com.gpscsp.isReadyToProcess.GPSCSP_IsReadyToProcess>
	<com.gpscsp.isReadyToProcess.GPSCSP_IsReadyToProcess intServ="EEMSIIB_GPSCSP_COMMON" env="adopt" override="varGCMapName">GPSCSP_Common_Map</com.gpscsp.isReadyToProcess.GPSCSP_IsReadyToProcess>
	<com.gpscsp.isReadyToProcess.GPSCSP_IsReadyToProcess intServ="EEMSIIB_GPSCSP_COMMON" env="adopt" override="brkrList">BKMBPD07_BKMBPD08</com.gpscsp.isReadyToProcess.GPSCSP_IsReadyToProcess>
	<com.gpscsp.isReadyToProcess.GPSCSP_IsReadyToProcess intServ="EEMSIIB_GPSCSP_COMMON" env="adopt" override="brkrCount">2</com.gpscsp.isReadyToProcess.GPSCSP_IsReadyToProcess>
	<com.gpscsp.isReadyToProcess.GPSCSP_IsReadyToProcess intServ="EEMSIIB_GPSCSP_COMMON" env="adopt" override="srcMapName">GPSCSP_Source_Map</com.gpscsp.isReadyToProcess.GPSCSP_IsReadyToProcess>
	<com.gpscsp.isReadyToProcess.GPSCSP_IsReadyToProcess intServ="EEMSIIB_GPSCSP_COMMON" env="adopt" override="thresholdcount">0</com.gpscsp.isReadyToProcess.GPSCSP_IsReadyToProcess>
	<com.gpscsp.isReadyToProcess.GPSCSP_IsReadyToProcess intServ="EEMSIIB_GPSCSP_COMMON" env="adopt" override="CSPELIGSchema">CSPELIG</com.gpscsp.isReadyToProcess.GPSCSP_IsReadyToProcess>
	<com.gpscsp.isReadyToProcess.GPSCSP_IsReadyToProcess intServ="EEMSIIB_GPSCSP_COMMON" env="adopt" override="AuditQName">EEMSIIB.ADP.GPSCSP_COMMON_AUDITMESSAGE_DATA</com.gpscsp.isReadyToProcess.GPSCSP_IsReadyToProcess>
	<com.gpscsp.isReadyToProcess.GPSCSP_IsReadyToProcess intServ="EEMSIIB_GPSCSP_COMMON" env="adopt" override="BECode">700</com.gpscsp.isReadyToProcess.GPSCSP_IsReadyToProcess>
	<com.gpscsp.isReadyToProcess.GPSCSP_IsReadyToProcess intServ="EEMSIIB_GPSCSP_COMMON" env="adopt" override="ProjNumber">2</com.gpscsp.isReadyToProcess.GPSCSP_IsReadyToProcess>
	<com.gpscsp.isReadyToProcess.GPSCSP_IsReadyToProcess intServ="EEMSIIB_GPSCSP_COMMON" env="adopt" override="DSN">E3CSP_DB</com.gpscsp.isReadyToProcess.GPSCSP_IsReadyToProcess>
	<com.gpscsp.isReadyToProcess.GPSCSP_IsReadyToProcess intServ="EEMSIIB_GPSCSP_COMMON" env="adopt" override="GPSCSP_READY_IN.queueName">EEMSIIB.ADP.GPSCSP_ISREADYTOPROCESS_IN</com.gpscsp.isReadyToProcess.GPSCSP_IsReadyToProcess>
	<com.gpscsp.isReadyToProcess.GPSCSP_IsReadyToProcess intServ="EEMSIIB_GPSCSP_COMMON" env="adopt" override="GPSCSP_PFG_OUT.queueName">EEMSIIB.ADP.CSP_NTFY_ISREADYTOPROCESS_DATA</com.gpscsp.isReadyToProcess.GPSCSP_IsReadyToProcess>
	<com.gpscsp.isReadyToProcess.GPSCSP_IsReadyToProcess intServ="EEMSIIB_GPSCSP_COMMON" env="adopt" override="GPSCSP_UpdateReadyToProcessTable.dataSource">E3CSP_DB</com.gpscsp.isReadyToProcess.GPSCSP_IsReadyToProcess>
	<com.gpscsp.isReadyToProcess.GPSCSP_IsReadyToProcess intServ="EEMSIIB_GPSCSP_COMMON" env="adopt" override="EEMSIIB.GPSCSP_TBA_GETSBCRID_IN.queueName">EEMSIIB.ADP.GPSCSP_TBA_GETSBCRID_IN</com.gpscsp.isReadyToProcess.GPSCSP_IsReadyToProcess>
	<com.gpscsp.isReadyToProcess.GPSCSP_IsReadyToProcess intServ="EEMSIIB_GPSCSP_COMMON" env="adopt" override="GPSCSP_GatewayMessageCreation.dataSource">E3CSP_DB</com.gpscsp.isReadyToProcess.GPSCSP_IsReadyToProcess>
	<com.gpscsp.isReadyToProcess.GPSCSP_IsReadyToProcess intServ="EEMSIIB_GPSCSP_COMMON" env="adopt" override="EEMSIIB.CSP_TBA_BATCH_CMPL_NTFY_REQ.queueName">EEMSIIB.ADP.CSP_TBA_BATCH_CMPL_NTFY_REQ</com.gpscsp.isReadyToProcess.GPSCSP_IsReadyToProcess>
	<com.gpscsp.isReadyToProcess.GPSCSP_IsReadyToProcess intServ="EEMSIIB_GPSCSP_COMMON" env="adopt" override="EEMSIIB.GPSCSP_ERRORMESSAGE_DATA.queueName">EEMSIIB.ADP.GPSCSP_ERRORMESSAGE_DATA</com.gpscsp.isReadyToProcess.GPSCSP_IsReadyToProcess>

	<!--PROD -->
	
	
	<com.gpscsp.isReadyToProcess.GPSCSP_IsReadyToProcess intServ="EEMSIIB_GPSCSP_COMMON" env="prod" override="PayloadFlag">TRUE</com.gpscsp.isReadyToProcess.GPSCSP_IsReadyToProcess>
	<com.gpscsp.isReadyToProcess.GPSCSP_IsReadyToProcess intServ="EEMSIIB_GPSCSP_COMMON" env="prod" override="RetryNoOfTimes">3</com.gpscsp.isReadyToProcess.GPSCSP_IsReadyToProcess>
	<com.gpscsp.isReadyToProcess.GPSCSP_IsReadyToProcess intServ="EEMSIIB_GPSCSP_COMMON" env="prod" override="WaitInterval">1000</com.gpscsp.isReadyToProcess.GPSCSP_IsReadyToProcess>
	<com.gpscsp.isReadyToProcess.GPSCSP_IsReadyToProcess intServ="EEMSIIB_GPSCSP_COMMON" env="prod" override="BrkConfigKey">BRK_CONFIG</com.gpscsp.isReadyToProcess.GPSCSP_IsReadyToProcess>
	<com.gpscsp.isReadyToProcess.GPSCSP_IsReadyToProcess intServ="EEMSIIB_GPSCSP_COMMON" env="prod" override="SchemaName">ELECELIG</com.gpscsp.isReadyToProcess.GPSCSP_IsReadyToProcess>
	<com.gpscsp.isReadyToProcess.GPSCSP_IsReadyToProcess intServ="EEMSIIB_GPSCSP_COMMON" env="prod" override="varGCMapName">GPSCSP_Common_Map</com.gpscsp.isReadyToProcess.GPSCSP_IsReadyToProcess>
	<com.gpscsp.isReadyToProcess.GPSCSP_IsReadyToProcess intServ="EEMSIIB_GPSCSP_COMMON" env="prod" override="brkrList">BKMBPD11_BKMBPD12</com.gpscsp.isReadyToProcess.GPSCSP_IsReadyToProcess>
	<com.gpscsp.isReadyToProcess.GPSCSP_IsReadyToProcess intServ="EEMSIIB_GPSCSP_COMMON" env="prod" override="brkrCount">2</com.gpscsp.isReadyToProcess.GPSCSP_IsReadyToProcess>
	<com.gpscsp.isReadyToProcess.GPSCSP_IsReadyToProcess intServ="EEMSIIB_GPSCSP_COMMON" env="prod" override="srcMapName">GPSCSP_Source_Map</com.gpscsp.isReadyToProcess.GPSCSP_IsReadyToProcess>
	<com.gpscsp.isReadyToProcess.GPSCSP_IsReadyToProcess intServ="EEMSIIB_GPSCSP_COMMON" env="prod" override="thresholdcount">0</com.gpscsp.isReadyToProcess.GPSCSP_IsReadyToProcess>
	<com.gpscsp.isReadyToProcess.GPSCSP_IsReadyToProcess intServ="EEMSIIB_GPSCSP_COMMON" env="prod" override="CSPELIGSchema">CSPELIG</com.gpscsp.isReadyToProcess.GPSCSP_IsReadyToProcess>
	<com.gpscsp.isReadyToProcess.GPSCSP_IsReadyToProcess intServ="EEMSIIB_GPSCSP_COMMON" env="prod" override="AuditQName">EEMSIIB.GPSCSP_COMMON_AUDITMESSAGE_DATA</com.gpscsp.isReadyToProcess.GPSCSP_IsReadyToProcess>
	<com.gpscsp.isReadyToProcess.GPSCSP_IsReadyToProcess intServ="EEMSIIB_GPSCSP_COMMON" env="prod" override="BECode">700</com.gpscsp.isReadyToProcess.GPSCSP_IsReadyToProcess>
	<com.gpscsp.isReadyToProcess.GPSCSP_IsReadyToProcess intServ="EEMSIIB_GPSCSP_COMMON" env="prod" override="ProjNumber">2</com.gpscsp.isReadyToProcess.GPSCSP_IsReadyToProcess>
	<com.gpscsp.isReadyToProcess.GPSCSP_IsReadyToProcess intServ="EEMSIIB_GPSCSP_COMMON" env="prod" override="DSN">E3CSP_DB</com.gpscsp.isReadyToProcess.GPSCSP_IsReadyToProcess>
	<com.gpscsp.isReadyToProcess.GPSCSP_IsReadyToProcess intServ="EEMSIIB_GPSCSP_COMMON" env="prod" override="GPSCSP_READY_IN.queueName">EEMSIIB.GPSCSP_ISREADYTOPROCESS_IN</com.gpscsp.isReadyToProcess.GPSCSP_IsReadyToProcess>
	<com.gpscsp.isReadyToProcess.GPSCSP_IsReadyToProcess intServ="EEMSIIB_GPSCSP_COMMON" env="prod" override="GPSCSP_PFG_OUT.queueName">EEMSIIB.CSP_NTFY_ISREADYTOPROCESS_DATA</com.gpscsp.isReadyToProcess.GPSCSP_IsReadyToProcess>
	<com.gpscsp.isReadyToProcess.GPSCSP_IsReadyToProcess intServ="EEMSIIB_GPSCSP_COMMON" env="prod" override="GPSCSP_UpdateReadyToProcessTable.dataSource">E3CSP_DB</com.gpscsp.isReadyToProcess.GPSCSP_IsReadyToProcess>
	<com.gpscsp.isReadyToProcess.GPSCSP_IsReadyToProcess intServ="EEMSIIB_GPSCSP_COMMON" env="prod" override="EEMSIIB.GPSCSP_TBA_GETSBCRID_IN.queueName">EEMSIIB.GPSCSP_TBA_GETSBCRID_IN</com.gpscsp.isReadyToProcess.GPSCSP_IsReadyToProcess>
	<com.gpscsp.isReadyToProcess.GPSCSP_IsReadyToProcess intServ="EEMSIIB_GPSCSP_COMMON" env="prod" override="GPSCSP_GatewayMessageCreation.dataSource">E3CSP_DB</com.gpscsp.isReadyToProcess.GPSCSP_IsReadyToProcess>
	<com.gpscsp.isReadyToProcess.GPSCSP_IsReadyToProcess intServ="EEMSIIB_GPSCSP_COMMON" env="prod" override="EEMSIIB.CSP_TBA_BATCH_CMPL_NTFY_REQ.queueName">EEMSIIB.CSP_TBA_BATCH_CMPL_NTFY_REQ</com.gpscsp.isReadyToProcess.GPSCSP_IsReadyToProcess>
	<com.gpscsp.isReadyToProcess.GPSCSP_IsReadyToProcess intServ="EEMSIIB_GPSCSP_COMMON" env="prod" override="EEMSIIB.GPSCSP_ERRORMESSAGE_DATA.queueName">EEMSIIB.GPSCSP_ERRORMESSAGE_DATA</com.gpscsp.isReadyToProcess.GPSCSP_IsReadyToProcess>

</Broker>