<?xml version="1.0" encoding="UTF-8" ?> 
<Broker>
<!-- DEV -->
<com.gps.sourcePreProc.GPS_SourcePreProcessing_MF intServ="EEMSIIB_GPS_INB_TRANSFORM" env="dev" override="dataSource">EEMS_DB</com.gps.sourcePreProc.GPS_SourcePreProcessing_MF>
<com.gps.sourcePreProc.GPS_SourcePreProcessing_MF intServ="EEMSIIB_GPS_INB_TRANSFORM" env="dev" override="varGCMapName">GPS_Common_Map</com.gps.sourcePreProc.GPS_SourcePreProcessing_MF>
<com.gps.sourcePreProc.GPS_SourcePreProcessing_MF intServ="EEMSIIB_GPS_INB_TRANSFORM" env="dev" override="BrkConfigKey">BRK_CONFIG</com.gps.sourcePreProc.GPS_SourcePreProcessing_MF>
<com.gps.sourcePreProc.GPS_SourcePreProcessing_MF intServ="EEMSIIB_GPS_INB_TRANSFORM" env="dev" override="SchemaName">ELECELIG</com.gps.sourcePreProc.GPS_SourcePreProcessing_MF>
<com.gps.sourcePreProc.GPS_SourcePreProcessing_MF intServ="EEMSIIB_GPS_INB_TRANSFORM" env="dev" override="CH_CustomerProfile_Map">CustomerProfile_Map</com.gps.sourcePreProc.GPS_SourcePreProcessing_MF>
<com.gps.sourcePreProc.GPS_SourcePreProcessing_MF intServ="EEMSIIB_GPS_INB_TRANSFORM" env="dev" override="CH_GPS_Source_Map">GPS_Source_Map</com.gps.sourcePreProc.GPS_SourcePreProcessing_MF>
<com.gps.sourcePreProc.GPS_SourcePreProcessing_MF intServ="EEMSIIB_GPS_INB_TRANSFORM" env="dev" override="brkrList">BKMBT11</com.gps.sourcePreProc.GPS_SourcePreProcessing_MF>
<com.gps.sourcePreProc.GPS_SourcePreProcessing_MF intServ="EEMSIIB_GPS_INB_TRANSFORM" env="dev" override="EEMSIIB_GPS_SOURCE_PREPROC_IN.queueName">EEMSIIB.GPS_SOURCE_PREPROC_IN</com.gps.sourcePreProc.GPS_SourcePreProcessing_MF>
<com.gps.sourcePreProc.GPS_SourcePreProcessing_MF intServ="EEMSIIB_GPS_INB_TRANSFORM" env="dev" override="EEMSIIB.GPS_SOURCE_CO_INQ_IN.queueName">EEMSIIB.GPS_SOURCE_CO_INQ_IN</com.gps.sourcePreProc.GPS_SourcePreProcessing_MF>
<com.gps.sourcePreProc.GPS_SourcePreProcessing_MF intServ="EEMSIIB_GPS_INB_TRANSFORM" env="dev" override="Common_AuditInMessage_SF.queueName">EEMSIIB.GPS_COMMON_AUDITMESSAGE_DATA</com.gps.sourcePreProc.GPS_SourcePreProcessing_MF>
<com.gps.sourcePreProc.GPS_SourcePreProcessing_MF intServ="EEMSIIB_GPS_INB_TRANSFORM" env="dev" override="EEMSIIB.GPS_ISREADYTOPROCESS_IN.queueName">EEMSIIB.GPS_ISREADYTOPROCESS_IN</com.gps.sourcePreProc.GPS_SourcePreProcessing_MF>
<com.gps.sourcePreProc.GPS_SourcePreProcessing_MF intServ="EEMSIIB_GPS_INB_TRANSFORM" env="dev" override="Exception_Processing.dataSource">EEMS_DB</com.gps.sourcePreProc.GPS_SourcePreProcessing_MF>
<com.gps.sourcePreProc.GPS_SourcePreProcessing_MF intServ="EEMSIIB_GPS_INB_TRANSFORM" env="dev" override="EEMSIIB.GPS_ERRORMESSAGE_DATA.queueName">EEMSIIB.GPS_ERRORMESSAGE_DATA</com.gps.sourcePreProc.GPS_SourcePreProcessing_MF>
<com.gps.sourcePreProc.GPS_SourcePreProcessing_MF intServ="EEMSIIB_GPS_INB_TRANSFORM" env="dev" override="PriorityMap">EEMS_Priority_Map</com.gps.sourcePreProc.GPS_SourcePreProcessing_MF>
<com.gps.sourcePreProc.GPS_SourcePreProcessing_MF intServ="EEMSIIB_GPS_INB_TRANSFORM" env="dev" override="PriorityKey">INFLIGHT_CACHE</com.gps.sourcePreProc.GPS_SourcePreProcessing_MF>

<com.gps.sourcePreProc.GPS_SourcePreProcessing_MF intServ="EEMSIIB_GPS_INB_PRIORITY" env="dev" override="dataSource">EEMS_DB</com.gps.sourcePreProc.GPS_SourcePreProcessing_MF>
<com.gps.sourcePreProc.GPS_SourcePreProcessing_MF intServ="EEMSIIB_GPS_INB_PRIORITY" env="dev" override="varGCMapName">GPS_Common_Map</com.gps.sourcePreProc.GPS_SourcePreProcessing_MF>
<com.gps.sourcePreProc.GPS_SourcePreProcessing_MF intServ="EEMSIIB_GPS_INB_PRIORITY" env="dev" override="BrkConfigKey">BRK_CONFIG</com.gps.sourcePreProc.GPS_SourcePreProcessing_MF>
<com.gps.sourcePreProc.GPS_SourcePreProcessing_MF intServ="EEMSIIB_GPS_INB_PRIORITY" env="dev" override="SchemaName">ELECELIG</com.gps.sourcePreProc.GPS_SourcePreProcessing_MF>
<com.gps.sourcePreProc.GPS_SourcePreProcessing_MF intServ="EEMSIIB_GPS_INB_PRIORITY" env="dev" override="CH_CustomerProfile_Map">CustomerProfile_Map</com.gps.sourcePreProc.GPS_SourcePreProcessing_MF>
<com.gps.sourcePreProc.GPS_SourcePreProcessing_MF intServ="EEMSIIB_GPS_INB_PRIORITY" env="dev" override="CH_GPS_Source_Map">GPS_Source_Map</com.gps.sourcePreProc.GPS_SourcePreProcessing_MF>
<com.gps.sourcePreProc.GPS_SourcePreProcessing_MF intServ="EEMSIIB_GPS_INB_PRIORITY" env="dev" override="brkrList">BKMBT11</com.gps.sourcePreProc.GPS_SourcePreProcessing_MF>
<com.gps.sourcePreProc.GPS_SourcePreProcessing_MF intServ="EEMSIIB_GPS_INB_PRIORITY" env="dev" override="EEMSIIB_GPS_SOURCE_PREPROC_IN.queueName">EEMSIIB.GPS_SOURCE_PRTY_PREPROC_IN</com.gps.sourcePreProc.GPS_SourcePreProcessing_MF>
<com.gps.sourcePreProc.GPS_SourcePreProcessing_MF intServ="EEMSIIB_GPS_INB_PRIORITY" env="dev" override="EEMSIIB.GPS_SOURCE_CO_INQ_IN.queueName">EEMSIIB.GPS_SOURCE_PRTY_CO_INQ_IN</com.gps.sourcePreProc.GPS_SourcePreProcessing_MF>
<com.gps.sourcePreProc.GPS_SourcePreProcessing_MF intServ="EEMSIIB_GPS_INB_PRIORITY" env="dev" override="Common_AuditInMessage_SF.queueName">EEMSIIB.GPS_COMMON_AUDITMESSAGE_DATA</com.gps.sourcePreProc.GPS_SourcePreProcessing_MF>
<com.gps.sourcePreProc.GPS_SourcePreProcessing_MF intServ="EEMSIIB_GPS_INB_PRIORITY" env="dev" override="EEMSIIB.GPS_ISREADYTOPROCESS_IN.queueName">EEMSIIB.GPS_ISREADYTOPROCESS_IN</com.gps.sourcePreProc.GPS_SourcePreProcessing_MF>
<com.gps.sourcePreProc.GPS_SourcePreProcessing_MF intServ="EEMSIIB_GPS_INB_PRIORITY" env="dev" override="Exception_Processing.dataSource">EEMS_DB</com.gps.sourcePreProc.GPS_SourcePreProcessing_MF>
<com.gps.sourcePreProc.GPS_SourcePreProcessing_MF intServ="EEMSIIB_GPS_INB_PRIORITY" env="dev" override="EEMSIIB.GPS_ERRORMESSAGE_DATA.queueName">EEMSIIB.GPS_ERRORMESSAGE_DATA</com.gps.sourcePreProc.GPS_SourcePreProcessing_MF>
<com.gps.sourcePreProc.GPS_SourcePreProcessing_MF intServ="EEMSIIB_GPS_INB_PRIORITY" env="dev" override="PriorityMap">EEMS_Priority_Map</com.gps.sourcePreProc.GPS_SourcePreProcessing_MF>
<com.gps.sourcePreProc.GPS_SourcePreProcessing_MF intServ="EEMSIIB_GPS_INB_PRIORITY" env="dev" override="PriorityKey">INFLIGHT_CACHE</com.gps.sourcePreProc.GPS_SourcePreProcessing_MF>

<!-- SIT -->
<com.gps.sourcePreProc.GPS_SourcePreProcessing_MF intServ="EEMSIIB_GPS_INB_TRANSFORM" env="test" override="dataSource">EEMS_DB</com.gps.sourcePreProc.GPS_SourcePreProcessing_MF>
<com.gps.sourcePreProc.GPS_SourcePreProcessing_MF intServ="EEMSIIB_GPS_INB_TRANSFORM" env="test" override="varGCMapName">GPS_Common_Map</com.gps.sourcePreProc.GPS_SourcePreProcessing_MF>
<com.gps.sourcePreProc.GPS_SourcePreProcessing_MF intServ="EEMSIIB_GPS_INB_TRANSFORM" env="test" override="BrkConfigKey">BRK_CONFIG</com.gps.sourcePreProc.GPS_SourcePreProcessing_MF>
<com.gps.sourcePreProc.GPS_SourcePreProcessing_MF intServ="EEMSIIB_GPS_INB_TRANSFORM" env="test" override="SchemaName">ELECELIG</com.gps.sourcePreProc.GPS_SourcePreProcessing_MF>
<com.gps.sourcePreProc.GPS_SourcePreProcessing_MF intServ="EEMSIIB_GPS_INB_TRANSFORM" env="test" override="CH_CustomerProfile_Map">CustomerProfile_Map</com.gps.sourcePreProc.GPS_SourcePreProcessing_MF>
<com.gps.sourcePreProc.GPS_SourcePreProcessing_MF intServ="EEMSIIB_GPS_INB_TRANSFORM" env="test" override="CH_GPS_Source_Map">GPS_Source_Map</com.gps.sourcePreProc.GPS_SourcePreProcessing_MF>
<com.gps.sourcePreProc.GPS_SourcePreProcessing_MF intServ="EEMSIIB_GPS_INB_TRANSFORM" env="test" override="brkrList">BKMBS11</com.gps.sourcePreProc.GPS_SourcePreProcessing_MF>
<com.gps.sourcePreProc.GPS_SourcePreProcessing_MF intServ="EEMSIIB_GPS_INB_TRANSFORM" env="test" override="EEMSIIB_GPS_SOURCE_PREPROC_IN.queueName">EEMSIIB.GPS_SOURCE_PREPROC_IN</com.gps.sourcePreProc.GPS_SourcePreProcessing_MF>
<com.gps.sourcePreProc.GPS_SourcePreProcessing_MF intServ="EEMSIIB_GPS_INB_TRANSFORM" env="test" override="EEMSIIB.GPS_SOURCE_CO_INQ_IN.queueName">EEMSIIB.GPS_SOURCE_CO_INQ_IN</com.gps.sourcePreProc.GPS_SourcePreProcessing_MF>
<com.gps.sourcePreProc.GPS_SourcePreProcessing_MF intServ="EEMSIIB_GPS_INB_TRANSFORM" env="test" override="Common_AuditInMessage_SF.queueName">EEMSIIB.GPS_COMMON_AUDITMESSAGE_DATA</com.gps.sourcePreProc.GPS_SourcePreProcessing_MF>
<com.gps.sourcePreProc.GPS_SourcePreProcessing_MF intServ="EEMSIIB_GPS_INB_TRANSFORM" env="test" override="EEMSIIB.GPS_ISREADYTOPROCESS_IN.queueName">EEMSIIB.GPS_ISREADYTOPROCESS_IN</com.gps.sourcePreProc.GPS_SourcePreProcessing_MF>
<com.gps.sourcePreProc.GPS_SourcePreProcessing_MF intServ="EEMSIIB_GPS_INB_TRANSFORM" env="test" override="Exception_Processing.dataSource">EEMS_DB</com.gps.sourcePreProc.GPS_SourcePreProcessing_MF>
<com.gps.sourcePreProc.GPS_SourcePreProcessing_MF intServ="EEMSIIB_GPS_INB_TRANSFORM" env="test" override="EEMSIIB.GPS_ERRORMESSAGE_DATA.queueName">EEMSIIB.GPS_ERRORMESSAGE_DATA</com.gps.sourcePreProc.GPS_SourcePreProcessing_MF>
<com.gps.sourcePreProc.GPS_SourcePreProcessing_MF intServ="EEMSIIB_GPS_INB_TRANSFORM" env="test" override="PriorityMap">EEMS_Priority_Map</com.gps.sourcePreProc.GPS_SourcePreProcessing_MF>
<com.gps.sourcePreProc.GPS_SourcePreProcessing_MF intServ="EEMSIIB_GPS_INB_TRANSFORM" env="test" override="PriorityKey">INFLIGHT_CACHE</com.gps.sourcePreProc.GPS_SourcePreProcessing_MF>

<com.gps.sourcePreProc.GPS_SourcePreProcessing_MF intServ="EEMSIIB_GPS_INB_PRIORITY" env="test" override="dataSource">EEMS_DB</com.gps.sourcePreProc.GPS_SourcePreProcessing_MF>
<com.gps.sourcePreProc.GPS_SourcePreProcessing_MF intServ="EEMSIIB_GPS_INB_PRIORITY" env="test" override="varGCMapName">GPS_Common_Map</com.gps.sourcePreProc.GPS_SourcePreProcessing_MF>
<com.gps.sourcePreProc.GPS_SourcePreProcessing_MF intServ="EEMSIIB_GPS_INB_PRIORITY" env="test" override="BrkConfigKey">BRK_CONFIG</com.gps.sourcePreProc.GPS_SourcePreProcessing_MF>
<com.gps.sourcePreProc.GPS_SourcePreProcessing_MF intServ="EEMSIIB_GPS_INB_PRIORITY" env="test" override="SchemaName">ELECELIG</com.gps.sourcePreProc.GPS_SourcePreProcessing_MF>
<com.gps.sourcePreProc.GPS_SourcePreProcessing_MF intServ="EEMSIIB_GPS_INB_PRIORITY" env="test" override="CH_CustomerProfile_Map">CustomerProfile_Map</com.gps.sourcePreProc.GPS_SourcePreProcessing_MF>
<com.gps.sourcePreProc.GPS_SourcePreProcessing_MF intServ="EEMSIIB_GPS_INB_PRIORITY" env="test" override="CH_GPS_Source_Map">GPS_Source_Map</com.gps.sourcePreProc.GPS_SourcePreProcessing_MF>
<com.gps.sourcePreProc.GPS_SourcePreProcessing_MF intServ="EEMSIIB_GPS_INB_PRIORITY" env="test" override="brkrList">BKMBT11</com.gps.sourcePreProc.GPS_SourcePreProcessing_MF>
<com.gps.sourcePreProc.GPS_SourcePreProcessing_MF intServ="EEMSIIB_GPS_INB_PRIORITY" env="test" override="EEMSIIB_GPS_SOURCE_PREPROC_IN.queueName">EEMSIIB.GPS_SOURCE_PRTY_PREPROC_IN</com.gps.sourcePreProc.GPS_SourcePreProcessing_MF>
<com.gps.sourcePreProc.GPS_SourcePreProcessing_MF intServ="EEMSIIB_GPS_INB_PRIORITY" env="test" override="EEMSIIB.GPS_SOURCE_CO_INQ_IN.queueName">EEMSIIB.GPS_SOURCE_PRTY_CO_INQ_IN</com.gps.sourcePreProc.GPS_SourcePreProcessing_MF>
<com.gps.sourcePreProc.GPS_SourcePreProcessing_MF intServ="EEMSIIB_GPS_INB_PRIORITY" env="test" override="Common_AuditInMessage_SF.queueName">EEMSIIB.GPS_COMMON_AUDITMESSAGE_DATA</com.gps.sourcePreProc.GPS_SourcePreProcessing_MF>
<com.gps.sourcePreProc.GPS_SourcePreProcessing_MF intServ="EEMSIIB_GPS_INB_PRIORITY" env="test" override="EEMSIIB.GPS_ISREADYTOPROCESS_IN.queueName">EEMSIIB.GPS_ISREADYTOPROCESS_IN</com.gps.sourcePreProc.GPS_SourcePreProcessing_MF>
<com.gps.sourcePreProc.GPS_SourcePreProcessing_MF intServ="EEMSIIB_GPS_INB_PRIORITY" env="test" override="Exception_Processing.dataSource">EEMS_DB</com.gps.sourcePreProc.GPS_SourcePreProcessing_MF>
<com.gps.sourcePreProc.GPS_SourcePreProcessing_MF intServ="EEMSIIB_GPS_INB_PRIORITY" env="test" override="EEMSIIB.GPS_ERRORMESSAGE_DATA.queueName">EEMSIIB.GPS_ERRORMESSAGE_DATA</com.gps.sourcePreProc.GPS_SourcePreProcessing_MF>
<com.gps.sourcePreProc.GPS_SourcePreProcessing_MF intServ="EEMSIIB_GPS_INB_PRIORITY" env="test" override="PriorityMap">EEMS_Priority_Map</com.gps.sourcePreProc.GPS_SourcePreProcessing_MF>
<com.gps.sourcePreProc.GPS_SourcePreProcessing_MF intServ="EEMSIIB_GPS_INB_PRIORITY" env="test" override="PriorityKey">INFLIGHT_CACHE</com.gps.sourcePreProc.GPS_SourcePreProcessing_MF>

<!-- SIT-Bravo -->
<com.gps.sourcePreProc.GPS_SourcePreProcessing_MF intServ="EEMSIIB_GPS_INB_TRANSFORM" env="test2" override="dataSource">EEMS_DB</com.gps.sourcePreProc.GPS_SourcePreProcessing_MF>
<com.gps.sourcePreProc.GPS_SourcePreProcessing_MF intServ="EEMSIIB_GPS_INB_TRANSFORM" env="test2" override="varGCMapName">GPS_Common_Map</com.gps.sourcePreProc.GPS_SourcePreProcessing_MF>
<com.gps.sourcePreProc.GPS_SourcePreProcessing_MF intServ="EEMSIIB_GPS_INB_TRANSFORM" env="test2" override="BrkConfigKey">BRK_CONFIG</com.gps.sourcePreProc.GPS_SourcePreProcessing_MF>
<com.gps.sourcePreProc.GPS_SourcePreProcessing_MF intServ="EEMSIIB_GPS_INB_TRANSFORM" env="test2" override="SchemaName">ELECELIG</com.gps.sourcePreProc.GPS_SourcePreProcessing_MF>
<com.gps.sourcePreProc.GPS_SourcePreProcessing_MF intServ="EEMSIIB_GPS_INB_TRANSFORM" env="test2" override="CH_CustomerProfile_Map">CustomerProfile_Map</com.gps.sourcePreProc.GPS_SourcePreProcessing_MF>
<com.gps.sourcePreProc.GPS_SourcePreProcessing_MF intServ="EEMSIIB_GPS_INB_TRANSFORM" env="test2" override="CH_GPS_Source_Map">GPS_Source_Map</com.gps.sourcePreProc.GPS_SourcePreProcessing_MF>
<com.gps.sourcePreProc.GPS_SourcePreProcessing_MF intServ="EEMSIIB_GPS_INB_TRANSFORM" env="test2" override="brkrList">BKMBS12</com.gps.sourcePreProc.GPS_SourcePreProcessing_MF>
<com.gps.sourcePreProc.GPS_SourcePreProcessing_MF intServ="EEMSIIB_GPS_INB_TRANSFORM" env="test2" override="EEMSIIB_GPS_SOURCE_PREPROC_IN.queueName">EEMSIIB.GPS_SOURCE_PREPROC_IN</com.gps.sourcePreProc.GPS_SourcePreProcessing_MF>
<com.gps.sourcePreProc.GPS_SourcePreProcessing_MF intServ="EEMSIIB_GPS_INB_TRANSFORM" env="test2" override="EEMSIIB.GPS_SOURCE_CO_INQ_IN.queueName">EEMSIIB.GPS_SOURCE_CO_INQ_IN</com.gps.sourcePreProc.GPS_SourcePreProcessing_MF>
<com.gps.sourcePreProc.GPS_SourcePreProcessing_MF intServ="EEMSIIB_GPS_INB_TRANSFORM" env="test2" override="Common_AuditInMessage_SF.queueName">EEMSIIB.GPS_COMMON_AUDITMESSAGE_DATA</com.gps.sourcePreProc.GPS_SourcePreProcessing_MF>
<com.gps.sourcePreProc.GPS_SourcePreProcessing_MF intServ="EEMSIIB_GPS_INB_TRANSFORM" env="test2" override="EEMSIIB.GPS_ISREADYTOPROCESS_IN.queueName">EEMSIIB.GPS_ISREADYTOPROCESS_IN</com.gps.sourcePreProc.GPS_SourcePreProcessing_MF>
<com.gps.sourcePreProc.GPS_SourcePreProcessing_MF intServ="EEMSIIB_GPS_INB_TRANSFORM" env="test2" override="Exception_Processing.dataSource">EEMS_DB</com.gps.sourcePreProc.GPS_SourcePreProcessing_MF>
<com.gps.sourcePreProc.GPS_SourcePreProcessing_MF intServ="EEMSIIB_GPS_INB_TRANSFORM" env="test2" override="EEMSIIB.GPS_ERRORMESSAGE_DATA.queueName">EEMSIIB.GPS_ERRORMESSAGE_DATA</com.gps.sourcePreProc.GPS_SourcePreProcessing_MF>
<com.gps.sourcePreProc.GPS_SourcePreProcessing_MF intServ="EEMSIIB_GPS_INB_TRANSFORM" env="test2" override="PriorityMap">EEMS_Priority_Map</com.gps.sourcePreProc.GPS_SourcePreProcessing_MF>
<com.gps.sourcePreProc.GPS_SourcePreProcessing_MF intServ="EEMSIIB_GPS_INB_TRANSFORM" env="test2" override="PriorityKey">INFLIGHT_CACHE</com.gps.sourcePreProc.GPS_SourcePreProcessing_MF>

<com.gps.sourcePreProc.GPS_SourcePreProcessing_MF intServ="EEMSIIB_GPS_INB_PRIORITY" env="test2" override="dataSource">EEMS_DB</com.gps.sourcePreProc.GPS_SourcePreProcessing_MF>
<com.gps.sourcePreProc.GPS_SourcePreProcessing_MF intServ="EEMSIIB_GPS_INB_PRIORITY" env="test2" override="varGCMapName">GPS_Common_Map</com.gps.sourcePreProc.GPS_SourcePreProcessing_MF>
<com.gps.sourcePreProc.GPS_SourcePreProcessing_MF intServ="EEMSIIB_GPS_INB_PRIORITY" env="test2" override="BrkConfigKey">BRK_CONFIG</com.gps.sourcePreProc.GPS_SourcePreProcessing_MF>
<com.gps.sourcePreProc.GPS_SourcePreProcessing_MF intServ="EEMSIIB_GPS_INB_PRIORITY" env="test2" override="SchemaName">ELECELIG</com.gps.sourcePreProc.GPS_SourcePreProcessing_MF>
<com.gps.sourcePreProc.GPS_SourcePreProcessing_MF intServ="EEMSIIB_GPS_INB_PRIORITY" env="test2" override="CH_CustomerProfile_Map">CustomerProfile_Map</com.gps.sourcePreProc.GPS_SourcePreProcessing_MF>
<com.gps.sourcePreProc.GPS_SourcePreProcessing_MF intServ="EEMSIIB_GPS_INB_PRIORITY" env="test2" override="CH_GPS_Source_Map">GPS_Source_Map</com.gps.sourcePreProc.GPS_SourcePreProcessing_MF>
<com.gps.sourcePreProc.GPS_SourcePreProcessing_MF intServ="EEMSIIB_GPS_INB_PRIORITY" env="test2" override="brkrList">BKMBT11</com.gps.sourcePreProc.GPS_SourcePreProcessing_MF>
<com.gps.sourcePreProc.GPS_SourcePreProcessing_MF intServ="EEMSIIB_GPS_INB_PRIORITY" env="test2" override="EEMSIIB_GPS_SOURCE_PREPROC_IN.queueName">EEMSIIB.GPS_SOURCE_PRTY_PREPROC_IN</com.gps.sourcePreProc.GPS_SourcePreProcessing_MF>
<com.gps.sourcePreProc.GPS_SourcePreProcessing_MF intServ="EEMSIIB_GPS_INB_PRIORITY" env="test2" override="EEMSIIB.GPS_SOURCE_CO_INQ_IN.queueName">EEMSIIB.GPS_SOURCE_PRTY_CO_INQ_IN</com.gps.sourcePreProc.GPS_SourcePreProcessing_MF>
<com.gps.sourcePreProc.GPS_SourcePreProcessing_MF intServ="EEMSIIB_GPS_INB_PRIORITY" env="test2" override="Common_AuditInMessage_SF.queueName">EEMSIIB.GPS_COMMON_AUDITMESSAGE_DATA</com.gps.sourcePreProc.GPS_SourcePreProcessing_MF>
<com.gps.sourcePreProc.GPS_SourcePreProcessing_MF intServ="EEMSIIB_GPS_INB_PRIORITY" env="test2" override="EEMSIIB.GPS_ISREADYTOPROCESS_IN.queueName">EEMSIIB.GPS_ISREADYTOPROCESS_IN</com.gps.sourcePreProc.GPS_SourcePreProcessing_MF>
<com.gps.sourcePreProc.GPS_SourcePreProcessing_MF intServ="EEMSIIB_GPS_INB_PRIORITY" env="test2" override="Exception_Processing.dataSource">EEMS_DB</com.gps.sourcePreProc.GPS_SourcePreProcessing_MF>
<com.gps.sourcePreProc.GPS_SourcePreProcessing_MF intServ="EEMSIIB_GPS_INB_PRIORITY" env="test2" override="EEMSIIB.GPS_ERRORMESSAGE_DATA.queueName">EEMSIIB.GPS_ERRORMESSAGE_DATA</com.gps.sourcePreProc.GPS_SourcePreProcessing_MF>
<com.gps.sourcePreProc.GPS_SourcePreProcessing_MF intServ="EEMSIIB_GPS_INB_PRIORITY" env="test2" override="PriorityMap">EEMS_Priority_Map</com.gps.sourcePreProc.GPS_SourcePreProcessing_MF>
<com.gps.sourcePreProc.GPS_SourcePreProcessing_MF intServ="EEMSIIB_GPS_INB_PRIORITY" env="test2" override="PriorityKey">INFLIGHT_CACHE</com.gps.sourcePreProc.GPS_SourcePreProcessing_MF>
<!-- UAT -->
<com.gps.sourcePreProc.GPS_SourcePreProcessing_MF intServ="EEMSIIB_GPS_INB_TRANSFORM" env="uat" override="dataSource">EEMS_DB</com.gps.sourcePreProc.GPS_SourcePreProcessing_MF>
<com.gps.sourcePreProc.GPS_SourcePreProcessing_MF intServ="EEMSIIB_GPS_INB_TRANSFORM" env="uat" override="varGCMapName">GPS_Common_Map</com.gps.sourcePreProc.GPS_SourcePreProcessing_MF>
<com.gps.sourcePreProc.GPS_SourcePreProcessing_MF intServ="EEMSIIB_GPS_INB_TRANSFORM" env="uat" override="BrkConfigKey">BRK_CONFIG</com.gps.sourcePreProc.GPS_SourcePreProcessing_MF>
<com.gps.sourcePreProc.GPS_SourcePreProcessing_MF intServ="EEMSIIB_GPS_INB_TRANSFORM" env="uat" override="SchemaName">ELECELIG</com.gps.sourcePreProc.GPS_SourcePreProcessing_MF>
<com.gps.sourcePreProc.GPS_SourcePreProcessing_MF intServ="EEMSIIB_GPS_INB_TRANSFORM" env="uat" override="CH_CustomerProfile_Map">CustomerProfile_Map</com.gps.sourcePreProc.GPS_SourcePreProcessing_MF>
<com.gps.sourcePreProc.GPS_SourcePreProcessing_MF intServ="EEMSIIB_GPS_INB_TRANSFORM" env="uat" override="CH_GPS_Source_Map">GPS_Source_Map</com.gps.sourcePreProc.GPS_SourcePreProcessing_MF>
<com.gps.sourcePreProc.GPS_SourcePreProcessing_MF intServ="EEMSIIB_GPS_INB_TRANSFORM" env="uat" override="brkrList">BKMBRA11</com.gps.sourcePreProc.GPS_SourcePreProcessing_MF>
<com.gps.sourcePreProc.GPS_SourcePreProcessing_MF intServ="EEMSIIB_GPS_INB_TRANSFORM" env="uat" override="EEMSIIB_GPS_SOURCE_PREPROC_IN.queueName">EEMSIIB.GPS_SOURCE_PREPROC_IN</com.gps.sourcePreProc.GPS_SourcePreProcessing_MF>
<com.gps.sourcePreProc.GPS_SourcePreProcessing_MF intServ="EEMSIIB_GPS_INB_TRANSFORM" env="uat" override="EEMSIIB.GPS_SOURCE_CO_INQ_IN.queueName">EEMSIIB.GPS_SOURCE_CO_INQ_IN</com.gps.sourcePreProc.GPS_SourcePreProcessing_MF>
<com.gps.sourcePreProc.GPS_SourcePreProcessing_MF intServ="EEMSIIB_GPS_INB_TRANSFORM" env="uat" override="Common_AuditInMessage_SF.queueName">EEMSIIB.GPS_COMMON_AUDITMESSAGE_DATA</com.gps.sourcePreProc.GPS_SourcePreProcessing_MF>
<com.gps.sourcePreProc.GPS_SourcePreProcessing_MF intServ="EEMSIIB_GPS_INB_TRANSFORM" env="uat" override="EEMSIIB.GPS_ISREADYTOPROCESS_IN.queueName">EEMSIIB.GPS_ISREADYTOPROCESS_IN</com.gps.sourcePreProc.GPS_SourcePreProcessing_MF>
<com.gps.sourcePreProc.GPS_SourcePreProcessing_MF intServ="EEMSIIB_GPS_INB_TRANSFORM" env="uat" override="Exception_Processing.dataSource">EEMS_DB</com.gps.sourcePreProc.GPS_SourcePreProcessing_MF>
<com.gps.sourcePreProc.GPS_SourcePreProcessing_MF intServ="EEMSIIB_GPS_INB_TRANSFORM" env="uat" override="EEMSIIB.GPS_ERRORMESSAGE_DATA.queueName">EEMSIIB.GPS_ERRORMESSAGE_DATA</com.gps.sourcePreProc.GPS_SourcePreProcessing_MF>
<com.gps.sourcePreProc.GPS_SourcePreProcessing_MF intServ="EEMSIIB_GPS_INB_TRANSFORM" env="uat" override="PriorityMap">EEMS_Priority_Map</com.gps.sourcePreProc.GPS_SourcePreProcessing_MF>
<com.gps.sourcePreProc.GPS_SourcePreProcessing_MF intServ="EEMSIIB_GPS_INB_TRANSFORM" env="uat" override="PriorityKey">INFLIGHT_CACHE</com.gps.sourcePreProc.GPS_SourcePreProcessing_MF>

<com.gps.sourcePreProc.GPS_SourcePreProcessing_MF intServ="EEMSIIB_GPS_INB_PRIORITY" env="uat" override="dataSource">EEMS_DB</com.gps.sourcePreProc.GPS_SourcePreProcessing_MF>
<com.gps.sourcePreProc.GPS_SourcePreProcessing_MF intServ="EEMSIIB_GPS_INB_PRIORITY" env="uat" override="varGCMapName">GPS_Common_Map</com.gps.sourcePreProc.GPS_SourcePreProcessing_MF>
<com.gps.sourcePreProc.GPS_SourcePreProcessing_MF intServ="EEMSIIB_GPS_INB_PRIORITY" env="uat" override="BrkConfigKey">BRK_CONFIG</com.gps.sourcePreProc.GPS_SourcePreProcessing_MF>
<com.gps.sourcePreProc.GPS_SourcePreProcessing_MF intServ="EEMSIIB_GPS_INB_PRIORITY" env="uat" override="SchemaName">ELECELIG</com.gps.sourcePreProc.GPS_SourcePreProcessing_MF>
<com.gps.sourcePreProc.GPS_SourcePreProcessing_MF intServ="EEMSIIB_GPS_INB_PRIORITY" env="uat" override="CH_CustomerProfile_Map">CustomerProfile_Map</com.gps.sourcePreProc.GPS_SourcePreProcessing_MF>
<com.gps.sourcePreProc.GPS_SourcePreProcessing_MF intServ="EEMSIIB_GPS_INB_PRIORITY" env="uat" override="CH_GPS_Source_Map">GPS_Source_Map</com.gps.sourcePreProc.GPS_SourcePreProcessing_MF>
<com.gps.sourcePreProc.GPS_SourcePreProcessing_MF intServ="EEMSIIB_GPS_INB_PRIORITY" env="uat" override="brkrList">BKMBT11</com.gps.sourcePreProc.GPS_SourcePreProcessing_MF>
<com.gps.sourcePreProc.GPS_SourcePreProcessing_MF intServ="EEMSIIB_GPS_INB_PRIORITY" env="uat" override="EEMSIIB_GPS_SOURCE_PREPROC_IN.queueName">EEMSIIB.GPS_SOURCE_PRTY_PREPROC_IN</com.gps.sourcePreProc.GPS_SourcePreProcessing_MF>
<com.gps.sourcePreProc.GPS_SourcePreProcessing_MF intServ="EEMSIIB_GPS_INB_PRIORITY" env="uat" override="EEMSIIB.GPS_SOURCE_CO_INQ_IN.queueName">EEMSIIB.GPS_SOURCE_PRTY_CO_INQ_IN</com.gps.sourcePreProc.GPS_SourcePreProcessing_MF>
<com.gps.sourcePreProc.GPS_SourcePreProcessing_MF intServ="EEMSIIB_GPS_INB_PRIORITY" env="uat" override="Common_AuditInMessage_SF.queueName">EEMSIIB.GPS_COMMON_AUDITMESSAGE_DATA</com.gps.sourcePreProc.GPS_SourcePreProcessing_MF>
<com.gps.sourcePreProc.GPS_SourcePreProcessing_MF intServ="EEMSIIB_GPS_INB_PRIORITY" env="uat" override="EEMSIIB.GPS_ISREADYTOPROCESS_IN.queueName">EEMSIIB.GPS_ISREADYTOPROCESS_IN</com.gps.sourcePreProc.GPS_SourcePreProcessing_MF>
<com.gps.sourcePreProc.GPS_SourcePreProcessing_MF intServ="EEMSIIB_GPS_INB_PRIORITY" env="uat" override="Exception_Processing.dataSource">EEMS_DB</com.gps.sourcePreProc.GPS_SourcePreProcessing_MF>
<com.gps.sourcePreProc.GPS_SourcePreProcessing_MF intServ="EEMSIIB_GPS_INB_PRIORITY" env="uat" override="EEMSIIB.GPS_ERRORMESSAGE_DATA.queueName">EEMSIIB.GPS_ERRORMESSAGE_DATA</com.gps.sourcePreProc.GPS_SourcePreProcessing_MF>
<com.gps.sourcePreProc.GPS_SourcePreProcessing_MF intServ="EEMSIIB_GPS_INB_PRIORITY" env="uat" override="PriorityMap">EEMS_Priority_Map</com.gps.sourcePreProc.GPS_SourcePreProcessing_MF>
<com.gps.sourcePreProc.GPS_SourcePreProcessing_MF intServ="EEMSIIB_GPS_INB_PRIORITY" env="uat" override="PriorityKey">INFLIGHT_CACHE</com.gps.sourcePreProc.GPS_SourcePreProcessing_MF>
<!-- uat-bravo -->
<com.gps.sourcePreProc.GPS_SourcePreProcessing_MF intServ="EEMSIIB_GPS_INB_TRANSFORM" env="uat-bravo" override="dataSource">EEMS_DB</com.gps.sourcePreProc.GPS_SourcePreProcessing_MF>
<com.gps.sourcePreProc.GPS_SourcePreProcessing_MF intServ="EEMSIIB_GPS_INB_TRANSFORM" env="uat-bravo" override="varGCMapName">GPS_Common_Map</com.gps.sourcePreProc.GPS_SourcePreProcessing_MF>
<com.gps.sourcePreProc.GPS_SourcePreProcessing_MF intServ="EEMSIIB_GPS_INB_TRANSFORM" env="uat-bravo" override="BrkConfigKey">BRK_CONFIG</com.gps.sourcePreProc.GPS_SourcePreProcessing_MF>
<com.gps.sourcePreProc.GPS_SourcePreProcessing_MF intServ="EEMSIIB_GPS_INB_TRANSFORM" env="uat-bravo" override="SchemaName">ELECELIG</com.gps.sourcePreProc.GPS_SourcePreProcessing_MF>
<com.gps.sourcePreProc.GPS_SourcePreProcessing_MF intServ="EEMSIIB_GPS_INB_TRANSFORM" env="uat-bravo" override="CH_CustomerProfile_Map">CustomerProfile_Map</com.gps.sourcePreProc.GPS_SourcePreProcessing_MF>
<com.gps.sourcePreProc.GPS_SourcePreProcessing_MF intServ="EEMSIIB_GPS_INB_TRANSFORM" env="uat-bravo" override="CH_GPS_Source_Map">GPS_Source_Map</com.gps.sourcePreProc.GPS_SourcePreProcessing_MF>
<com.gps.sourcePreProc.GPS_SourcePreProcessing_MF intServ="EEMSIIB_GPS_INB_TRANSFORM" env="uat-bravo" override="brkrList">BKMBRB11</com.gps.sourcePreProc.GPS_SourcePreProcessing_MF>
<com.gps.sourcePreProc.GPS_SourcePreProcessing_MF intServ="EEMSIIB_GPS_INB_TRANSFORM" env="uat-bravo" override="EEMSIIB_GPS_SOURCE_PREPROC_IN.queueName">EEMSIIB.GPS_SOURCE_PREPROC_IN</com.gps.sourcePreProc.GPS_SourcePreProcessing_MF>
<com.gps.sourcePreProc.GPS_SourcePreProcessing_MF intServ="EEMSIIB_GPS_INB_TRANSFORM" env="uat-bravo" override="EEMSIIB.GPS_SOURCE_CO_INQ_IN.queueName">EEMSIIB.GPS_SOURCE_CO_INQ_IN</com.gps.sourcePreProc.GPS_SourcePreProcessing_MF>
<com.gps.sourcePreProc.GPS_SourcePreProcessing_MF intServ="EEMSIIB_GPS_INB_TRANSFORM" env="uat-bravo" override="Common_AuditInMessage_SF.queueName">EEMSIIB.GPS_COMMON_AUDITMESSAGE_DATA</com.gps.sourcePreProc.GPS_SourcePreProcessing_MF>
<com.gps.sourcePreProc.GPS_SourcePreProcessing_MF intServ="EEMSIIB_GPS_INB_TRANSFORM" env="uat-bravo" override="EEMSIIB.GPS_ISREADYTOPROCESS_IN.queueName">EEMSIIB.GPS_ISREADYTOPROCESS_IN</com.gps.sourcePreProc.GPS_SourcePreProcessing_MF>
<com.gps.sourcePreProc.GPS_SourcePreProcessing_MF intServ="EEMSIIB_GPS_INB_TRANSFORM" env="uat-bravo" override="Exception_Processing.dataSource">EEMS_DB</com.gps.sourcePreProc.GPS_SourcePreProcessing_MF>
<com.gps.sourcePreProc.GPS_SourcePreProcessing_MF intServ="EEMSIIB_GPS_INB_TRANSFORM" env="uat-bravo" override="EEMSIIB.GPS_ERRORMESSAGE_DATA.queueName">EEMSIIB.GPS_ERRORMESSAGE_DATA</com.gps.sourcePreProc.GPS_SourcePreProcessing_MF>
<com.gps.sourcePreProc.GPS_SourcePreProcessing_MF intServ="EEMSIIB_GPS_INB_TRANSFORM" env="uat-bravo" override="PriorityMap">EEMS_Priority_Map</com.gps.sourcePreProc.GPS_SourcePreProcessing_MF>
<com.gps.sourcePreProc.GPS_SourcePreProcessing_MF intServ="EEMSIIB_GPS_INB_TRANSFORM" env="uat-bravo" override="PriorityKey">INFLIGHT_CACHE</com.gps.sourcePreProc.GPS_SourcePreProcessing_MF>

<com.gps.sourcePreProc.GPS_SourcePreProcessing_MF intServ="EEMSIIB_GPS_INB_PRIORITY" env="uat-bravo" override="dataSource">EEMS_DB</com.gps.sourcePreProc.GPS_SourcePreProcessing_MF>
<com.gps.sourcePreProc.GPS_SourcePreProcessing_MF intServ="EEMSIIB_GPS_INB_PRIORITY" env="uat-bravo" override="varGCMapName">GPS_Common_Map</com.gps.sourcePreProc.GPS_SourcePreProcessing_MF>
<com.gps.sourcePreProc.GPS_SourcePreProcessing_MF intServ="EEMSIIB_GPS_INB_PRIORITY" env="uat-bravo" override="BrkConfigKey">BRK_CONFIG</com.gps.sourcePreProc.GPS_SourcePreProcessing_MF>
<com.gps.sourcePreProc.GPS_SourcePreProcessing_MF intServ="EEMSIIB_GPS_INB_PRIORITY" env="uat-bravo" override="SchemaName">ELECELIG</com.gps.sourcePreProc.GPS_SourcePreProcessing_MF>
<com.gps.sourcePreProc.GPS_SourcePreProcessing_MF intServ="EEMSIIB_GPS_INB_PRIORITY" env="uat-bravo" override="CH_CustomerProfile_Map">CustomerProfile_Map</com.gps.sourcePreProc.GPS_SourcePreProcessing_MF>
<com.gps.sourcePreProc.GPS_SourcePreProcessing_MF intServ="EEMSIIB_GPS_INB_PRIORITY" env="uat-bravo" override="CH_GPS_Source_Map">GPS_Source_Map</com.gps.sourcePreProc.GPS_SourcePreProcessing_MF>
<com.gps.sourcePreProc.GPS_SourcePreProcessing_MF intServ="EEMSIIB_GPS_INB_PRIORITY" env="uat-bravo" override="brkrList">BKMBT11</com.gps.sourcePreProc.GPS_SourcePreProcessing_MF>
<com.gps.sourcePreProc.GPS_SourcePreProcessing_MF intServ="EEMSIIB_GPS_INB_PRIORITY" env="uat-bravo" override="EEMSIIB_GPS_SOURCE_PREPROC_IN.queueName">EEMSIIB.GPS_SOURCE_PRTY_PREPROC_IN</com.gps.sourcePreProc.GPS_SourcePreProcessing_MF>
<com.gps.sourcePreProc.GPS_SourcePreProcessing_MF intServ="EEMSIIB_GPS_INB_PRIORITY" env="uat-bravo" override="EEMSIIB.GPS_SOURCE_CO_INQ_IN.queueName">EEMSIIB.GPS_SOURCE_PRTY_CO_INQ_IN</com.gps.sourcePreProc.GPS_SourcePreProcessing_MF>
<com.gps.sourcePreProc.GPS_SourcePreProcessing_MF intServ="EEMSIIB_GPS_INB_PRIORITY" env="uat-bravo" override="Common_AuditInMessage_SF.queueName">EEMSIIB.GPS_COMMON_AUDITMESSAGE_DATA</com.gps.sourcePreProc.GPS_SourcePreProcessing_MF>
<com.gps.sourcePreProc.GPS_SourcePreProcessing_MF intServ="EEMSIIB_GPS_INB_PRIORITY" env="uat-bravo" override="EEMSIIB.GPS_ISREADYTOPROCESS_IN.queueName">EEMSIIB.GPS_ISREADYTOPROCESS_IN</com.gps.sourcePreProc.GPS_SourcePreProcessing_MF>
<com.gps.sourcePreProc.GPS_SourcePreProcessing_MF intServ="EEMSIIB_GPS_INB_PRIORITY" env="uat-bravo" override="Exception_Processing.dataSource">EEMS_DB</com.gps.sourcePreProc.GPS_SourcePreProcessing_MF>
<com.gps.sourcePreProc.GPS_SourcePreProcessing_MF intServ="EEMSIIB_GPS_INB_PRIORITY" env="uat-bravo" override="EEMSIIB.GPS_ERRORMESSAGE_DATA.queueName">EEMSIIB.GPS_ERRORMESSAGE_DATA</com.gps.sourcePreProc.GPS_SourcePreProcessing_MF>
<com.gps.sourcePreProc.GPS_SourcePreProcessing_MF intServ="EEMSIIB_GPS_INB_PRIORITY" env="uat-bravo" override="PriorityMap">EEMS_Priority_Map</com.gps.sourcePreProc.GPS_SourcePreProcessing_MF>
<com.gps.sourcePreProc.GPS_SourcePreProcessing_MF intServ="EEMSIIB_GPS_INB_PRIORITY" env="uat-bravo" override="PriorityKey">INFLIGHT_CACHE</com.gps.sourcePreProc.GPS_SourcePreProcessing_MF>
<!-- STAGE -->
<com.gps.sourcePreProc.GPS_SourcePreProcessing_MF intServ="EEMSIIB_GPS_INB_TRANSFORM" env="stage" override="dataSource">EEMS_DB</com.gps.sourcePreProc.GPS_SourcePreProcessing_MF>
<com.gps.sourcePreProc.GPS_SourcePreProcessing_MF intServ="EEMSIIB_GPS_INB_TRANSFORM" env="stage" override="varGCMapName">GPS_Common_Map</com.gps.sourcePreProc.GPS_SourcePreProcessing_MF>
<com.gps.sourcePreProc.GPS_SourcePreProcessing_MF intServ="EEMSIIB_GPS_INB_TRANSFORM" env="stage" override="BrkConfigKey">BRK_CONFIG</com.gps.sourcePreProc.GPS_SourcePreProcessing_MF>
<com.gps.sourcePreProc.GPS_SourcePreProcessing_MF intServ="EEMSIIB_GPS_INB_TRANSFORM" env="stage" override="SchemaName">ELECELIG</com.gps.sourcePreProc.GPS_SourcePreProcessing_MF>
<com.gps.sourcePreProc.GPS_SourcePreProcessing_MF intServ="EEMSIIB_GPS_INB_TRANSFORM" env="stage" override="CH_CustomerProfile_Map">CustomerProfile_Map</com.gps.sourcePreProc.GPS_SourcePreProcessing_MF>
<com.gps.sourcePreProc.GPS_SourcePreProcessing_MF intServ="EEMSIIB_GPS_INB_TRANSFORM" env="stage" override="CH_GPS_Source_Map">GPS_Source_Map</com.gps.sourcePreProc.GPS_SourcePreProcessing_MF>
<com.gps.sourcePreProc.GPS_SourcePreProcessing_MF intServ="EEMSIIB_GPS_INB_TRANSFORM" env="stage" override="brkrList">BKMBRM11_BKMBRM12_BKMBRM13</com.gps.sourcePreProc.GPS_SourcePreProcessing_MF>
<com.gps.sourcePreProc.GPS_SourcePreProcessing_MF intServ="EEMSIIB_GPS_INB_TRANSFORM" env="stage" override="EEMSIIB_GPS_SOURCE_PREPROC_IN.queueName">EEMSIIB.GPS_SOURCE_PREPROC_IN</com.gps.sourcePreProc.GPS_SourcePreProcessing_MF>
<com.gps.sourcePreProc.GPS_SourcePreProcessing_MF intServ="EEMSIIB_GPS_INB_TRANSFORM" env="stage" override="EEMSIIB.GPS_SOURCE_CO_INQ_IN.queueName">EEMSIIB.GPS_SOURCE_CO_INQ_IN</com.gps.sourcePreProc.GPS_SourcePreProcessing_MF>
<com.gps.sourcePreProc.GPS_SourcePreProcessing_MF intServ="EEMSIIB_GPS_INB_TRANSFORM" env="stage" override="Common_AuditInMessage_SF.queueName">EEMSIIB.GPS_COMMON_AUDITMESSAGE_DATA</com.gps.sourcePreProc.GPS_SourcePreProcessing_MF>
<com.gps.sourcePreProc.GPS_SourcePreProcessing_MF intServ="EEMSIIB_GPS_INB_TRANSFORM" env="stage" override="EEMSIIB.GPS_ISREADYTOPROCESS_IN.queueName">EEMSIIB.GPS_ISREADYTOPROCESS_IN</com.gps.sourcePreProc.GPS_SourcePreProcessing_MF>
<com.gps.sourcePreProc.GPS_SourcePreProcessing_MF intServ="EEMSIIB_GPS_INB_TRANSFORM" env="stage" override="Exception_Processing.dataSource">EEMS_DB</com.gps.sourcePreProc.GPS_SourcePreProcessing_MF>
<com.gps.sourcePreProc.GPS_SourcePreProcessing_MF intServ="EEMSIIB_GPS_INB_TRANSFORM" env="stage" override="EEMSIIB.GPS_ERRORMESSAGE_DATA.queueName">EEMSIIB.GPS_ERRORMESSAGE_DATA</com.gps.sourcePreProc.GPS_SourcePreProcessing_MF>
<com.gps.sourcePreProc.GPS_SourcePreProcessing_MF intServ="EEMSIIB_GPS_INB_TRANSFORM" env="stage" override="PriorityMap">EEMS_Priority_Map</com.gps.sourcePreProc.GPS_SourcePreProcessing_MF>
<com.gps.sourcePreProc.GPS_SourcePreProcessing_MF intServ="EEMSIIB_GPS_INB_TRANSFORM" env="stage" override="PriorityKey">INFLIGHT_CACHE</com.gps.sourcePreProc.GPS_SourcePreProcessing_MF>

<com.gps.sourcePreProc.GPS_SourcePreProcessing_MF intServ="EEMSIIB_GPS_INB_PRIORITY" env="stage" override="dataSource">EEMS_DB</com.gps.sourcePreProc.GPS_SourcePreProcessing_MF>
<com.gps.sourcePreProc.GPS_SourcePreProcessing_MF intServ="EEMSIIB_GPS_INB_PRIORITY" env="stage" override="varGCMapName">GPS_Common_Map</com.gps.sourcePreProc.GPS_SourcePreProcessing_MF>
<com.gps.sourcePreProc.GPS_SourcePreProcessing_MF intServ="EEMSIIB_GPS_INB_PRIORITY" env="stage" override="BrkConfigKey">BRK_CONFIG</com.gps.sourcePreProc.GPS_SourcePreProcessing_MF>
<com.gps.sourcePreProc.GPS_SourcePreProcessing_MF intServ="EEMSIIB_GPS_INB_PRIORITY" env="stage" override="SchemaName">ELECELIG</com.gps.sourcePreProc.GPS_SourcePreProcessing_MF>
<com.gps.sourcePreProc.GPS_SourcePreProcessing_MF intServ="EEMSIIB_GPS_INB_PRIORITY" env="stage" override="CH_CustomerProfile_Map">CustomerProfile_Map</com.gps.sourcePreProc.GPS_SourcePreProcessing_MF>
<com.gps.sourcePreProc.GPS_SourcePreProcessing_MF intServ="EEMSIIB_GPS_INB_PRIORITY" env="stage" override="CH_GPS_Source_Map">GPS_Source_Map</com.gps.sourcePreProc.GPS_SourcePreProcessing_MF>
<com.gps.sourcePreProc.GPS_SourcePreProcessing_MF intServ="EEMSIIB_GPS_INB_PRIORITY" env="stage" override="brkrList">BKMBRM11_BKMBRM12_BKMBRM13</com.gps.sourcePreProc.GPS_SourcePreProcessing_MF>
<com.gps.sourcePreProc.GPS_SourcePreProcessing_MF intServ="EEMSIIB_GPS_INB_PRIORITY" env="stage" override="EEMSIIB_GPS_SOURCE_PREPROC_IN.queueName">EEMSIIB.GPS_SOURCE_PRTY_PREPROC_IN</com.gps.sourcePreProc.GPS_SourcePreProcessing_MF>
<com.gps.sourcePreProc.GPS_SourcePreProcessing_MF intServ="EEMSIIB_GPS_INB_PRIORITY" env="stage" override="EEMSIIB.GPS_SOURCE_CO_INQ_IN.queueName">EEMSIIB.GPS_SOURCE_PRTY_CO_INQ_IN</com.gps.sourcePreProc.GPS_SourcePreProcessing_MF>
<com.gps.sourcePreProc.GPS_SourcePreProcessing_MF intServ="EEMSIIB_GPS_INB_PRIORITY" env="stage" override="Common_AuditInMessage_SF.queueName">EEMSIIB.GPS_COMMON_AUDITMESSAGE_DATA</com.gps.sourcePreProc.GPS_SourcePreProcessing_MF>
<com.gps.sourcePreProc.GPS_SourcePreProcessing_MF intServ="EEMSIIB_GPS_INB_PRIORITY" env="stage" override="EEMSIIB.GPS_ISREADYTOPROCESS_IN.queueName">EEMSIIB.GPS_ISREADYTOPROCESS_IN</com.gps.sourcePreProc.GPS_SourcePreProcessing_MF>
<com.gps.sourcePreProc.GPS_SourcePreProcessing_MF intServ="EEMSIIB_GPS_INB_PRIORITY" env="stage" override="Exception_Processing.dataSource">EEMS_DB</com.gps.sourcePreProc.GPS_SourcePreProcessing_MF>
<com.gps.sourcePreProc.GPS_SourcePreProcessing_MF intServ="EEMSIIB_GPS_INB_PRIORITY" env="stage" override="EEMSIIB.GPS_ERRORMESSAGE_DATA.queueName">EEMSIIB.GPS_ERRORMESSAGE_DATA</com.gps.sourcePreProc.GPS_SourcePreProcessing_MF>
<com.gps.sourcePreProc.GPS_SourcePreProcessing_MF intServ="EEMSIIB_GPS_INB_PRIORITY" env="stage" override="PriorityMap">EEMS_Priority_Map</com.gps.sourcePreProc.GPS_SourcePreProcessing_MF>
<com.gps.sourcePreProc.GPS_SourcePreProcessing_MF intServ="EEMSIIB_GPS_INB_PRIORITY" env="stage" override="PriorityKey">INFLIGHT_CACHE</com.gps.sourcePreProc.GPS_SourcePreProcessing_MF>
<!-- ADOPT -->
<com.gps.sourcePreProc.GPS_SourcePreProcessing_MF intServ="EEMSIIB_GPS_INB_TRANSFORM" env="adopt" override="dataSource">EEMS_DB</com.gps.sourcePreProc.GPS_SourcePreProcessing_MF>
<com.gps.sourcePreProc.GPS_SourcePreProcessing_MF intServ="EEMSIIB_GPS_INB_TRANSFORM" env="adopt" override="varGCMapName">GPS_Common_Map</com.gps.sourcePreProc.GPS_SourcePreProcessing_MF>
<com.gps.sourcePreProc.GPS_SourcePreProcessing_MF intServ="EEMSIIB_GPS_INB_TRANSFORM" env="adopt" override="BrkConfigKey">BRK_CONFIG</com.gps.sourcePreProc.GPS_SourcePreProcessing_MF>
<com.gps.sourcePreProc.GPS_SourcePreProcessing_MF intServ="EEMSIIB_GPS_INB_TRANSFORM" env="adopt" override="SchemaName">ELECELIG</com.gps.sourcePreProc.GPS_SourcePreProcessing_MF>
<com.gps.sourcePreProc.GPS_SourcePreProcessing_MF intServ="EEMSIIB_GPS_INB_TRANSFORM" env="adopt" override="CH_CustomerProfile_Map">CustomerProfile_Map</com.gps.sourcePreProc.GPS_SourcePreProcessing_MF>
<com.gps.sourcePreProc.GPS_SourcePreProcessing_MF intServ="EEMSIIB_GPS_INB_TRANSFORM" env="adopt" override="CH_GPS_Source_Map">GPS_Source_Map</com.gps.sourcePreProc.GPS_SourcePreProcessing_MF>
<com.gps.sourcePreProc.GPS_SourcePreProcessing_MF intServ="EEMSIIB_GPS_INB_TRANSFORM" env="adopt" override="brkrList">BKMBPD07_BKMBPD08</com.gps.sourcePreProc.GPS_SourcePreProcessing_MF>
<com.gps.sourcePreProc.GPS_SourcePreProcessing_MF intServ="EEMSIIB_GPS_INB_TRANSFORM" env="adopt" override="EEMSIIB_GPS_SOURCE_PREPROC_IN.queueName">EEMSIIB.ADP.GPS_SOURCE_PREPROC_IN</com.gps.sourcePreProc.GPS_SourcePreProcessing_MF>
<com.gps.sourcePreProc.GPS_SourcePreProcessing_MF intServ="EEMSIIB_GPS_INB_TRANSFORM" env="adopt" override="EEMSIIB.GPS_SOURCE_CO_INQ_IN.queueName">EEMSIIB.ADP.GPS_SOURCE_CO_INQ_IN</com.gps.sourcePreProc.GPS_SourcePreProcessing_MF>
<com.gps.sourcePreProc.GPS_SourcePreProcessing_MF intServ="EEMSIIB_GPS_INB_TRANSFORM" env="adopt" override="Common_AuditInMessage_SF.queueName">EEMSIIB.GPS_COMMON_AUDITMESSAGE_DATA</com.gps.sourcePreProc.GPS_SourcePreProcessing_MF>
<com.gps.sourcePreProc.GPS_SourcePreProcessing_MF intServ="EEMSIIB_GPS_INB_TRANSFORM" env="adopt" override="EEMSIIB.GPS_ISREADYTOPROCESS_IN.queueName">EEMSIIB.GPS_ISREADYTOPROCESS_IN</com.gps.sourcePreProc.GPS_SourcePreProcessing_MF>
<com.gps.sourcePreProc.GPS_SourcePreProcessing_MF intServ="EEMSIIB_GPS_INB_TRANSFORM" env="adopt" override="Exception_Processing.dataSource">EEMS_DB</com.gps.sourcePreProc.GPS_SourcePreProcessing_MF>
<com.gps.sourcePreProc.GPS_SourcePreProcessing_MF intServ="EEMSIIB_GPS_INB_TRANSFORM" env="adopt" override="EEMSIIB.GPS_ERRORMESSAGE_DATA.queueName">EEMSIIB.GPS_ERRORMESSAGE_DATA</com.gps.sourcePreProc.GPS_SourcePreProcessing_MF>
<com.gps.sourcePreProc.GPS_SourcePreProcessing_MF intServ="EEMSIIB_GPS_INB_TRANSFORM" env="adopt" override="PriorityMap">EEMS_Priority_Map</com.gps.sourcePreProc.GPS_SourcePreProcessing_MF>
<com.gps.sourcePreProc.GPS_SourcePreProcessing_MF intServ="EEMSIIB_GPS_INB_TRANSFORM" env="adopt" override="PriorityKey">INFLIGHT_CACHE</com.gps.sourcePreProc.GPS_SourcePreProcessing_MF>

<com.gps.sourcePreProc.GPS_SourcePreProcessing_MF intServ="EEMSIIB_GPS_INB_PRIORITY" env="adopt" override="dataSource">EEMS_DB</com.gps.sourcePreProc.GPS_SourcePreProcessing_MF>
<com.gps.sourcePreProc.GPS_SourcePreProcessing_MF intServ="EEMSIIB_GPS_INB_PRIORITY" env="adopt" override="varGCMapName">GPS_Common_Map</com.gps.sourcePreProc.GPS_SourcePreProcessing_MF>
<com.gps.sourcePreProc.GPS_SourcePreProcessing_MF intServ="EEMSIIB_GPS_INB_PRIORITY" env="adopt" override="BrkConfigKey">BRK_CONFIG</com.gps.sourcePreProc.GPS_SourcePreProcessing_MF>
<com.gps.sourcePreProc.GPS_SourcePreProcessing_MF intServ="EEMSIIB_GPS_INB_PRIORITY" env="adopt" override="SchemaName">ELECELIG</com.gps.sourcePreProc.GPS_SourcePreProcessing_MF>
<com.gps.sourcePreProc.GPS_SourcePreProcessing_MF intServ="EEMSIIB_GPS_INB_PRIORITY" env="adopt" override="CH_CustomerProfile_Map">CustomerProfile_Map</com.gps.sourcePreProc.GPS_SourcePreProcessing_MF>
<com.gps.sourcePreProc.GPS_SourcePreProcessing_MF intServ="EEMSIIB_GPS_INB_PRIORITY" env="adopt" override="CH_GPS_Source_Map">GPS_Source_Map</com.gps.sourcePreProc.GPS_SourcePreProcessing_MF>
<com.gps.sourcePreProc.GPS_SourcePreProcessing_MF intServ="EEMSIIB_GPS_INB_PRIORITY" env="adopt" override="brkrList">BKMBPD07_BKMBPD08</com.gps.sourcePreProc.GPS_SourcePreProcessing_MF>
<com.gps.sourcePreProc.GPS_SourcePreProcessing_MF intServ="EEMSIIB_GPS_INB_PRIORITY" env="adopt" override="EEMSIIB_GPS_SOURCE_PREPROC_IN.queueName">EEMSIIB.ADP.GPS_SOURCE_PRTY_PREPROC_IN</com.gps.sourcePreProc.GPS_SourcePreProcessing_MF>
<com.gps.sourcePreProc.GPS_SourcePreProcessing_MF intServ="EEMSIIB_GPS_INB_PRIORITY" env="adopt" override="EEMSIIB.GPS_SOURCE_CO_INQ_IN.queueName">EEMSIIB.ADP.GPS_SOURCE_PRTY_CO_INQ_IN</com.gps.sourcePreProc.GPS_SourcePreProcessing_MF>
<com.gps.sourcePreProc.GPS_SourcePreProcessing_MF intServ="EEMSIIB_GPS_INB_PRIORITY" env="adopt" override="Common_AuditInMessage_SF.queueName">EEMSIIB.GPS_COMMON_AUDITMESSAGE_DATA</com.gps.sourcePreProc.GPS_SourcePreProcessing_MF>
<com.gps.sourcePreProc.GPS_SourcePreProcessing_MF intServ="EEMSIIB_GPS_INB_PRIORITY" env="adopt" override="EEMSIIB.GPS_ISREADYTOPROCESS_IN.queueName">EEMSIIB.GPS_ISREADYTOPROCESS_IN</com.gps.sourcePreProc.GPS_SourcePreProcessing_MF>
<com.gps.sourcePreProc.GPS_SourcePreProcessing_MF intServ="EEMSIIB_GPS_INB_PRIORITY" env="adopt" override="Exception_Processing.dataSource">EEMS_DB</com.gps.sourcePreProc.GPS_SourcePreProcessing_MF>
<com.gps.sourcePreProc.GPS_SourcePreProcessing_MF intServ="EEMSIIB_GPS_INB_PRIORITY" env="adopt" override="EEMSIIB.GPS_ERRORMESSAGE_DATA.queueName">EEMSIIB.GPS_ERRORMESSAGE_DATA</com.gps.sourcePreProc.GPS_SourcePreProcessing_MF>
<com.gps.sourcePreProc.GPS_SourcePreProcessing_MF intServ="EEMSIIB_GPS_INB_PRIORITY" env="adopt" override="PriorityMap">EEMS_Priority_Map</com.gps.sourcePreProc.GPS_SourcePreProcessing_MF>
<com.gps.sourcePreProc.GPS_SourcePreProcessing_MF intServ="EEMSIIB_GPS_INB_PRIORITY" env="adopt" override="PriorityKey">INFLIGHT_CACHE</com.gps.sourcePreProc.GPS_SourcePreProcessing_MF>
<!-- PROD -->
<com.gps.sourcePreProc.GPS_SourcePreProcessing_MF intServ="EEMSIIB_GPS_INB_TRANSFORM" env="prod" override="dataSource">EEMS_DB</com.gps.sourcePreProc.GPS_SourcePreProcessing_MF>
<com.gps.sourcePreProc.GPS_SourcePreProcessing_MF intServ="EEMSIIB_GPS_INB_TRANSFORM" env="prod" override="varGCMapName">GPS_Common_Map</com.gps.sourcePreProc.GPS_SourcePreProcessing_MF>
<com.gps.sourcePreProc.GPS_SourcePreProcessing_MF intServ="EEMSIIB_GPS_INB_TRANSFORM" env="prod" override="BrkConfigKey">BRK_CONFIG</com.gps.sourcePreProc.GPS_SourcePreProcessing_MF>
<com.gps.sourcePreProc.GPS_SourcePreProcessing_MF intServ="EEMSIIB_GPS_INB_TRANSFORM" env="prod" override="SchemaName">ELECELIG</com.gps.sourcePreProc.GPS_SourcePreProcessing_MF>
<com.gps.sourcePreProc.GPS_SourcePreProcessing_MF intServ="EEMSIIB_GPS_INB_TRANSFORM" env="prod" override="CH_CustomerProfile_Map">CustomerProfile_Map</com.gps.sourcePreProc.GPS_SourcePreProcessing_MF>
<com.gps.sourcePreProc.GPS_SourcePreProcessing_MF intServ="EEMSIIB_GPS_INB_TRANSFORM" env="prod" override="CH_GPS_Source_Map">GPS_Source_Map</com.gps.sourcePreProc.GPS_SourcePreProcessing_MF>
<com.gps.sourcePreProc.GPS_SourcePreProcessing_MF intServ="EEMSIIB_GPS_INB_TRANSFORM" env="prod" override="brkrList">BKMBPD15_BKMBPD16_BKMBPD30_BKMBPD31</com.gps.sourcePreProc.GPS_SourcePreProcessing_MF>
<com.gps.sourcePreProc.GPS_SourcePreProcessing_MF intServ="EEMSIIB_GPS_INB_TRANSFORM" env="prod" override="EEMSIIB_GPS_SOURCE_PREPROC_IN.queueName">EEMSIIB.GPS_SOURCE_PREPROC_IN</com.gps.sourcePreProc.GPS_SourcePreProcessing_MF>
<com.gps.sourcePreProc.GPS_SourcePreProcessing_MF intServ="EEMSIIB_GPS_INB_TRANSFORM" env="prod" override="EEMSIIB.GPS_SOURCE_CO_INQ_IN.queueName">EEMSIIB.GPS_SOURCE_CO_INQ_IN</com.gps.sourcePreProc.GPS_SourcePreProcessing_MF>
<com.gps.sourcePreProc.GPS_SourcePreProcessing_MF intServ="EEMSIIB_GPS_INB_TRANSFORM" env="prod" override="Common_AuditInMessage_SF.queueName">EEMSIIB.GPS_COMMON_AUDITMESSAGE_DATA</com.gps.sourcePreProc.GPS_SourcePreProcessing_MF>
<com.gps.sourcePreProc.GPS_SourcePreProcessing_MF intServ="EEMSIIB_GPS_INB_TRANSFORM" env="prod" override="EEMSIIB.GPS_ISREADYTOPROCESS_IN.queueName">EEMSIIB.GPS_ISREADYTOPROCESS_IN</com.gps.sourcePreProc.GPS_SourcePreProcessing_MF>
<com.gps.sourcePreProc.GPS_SourcePreProcessing_MF intServ="EEMSIIB_GPS_INB_TRANSFORM" env="prod" override="Exception_Processing.dataSource">EEMS_DB</com.gps.sourcePreProc.GPS_SourcePreProcessing_MF>
<com.gps.sourcePreProc.GPS_SourcePreProcessing_MF intServ="EEMSIIB_GPS_INB_TRANSFORM" env="prod" override="EEMSIIB.GPS_ERRORMESSAGE_DATA.queueName">EEMSIIB.GPS_ERRORMESSAGE_DATA</com.gps.sourcePreProc.GPS_SourcePreProcessing_MF>
<com.gps.sourcePreProc.GPS_SourcePreProcessing_MF intServ="EEMSIIB_GPS_INB_TRANSFORM" env="prod" override="PriorityMap">EEMS_Priority_Map</com.gps.sourcePreProc.GPS_SourcePreProcessing_MF>
<com.gps.sourcePreProc.GPS_SourcePreProcessing_MF intServ="EEMSIIB_GPS_INB_TRANSFORM" env="prod" override="PriorityKey">INFLIGHT_CACHE</com.gps.sourcePreProc.GPS_SourcePreProcessing_MF>

<com.gps.sourcePreProc.GPS_SourcePreProcessing_MF intServ="EEMSIIB_GPS_INB_PRIORITY" env="prod" override="dataSource">EEMS_DB</com.gps.sourcePreProc.GPS_SourcePreProcessing_MF>
<com.gps.sourcePreProc.GPS_SourcePreProcessing_MF intServ="EEMSIIB_GPS_INB_PRIORITY" env="prod" override="varGCMapName">GPS_Common_Map</com.gps.sourcePreProc.GPS_SourcePreProcessing_MF>
<com.gps.sourcePreProc.GPS_SourcePreProcessing_MF intServ="EEMSIIB_GPS_INB_PRIORITY" env="prod" override="BrkConfigKey">BRK_CONFIG</com.gps.sourcePreProc.GPS_SourcePreProcessing_MF>
<com.gps.sourcePreProc.GPS_SourcePreProcessing_MF intServ="EEMSIIB_GPS_INB_PRIORITY" env="prod" override="SchemaName">ELECELIG</com.gps.sourcePreProc.GPS_SourcePreProcessing_MF>
<com.gps.sourcePreProc.GPS_SourcePreProcessing_MF intServ="EEMSIIB_GPS_INB_PRIORITY" env="prod" override="CH_CustomerProfile_Map">CustomerProfile_Map</com.gps.sourcePreProc.GPS_SourcePreProcessing_MF>
<com.gps.sourcePreProc.GPS_SourcePreProcessing_MF intServ="EEMSIIB_GPS_INB_PRIORITY" env="prod" override="CH_GPS_Source_Map">GPS_Source_Map</com.gps.sourcePreProc.GPS_SourcePreProcessing_MF>
<com.gps.sourcePreProc.GPS_SourcePreProcessing_MF intServ="EEMSIIB_GPS_INB_PRIORITY" env="prod" override="brkrList">BKMBPD15_BKMBPD16_BKMBPD30_BKMBPD31</com.gps.sourcePreProc.GPS_SourcePreProcessing_MF>
<com.gps.sourcePreProc.GPS_SourcePreProcessing_MF intServ="EEMSIIB_GPS_INB_PRIORITY" env="prod" override="EEMSIIB_GPS_SOURCE_PREPROC_IN.queueName">EEMSIIB.GPS_SOURCE_PRTY_PREPROC_IN</com.gps.sourcePreProc.GPS_SourcePreProcessing_MF>
<com.gps.sourcePreProc.GPS_SourcePreProcessing_MF intServ="EEMSIIB_GPS_INB_PRIORITY" env="prod" override="EEMSIIB.GPS_SOURCE_CO_INQ_IN.queueName">EEMSIIB.GPS_SOURCE_PRTY_CO_INQ_IN</com.gps.sourcePreProc.GPS_SourcePreProcessing_MF>
<com.gps.sourcePreProc.GPS_SourcePreProcessing_MF intServ="EEMSIIB_GPS_INB_PRIORITY" env="prod" override="Common_AuditInMessage_SF.queueName">EEMSIIB.GPS_COMMON_AUDITMESSAGE_DATA</com.gps.sourcePreProc.GPS_SourcePreProcessing_MF>
<com.gps.sourcePreProc.GPS_SourcePreProcessing_MF intServ="EEMSIIB_GPS_INB_PRIORITY" env="prod" override="EEMSIIB.GPS_ISREADYTOPROCESS_IN.queueName">EEMSIIB.GPS_ISREADYTOPROCESS_IN</com.gps.sourcePreProc.GPS_SourcePreProcessing_MF>
<com.gps.sourcePreProc.GPS_SourcePreProcessing_MF intServ="EEMSIIB_GPS_INB_PRIORITY" env="prod" override="Exception_Processing.dataSource">EEMS_DB</com.gps.sourcePreProc.GPS_SourcePreProcessing_MF>
<com.gps.sourcePreProc.GPS_SourcePreProcessing_MF intServ="EEMSIIB_GPS_INB_PRIORITY" env="prod" override="EEMSIIB.GPS_ERRORMESSAGE_DATA.queueName">EEMSIIB.GPS_ERRORMESSAGE_DATA</com.gps.sourcePreProc.GPS_SourcePreProcessing_MF>
<com.gps.sourcePreProc.GPS_SourcePreProcessing_MF intServ="EEMSIIB_GPS_INB_PRIORITY" env="prod" override="PriorityMap">EEMS_Priority_Map</com.gps.sourcePreProc.GPS_SourcePreProcessing_MF>
<com.gps.sourcePreProc.GPS_SourcePreProcessing_MF intServ="EEMSIIB_GPS_INB_PRIORITY" env="prod" override="PriorityKey">INFLIGHT_CACHE</com.gps.sourcePreProc.GPS_SourcePreProcessing_MF>

</Broker>