<?xml version="1.0" encoding="UTF-8" ?>
<Broker>
<!--DEV-->
<com.prime.dbload.PRIME_EDAandEML_DBLoader_MF intServ="EEMSIIB_PRIME_SOURCE_WS" env="dev" override="additionalInstances">45</com.prime.dbload.PRIME_EDAandEML_DBLoader_MF>
<com.prime.dbload.PRIME_EDAandEML_DBLoader_MF intServ="EEMSIIB_PRIME_SOURCE_WS" env="dev" override="DSN">EEMS_DB</com.prime.dbload.PRIME_EDAandEML_DBLoader_MF>
<com.prime.dbload.PRIME_EDAandEML_DBLoader_MF intServ="EEMSIIB_PRIME_SOURCE_WS" env="dev" override="UDP_SchemaName">ELECELIG</com.prime.dbload.PRIME_EDAandEML_DBLoader_MF>
<com.prime.dbload.PRIME_EDAandEML_DBLoader_MF intServ="EEMSIIB_PRIME_SOURCE_WS" env="dev" override="CommonMap">PRIME_Common_Map</com.prime.dbload.PRIME_EDAandEML_DBLoader_MF>
<com.prime.dbload.PRIME_EDAandEML_DBLoader_MF intServ="EEMSIIB_PRIME_SOURCE_WS" env="dev" override="SourceMap">PRIME_Source_Map</com.prime.dbload.PRIME_EDAandEML_DBLoader_MF>
<com.prime.dbload.PRIME_EDAandEML_DBLoader_MF intServ="EEMSIIB_PRIME_SOURCE_WS" env="dev" override="DBLoad_inputQ">EEMSIIB.PRIME_SOURCE_SMALL_DBLOAD_IN</com.prime.dbload.PRIME_EDAandEML_DBLoader_MF>
<com.prime.dbload.PRIME_EDAandEML_DBLoader_MF intServ="EEMSIIB_PRIME_SOURCE_WS" env="dev" override="IsReady_Queue">EEMSIIB.PRIME_ISREADYTOPROCESS_IN</com.prime.dbload.PRIME_EDAandEML_DBLoader_MF>
<com.prime.dbload.PRIME_EDAandEML_DBLoader_MF intServ="EEMSIIB_PRIME_SOURCE_WS" env="dev" override="brkrList">BKMBT11</com.prime.dbload.PRIME_EDAandEML_DBLoader_MF>
<com.prime.dbload.PRIME_EDAandEML_DBLoader_MF intServ="EEMSIIB_PRIME_SOURCE_WS" env="dev" override="brkrCount">1</com.prime.dbload.PRIME_EDAandEML_DBLoader_MF>
<com.prime.dbload.PRIME_EDAandEML_DBLoader_MF intServ="EEMSIIB_PRIME_SOURCE_WS" env="dev" override="UDP_ApplicationName">PRIME_SourceDBLoad_APP</com.prime.dbload.PRIME_EDAandEML_DBLoader_MF>
<com.prime.dbload.PRIME_EDAandEML_DBLoader_MF intServ="EEMSIIB_PRIME_SOURCE_WS" env="dev" override="Error_Queue">EEMSIIB.PRIME_ERRORMESSAGE_DATA</com.prime.dbload.PRIME_EDAandEML_DBLoader_MF>
<com.prime.dbload.PRIME_EDAandEML_DBLoader_MF intServ="EEMSIIB_PRIME_SOURCE_WS" env="dev" override="EEMS_AuditInMessage.queueName">EEMSIIB.PRIME_COMMON_AUDITMESSAGE_DATA</com.prime.dbload.PRIME_EDAandEML_DBLoader_MF>
<com.prime.dbload.PRIME_EDAandEML_DBLoader_MF intServ="EEMSIIB_PRIME_SOURCE_WS" env="dev" override="PRIME_ExceptionHandler.BECode">600</com.prime.dbload.PRIME_EDAandEML_DBLoader_MF>
<com.prime.dbload.PRIME_EDAandEML_DBLoader_MF intServ="EEMSIIB_PRIME_SOURCE_WS" env="dev" override="PRIME_ExceptionHandler.ProjNumber">3</com.prime.dbload.PRIME_EDAandEML_DBLoader_MF>
<com.prime.dbload.PRIME_EDAandEML_DBLoader_MF intServ="EEMSIIB_PRIME_SOURCE_WS" env="dev" override="PRIME_ExceptionHandler_Compute.dataSource">EEMS_DB</com.prime.dbload.PRIME_EDAandEML_DBLoader_MF>
<com.prime.dbload.PRIME_EDAandEML_DBLoader_MF intServ="EEMSIIB_PRIME_SOURCE_WS" env="dev" override="BATCH_FAIL_MODE">FALSE</com.prime.dbload.PRIME_EDAandEML_DBLoader_MF>
<com.prime.dbload.PRIME_EDAandEML_DBLoader_MF intServ="EEMSIIB_PRIME_SOURCE_WS" env="dev" override="sleepTime">1000</com.prime.dbload.PRIME_EDAandEML_DBLoader_MF>

<!--SIT-->
<com.prime.dbload.PRIME_EDAandEML_DBLoader_MF intServ="EEMSIIB_PRIME_SOURCE_WS" env="test" override="additionalInstances">45</com.prime.dbload.PRIME_EDAandEML_DBLoader_MF>
<com.prime.dbload.PRIME_EDAandEML_DBLoader_MF intServ="EEMSIIB_PRIME_SOURCE_WS" env="test" override="DSN">EEMS_DB</com.prime.dbload.PRIME_EDAandEML_DBLoader_MF>
<com.prime.dbload.PRIME_EDAandEML_DBLoader_MF intServ="EEMSIIB_PRIME_SOURCE_WS" env="test" override="UDP_SchemaName">ELECELIG</com.prime.dbload.PRIME_EDAandEML_DBLoader_MF>
<com.prime.dbload.PRIME_EDAandEML_DBLoader_MF intServ="EEMSIIB_PRIME_SOURCE_WS" env="test" override="CommonMap">PRIME_Common_Map</com.prime.dbload.PRIME_EDAandEML_DBLoader_MF>
<com.prime.dbload.PRIME_EDAandEML_DBLoader_MF intServ="EEMSIIB_PRIME_SOURCE_WS" env="test" override="SourceMap">PRIME_Source_Map</com.prime.dbload.PRIME_EDAandEML_DBLoader_MF>
<com.prime.dbload.PRIME_EDAandEML_DBLoader_MF intServ="EEMSIIB_PRIME_SOURCE_WS" env="test" override="DBLoad_inputQ">EEMSIIB.PRIME_SOURCE_SMALL_DBLOAD_IN</com.prime.dbload.PRIME_EDAandEML_DBLoader_MF>
<com.prime.dbload.PRIME_EDAandEML_DBLoader_MF intServ="EEMSIIB_PRIME_SOURCE_WS" env="test" override="IsReady_Queue">EEMSIIB.PRIME_ISREADYTOPROCESS_IN</com.prime.dbload.PRIME_EDAandEML_DBLoader_MF>
<com.prime.dbload.PRIME_EDAandEML_DBLoader_MF intServ="EEMSIIB_PRIME_SOURCE_WS" env="test" override="brkrList">BKMBS11</com.prime.dbload.PRIME_EDAandEML_DBLoader_MF>
<com.prime.dbload.PRIME_EDAandEML_DBLoader_MF intServ="EEMSIIB_PRIME_SOURCE_WS" env="test" override="brkrCount">1</com.prime.dbload.PRIME_EDAandEML_DBLoader_MF>
<com.prime.dbload.PRIME_EDAandEML_DBLoader_MF intServ="EEMSIIB_PRIME_SOURCE_WS" env="test" override="UDP_ApplicationName">PRIME_SourceDBLoad_APP</com.prime.dbload.PRIME_EDAandEML_DBLoader_MF>
<com.prime.dbload.PRIME_EDAandEML_DBLoader_MF intServ="EEMSIIB_PRIME_SOURCE_WS" env="test" override="Error_Queue">EEMSIIB.PRIME_ERRORMESSAGE_DATA</com.prime.dbload.PRIME_EDAandEML_DBLoader_MF>
<com.prime.dbload.PRIME_EDAandEML_DBLoader_MF intServ="EEMSIIB_PRIME_SOURCE_WS" env="test" override="EEMS_AuditInMessage.queueName">EEMSIIB.PRIME_COMMON_AUDITMESSAGE_DATA</com.prime.dbload.PRIME_EDAandEML_DBLoader_MF>
<com.prime.dbload.PRIME_EDAandEML_DBLoader_MF intServ="EEMSIIB_PRIME_SOURCE_WS" env="test" override="PRIME_ExceptionHandler.BECode">600</com.prime.dbload.PRIME_EDAandEML_DBLoader_MF>
<com.prime.dbload.PRIME_EDAandEML_DBLoader_MF intServ="EEMSIIB_PRIME_SOURCE_WS" env="test" override="PRIME_ExceptionHandler.ProjNumber">3</com.prime.dbload.PRIME_EDAandEML_DBLoader_MF>
<com.prime.dbload.PRIME_EDAandEML_DBLoader_MF intServ="EEMSIIB_PRIME_SOURCE_WS" env="test" override="PRIME_ExceptionHandler_Compute.dataSource">EEMS_DB</com.prime.dbload.PRIME_EDAandEML_DBLoader_MF>
<com.prime.dbload.PRIME_EDAandEML_DBLoader_MF intServ="EEMSIIB_PRIME_SOURCE_WS" env="test" override="BATCH_FAIL_MODE">FALSE</com.prime.dbload.PRIME_EDAandEML_DBLoader_MF>
<com.prime.dbload.PRIME_EDAandEML_DBLoader_MF intServ="EEMSIIB_PRIME_SOURCE_WS" env="test" override="sleepTime">1000</com.prime.dbload.PRIME_EDAandEML_DBLoader_MF>

<!--SIT-Bravo-->
<com.prime.dbload.PRIME_EDAandEML_DBLoader_MF intServ="EEMSIIB_PRIME_SOURCE_WS" env="test2" override="additionalInstances">45</com.prime.dbload.PRIME_EDAandEML_DBLoader_MF>
<com.prime.dbload.PRIME_EDAandEML_DBLoader_MF intServ="EEMSIIB_PRIME_SOURCE_WS" env="test2" override="DSN">EEMS_DB</com.prime.dbload.PRIME_EDAandEML_DBLoader_MF>
<com.prime.dbload.PRIME_EDAandEML_DBLoader_MF intServ="EEMSIIB_PRIME_SOURCE_WS" env="test2" override="UDP_SchemaName">ELECELIG</com.prime.dbload.PRIME_EDAandEML_DBLoader_MF>
<com.prime.dbload.PRIME_EDAandEML_DBLoader_MF intServ="EEMSIIB_PRIME_SOURCE_WS" env="test2" override="CommonMap">PRIME_Common_Map</com.prime.dbload.PRIME_EDAandEML_DBLoader_MF>
<com.prime.dbload.PRIME_EDAandEML_DBLoader_MF intServ="EEMSIIB_PRIME_SOURCE_WS" env="test2" override="SourceMap">PRIME_Source_Map</com.prime.dbload.PRIME_EDAandEML_DBLoader_MF>
<com.prime.dbload.PRIME_EDAandEML_DBLoader_MF intServ="EEMSIIB_PRIME_SOURCE_WS" env="test2" override="DBLoad_inputQ">EEMSIIB.PRIME_SOURCE_SMALL_DBLOAD_IN</com.prime.dbload.PRIME_EDAandEML_DBLoader_MF>
<com.prime.dbload.PRIME_EDAandEML_DBLoader_MF intServ="EEMSIIB_PRIME_SOURCE_WS" env="test2" override="IsReady_Queue">EEMSIIB.PRIME_ISREADYTOPROCESS_IN</com.prime.dbload.PRIME_EDAandEML_DBLoader_MF>
<com.prime.dbload.PRIME_EDAandEML_DBLoader_MF intServ="EEMSIIB_PRIME_SOURCE_WS" env="test2" override="brkrList">BKMBS12</com.prime.dbload.PRIME_EDAandEML_DBLoader_MF>
<com.prime.dbload.PRIME_EDAandEML_DBLoader_MF intServ="EEMSIIB_PRIME_SOURCE_WS" env="test2" override="brkrCount">1</com.prime.dbload.PRIME_EDAandEML_DBLoader_MF>
<com.prime.dbload.PRIME_EDAandEML_DBLoader_MF intServ="EEMSIIB_PRIME_SOURCE_WS" env="test2" override="UDP_ApplicationName">PRIME_EDAand_EML_DBLoad_APP</com.prime.dbload.PRIME_EDAandEML_DBLoader_MF>
<com.prime.dbload.PRIME_EDAandEML_DBLoader_MF intServ="EEMSIIB_PRIME_SOURCE_WS" env="test2" override="Error_Queue">EEMSIIB.PRIME_ERRORMESSAGE_DATA</com.prime.dbload.PRIME_EDAandEML_DBLoader_MF>
<com.prime.dbload.PRIME_EDAandEML_DBLoader_MF intServ="EEMSIIB_PRIME_SOURCE_WS" env="test2" override="EEMS_AuditInMessage.queueName">EEMSIIB.PRIME_COMMON_AUDITMESSAGE_DATA</com.prime.dbload.PRIME_EDAandEML_DBLoader_MF>
<com.prime.dbload.PRIME_EDAandEML_DBLoader_MF intServ="EEMSIIB_PRIME_SOURCE_WS" env="test2" override="PRIME_ExceptionHandler.BECode">800</com.prime.dbload.PRIME_EDAandEML_DBLoader_MF>
<com.prime.dbload.PRIME_EDAandEML_DBLoader_MF intServ="EEMSIIB_PRIME_SOURCE_WS" env="test2" override="PRIME_ExceptionHandler.ProjNumber">3</com.prime.dbload.PRIME_EDAandEML_DBLoader_MF>
<com.prime.dbload.PRIME_EDAandEML_DBLoader_MF intServ="EEMSIIB_PRIME_SOURCE_WS" env="test2" override="PRIME_ExceptionHandler_Compute.dataSource">EEMS_DB</com.prime.dbload.PRIME_EDAandEML_DBLoader_MF>
<com.prime.dbload.PRIME_EDAandEML_DBLoader_MF intServ="EEMSIIB_PRIME_SOURCE_WS" env="test2" override="BATCH_FAIL_MODE">FALSE</com.prime.dbload.PRIME_EDAandEML_DBLoader_MF>
<com.prime.dbload.PRIME_EDAandEML_DBLoader_MF intServ="EEMSIIB_PRIME_SOURCE_WS" env="test2" override="sleepTime">1000</com.prime.dbload.PRIME_EDAandEML_DBLoader_MF>

<!--UAT Alpha-->
<com.prime.dbload.PRIME_EDAandEML_DBLoader_MF intServ="EEMSIIB_PRIME_SOURCE_WS" env="uat" override="additionalInstances">45</com.prime.dbload.PRIME_EDAandEML_DBLoader_MF>
<com.prime.dbload.PRIME_EDAandEML_DBLoader_MF intServ="EEMSIIB_PRIME_SOURCE_WS" env="uat" override="DSN">EEMS_DB</com.prime.dbload.PRIME_EDAandEML_DBLoader_MF>
<com.prime.dbload.PRIME_EDAandEML_DBLoader_MF intServ="EEMSIIB_PRIME_SOURCE_WS" env="uat" override="UDP_SchemaName">ELECELIG</com.prime.dbload.PRIME_EDAandEML_DBLoader_MF>
<com.prime.dbload.PRIME_EDAandEML_DBLoader_MF intServ="EEMSIIB_PRIME_SOURCE_WS" env="uat" override="CommonMap">PRIME_Common_Map</com.prime.dbload.PRIME_EDAandEML_DBLoader_MF>
<com.prime.dbload.PRIME_EDAandEML_DBLoader_MF intServ="EEMSIIB_PRIME_SOURCE_WS" env="uat" override="SourceMap">PRIME_Source_Map</com.prime.dbload.PRIME_EDAandEML_DBLoader_MF>
<com.prime.dbload.PRIME_EDAandEML_DBLoader_MF intServ="EEMSIIB_PRIME_SOURCE_WS" env="uat" override="DBLoad_inputQ">EEMSIIB.PRIME_SOURCE_SMALL_DBLOAD_IN</com.prime.dbload.PRIME_EDAandEML_DBLoader_MF>
<com.prime.dbload.PRIME_EDAandEML_DBLoader_MF intServ="EEMSIIB_PRIME_SOURCE_WS" env="uat" override="IsReady_Queue">EEMSIIB.PRIME_ISREADYTOPROCESS_IN</com.prime.dbload.PRIME_EDAandEML_DBLoader_MF>
<com.prime.dbload.PRIME_EDAandEML_DBLoader_MF intServ="EEMSIIB_PRIME_SOURCE_WS" env="uat" override="brkrList">BKMBRA11</com.prime.dbload.PRIME_EDAandEML_DBLoader_MF>
<com.prime.dbload.PRIME_EDAandEML_DBLoader_MF intServ="EEMSIIB_PRIME_SOURCE_WS" env="uat" override="brkrCount">1</com.prime.dbload.PRIME_EDAandEML_DBLoader_MF>
<com.prime.dbload.PRIME_EDAandEML_DBLoader_MF intServ="EEMSIIB_PRIME_SOURCE_WS" env="uat" override="UDP_ApplicationName">PRIME_SourceDBLoad_APP</com.prime.dbload.PRIME_EDAandEML_DBLoader_MF>
<com.prime.dbload.PRIME_EDAandEML_DBLoader_MF intServ="EEMSIIB_PRIME_SOURCE_WS" env="uat" override="PRIME_ExceptionHandler.BECode">600</com.prime.dbload.PRIME_EDAandEML_DBLoader_MF>
<com.prime.dbload.PRIME_EDAandEML_DBLoader_MF intServ="EEMSIIB_PRIME_SOURCE_WS" env="uat" override="PRIME_ExceptionHandler.ProjNumber">3</com.prime.dbload.PRIME_EDAandEML_DBLoader_MF>
<com.prime.dbload.PRIME_EDAandEML_DBLoader_MF intServ="EEMSIIB_PRIME_SOURCE_WS" env="uat" override="PRIME_ExceptionHandler_Compute.dataSource">EEMS_DB</com.prime.dbload.PRIME_EDAandEML_DBLoader_MF>
<com.prime.dbload.PRIME_EDAandEML_DBLoader_MF intServ="EEMSIIB_PRIME_SOURCE_WS" env="uat" override="Error_Queue">EEMSIIB.PRIME_ERRORMESSAGE_DATA</com.prime.dbload.PRIME_EDAandEML_DBLoader_MF>
<com.prime.dbload.PRIME_EDAandEML_DBLoader_MF intServ="EEMSIIB_PRIME_SOURCE_WS" env="uat" override="EEMS_AuditInMessage.queueName">EEMSIIB.PRIME_COMMON_AUDITMESSAGE_DATA</com.prime.dbload.PRIME_EDAandEML_DBLoader_MF>
<com.prime.dbload.PRIME_EDAandEML_DBLoader_MF intServ="EEMSIIB_PRIME_SOURCE_WS" env="uat" override="BATCH_FAIL_MODE">FALSE</com.prime.dbload.PRIME_EDAandEML_DBLoader_MF>
<com.prime.dbload.PRIME_EDAandEML_DBLoader_MF intServ="EEMSIIB_PRIME_SOURCE_WS" env="uat" override="sleepTime">1000</com.prime.dbload.PRIME_EDAandEML_DBLoader_MF>

<!-- UAT-Bravo -->
<com.prime.dbload.PRIME_EDAandEML_DBLoader_MF intServ="EEMSIIB_PRIME_SOURCE_WS" env="uat-bravo" override="additionalInstances">45</com.prime.dbload.PRIME_EDAandEML_DBLoader_MF>
<com.prime.dbload.PRIME_EDAandEML_DBLoader_MF intServ="EEMSIIB_PRIME_SOURCE_WS" env="uat-bravo" override="DSN">EEMS_DB</com.prime.dbload.PRIME_EDAandEML_DBLoader_MF>
<com.prime.dbload.PRIME_EDAandEML_DBLoader_MF intServ="EEMSIIB_PRIME_SOURCE_WS" env="uat-bravo" override="UDP_SchemaName">ELECELIG</com.prime.dbload.PRIME_EDAandEML_DBLoader_MF>
<com.prime.dbload.PRIME_EDAandEML_DBLoader_MF intServ="EEMSIIB_PRIME_SOURCE_WS" env="uat-bravo" override="CommonMap">PRIME_Common_Map</com.prime.dbload.PRIME_EDAandEML_DBLoader_MF>
<com.prime.dbload.PRIME_EDAandEML_DBLoader_MF intServ="EEMSIIB_PRIME_SOURCE_WS" env="uat-bravo" override="SourceMap">PRIME_Source_Map</com.prime.dbload.PRIME_EDAandEML_DBLoader_MF>
<com.prime.dbload.PRIME_EDAandEML_DBLoader_MF intServ="EEMSIIB_PRIME_SOURCE_WS" env="uat-bravo" override="DBLoad_inputQ">EEMSIIB.PRIME_SOURCE_SMALL_DBLOAD_IN</com.prime.dbload.PRIME_EDAandEML_DBLoader_MF>
<com.prime.dbload.PRIME_EDAandEML_DBLoader_MF intServ="EEMSIIB_PRIME_SOURCE_WS" env="uat-bravo" override="IsReady_Queue">EEMSIIB.PRIME_ISREADYTOPROCESS_IN</com.prime.dbload.PRIME_EDAandEML_DBLoader_MF>
<com.prime.dbload.PRIME_EDAandEML_DBLoader_MF intServ="EEMSIIB_PRIME_SOURCE_WS" env="uat-bravo" override="brkrList">BKMBRB11</com.prime.dbload.PRIME_EDAandEML_DBLoader_MF>
<com.prime.dbload.PRIME_EDAandEML_DBLoader_MF intServ="EEMSIIB_PRIME_SOURCE_WS" env="uat-bravo" override="brkrCount">1</com.prime.dbload.PRIME_EDAandEML_DBLoader_MF>
<com.prime.dbload.PRIME_EDAandEML_DBLoader_MF intServ="EEMSIIB_PRIME_SOURCE_WS" env="uat-bravo" override="UDP_ApplicationName">PRIME_SourceDBLoad_APP</com.prime.dbload.PRIME_EDAandEML_DBLoader_MF>
<com.prime.dbload.PRIME_EDAandEML_DBLoader_MF intServ="EEMSIIB_PRIME_SOURCE_WS" env="uat-bravo" override="PRIME_ExceptionHandler.BECode">600</com.prime.dbload.PRIME_EDAandEML_DBLoader_MF>
<com.prime.dbload.PRIME_EDAandEML_DBLoader_MF intServ="EEMSIIB_PRIME_SOURCE_WS" env="uat-bravo" override="PRIME_ExceptionHandler.ProjNumber">3</com.prime.dbload.PRIME_EDAandEML_DBLoader_MF>
<com.prime.dbload.PRIME_EDAandEML_DBLoader_MF intServ="EEMSIIB_PRIME_SOURCE_WS" env="uat-bravo" override="PRIME_ExceptionHandler_Compute.dataSource">EEMS_DB</com.prime.dbload.PRIME_EDAandEML_DBLoader_MF>
<com.prime.dbload.PRIME_EDAandEML_DBLoader_MF intServ="EEMSIIB_PRIME_SOURCE_WS" env="uat-bravo" override="Error_Queue">EEMSIIB.PRIME_ERRORMESSAGE_DATA</com.prime.dbload.PRIME_EDAandEML_DBLoader_MF>
<com.prime.dbload.PRIME_EDAandEML_DBLoader_MF intServ="EEMSIIB_PRIME_SOURCE_WS" env="uat-bravo" override="EEMS_AuditInMessage.queueName">EEMSIIB.PRIME_COMMON_AUDITMESSAGE_DATA</com.prime.dbload.PRIME_EDAandEML_DBLoader_MF>
<com.prime.dbload.PRIME_EDAandEML_DBLoader_MF intServ="EEMSIIB_PRIME_SOURCE_WS" env="uat-bravo" override="BATCH_FAIL_MODE">FALSE</com.prime.dbload.PRIME_EDAandEML_DBLoader_MF>
<com.prime.dbload.PRIME_EDAandEML_DBLoader_MF intServ="EEMSIIB_PRIME_SOURCE_WS" env="uat-bravo" override="sleepTime">1000</com.prime.dbload.PRIME_EDAandEML_DBLoader_MF>

<!--STAGE-->
<com.prime.dbload.PRIME_EDAandEML_DBLoader_MF intServ="EEMSIIB_PRIME_APPS" env="stage" override="additionalInstances">45</com.prime.dbload.PRIME_EDAandEML_DBLoader_MF>
<com.prime.dbload.PRIME_EDAandEML_DBLoader_MF intServ="EEMSIIB_PRIME_APPS" env="stage" override="DSN">EEMS_DB</com.prime.dbload.PRIME_EDAandEML_DBLoader_MF>
<com.prime.dbload.PRIME_EDAandEML_DBLoader_MF intServ="EEMSIIB_PRIME_APPS" env="stage" override="UDP_SchemaName">ELECELIG</com.prime.dbload.PRIME_EDAandEML_DBLoader_MF>
<com.prime.dbload.PRIME_EDAandEML_DBLoader_MF intServ="EEMSIIB_PRIME_APPS" env="stage" override="CommonMap">PRIME_Common_Map</com.prime.dbload.PRIME_EDAandEML_DBLoader_MF>
<com.prime.dbload.PRIME_EDAandEML_DBLoader_MF intServ="EEMSIIB_PRIME_APPS" env="stage" override="SourceMap">PRIME_Source_Map</com.prime.dbload.PRIME_EDAandEML_DBLoader_MF>
<com.prime.dbload.PRIME_EDAandEML_DBLoader_MF intServ="EEMSIIB_PRIME_APPS" env="stage" override="DBLoad_inputQ">EEMSIIB.PRIME_SOURCE_SMALL_DBLOAD_IN</com.prime.dbload.PRIME_EDAandEML_DBLoader_MF>
<com.prime.dbload.PRIME_EDAandEML_DBLoader_MF intServ="EEMSIIB_PRIME_APPS" env="stage" override="IsReady_Queue">EEMSIIB.PRIME_ISREADYTOPROCESS_IN</com.prime.dbload.PRIME_EDAandEML_DBLoader_MF>
<com.prime.dbload.PRIME_EDAandEML_DBLoader_MF intServ="EEMSIIB_PRIME_APPS" env="stage" override="brkrList">BKMBRM11_BKMBRM12_BKMBRM13</com.prime.dbload.PRIME_EDAandEML_DBLoader_MF>
<com.prime.dbload.PRIME_EDAandEML_DBLoader_MF intServ="EEMSIIB_PRIME_APPS" env="stage" override="brkrCount">3</com.prime.dbload.PRIME_EDAandEML_DBLoader_MF>
<com.prime.dbload.PRIME_EDAandEML_DBLoader_MF intServ="EEMSIIB_PRIME_APPS" env="stage" override="UDP_ApplicationName">PRIME_SourceDBLoad_APP</com.prime.dbload.PRIME_EDAandEML_DBLoader_MF>
<com.prime.dbload.PRIME_EDAandEML_DBLoader_MF intServ="EEMSIIB_PRIME_APPS" env="stage" override="PRIME_ExceptionHandler.BECode">600</com.prime.dbload.PRIME_EDAandEML_DBLoader_MF>
<com.prime.dbload.PRIME_EDAandEML_DBLoader_MF intServ="EEMSIIB_PRIME_APPS" env="stage" override="PRIME_ExceptionHandler.ProjNumber">3</com.prime.dbload.PRIME_EDAandEML_DBLoader_MF>
<com.prime.dbload.PRIME_EDAandEML_DBLoader_MF intServ="EEMSIIB_PRIME_APPS" env="stage" override="PRIME_ExceptionHandler_Compute.dataSource">EEMS_DB</com.prime.dbload.PRIME_EDAandEML_DBLoader_MF>
<com.prime.dbload.PRIME_EDAandEML_DBLoader_MF intServ="EEMSIIB_PRIME_APPS" env="stage" override="Error_Queue">EEMSIIB.PRIME_ERRORMESSAGE_DATA</com.prime.dbload.PRIME_EDAandEML_DBLoader_MF>
<com.prime.dbload.PRIME_EDAandEML_DBLoader_MF intServ="EEMSIIB_PRIME_APPS" env="stage" override="EEMS_AuditInMessage.queueName">EEMSIIB.PRIME_COMMON_AUDITMESSAGE_DATA</com.prime.dbload.PRIME_EDAandEML_DBLoader_MF>
<com.prime.dbload.PRIME_EDAandEML_DBLoader_MF intServ="EEMSIIB_PRIME_APPS" env="stage" override="BATCH_FAIL_MODE">FALSE</com.prime.dbload.PRIME_EDAandEML_DBLoader_MF>
<com.prime.dbload.PRIME_EDAandEML_DBLoader_MF intServ="EEMSIIB_PRIME_APPS" env="stage" override="sleepTime">1000</com.prime.dbload.PRIME_EDAandEML_DBLoader_MF>

<!--ADOPT-->
<com.prime.dbload.PRIME_EDAandEML_DBLoader_MF intServ="EEMSIIB_PRIME_APPS" env="adopt" override="additionalInstances">45</com.prime.dbload.PRIME_EDAandEML_DBLoader_MF>
<com.prime.dbload.PRIME_EDAandEML_DBLoader_MF intServ="EEMSIIB_PRIME_APPS" env="adopt" override="DSN">EEMS_DB</com.prime.dbload.PRIME_EDAandEML_DBLoader_MF>
<com.prime.dbload.PRIME_EDAandEML_DBLoader_MF intServ="EEMSIIB_PRIME_APPS" env="adopt" override="UDP_SchemaName">ELECELIG</com.prime.dbload.PRIME_EDAandEML_DBLoader_MF>
<com.prime.dbload.PRIME_EDAandEML_DBLoader_MF intServ="EEMSIIB_PRIME_APPS" env="adopt" override="CommonMap">PRIME_Common_Map</com.prime.dbload.PRIME_EDAandEML_DBLoader_MF>
<com.prime.dbload.PRIME_EDAandEML_DBLoader_MF intServ="EEMSIIB_PRIME_APPS" env="adopt" override="SourceMap">PRIME_Source_Map</com.prime.dbload.PRIME_EDAandEML_DBLoader_MF>
<com.prime.dbload.PRIME_EDAandEML_DBLoader_MF intServ="EEMSIIB_PRIME_APPS" env="adopt" override="DBLoad_inputQ">EEMSIIB.ADP.PRIME_SOURCE_SMALL_DBLOAD_IN</com.prime.dbload.PRIME_EDAandEML_DBLoader_MF>
<com.prime.dbload.PRIME_EDAandEML_DBLoader_MF intServ="EEMSIIB_PRIME_APPS" env="adopt" override="IsReady_Queue">EEMSIIB.ADP.PRIME_ISREADYTOPROCESS_IN</com.prime.dbload.PRIME_EDAandEML_DBLoader_MF>
<com.prime.dbload.PRIME_EDAandEML_DBLoader_MF intServ="EEMSIIB_PRIME_APPS" env="adopt" override="brkrList">BKMBPD07_BKMBPD08</com.prime.dbload.PRIME_EDAandEML_DBLoader_MF>
<com.prime.dbload.PRIME_EDAandEML_DBLoader_MF intServ="EEMSIIB_PRIME_APPS" env="adopt" override="brkrCount">2</com.prime.dbload.PRIME_EDAandEML_DBLoader_MF>
<com.prime.dbload.PRIME_EDAandEML_DBLoader_MF intServ="EEMSIIB_PRIME_APPS" env="adopt" override="UDP_ApplicationName">PRIME_SourceDBLoad_APP</com.prime.dbload.PRIME_EDAandEML_DBLoader_MF>
<com.prime.dbload.PRIME_EDAandEML_DBLoader_MF intServ="EEMSIIB_PRIME_APPS" env="adopt" override="PRIME_ExceptionHandler.BECode">600</com.prime.dbload.PRIME_EDAandEML_DBLoader_MF>
<com.prime.dbload.PRIME_EDAandEML_DBLoader_MF intServ="EEMSIIB_PRIME_APPS" env="adopt" override="PRIME_ExceptionHandler.ProjNumber">3</com.prime.dbload.PRIME_EDAandEML_DBLoader_MF>
<com.prime.dbload.PRIME_EDAandEML_DBLoader_MF intServ="EEMSIIB_PRIME_APPS" env="adopt" override="PRIME_ExceptionHandler_Compute.dataSource">EEMS_DB</com.prime.dbload.PRIME_EDAandEML_DBLoader_MF>
<com.prime.dbload.PRIME_EDAandEML_DBLoader_MF intServ="EEMSIIB_PRIME_APPS" env="adopt" override="Error_Queue">EEMSIIB.ADP.PRIME_ERRORMESSAGE_DATA</com.prime.dbload.PRIME_EDAandEML_DBLoader_MF>
<com.prime.dbload.PRIME_EDAandEML_DBLoader_MF intServ="EEMSIIB_PRIME_APPS" env="adopt" override="EEMS_AuditInMessage.queueName">EEMSIIB.ADP.PRIME_COMMON_AUDITMESSAGE_DATA</com.prime.dbload.PRIME_EDAandEML_DBLoader_MF>
<com.prime.dbload.PRIME_EDAandEML_DBLoader_MF intServ="EEMSIIB_PRIME_APPS" env="adopt" override="BATCH_FAIL_MODE">FALSE</com.prime.dbload.PRIME_EDAandEML_DBLoader_MF>
<com.prime.dbload.PRIME_EDAandEML_DBLoader_MF intServ="EEMSIIB_PRIME_APPS" env="adopt" override="sleepTime">1000</com.prime.dbload.PRIME_EDAandEML_DBLoader_MF>

<!--PROD-->
<com.prime.dbload.PRIME_EDAandEML_DBLoader_MF intServ="EEMSIIB_PRIME_APPS" env="prod" override="additionalInstances">45</com.prime.dbload.PRIME_EDAandEML_DBLoader_MF>
<com.prime.dbload.PRIME_EDAandEML_DBLoader_MF intServ="EEMSIIB_PRIME_APPS" env="prod" override="DSN">EEMS_DB</com.prime.dbload.PRIME_EDAandEML_DBLoader_MF>
<com.prime.dbload.PRIME_EDAandEML_DBLoader_MF intServ="EEMSIIB_PRIME_APPS" env="prod" override="UDP_SchemaName">ELECELIG</com.prime.dbload.PRIME_EDAandEML_DBLoader_MF>
<com.prime.dbload.PRIME_EDAandEML_DBLoader_MF intServ="EEMSIIB_PRIME_APPS" env="prod" override="CommonMap">PRIME_Common_Map</com.prime.dbload.PRIME_EDAandEML_DBLoader_MF>
<com.prime.dbload.PRIME_EDAandEML_DBLoader_MF intServ="EEMSIIB_PRIME_APPS" env="prod" override="SourceMap">PRIME_Source_Map</com.prime.dbload.PRIME_EDAandEML_DBLoader_MF>
<com.prime.dbload.PRIME_EDAandEML_DBLoader_MF intServ="EEMSIIB_PRIME_APPS" env="prod" override="DBLoad_inputQ">EEMSIIB.PRIME_SOURCE_SMALL_DBLOAD_IN</com.prime.dbload.PRIME_EDAandEML_DBLoader_MF>
<com.prime.dbload.PRIME_EDAandEML_DBLoader_MF intServ="EEMSIIB_PRIME_APPS" env="prod" override="IsReady_Queue">EEMSIIB.PRIME_ISREADYTOPROCESS_IN</com.prime.dbload.PRIME_EDAandEML_DBLoader_MF>
<com.prime.dbload.PRIME_EDAandEML_DBLoader_MF intServ="EEMSIIB_PRIME_APPS" env="prod" override="brkrList">BKMBPD15_BKMBPD16_BKMBPD30_BKMBPD31</com.prime.dbload.PRIME_EDAandEML_DBLoader_MF>
<com.prime.dbload.PRIME_EDAandEML_DBLoader_MF intServ="EEMSIIB_PRIME_APPS" env="prod" override="brkrCount">4</com.prime.dbload.PRIME_EDAandEML_DBLoader_MF>
<com.prime.dbload.PRIME_EDAandEML_DBLoader_MF intServ="EEMSIIB_PRIME_APPS" env="prod" override="UDP_ApplicationName">PRIME_SourceDBLoad_APP</com.prime.dbload.PRIME_EDAandEML_DBLoader_MF>
<com.prime.dbload.PRIME_EDAandEML_DBLoader_MF intServ="EEMSIIB_PRIME_APPS" env="prod" override="PRIME_ExceptionHandler.BECode">600</com.prime.dbload.PRIME_EDAandEML_DBLoader_MF>
<com.prime.dbload.PRIME_EDAandEML_DBLoader_MF intServ="EEMSIIB_PRIME_APPS" env="prod" override="PRIME_ExceptionHandler.ProjNumber">3</com.prime.dbload.PRIME_EDAandEML_DBLoader_MF>
<com.prime.dbload.PRIME_EDAandEML_DBLoader_MF intServ="EEMSIIB_PRIME_APPS" env="prod" override="PRIME_ExceptionHandler_Compute.dataSource">EEMS_DB</com.prime.dbload.PRIME_EDAandEML_DBLoader_MF>
<com.prime.dbload.PRIME_EDAandEML_DBLoader_MF intServ="EEMSIIB_PRIME_APPS" env="prod" override="Error_Queue">EEMSIIB.PRIME_ERRORMESSAGE_DATA</com.prime.dbload.PRIME_EDAandEML_DBLoader_MF>
<com.prime.dbload.PRIME_EDAandEML_DBLoader_MF intServ="EEMSIIB_PRIME_APPS" env="prod" override="EEMS_AuditInMessage.queueName">EEMSIIB.PRIME_COMMON_AUDITMESSAGE_DATA</com.prime.dbload.PRIME_EDAandEML_DBLoader_MF>
<com.prime.dbload.PRIME_EDAandEML_DBLoader_MF intServ="EEMSIIB_PRIME_APPS" env="prod" override="BATCH_FAIL_MODE">FALSE</com.prime.dbload.PRIME_EDAandEML_DBLoader_MF>
<com.prime.dbload.PRIME_EDAandEML_DBLoader_MF intServ="EEMSIIB_PRIME_APPS" env="prod" override="sleepTime">1000</com.prime.dbload.PRIME_EDAandEML_DBLoader_MF>

</Broker>
