<?xml version="1.0" encoding="UTF-8" ?> 
<Broker>

<!--DEV-->
<gen.processSourceUpdate_processsourceupdateresponse_GPS_SourceGW_MF intServ="EEMSIIB_GPS_SRC_UPDATE" env="dev" override="webServiceURL">http://apsrd6920.uhc.com:9088/GatewayPreprocWeb/ws/procsrcupdtresp</gen.processSourceUpdate_processsourceupdateresponse_GPS_SourceGW_MF>
<gen.processSourceUpdate_processsourceupdateresponse_GPS_SourceGW_MF intServ="EEMSIIB_GPS_SRC_UPDATE" env="dev" override="Request.sslProtocol">TLS</gen.processSourceUpdate_processsourceupdateresponse_GPS_SourceGW_MF>
<gen.processSourceUpdate_processsourceupdateresponse_GPS_SourceGW_MF intServ="EEMSIIB_GPS_SRC_UPDATE" env="dev" override="Request.validateMaster">none</gen.processSourceUpdate_processsourceupdateresponse_GPS_SourceGW_MF>
<com.eems.updateGWcall.GPS_Source_GW_UpdRespProc_MF intServ="EEMSIIB_GPS_SRC_UPDATE" env="dev" override="additionalInstances">5</com.eems.updateGWcall.GPS_Source_GW_UpdRespProc_MF>
<com.eems.updateGWcall.GPS_Source_GW_UpdRespProc_MF intServ="EEMSIIB_GPS_SRC_UPDATE" env="dev" override="Username">signFiles</com.eems.updateGWcall.GPS_Source_GW_UpdRespProc_MF>
<com.eems.updateGWcall.GPS_Source_GW_UpdRespProc_MF intServ="EEMSIIB_GPS_SRC_UPDATE" env="dev" override="Password">eemsws123</com.eems.updateGWcall.GPS_Source_GW_UpdRespProc_MF>
<com.eems.updateGWcall.GPS_Source_GW_UpdRespProc_MF intServ="EEMSIIB_GPS_SRC_UPDATE" env="dev" override="RetryCount">3</com.eems.updateGWcall.GPS_Source_GW_UpdRespProc_MF>
<com.eems.updateGWcall.GPS_Source_GW_UpdRespProc_MF intServ="EEMSIIB_GPS_SRC_UPDATE" env="dev" override="webServiceURL">http://apsrd6920.uhc.com:9088/GatewayPreprocWeb/ws/procsrcupdtresp</com.eems.updateGWcall.GPS_Source_GW_UpdRespProc_MF>
<com.eems.updateGWcall.GPS_Source_GW_UpdRespProc_MF intServ="EEMSIIB_GPS_SRC_UPDATE" env="dev" override="INQ">EEMSIIB.GPS_UPDATE_RESP_IN</com.eems.updateGWcall.GPS_Source_GW_UpdRespProc_MF>
<com.eems.updateGWcall.GPS_Source_GW_UpdRespProc_MF intServ="EEMSIIB_GPS_SRC_UPDATE" env="dev" override="BrkConfigKey">BRK_CONFIG</com.eems.updateGWcall.GPS_Source_GW_UpdRespProc_MF>
<com.eems.updateGWcall.GPS_Source_GW_UpdRespProc_MF intServ="EEMSIIB_GPS_SRC_UPDATE" env="dev" override="SchemaName">ELECELIG</com.eems.updateGWcall.GPS_Source_GW_UpdRespProc_MF>
<com.eems.updateGWcall.GPS_Source_GW_UpdRespProc_MF intServ="EEMSIIB_GPS_SRC_UPDATE" env="dev" override="GlobalCacheMap">GPS_Common_Map</com.eems.updateGWcall.GPS_Source_GW_UpdRespProc_MF>
<com.eems.updateGWcall.GPS_Source_GW_UpdRespProc_MF intServ="EEMSIIB_GPS_SRC_UPDATE" env="dev" override="CreateRequest.dataSource">EEMS_DB</com.eems.updateGWcall.GPS_Source_GW_UpdRespProc_MF>
<com.eems.updateGWcall.GPS_Source_GW_UpdRespProc_MF intServ="EEMSIIB_GPS_SRC_UPDATE" env="dev" override="ProcessResponse.dataSource">EEMS_DB</com.eems.updateGWcall.GPS_Source_GW_UpdRespProc_MF>
<com.eems.updateGWcall.GPS_Source_GW_UpdRespProc_MF intServ="EEMSIIB_GPS_SRC_UPDATE" env="dev" override="AuditQName">EEMSIIB.GPS_COMMON_AUDITMESSAGE_DATA</com.eems.updateGWcall.GPS_Source_GW_UpdRespProc_MF>
<com.eems.updateGWcall.GPS_Source_GW_UpdRespProc_MF intServ="EEMSIIB_GPS_SRC_UPDATE" env="dev" override="BECode">600</com.eems.updateGWcall.GPS_Source_GW_UpdRespProc_MF>
<com.eems.updateGWcall.GPS_Source_GW_UpdRespProc_MF intServ="EEMSIIB_GPS_SRC_UPDATE" env="dev" override="ProjNumber">3</com.eems.updateGWcall.GPS_Source_GW_UpdRespProc_MF>
<com.eems.updateGWcall.GPS_Source_GW_UpdRespProc_MF intServ="EEMSIIB_GPS_SRC_UPDATE" env="dev" override="EEMSIIB.GPS_ERRORMESSAGE_DATA.queueName">EEMSIIB.GPS_ERRORMESSAGE_DATA</com.eems.updateGWcall.GPS_Source_GW_UpdRespProc_MF>

<!--SIT-->
<gen.processSourceUpdate_processsourceupdateresponse_GPS_SourceGW_MF intServ="EEMSIIB_GPS_SRC_UPDATE" env="test" override="webServiceURL">http://apsrt2957:9089/GatewayPreprocWeb/ws/procsrcupdtresp</gen.processSourceUpdate_processsourceupdateresponse_GPS_SourceGW_MF>
<gen.processSourceUpdate_processsourceupdateresponse_GPS_SourceGW_MF intServ="EEMSIIB_GPS_SRC_UPDATE" env="test" override="Request.sslProtocol">TLS</gen.processSourceUpdate_processsourceupdateresponse_GPS_SourceGW_MF>
<gen.processSourceUpdate_processsourceupdateresponse_GPS_SourceGW_MF intServ="EEMSIIB_GPS_SRC_UPDATE" env="test" override="Request.validateMaster">none</gen.processSourceUpdate_processsourceupdateresponse_GPS_SourceGW_MF>
<com.eems.updateGWcall.GPS_Source_GW_UpdRespProc_MF intServ="EEMSIIB_GPS_SRC_UPDATE" env="test" override="additionalInstances">5</com.eems.updateGWcall.GPS_Source_GW_UpdRespProc_MF>
<com.eems.updateGWcall.GPS_Source_GW_UpdRespProc_MF intServ="EEMSIIB_GPS_SRC_UPDATE" env="test" override="Username">signFiles</com.eems.updateGWcall.GPS_Source_GW_UpdRespProc_MF>
<com.eems.updateGWcall.GPS_Source_GW_UpdRespProc_MF intServ="EEMSIIB_GPS_SRC_UPDATE" env="test" override="Password">eemsws123</com.eems.updateGWcall.GPS_Source_GW_UpdRespProc_MF>
<com.eems.updateGWcall.GPS_Source_GW_UpdRespProc_MF intServ="EEMSIIB_GPS_SRC_UPDATE" env="test" override="RetryCount">3</com.eems.updateGWcall.GPS_Source_GW_UpdRespProc_MF>
<com.eems.updateGWcall.GPS_Source_GW_UpdRespProc_MF intServ="EEMSIIB_GPS_SRC_UPDATE" env="test" override="webServiceURL">http://apsrt2957:9089/GatewayPreprocWeb/ws/procsrcupdtresp</com.eems.updateGWcall.GPS_Source_GW_UpdRespProc_MF>
<com.eems.updateGWcall.GPS_Source_GW_UpdRespProc_MF intServ="EEMSIIB_GPS_SRC_UPDATE" env="test" override="INQ">EEMSIIB.GPS_UPDATE_RESP_IN</com.eems.updateGWcall.GPS_Source_GW_UpdRespProc_MF>
<com.eems.updateGWcall.GPS_Source_GW_UpdRespProc_MF intServ="EEMSIIB_GPS_SRC_UPDATE" env="test" override="BrkConfigKey">BRK_CONFIG</com.eems.updateGWcall.GPS_Source_GW_UpdRespProc_MF>
<com.eems.updateGWcall.GPS_Source_GW_UpdRespProc_MF intServ="EEMSIIB_GPS_SRC_UPDATE" env="test" override="SchemaName">ELECELIG</com.eems.updateGWcall.GPS_Source_GW_UpdRespProc_MF>
<com.eems.updateGWcall.GPS_Source_GW_UpdRespProc_MF intServ="EEMSIIB_GPS_SRC_UPDATE" env="test" override="GlobalCacheMap">GPS_Common_Map</com.eems.updateGWcall.GPS_Source_GW_UpdRespProc_MF>
<com.eems.updateGWcall.GPS_Source_GW_UpdRespProc_MF intServ="EEMSIIB_GPS_SRC_UPDATE" env="test" override="CreateRequest.dataSource">EEMS_DB</com.eems.updateGWcall.GPS_Source_GW_UpdRespProc_MF>
<com.eems.updateGWcall.GPS_Source_GW_UpdRespProc_MF intServ="EEMSIIB_GPS_SRC_UPDATE" env="test" override="ProcessResponse.dataSource">EEMS_DB</com.eems.updateGWcall.GPS_Source_GW_UpdRespProc_MF>
<com.eems.updateGWcall.GPS_Source_GW_UpdRespProc_MF intServ="EEMSIIB_GPS_SRC_UPDATE" env="test" override="AuditQName">EEMSIIB.GPS_COMMON_AUDITMESSAGE_DATA</com.eems.updateGWcall.GPS_Source_GW_UpdRespProc_MF>
<com.eems.updateGWcall.GPS_Source_GW_UpdRespProc_MF intServ="EEMSIIB_GPS_SRC_UPDATE" env="test" override="BECode">600</com.eems.updateGWcall.GPS_Source_GW_UpdRespProc_MF>
<com.eems.updateGWcall.GPS_Source_GW_UpdRespProc_MF intServ="EEMSIIB_GPS_SRC_UPDATE" env="test" override="ProjNumber">3</com.eems.updateGWcall.GPS_Source_GW_UpdRespProc_MF>
<com.eems.updateGWcall.GPS_Source_GW_UpdRespProc_MF intServ="EEMSIIB_GPS_SRC_UPDATE" env="test" override="EEMSIIB.GPS_ERRORMESSAGE_DATA.queueName">EEMSIIB.GPS_ERRORMESSAGE_DATA</com.eems.updateGWcall.GPS_Source_GW_UpdRespProc_MF>

<!--SIT-Bravo-->
<gen.processSourceUpdate_processsourceupdateresponse_GPS_SourceGW_MF intServ="EEMSIIB_GPS_SRC_UPDATE" env="test2" override="webServiceURL">http://apsrt3044:9086/GatewayPreprocWeb/ws/procsrcupdtresp</gen.processSourceUpdate_processsourceupdateresponse_GPS_SourceGW_MF>
<gen.processSourceUpdate_processsourceupdateresponse_GPS_SourceGW_MF intServ="EEMSIIB_GPS_SRC_UPDATE" env="test2" override="Request.sslProtocol">TLS</gen.processSourceUpdate_processsourceupdateresponse_GPS_SourceGW_MF>
<gen.processSourceUpdate_processsourceupdateresponse_GPS_SourceGW_MF intServ="EEMSIIB_GPS_SRC_UPDATE" env="test2" override="Request.validateMaster">none</gen.processSourceUpdate_processsourceupdateresponse_GPS_SourceGW_MF>
<com.eems.updateGWcall.GPS_Source_GW_UpdRespProc_MF intServ="EEMSIIB_GPS_SRC_UPDATE" env="test2" override="additionalInstances">5</com.eems.updateGWcall.GPS_Source_GW_UpdRespProc_MF>
<com.eems.updateGWcall.GPS_Source_GW_UpdRespProc_MF intServ="EEMSIIB_GPS_SRC_UPDATE" env="test2" override="Username">signFiles</com.eems.updateGWcall.GPS_Source_GW_UpdRespProc_MF>
<com.eems.updateGWcall.GPS_Source_GW_UpdRespProc_MF intServ="EEMSIIB_GPS_SRC_UPDATE" env="test2" override="Password">eemsws123</com.eems.updateGWcall.GPS_Source_GW_UpdRespProc_MF>
<com.eems.updateGWcall.GPS_Source_GW_UpdRespProc_MF intServ="EEMSIIB_GPS_SRC_UPDATE" env="test2" override="RetryCount">3</com.eems.updateGWcall.GPS_Source_GW_UpdRespProc_MF>
<com.eems.updateGWcall.GPS_Source_GW_UpdRespProc_MF intServ="EEMSIIB_GPS_SRC_UPDATE" env="test2" override="webServiceURL">http://apsrt3044:9086/GatewayPreprocWeb/ws/procsrcupdtresp</com.eems.updateGWcall.GPS_Source_GW_UpdRespProc_MF>
<com.eems.updateGWcall.GPS_Source_GW_UpdRespProc_MF intServ="EEMSIIB_GPS_SRC_UPDATE" env="test2" override="INQ">EEMSIIB.GPS_UPDATE_RESP_IN</com.eems.updateGWcall.GPS_Source_GW_UpdRespProc_MF>
<com.eems.updateGWcall.GPS_Source_GW_UpdRespProc_MF intServ="EEMSIIB_GPS_SRC_UPDATE" env="test2" override="BrkConfigKey">BRK_CONFIG</com.eems.updateGWcall.GPS_Source_GW_UpdRespProc_MF>
<com.eems.updateGWcall.GPS_Source_GW_UpdRespProc_MF intServ="EEMSIIB_GPS_SRC_UPDATE" env="test2" override="SchemaName">ELECELIG</com.eems.updateGWcall.GPS_Source_GW_UpdRespProc_MF>
<com.eems.updateGWcall.GPS_Source_GW_UpdRespProc_MF intServ="EEMSIIB_GPS_SRC_UPDATE" env="test2" override="GlobalCacheMap">GPS_Common_Map</com.eems.updateGWcall.GPS_Source_GW_UpdRespProc_MF>
<com.eems.updateGWcall.GPS_Source_GW_UpdRespProc_MF intServ="EEMSIIB_GPS_SRC_UPDATE" env="test2" override="CreateRequest.dataSource">EEMS_DB</com.eems.updateGWcall.GPS_Source_GW_UpdRespProc_MF>
<com.eems.updateGWcall.GPS_Source_GW_UpdRespProc_MF intServ="EEMSIIB_GPS_SRC_UPDATE" env="test2" override="ProcessResponse.dataSource">EEMS_DB</com.eems.updateGWcall.GPS_Source_GW_UpdRespProc_MF>
<com.eems.updateGWcall.GPS_Source_GW_UpdRespProc_MF intServ="EEMSIIB_GPS_SRC_UPDATE" env="test2" override="AuditQName">EEMSIIB.GPS_COMMON_AUDITMESSAGE_DATA</com.eems.updateGWcall.GPS_Source_GW_UpdRespProc_MF>
<com.eems.updateGWcall.GPS_Source_GW_UpdRespProc_MF intServ="EEMSIIB_GPS_SRC_UPDATE" env="test2" override="BECode">600</com.eems.updateGWcall.GPS_Source_GW_UpdRespProc_MF>
<com.eems.updateGWcall.GPS_Source_GW_UpdRespProc_MF intServ="EEMSIIB_GPS_SRC_UPDATE" env="test2" override="ProjNumber">3</com.eems.updateGWcall.GPS_Source_GW_UpdRespProc_MF>
<com.eems.updateGWcall.GPS_Source_GW_UpdRespProc_MF intServ="EEMSIIB_GPS_SRC_UPDATE" env="test2" override="EEMSIIB.GPS_ERRORMESSAGE_DATA.queueName">EEMSIIB.GPS_ERRORMESSAGE_DATA</com.eems.updateGWcall.GPS_Source_GW_UpdRespProc_MF>


<!--UAT-->
<gen.processSourceUpdate_processsourceupdateresponse_GPS_SourceGW_MF intServ="EEMSIIB_GPS_SRC_UPDATE" env="uat" override="webServiceURL">http://eems-uat-new.uhc.com/GatewayPreprocWeb/ws/procsrcupdtresp </gen.processSourceUpdate_processsourceupdateresponse_GPS_SourceGW_MF>
<gen.processSourceUpdate_processsourceupdateresponse_GPS_SourceGW_MF intServ="EEMSIIB_GPS_SRC_UPDATE" env="uat" override="Request.sslProtocol">TLS</gen.processSourceUpdate_processsourceupdateresponse_GPS_SourceGW_MF>
<gen.processSourceUpdate_processsourceupdateresponse_GPS_SourceGW_MF intServ="EEMSIIB_GPS_SRC_UPDATE" env="uat" override="Request.validateMaster">none</gen.processSourceUpdate_processsourceupdateresponse_GPS_SourceGW_MF>
<com.eems.updateGWcall.GPS_Source_GW_UpdRespProc_MF intServ="EEMSIIB_GPS_SRC_UPDATE" env="uat" override="additionalInstances">5</com.eems.updateGWcall.GPS_Source_GW_UpdRespProc_MF>
<com.eems.updateGWcall.GPS_Source_GW_UpdRespProc_MF intServ="EEMSIIB_GPS_SRC_UPDATE" env="uat" override="Username">signFiles</com.eems.updateGWcall.GPS_Source_GW_UpdRespProc_MF>
<com.eems.updateGWcall.GPS_Source_GW_UpdRespProc_MF intServ="EEMSIIB_GPS_SRC_UPDATE" env="uat" override="Password">eemsws123</com.eems.updateGWcall.GPS_Source_GW_UpdRespProc_MF>
<com.eems.updateGWcall.GPS_Source_GW_UpdRespProc_MF intServ="EEMSIIB_GPS_SRC_UPDATE" env="uat" override="RetryCount">3</com.eems.updateGWcall.GPS_Source_GW_UpdRespProc_MF>
<com.eems.updateGWcall.GPS_Source_GW_UpdRespProc_MF intServ="EEMSIIB_GPS_SRC_UPDATE" env="uat" override="webServiceURL">http://eems-uat-new.uhc.com/GatewayPreprocWeb/ws/procsrcupdtresp </com.eems.updateGWcall.GPS_Source_GW_UpdRespProc_MF>
<com.eems.updateGWcall.GPS_Source_GW_UpdRespProc_MF intServ="EEMSIIB_GPS_SRC_UPDATE" env="uat" override="INQ">EEMSIIB.GPS_UPDATE_RESP_IN</com.eems.updateGWcall.GPS_Source_GW_UpdRespProc_MF>
<com.eems.updateGWcall.GPS_Source_GW_UpdRespProc_MF intServ="EEMSIIB_GPS_SRC_UPDATE" env="uat" override="BrkConfigKey">BRK_CONFIG</com.eems.updateGWcall.GPS_Source_GW_UpdRespProc_MF>
<com.eems.updateGWcall.GPS_Source_GW_UpdRespProc_MF intServ="EEMSIIB_GPS_SRC_UPDATE" env="uat" override="SchemaName">ELECELIG</com.eems.updateGWcall.GPS_Source_GW_UpdRespProc_MF>
<com.eems.updateGWcall.GPS_Source_GW_UpdRespProc_MF intServ="EEMSIIB_GPS_SRC_UPDATE" env="uat" override="GlobalCacheMap">GPS_Common_Map</com.eems.updateGWcall.GPS_Source_GW_UpdRespProc_MF>
<com.eems.updateGWcall.GPS_Source_GW_UpdRespProc_MF intServ="EEMSIIB_GPS_SRC_UPDATE" env="uat" override="CreateRequest.dataSource">EEMS_DB</com.eems.updateGWcall.GPS_Source_GW_UpdRespProc_MF>
<com.eems.updateGWcall.GPS_Source_GW_UpdRespProc_MF intServ="EEMSIIB_GPS_SRC_UPDATE" env="uat" override="ProcessResponse.dataSource">EEMS_DB</com.eems.updateGWcall.GPS_Source_GW_UpdRespProc_MF>
<com.eems.updateGWcall.GPS_Source_GW_UpdRespProc_MF intServ="EEMSIIB_GPS_SRC_UPDATE" env="uat" override="AuditQName">EEMSIIB.GPS_COMMON_AUDITMESSAGE_DATA</com.eems.updateGWcall.GPS_Source_GW_UpdRespProc_MF>
<com.eems.updateGWcall.GPS_Source_GW_UpdRespProc_MF intServ="EEMSIIB_GPS_SRC_UPDATE" env="uat" override="BECode">600</com.eems.updateGWcall.GPS_Source_GW_UpdRespProc_MF>
<com.eems.updateGWcall.GPS_Source_GW_UpdRespProc_MF intServ="EEMSIIB_GPS_SRC_UPDATE" env="uat" override="ProjNumber">3</com.eems.updateGWcall.GPS_Source_GW_UpdRespProc_MF>
<com.eems.updateGWcall.GPS_Source_GW_UpdRespProc_MF intServ="EEMSIIB_GPS_SRC_UPDATE" env="uat" override="EEMSIIB.GPS_ERRORMESSAGE_DATA.queueName">EEMSIIB.GPS_ERRORMESSAGE_DATA</com.eems.updateGWcall.GPS_Source_GW_UpdRespProc_MF>

<!-- UAT-Bravo -->
<gen.processSourceUpdate_processsourceupdateresponse_GPS_SourceGW_MF intServ="EEMSIIB_GPS_SRC_UPDATE" env="uat-bravo" override="webServiceURL">http://apsrt3363.uhc.com:9086/GatewayPreprocWeb/ws/procsrcupdtresp </gen.processSourceUpdate_processsourceupdateresponse_GPS_SourceGW_MF>
<gen.processSourceUpdate_processsourceupdateresponse_GPS_SourceGW_MF intServ="EEMSIIB_GPS_SRC_UPDATE" env="uat-bravo" override="Request.sslProtocol">TLS</gen.processSourceUpdate_processsourceupdateresponse_GPS_SourceGW_MF>
<gen.processSourceUpdate_processsourceupdateresponse_GPS_SourceGW_MF intServ="EEMSIIB_GPS_SRC_UPDATE" env="uat-bravo" override="Request.validateMaster">none</gen.processSourceUpdate_processsourceupdateresponse_GPS_SourceGW_MF>
<com.eems.updateGWcall.GPS_Source_GW_UpdRespProc_MF intServ="EEMSIIB_GPS_SRC_UPDATE" env="uat-bravo" override="additionalInstances">5</com.eems.updateGWcall.GPS_Source_GW_UpdRespProc_MF>
<com.eems.updateGWcall.GPS_Source_GW_UpdRespProc_MF intServ="EEMSIIB_GPS_SRC_UPDATE" env="uat-bravo" override="Username">signFiles</com.eems.updateGWcall.GPS_Source_GW_UpdRespProc_MF>
<com.eems.updateGWcall.GPS_Source_GW_UpdRespProc_MF intServ="EEMSIIB_GPS_SRC_UPDATE" env="uat-bravo" override="Password">eemsws123</com.eems.updateGWcall.GPS_Source_GW_UpdRespProc_MF>
<com.eems.updateGWcall.GPS_Source_GW_UpdRespProc_MF intServ="EEMSIIB_GPS_SRC_UPDATE" env="uat-bravo" override="RetryCount">3</com.eems.updateGWcall.GPS_Source_GW_UpdRespProc_MF>
<com.eems.updateGWcall.GPS_Source_GW_UpdRespProc_MF intServ="EEMSIIB_GPS_SRC_UPDATE" env="uat-bravo" override="webServiceURL">http://apsrt3363.uhc.com:9086/GatewayPreprocWeb/ws/procsrcupdtresp </com.eems.updateGWcall.GPS_Source_GW_UpdRespProc_MF>
<com.eems.updateGWcall.GPS_Source_GW_UpdRespProc_MF intServ="EEMSIIB_GPS_SRC_UPDATE" env="uat-bravo" override="INQ">EEMSIIB.GPS_UPDATE_RESP_IN</com.eems.updateGWcall.GPS_Source_GW_UpdRespProc_MF>
<com.eems.updateGWcall.GPS_Source_GW_UpdRespProc_MF intServ="EEMSIIB_GPS_SRC_UPDATE" env="uat-bravo" override="BrkConfigKey">BRK_CONFIG</com.eems.updateGWcall.GPS_Source_GW_UpdRespProc_MF>
<com.eems.updateGWcall.GPS_Source_GW_UpdRespProc_MF intServ="EEMSIIB_GPS_SRC_UPDATE" env="uat-bravo" override="SchemaName">ELECELIG</com.eems.updateGWcall.GPS_Source_GW_UpdRespProc_MF>
<com.eems.updateGWcall.GPS_Source_GW_UpdRespProc_MF intServ="EEMSIIB_GPS_SRC_UPDATE" env="uat-bravo" override="GlobalCacheMap">GPS_Common_Map</com.eems.updateGWcall.GPS_Source_GW_UpdRespProc_MF>
<com.eems.updateGWcall.GPS_Source_GW_UpdRespProc_MF intServ="EEMSIIB_GPS_SRC_UPDATE" env="uat-bravo" override="CreateRequest.dataSource">EEMS_DB</com.eems.updateGWcall.GPS_Source_GW_UpdRespProc_MF>
<com.eems.updateGWcall.GPS_Source_GW_UpdRespProc_MF intServ="EEMSIIB_GPS_SRC_UPDATE" env="uat-bravo" override="ProcessResponse.dataSource">EEMS_DB</com.eems.updateGWcall.GPS_Source_GW_UpdRespProc_MF>
<com.eems.updateGWcall.GPS_Source_GW_UpdRespProc_MF intServ="EEMSIIB_GPS_SRC_UPDATE" env="uat-bravo" override="AuditQName">EEMSIIB.GPS_COMMON_AUDITMESSAGE_DATA</com.eems.updateGWcall.GPS_Source_GW_UpdRespProc_MF>
<com.eems.updateGWcall.GPS_Source_GW_UpdRespProc_MF intServ="EEMSIIB_GPS_SRC_UPDATE" env="uat-bravo" override="BECode">600</com.eems.updateGWcall.GPS_Source_GW_UpdRespProc_MF>
<com.eems.updateGWcall.GPS_Source_GW_UpdRespProc_MF intServ="EEMSIIB_GPS_SRC_UPDATE" env="uat-bravo" override="ProjNumber">3</com.eems.updateGWcall.GPS_Source_GW_UpdRespProc_MF>
<com.eems.updateGWcall.GPS_Source_GW_UpdRespProc_MF intServ="EEMSIIB_GPS_SRC_UPDATE" env="uat-bravo" override="EEMSIIB.GPS_ERRORMESSAGE_DATA.queueName">EEMSIIB.GPS_ERRORMESSAGE_DATA</com.eems.updateGWcall.GPS_Source_GW_UpdRespProc_MF>

<!--STAGE-->
<gen.processSourceUpdate_processsourceupdateresponse_GPS_SourceGW_MF intServ="EEMSIIB_GPS_SRC_UPDATE" env="stage" override="webServiceURL">http://apsrs4508.uhc.com:9086/GatewayPreprocWeb/ws/procsrcupdtresp</gen.processSourceUpdate_processsourceupdateresponse_GPS_SourceGW_MF>
<gen.processSourceUpdate_processsourceupdateresponse_GPS_SourceGW_MF intServ="EEMSIIB_GPS_SRC_UPDATE" env="stage" override="Request.sslProtocol">TLS</gen.processSourceUpdate_processsourceupdateresponse_GPS_SourceGW_MF>
<gen.processSourceUpdate_processsourceupdateresponse_GPS_SourceGW_MF intServ="EEMSIIB_GPS_SRC_UPDATE" env="stage" override="Request.validateMaster">none</gen.processSourceUpdate_processsourceupdateresponse_GPS_SourceGW_MF>
<com.eems.updateGWcall.GPS_Source_GW_UpdRespProc_MF intServ="EEMSIIB_GPS_SRC_UPDATE" env="stage" override="additionalInstances">5</com.eems.updateGWcall.GPS_Source_GW_UpdRespProc_MF>
<com.eems.updateGWcall.GPS_Source_GW_UpdRespProc_MF intServ="EEMSIIB_GPS_SRC_UPDATE" env="stage" override="Username">gwsvcusr</com.eems.updateGWcall.GPS_Source_GW_UpdRespProc_MF>
<com.eems.updateGWcall.GPS_Source_GW_UpdRespProc_MF intServ="EEMSIIB_GPS_SRC_UPDATE" env="stage" override="Password">eemsws!$</com.eems.updateGWcall.GPS_Source_GW_UpdRespProc_MF>
<com.eems.updateGWcall.GPS_Source_GW_UpdRespProc_MF intServ="EEMSIIB_GPS_SRC_UPDATE" env="stage" override="RetryCount">3</com.eems.updateGWcall.GPS_Source_GW_UpdRespProc_MF>
<com.eems.updateGWcall.GPS_Source_GW_UpdRespProc_MF intServ="EEMSIIB_GPS_SRC_UPDATE" env="stage" override="webServiceURL">http://apsrs4508.uhc.com:9086/GatewayPreprocWeb/ws/procsrcupdtresp</com.eems.updateGWcall.GPS_Source_GW_UpdRespProc_MF>
<com.eems.updateGWcall.GPS_Source_GW_UpdRespProc_MF intServ="EEMSIIB_GPS_SRC_UPDATE" env="stage" override="INQ">EEMSIIB.GPS_UPDATE_RESP_IN</com.eems.updateGWcall.GPS_Source_GW_UpdRespProc_MF>
<com.eems.updateGWcall.GPS_Source_GW_UpdRespProc_MF intServ="EEMSIIB_GPS_SRC_UPDATE" env="stage" override="BrkConfigKey">BRK_CONFIG</com.eems.updateGWcall.GPS_Source_GW_UpdRespProc_MF>
<com.eems.updateGWcall.GPS_Source_GW_UpdRespProc_MF intServ="EEMSIIB_GPS_SRC_UPDATE" env="stage" override="SchemaName">ELECELIG</com.eems.updateGWcall.GPS_Source_GW_UpdRespProc_MF>
<com.eems.updateGWcall.GPS_Source_GW_UpdRespProc_MF intServ="EEMSIIB_GPS_SRC_UPDATE" env="stage" override="GlobalCacheMap">GPS_Common_Map</com.eems.updateGWcall.GPS_Source_GW_UpdRespProc_MF>
<com.eems.updateGWcall.GPS_Source_GW_UpdRespProc_MF intServ="EEMSIIB_GPS_SRC_UPDATE" env="stage" override="CreateRequest.dataSource">EEMS_DB</com.eems.updateGWcall.GPS_Source_GW_UpdRespProc_MF>
<com.eems.updateGWcall.GPS_Source_GW_UpdRespProc_MF intServ="EEMSIIB_GPS_SRC_UPDATE" env="stage" override="ProcessResponse.dataSource">EEMS_DB</com.eems.updateGWcall.GPS_Source_GW_UpdRespProc_MF>
<com.eems.updateGWcall.GPS_Source_GW_UpdRespProc_MF intServ="EEMSIIB_GPS_SRC_UPDATE" env="stage" override="AuditQName">EEMSIIB.GPS_COMMON_AUDITMESSAGE_DATA</com.eems.updateGWcall.GPS_Source_GW_UpdRespProc_MF>
<com.eems.updateGWcall.GPS_Source_GW_UpdRespProc_MF intServ="EEMSIIB_GPS_SRC_UPDATE" env="stage" override="BECode">600</com.eems.updateGWcall.GPS_Source_GW_UpdRespProc_MF>
<com.eems.updateGWcall.GPS_Source_GW_UpdRespProc_MF intServ="EEMSIIB_GPS_SRC_UPDATE" env="stage" override="ProjNumber">3</com.eems.updateGWcall.GPS_Source_GW_UpdRespProc_MF>
<com.eems.updateGWcall.GPS_Source_GW_UpdRespProc_MF intServ="EEMSIIB_GPS_SRC_UPDATE" env="stage" override="EEMSIIB.GPS_ERRORMESSAGE_DATA.queueName">EEMSIIB.GPS_ERRORMESSAGE_DATA</com.eems.updateGWcall.GPS_Source_GW_UpdRespProc_MF>

<!--ADOPT-->
<gen.processSourceUpdate_processsourceupdateresponse_GPS_SourceGW_MF intServ="EEMSIIB_GPS_SRC_UPDATE" env="adopt" override="webServiceURL">http://apsrp8494.uhc.com:9086/GatewayPreprocWeb/ws/procsrcupdtresp</gen.processSourceUpdate_processsourceupdateresponse_GPS_SourceGW_MF>
<gen.processSourceUpdate_processsourceupdateresponse_GPS_SourceGW_MF intServ="EEMSIIB_GPS_SRC_UPDATE" env="adopt" override="Request.sslProtocol">TLS</gen.processSourceUpdate_processsourceupdateresponse_GPS_SourceGW_MF>
<gen.processSourceUpdate_processsourceupdateresponse_GPS_SourceGW_MF intServ="EEMSIIB_GPS_SRC_UPDATE" env="adopt" override="Request.validateMaster">none</gen.processSourceUpdate_processsourceupdateresponse_GPS_SourceGW_MF>
<com.eems.updateGWcall.GPS_Source_GW_UpdRespProc_MF intServ="EEMSIIB_GPS_SRC_UPDATE" env="adopt" override="additionalInstances">5</com.eems.updateGWcall.GPS_Source_GW_UpdRespProc_MF>
<com.eems.updateGWcall.GPS_Source_GW_UpdRespProc_MF intServ="EEMSIIB_GPS_SRC_UPDATE" env="adopt" override="Username">gwsvcusr</com.eems.updateGWcall.GPS_Source_GW_UpdRespProc_MF>
<com.eems.updateGWcall.GPS_Source_GW_UpdRespProc_MF intServ="EEMSIIB_GPS_SRC_UPDATE" env="adopt" override="Password">eemsws!2$</com.eems.updateGWcall.GPS_Source_GW_UpdRespProc_MF>
<com.eems.updateGWcall.GPS_Source_GW_UpdRespProc_MF intServ="EEMSIIB_GPS_SRC_UPDATE" env="adopt" override="RetryCount">3</com.eems.updateGWcall.GPS_Source_GW_UpdRespProc_MF>
<com.eems.updateGWcall.GPS_Source_GW_UpdRespProc_MF intServ="EEMSIIB_GPS_SRC_UPDATE" env="adopt" override="webServiceURL">http://apsrp8494.uhc.com:9086/GatewayPreprocWeb/ws/procsrcupdtresp</com.eems.updateGWcall.GPS_Source_GW_UpdRespProc_MF>
<com.eems.updateGWcall.GPS_Source_GW_UpdRespProc_MF intServ="EEMSIIB_GPS_SRC_UPDATE" env="adopt" override="INQ">EEMSIIB.ADP.GPS_UPDATE_RESP_IN</com.eems.updateGWcall.GPS_Source_GW_UpdRespProc_MF>
<com.eems.updateGWcall.GPS_Source_GW_UpdRespProc_MF intServ="EEMSIIB_GPS_SRC_UPDATE" env="adopt" override="BrkConfigKey">BRK_CONFIG</com.eems.updateGWcall.GPS_Source_GW_UpdRespProc_MF>
<com.eems.updateGWcall.GPS_Source_GW_UpdRespProc_MF intServ="EEMSIIB_GPS_SRC_UPDATE" env="adopt" override="SchemaName">ELECELIG</com.eems.updateGWcall.GPS_Source_GW_UpdRespProc_MF>
<com.eems.updateGWcall.GPS_Source_GW_UpdRespProc_MF intServ="EEMSIIB_GPS_SRC_UPDATE" env="adopt" override="GlobalCacheMap">GPS_Common_Map</com.eems.updateGWcall.GPS_Source_GW_UpdRespProc_MF>
<com.eems.updateGWcall.GPS_Source_GW_UpdRespProc_MF intServ="EEMSIIB_GPS_SRC_UPDATE" env="adopt" override="CreateRequest.dataSource">EEMS_DB</com.eems.updateGWcall.GPS_Source_GW_UpdRespProc_MF>
<com.eems.updateGWcall.GPS_Source_GW_UpdRespProc_MF intServ="EEMSIIB_GPS_SRC_UPDATE" env="adopt" override="ProcessResponse.dataSource">EEMS_DB</com.eems.updateGWcall.GPS_Source_GW_UpdRespProc_MF>
<com.eems.updateGWcall.GPS_Source_GW_UpdRespProc_MF intServ="EEMSIIB_GPS_SRC_UPDATE" env="adopt" override="AuditQName">EEMSIIB.ADP.GPS_COMMON_AUDITMESSAGE_DATA</com.eems.updateGWcall.GPS_Source_GW_UpdRespProc_MF>
<com.eems.updateGWcall.GPS_Source_GW_UpdRespProc_MF intServ="EEMSIIB_GPS_SRC_UPDATE" env="adopt" override="BECode">600</com.eems.updateGWcall.GPS_Source_GW_UpdRespProc_MF>
<com.eems.updateGWcall.GPS_Source_GW_UpdRespProc_MF intServ="EEMSIIB_GPS_SRC_UPDATE" env="adopt" override="ProjNumber">3</com.eems.updateGWcall.GPS_Source_GW_UpdRespProc_MF>
<com.eems.updateGWcall.GPS_Source_GW_UpdRespProc_MF intServ="EEMSIIB_GPS_SRC_UPDATE" env="adopt" override="EEMSIIB.GPS_ERRORMESSAGE_DATA.queueName">EEMSIIB.ADP.GPS_ERRORMESSAGE_DATA</com.eems.updateGWcall.GPS_Source_GW_UpdRespProc_MF>


<!--PROD-->
<gen.processSourceUpdate_processsourceupdateresponse_GPS_SourceGW_MF intServ="EEMSIIB_GPS_SRC_UPDATE" env="prod" override="webServiceURL"> http://apsrp8496.uhc.com:9086/GatewayPreprocWeb/ws/procsrcupdtresp</gen.processSourceUpdate_processsourceupdateresponse_GPS_SourceGW_MF>
<gen.processSourceUpdate_processsourceupdateresponse_GPS_SourceGW_MF intServ="EEMSIIB_GPS_SRC_UPDATE" env="prod" override="Request.sslProtocol">TLS</gen.processSourceUpdate_processsourceupdateresponse_GPS_SourceGW_MF>
<gen.processSourceUpdate_processsourceupdateresponse_GPS_SourceGW_MF intServ="EEMSIIB_GPS_SRC_UPDATE" env="prod" override="Request.validateMaster">none</gen.processSourceUpdate_processsourceupdateresponse_GPS_SourceGW_MF>
<com.eems.updateGWcall.GPS_Source_GW_UpdRespProc_MF intServ="EEMSIIB_GPS_SRC_UPDATE" env="prod" override="additionalInstances">5</com.eems.updateGWcall.GPS_Source_GW_UpdRespProc_MF>
<com.eems.updateGWcall.GPS_Source_GW_UpdRespProc_MF intServ="EEMSIIB_GPS_SRC_UPDATE" env="prod" override="Username">gwsvcusr</com.eems.updateGWcall.GPS_Source_GW_UpdRespProc_MF>
<com.eems.updateGWcall.GPS_Source_GW_UpdRespProc_MF intServ="EEMSIIB_GPS_SRC_UPDATE" env="prod" override="Password">eemsws!2$4</com.eems.updateGWcall.GPS_Source_GW_UpdRespProc_MF>
<com.eems.updateGWcall.GPS_Source_GW_UpdRespProc_MF intServ="EEMSIIB_GPS_SRC_UPDATE" env="prod" override="RetryCount">3</com.eems.updateGWcall.GPS_Source_GW_UpdRespProc_MF>
<com.eems.updateGWcall.GPS_Source_GW_UpdRespProc_MF intServ="EEMSIIB_GPS_SRC_UPDATE" env="prod" override="webServiceURL"> http://apsrp8496.uhc.com:9086/GatewayPreprocWeb/ws/procsrcupdtresp</com.eems.updateGWcall.GPS_Source_GW_UpdRespProc_MF>
<com.eems.updateGWcall.GPS_Source_GW_UpdRespProc_MF intServ="EEMSIIB_GPS_SRC_UPDATE" env="prod" override="INQ">EEMSIIB.GPS_UPDATE_RESP_IN</com.eems.updateGWcall.GPS_Source_GW_UpdRespProc_MF>
<com.eems.updateGWcall.GPS_Source_GW_UpdRespProc_MF intServ="EEMSIIB_GPS_SRC_UPDATE" env="prod" override="BrkConfigKey">BRK_CONFIG</com.eems.updateGWcall.GPS_Source_GW_UpdRespProc_MF>
<com.eems.updateGWcall.GPS_Source_GW_UpdRespProc_MF intServ="EEMSIIB_GPS_SRC_UPDATE" env="prod" override="SchemaName">ELECELIG</com.eems.updateGWcall.GPS_Source_GW_UpdRespProc_MF>
<com.eems.updateGWcall.GPS_Source_GW_UpdRespProc_MF intServ="EEMSIIB_GPS_SRC_UPDATE" env="prod" override="GlobalCacheMap">GPS_Common_Map</com.eems.updateGWcall.GPS_Source_GW_UpdRespProc_MF>
<com.eems.updateGWcall.GPS_Source_GW_UpdRespProc_MF intServ="EEMSIIB_GPS_SRC_UPDATE" env="prod" override="CreateRequest.dataSource">EEMS_DB</com.eems.updateGWcall.GPS_Source_GW_UpdRespProc_MF>
<com.eems.updateGWcall.GPS_Source_GW_UpdRespProc_MF intServ="EEMSIIB_GPS_SRC_UPDATE" env="prod" override="ProcessResponse.dataSource">EEMS_DB</com.eems.updateGWcall.GPS_Source_GW_UpdRespProc_MF>
<com.eems.updateGWcall.GPS_Source_GW_UpdRespProc_MF intServ="EEMSIIB_GPS_SRC_UPDATE" env="prod" override="AuditQName">EEMSIIB.GPS_COMMON_AUDITMESSAGE_DATA</com.eems.updateGWcall.GPS_Source_GW_UpdRespProc_MF>
<com.eems.updateGWcall.GPS_Source_GW_UpdRespProc_MF intServ="EEMSIIB_GPS_SRC_UPDATE" env="prod" override="BECode">600</com.eems.updateGWcall.GPS_Source_GW_UpdRespProc_MF>
<com.eems.updateGWcall.GPS_Source_GW_UpdRespProc_MF intServ="EEMSIIB_GPS_SRC_UPDATE" env="prod" override="ProjNumber">3</com.eems.updateGWcall.GPS_Source_GW_UpdRespProc_MF>
<com.eems.updateGWcall.GPS_Source_GW_UpdRespProc_MF intServ="EEMSIIB_GPS_SRC_UPDATE" env="prod" override="EEMSIIB.GPS_ERRORMESSAGE_DATA.queueName">EEMSIIB.GPS_ERRORMESSAGE_DATA</com.eems.updateGWcall.GPS_Source_GW_UpdRespProc_MF>


</Broker>