<?xml version="1.0" encoding="UTF-8" ?> 
<Broker>
<!--DEV-->
<com.gps.sourceProc.GPS_Source_DBLoader_MF intServ="EEMSIIB_GPS_SRC_DBLOAD" env="dev" override="additionalInstances">45</com.gps.sourceProc.GPS_Source_DBLoader_MF>
<com.gps.sourceProc.GPS_Source_DBLoader_MF intServ="EEMSIIB_GPS_SRC_DBLOAD" env="dev" override="DSN">EEMS_DB</com.gps.sourceProc.GPS_Source_DBLoader_MF>
<com.gps.sourceProc.GPS_Source_DBLoader_MF intServ="EEMSIIB_GPS_SRC_DBLOAD" env="dev" override="UDP_SchemaName">ELECELIG</com.gps.sourceProc.GPS_Source_DBLoader_MF>
<com.gps.sourceProc.GPS_Source_DBLoader_MF intServ="EEMSIIB_GPS_SRC_DBLOAD" env="dev" override="CommonMap">GPS_Common_Map</com.gps.sourceProc.GPS_Source_DBLoader_MF>
<com.gps.sourceProc.GPS_Source_DBLoader_MF intServ="EEMSIIB_GPS_SRC_DBLOAD" env="dev" override="SourceMap">GPS_Source_Map</com.gps.sourceProc.GPS_Source_DBLoader_MF>
<com.gps.sourceProc.GPS_Source_DBLoader_MF intServ="EEMSIIB_GPS_SRC_DBLOAD" env="dev" override="DBLoad_inputQ">EEMSIIB.GPS_SOURCE_DBLOAD_IN</com.gps.sourceProc.GPS_Source_DBLoader_MF>
<com.gps.sourceProc.GPS_Source_DBLoader_MF intServ="EEMSIIB_GPS_SRC_DBLOAD" env="dev" override="IsReady_Queue">EEMSIIB.GPS_ISREADYTOPROCESS_IN</com.gps.sourceProc.GPS_Source_DBLoader_MF>
<com.gps.sourceProc.GPS_Source_DBLoader_MF intServ="EEMSIIB_GPS_SRC_DBLOAD" env="dev" override="brkrList">BKMBT11</com.gps.sourceProc.GPS_Source_DBLoader_MF>
<com.gps.sourceProc.GPS_Source_DBLoader_MF intServ="EEMSIIB_GPS_SRC_DBLOAD" env="dev" override="brkrCount">1</com.gps.sourceProc.GPS_Source_DBLoader_MF>
<com.gps.sourceProc.GPS_Source_DBLoader_MF intServ="EEMSIIB_GPS_SRC_DBLOAD" env="dev" override="UDP_ApplicationName">GPS_SourceDBLoad_APP</com.gps.sourceProc.GPS_Source_DBLoader_MF>
<com.gps.sourceProc.GPS_Source_DBLoader_MF intServ="EEMSIIB_GPS_SRC_DBLOAD" env="dev" override="Error_Queue">EEMSIIB.GPS_ERRORMESSAGE_DATA</com.gps.sourceProc.GPS_Source_DBLoader_MF>
<com.gps.sourceProc.GPS_Source_DBLoader_MF intServ="EEMSIIB_GPS_SRC_DBLOAD" env="dev" override="EEMS_AuditInMessage.queueName">EEMSIIB.GPS_COMMON_AUDITMESSAGE_DATA</com.gps.sourceProc.GPS_Source_DBLoader_MF>
<com.gps.sourceProc.GPS_Source_DBLoader_MF intServ="EEMSIIB_GPS_SRC_DBLOAD" env="dev" override="GPS_ExceptionHandler.BECode">600</com.gps.sourceProc.GPS_Source_DBLoader_MF>
<com.gps.sourceProc.GPS_Source_DBLoader_MF intServ="EEMSIIB_GPS_SRC_DBLOAD" env="dev" override="GPS_ExceptionHandler.ProjNumber">3</com.gps.sourceProc.GPS_Source_DBLoader_MF>
<com.gps.sourceProc.GPS_Source_DBLoader_MF intServ="EEMSIIB_GPS_SRC_DBLOAD" env="dev" override="GPS_ExceptionHandler_Compute.dataSource">EEMS_DB</com.gps.sourceProc.GPS_Source_DBLoader_MF>
<com.gps.sourceProc.GPS_Source_DBLoader_MF intServ="EEMSIIB_GPS_SRC_DBLOAD" env="dev" override="BATCH_FAIL_MODE">FALSE</com.gps.sourceProc.GPS_Source_DBLoader_MF>
<com.gps.sourceProc.GPS_Source_DBLoader_MF intServ="EEMSIIB_GPS_SRC_DBLOAD" env="dev" override="sleepTime">1000</com.gps.sourceProc.GPS_Source_DBLoader_MF>

<com.gps.sourceProc.GPS_Source_DBLoader_MF intServ="EEMSIIB_GPS_SRC_PRIORITY" env="dev" override="additionalInstances">45</com.gps.sourceProc.GPS_Source_DBLoader_MF>
<com.gps.sourceProc.GPS_Source_DBLoader_MF intServ="EEMSIIB_GPS_SRC_PRIORITY" env="dev" override="DSN">EEMS_DB</com.gps.sourceProc.GPS_Source_DBLoader_MF>
<com.gps.sourceProc.GPS_Source_DBLoader_MF intServ="EEMSIIB_GPS_SRC_PRIORITY" env="dev" override="UDP_SchemaName">ELECELIG</com.gps.sourceProc.GPS_Source_DBLoader_MF>
<com.gps.sourceProc.GPS_Source_DBLoader_MF intServ="EEMSIIB_GPS_SRC_PRIORITY" env="dev" override="CommonMap">GPS_Common_Map</com.gps.sourceProc.GPS_Source_DBLoader_MF>
<com.gps.sourceProc.GPS_Source_DBLoader_MF intServ="EEMSIIB_GPS_SRC_PRIORITY" env="dev" override="SourceMap">GPS_Source_Map</com.gps.sourceProc.GPS_Source_DBLoader_MF>
<com.gps.sourceProc.GPS_Source_DBLoader_MF intServ="EEMSIIB_GPS_SRC_PRIORITY" env="dev" override="DBLoad_inputQ">EEMSIIB.GPS_SOURCE_PRTY_DBLOAD_IN</com.gps.sourceProc.GPS_Source_DBLoader_MF>
<com.gps.sourceProc.GPS_Source_DBLoader_MF intServ="EEMSIIB_GPS_SRC_PRIORITY" env="dev" override="IsReady_Queue">EEMSIIB.GPS_ISREADYTOPROCESS_IN</com.gps.sourceProc.GPS_Source_DBLoader_MF>
<com.gps.sourceProc.GPS_Source_DBLoader_MF intServ="EEMSIIB_GPS_SRC_PRIORITY" env="dev" override="brkrList">BKMBT11</com.gps.sourceProc.GPS_Source_DBLoader_MF>
<com.gps.sourceProc.GPS_Source_DBLoader_MF intServ="EEMSIIB_GPS_SRC_PRIORITY" env="dev" override="brkrCount">1</com.gps.sourceProc.GPS_Source_DBLoader_MF>
<com.gps.sourceProc.GPS_Source_DBLoader_MF intServ="EEMSIIB_GPS_SRC_PRIORITY" env="dev" override="UDP_ApplicationName">GPS_SourceDBLoad_APP</com.gps.sourceProc.GPS_Source_DBLoader_MF>
<com.gps.sourceProc.GPS_Source_DBLoader_MF intServ="EEMSIIB_GPS_SRC_PRIORITY" env="dev" override="Error_Queue">EEMSIIB.GPS_ERRORMESSAGE_DATA</com.gps.sourceProc.GPS_Source_DBLoader_MF>
<com.gps.sourceProc.GPS_Source_DBLoader_MF intServ="EEMSIIB_GPS_SRC_PRIORITY" env="dev" override="EEMS_AuditInMessage.queueName">EEMSIIB.GPS_COMMON_AUDITMESSAGE_DATA</com.gps.sourceProc.GPS_Source_DBLoader_MF>
<com.gps.sourceProc.GPS_Source_DBLoader_MF intServ="EEMSIIB_GPS_SRC_PRIORITY" env="dev" override="GPS_ExceptionHandler.BECode">600</com.gps.sourceProc.GPS_Source_DBLoader_MF>
<com.gps.sourceProc.GPS_Source_DBLoader_MF intServ="EEMSIIB_GPS_SRC_PRIORITY" env="dev" override="GPS_ExceptionHandler.ProjNumber">3</com.gps.sourceProc.GPS_Source_DBLoader_MF>
<com.gps.sourceProc.GPS_Source_DBLoader_MF intServ="EEMSIIB_GPS_SRC_PRIORITY" env="dev" override="GPS_ExceptionHandler_Compute.dataSource">EEMS_DB</com.gps.sourceProc.GPS_Source_DBLoader_MF>
<com.gps.sourceProc.GPS_Source_DBLoader_MF intServ="EEMSIIB_GPS_SRC_PRIORITY" env="dev" override="BATCH_FAIL_MODE">FALSE</com.gps.sourceProc.GPS_Source_DBLoader_MF>
<com.gps.sourceProc.GPS_Source_DBLoader_MF intServ="EEMSIIB_GPS_SRC_PRIORITY" env="dev" override="sleepTime">1000</com.gps.sourceProc.GPS_Source_DBLoader_MF>

<!--SIT-->
<com.gps.sourceProc.GPS_Source_DBLoader_MF intServ="EEMSIIB_GPS_SRC_DBLOAD" env="test" override="additionalInstances">45</com.gps.sourceProc.GPS_Source_DBLoader_MF>
<com.gps.sourceProc.GPS_Source_DBLoader_MF intServ="EEMSIIB_GPS_SRC_DBLOAD" env="test" override="DSN">EEMS_DB</com.gps.sourceProc.GPS_Source_DBLoader_MF>
<com.gps.sourceProc.GPS_Source_DBLoader_MF intServ="EEMSIIB_GPS_SRC_DBLOAD" env="test" override="UDP_SchemaName">ELECELIG</com.gps.sourceProc.GPS_Source_DBLoader_MF>
<com.gps.sourceProc.GPS_Source_DBLoader_MF intServ="EEMSIIB_GPS_SRC_DBLOAD" env="test" override="CommonMap">GPS_Common_Map</com.gps.sourceProc.GPS_Source_DBLoader_MF>
<com.gps.sourceProc.GPS_Source_DBLoader_MF intServ="EEMSIIB_GPS_SRC_DBLOAD" env="test" override="SourceMap">GPS_Source_Map</com.gps.sourceProc.GPS_Source_DBLoader_MF>
<com.gps.sourceProc.GPS_Source_DBLoader_MF intServ="EEMSIIB_GPS_SRC_DBLOAD" env="test" override="DBLoad_inputQ">EEMSIIB.GPS_SOURCE_DBLOAD_IN</com.gps.sourceProc.GPS_Source_DBLoader_MF>
<com.gps.sourceProc.GPS_Source_DBLoader_MF intServ="EEMSIIB_GPS_SRC_DBLOAD" env="test" override="IsReady_Queue">EEMSIIB.GPS_ISREADYTOPROCESS_IN</com.gps.sourceProc.GPS_Source_DBLoader_MF>
<com.gps.sourceProc.GPS_Source_DBLoader_MF intServ="EEMSIIB_GPS_SRC_DBLOAD" env="test" override="brkrList">BKMBS11</com.gps.sourceProc.GPS_Source_DBLoader_MF>
<com.gps.sourceProc.GPS_Source_DBLoader_MF intServ="EEMSIIB_GPS_SRC_DBLOAD" env="test" override="brkrCount">1</com.gps.sourceProc.GPS_Source_DBLoader_MF>
<com.gps.sourceProc.GPS_Source_DBLoader_MF intServ="EEMSIIB_GPS_SRC_DBLOAD" env="test" override="UDP_ApplicationName">GPS_SourceDBLoad_APP</com.gps.sourceProc.GPS_Source_DBLoader_MF>
<com.gps.sourceProc.GPS_Source_DBLoader_MF intServ="EEMSIIB_GPS_SRC_DBLOAD" env="test" override="Error_Queue">EEMSIIB.GPS_ERRORMESSAGE_DATA</com.gps.sourceProc.GPS_Source_DBLoader_MF>
<com.gps.sourceProc.GPS_Source_DBLoader_MF intServ="EEMSIIB_GPS_SRC_DBLOAD" env="test" override="EEMS_AuditInMessage.queueName">EEMSIIB.GPS_COMMON_AUDITMESSAGE_DATA</com.gps.sourceProc.GPS_Source_DBLoader_MF>
<com.gps.sourceProc.GPS_Source_DBLoader_MF intServ="EEMSIIB_GPS_SRC_DBLOAD" env="test" override="GPS_ExceptionHandler.BECode">600</com.gps.sourceProc.GPS_Source_DBLoader_MF>
<com.gps.sourceProc.GPS_Source_DBLoader_MF intServ="EEMSIIB_GPS_SRC_DBLOAD" env="test" override="GPS_ExceptionHandler.ProjNumber">3</com.gps.sourceProc.GPS_Source_DBLoader_MF>
<com.gps.sourceProc.GPS_Source_DBLoader_MF intServ="EEMSIIB_GPS_SRC_DBLOAD" env="test" override="GPS_ExceptionHandler_Compute.dataSource">EEMS_DB</com.gps.sourceProc.GPS_Source_DBLoader_MF>
<com.gps.sourceProc.GPS_Source_DBLoader_MF intServ="EEMSIIB_GPS_SRC_DBLOAD" env="test" override="BATCH_FAIL_MODE">FALSE</com.gps.sourceProc.GPS_Source_DBLoader_MF>
<com.gps.sourceProc.GPS_Source_DBLoader_MF intServ="EEMSIIB_GPS_SRC_DBLOAD" env="test" override="sleepTime">1000</com.gps.sourceProc.GPS_Source_DBLoader_MF>

<com.gps.sourceProc.GPS_Source_DBLoader_MF intServ="EEMSIIB_GPS_SRC_PRIORITY" env="test" override="additionalInstances">45</com.gps.sourceProc.GPS_Source_DBLoader_MF>
<com.gps.sourceProc.GPS_Source_DBLoader_MF intServ="EEMSIIB_GPS_SRC_PRIORITY" env="test" override="DSN">EEMS_DB</com.gps.sourceProc.GPS_Source_DBLoader_MF>
<com.gps.sourceProc.GPS_Source_DBLoader_MF intServ="EEMSIIB_GPS_SRC_PRIORITY" env="test" override="UDP_SchemaName">ELECELIG</com.gps.sourceProc.GPS_Source_DBLoader_MF>
<com.gps.sourceProc.GPS_Source_DBLoader_MF intServ="EEMSIIB_GPS_SRC_PRIORITY" env="test" override="CommonMap">GPS_Common_Map</com.gps.sourceProc.GPS_Source_DBLoader_MF>
<com.gps.sourceProc.GPS_Source_DBLoader_MF intServ="EEMSIIB_GPS_SRC_PRIORITY" env="test" override="SourceMap">GPS_Source_Map</com.gps.sourceProc.GPS_Source_DBLoader_MF>
<com.gps.sourceProc.GPS_Source_DBLoader_MF intServ="EEMSIIB_GPS_SRC_PRIORITY" env="test" override="DBLoad_inputQ">EEMSIIB.GPS_SOURCE_PRTY_DBLOAD_IN</com.gps.sourceProc.GPS_Source_DBLoader_MF>
<com.gps.sourceProc.GPS_Source_DBLoader_MF intServ="EEMSIIB_GPS_SRC_PRIORITY" env="test" override="IsReady_Queue">EEMSIIB.GPS_ISREADYTOPROCESS_IN</com.gps.sourceProc.GPS_Source_DBLoader_MF>
<com.gps.sourceProc.GPS_Source_DBLoader_MF intServ="EEMSIIB_GPS_SRC_PRIORITY" env="test" override="brkrList">BKMBS11</com.gps.sourceProc.GPS_Source_DBLoader_MF>
<com.gps.sourceProc.GPS_Source_DBLoader_MF intServ="EEMSIIB_GPS_SRC_PRIORITY" env="test" override="brkrCount">1</com.gps.sourceProc.GPS_Source_DBLoader_MF>
<com.gps.sourceProc.GPS_Source_DBLoader_MF intServ="EEMSIIB_GPS_SRC_PRIORITY" env="test" override="UDP_ApplicationName">GPS_SourceDBLoad_APP</com.gps.sourceProc.GPS_Source_DBLoader_MF>
<com.gps.sourceProc.GPS_Source_DBLoader_MF intServ="EEMSIIB_GPS_SRC_PRIORITY" env="test" override="Error_Queue">EEMSIIB.GPS_ERRORMESSAGE_DATA</com.gps.sourceProc.GPS_Source_DBLoader_MF>
<com.gps.sourceProc.GPS_Source_DBLoader_MF intServ="EEMSIIB_GPS_SRC_PRIORITY" env="test" override="EEMS_AuditInMessage.queueName">EEMSIIB.GPS_COMMON_AUDITMESSAGE_DATA</com.gps.sourceProc.GPS_Source_DBLoader_MF>
<com.gps.sourceProc.GPS_Source_DBLoader_MF intServ="EEMSIIB_GPS_SRC_PRIORITY" env="test" override="GPS_ExceptionHandler.BECode">600</com.gps.sourceProc.GPS_Source_DBLoader_MF>
<com.gps.sourceProc.GPS_Source_DBLoader_MF intServ="EEMSIIB_GPS_SRC_PRIORITY" env="test" override="GPS_ExceptionHandler.ProjNumber">3</com.gps.sourceProc.GPS_Source_DBLoader_MF>
<com.gps.sourceProc.GPS_Source_DBLoader_MF intServ="EEMSIIB_GPS_SRC_PRIORITY" env="test" override="GPS_ExceptionHandler_Compute.dataSource">EEMS_DB</com.gps.sourceProc.GPS_Source_DBLoader_MF>
<com.gps.sourceProc.GPS_Source_DBLoader_MF intServ="EEMSIIB_GPS_SRC_PRIORITY" env="test" override="BATCH_FAIL_MODE">FALSE</com.gps.sourceProc.GPS_Source_DBLoader_MF>
<com.gps.sourceProc.GPS_Source_DBLoader_MF intServ="EEMSIIB_GPS_SRC_PRIORITY" env="test" override="sleepTime">1000</com.gps.sourceProc.GPS_Source_DBLoader_MF>

<!--SIT-Bravo-->
<com.gps.sourceProc.GPS_Source_DBLoader_MF intServ="EEMSIIB_GPS_SRC_DBLOAD" env="test2" override="additionalInstances">45</com.gps.sourceProc.GPS_Source_DBLoader_MF>
<com.gps.sourceProc.GPS_Source_DBLoader_MF intServ="EEMSIIB_GPS_SRC_DBLOAD" env="test2" override="DSN">EEMS_DB</com.gps.sourceProc.GPS_Source_DBLoader_MF>
<com.gps.sourceProc.GPS_Source_DBLoader_MF intServ="EEMSIIB_GPS_SRC_DBLOAD" env="test2" override="UDP_SchemaName">ELECELIG</com.gps.sourceProc.GPS_Source_DBLoader_MF>
<com.gps.sourceProc.GPS_Source_DBLoader_MF intServ="EEMSIIB_GPS_SRC_DBLOAD" env="test2" override="CommonMap">GPS_Common_Map</com.gps.sourceProc.GPS_Source_DBLoader_MF>
<com.gps.sourceProc.GPS_Source_DBLoader_MF intServ="EEMSIIB_GPS_SRC_DBLOAD" env="test2" override="SourceMap">GPS_Source_Map</com.gps.sourceProc.GPS_Source_DBLoader_MF>
<com.gps.sourceProc.GPS_Source_DBLoader_MF intServ="EEMSIIB_GPS_SRC_DBLOAD" env="test2" override="DBLoad_inputQ">EEMSIIB.GPS_SOURCE_DBLOAD_IN</com.gps.sourceProc.GPS_Source_DBLoader_MF>
<com.gps.sourceProc.GPS_Source_DBLoader_MF intServ="EEMSIIB_GPS_SRC_DBLOAD" env="test2" override="IsReady_Queue">EEMSIIB.GPS_ISREADYTOPROCESS_IN</com.gps.sourceProc.GPS_Source_DBLoader_MF>
<com.gps.sourceProc.GPS_Source_DBLoader_MF intServ="EEMSIIB_GPS_SRC_DBLOAD" env="test2" override="brkrList">BKMBS12</com.gps.sourceProc.GPS_Source_DBLoader_MF>
<com.gps.sourceProc.GPS_Source_DBLoader_MF intServ="EEMSIIB_GPS_SRC_DBLOAD" env="test2" override="brkrCount">1</com.gps.sourceProc.GPS_Source_DBLoader_MF>
<com.gps.sourceProc.GPS_Source_DBLoader_MF intServ="EEMSIIB_GPS_SRC_DBLOAD" env="test2" override="UDP_ApplicationName">GPS_SourceDBLoad_APP</com.gps.sourceProc.GPS_Source_DBLoader_MF>
<com.gps.sourceProc.GPS_Source_DBLoader_MF intServ="EEMSIIB_GPS_SRC_DBLOAD" env="test2" override="Error_Queue">EEMSIIB.GPS_ERRORMESSAGE_DATA</com.gps.sourceProc.GPS_Source_DBLoader_MF>
<com.gps.sourceProc.GPS_Source_DBLoader_MF intServ="EEMSIIB_GPS_SRC_DBLOAD" env="test2" override="EEMS_AuditInMessage.queueName">EEMSIIB.GPS_COMMON_AUDITMESSAGE_DATA</com.gps.sourceProc.GPS_Source_DBLoader_MF>
<com.gps.sourceProc.GPS_Source_DBLoader_MF intServ="EEMSIIB_GPS_SRC_DBLOAD" env="test2" override="GPS_ExceptionHandler.BECode">600</com.gps.sourceProc.GPS_Source_DBLoader_MF>
<com.gps.sourceProc.GPS_Source_DBLoader_MF intServ="EEMSIIB_GPS_SRC_DBLOAD" env="test2" override="GPS_ExceptionHandler.ProjNumber">3</com.gps.sourceProc.GPS_Source_DBLoader_MF>
<com.gps.sourceProc.GPS_Source_DBLoader_MF intServ="EEMSIIB_GPS_SRC_DBLOAD" env="test2" override="GPS_ExceptionHandler_Compute.dataSource">EEMS_DB</com.gps.sourceProc.GPS_Source_DBLoader_MF>
<com.gps.sourceProc.GPS_Source_DBLoader_MF intServ="EEMSIIB_GPS_SRC_DBLOAD" env="test2" override="BATCH_FAIL_MODE">FALSE</com.gps.sourceProc.GPS_Source_DBLoader_MF>
<com.gps.sourceProc.GPS_Source_DBLoader_MF intServ="EEMSIIB_GPS_SRC_DBLOAD" env="test2" override="sleepTime">1000</com.gps.sourceProc.GPS_Source_DBLoader_MF>

<com.gps.sourceProc.GPS_Source_DBLoader_MF intServ="EEMSIIB_GPS_SRC_PRIORITY" env="test2" override="additionalInstances">45</com.gps.sourceProc.GPS_Source_DBLoader_MF>
<com.gps.sourceProc.GPS_Source_DBLoader_MF intServ="EEMSIIB_GPS_SRC_PRIORITY" env="test2" override="DSN">EEMS_DB</com.gps.sourceProc.GPS_Source_DBLoader_MF>
<com.gps.sourceProc.GPS_Source_DBLoader_MF intServ="EEMSIIB_GPS_SRC_PRIORITY" env="test2" override="UDP_SchemaName">ELECELIG</com.gps.sourceProc.GPS_Source_DBLoader_MF>
<com.gps.sourceProc.GPS_Source_DBLoader_MF intServ="EEMSIIB_GPS_SRC_PRIORITY" env="test2" override="CommonMap">GPS_Common_Map</com.gps.sourceProc.GPS_Source_DBLoader_MF>
<com.gps.sourceProc.GPS_Source_DBLoader_MF intServ="EEMSIIB_GPS_SRC_PRIORITY" env="test2" override="SourceMap">GPS_Source_Map</com.gps.sourceProc.GPS_Source_DBLoader_MF>
<com.gps.sourceProc.GPS_Source_DBLoader_MF intServ="EEMSIIB_GPS_SRC_PRIORITY" env="test2" override="DBLoad_inputQ">EEMSIIB.GPS_SOURCE_PRTY_DBLOAD_IN</com.gps.sourceProc.GPS_Source_DBLoader_MF>
<com.gps.sourceProc.GPS_Source_DBLoader_MF intServ="EEMSIIB_GPS_SRC_PRIORITY" env="test2" override="IsReady_Queue">EEMSIIB.GPS_ISREADYTOPROCESS_IN</com.gps.sourceProc.GPS_Source_DBLoader_MF>
<com.gps.sourceProc.GPS_Source_DBLoader_MF intServ="EEMSIIB_GPS_SRC_PRIORITY" env="test2" override="brkrList">BKMBS12</com.gps.sourceProc.GPS_Source_DBLoader_MF>
<com.gps.sourceProc.GPS_Source_DBLoader_MF intServ="EEMSIIB_GPS_SRC_PRIORITY" env="test2" override="brkrCount">1</com.gps.sourceProc.GPS_Source_DBLoader_MF>
<com.gps.sourceProc.GPS_Source_DBLoader_MF intServ="EEMSIIB_GPS_SRC_PRIORITY" env="test2" override="UDP_ApplicationName">GPS_SourceDBLoad_APP</com.gps.sourceProc.GPS_Source_DBLoader_MF>
<com.gps.sourceProc.GPS_Source_DBLoader_MF intServ="EEMSIIB_GPS_SRC_PRIORITY" env="test2" override="Error_Queue">EEMSIIB.GPS_ERRORMESSAGE_DATA</com.gps.sourceProc.GPS_Source_DBLoader_MF>
<com.gps.sourceProc.GPS_Source_DBLoader_MF intServ="EEMSIIB_GPS_SRC_PRIORITY" env="test2" override="EEMS_AuditInMessage.queueName">EEMSIIB.GPS_COMMON_AUDITMESSAGE_DATA</com.gps.sourceProc.GPS_Source_DBLoader_MF>
<com.gps.sourceProc.GPS_Source_DBLoader_MF intServ="EEMSIIB_GPS_SRC_PRIORITY" env="test2" override="GPS_ExceptionHandler.BECode">600</com.gps.sourceProc.GPS_Source_DBLoader_MF>
<com.gps.sourceProc.GPS_Source_DBLoader_MF intServ="EEMSIIB_GPS_SRC_PRIORITY" env="test2" override="GPS_ExceptionHandler.ProjNumber">3</com.gps.sourceProc.GPS_Source_DBLoader_MF>
<com.gps.sourceProc.GPS_Source_DBLoader_MF intServ="EEMSIIB_GPS_SRC_PRIORITY" env="test2" override="GPS_ExceptionHandler_Compute.dataSource">EEMS_DB</com.gps.sourceProc.GPS_Source_DBLoader_MF>
<com.gps.sourceProc.GPS_Source_DBLoader_MF intServ="EEMSIIB_GPS_SRC_PRIORITY" env="test2" override="BATCH_FAIL_MODE">FALSE</com.gps.sourceProc.GPS_Source_DBLoader_MF>
<com.gps.sourceProc.GPS_Source_DBLoader_MF intServ="EEMSIIB_GPS_SRC_PRIORITY" env="test2" override="sleepTime">1000</com.gps.sourceProc.GPS_Source_DBLoader_MF>

<!--UAT Alpha-->
<com.gps.sourceProc.GPS_Source_DBLoader_MF intServ="EEMSIIB_GPS_SRC_DBLOAD" env="uat" override="additionalInstances">45</com.gps.sourceProc.GPS_Source_DBLoader_MF>
<com.gps.sourceProc.GPS_Source_DBLoader_MF intServ="EEMSIIB_GPS_SRC_DBLOAD" env="uat" override="DSN">EEMS_DB</com.gps.sourceProc.GPS_Source_DBLoader_MF>
<com.gps.sourceProc.GPS_Source_DBLoader_MF intServ="EEMSIIB_GPS_SRC_DBLOAD" env="uat" override="UDP_SchemaName">ELECELIG</com.gps.sourceProc.GPS_Source_DBLoader_MF>
<com.gps.sourceProc.GPS_Source_DBLoader_MF intServ="EEMSIIB_GPS_SRC_DBLOAD" env="uat" override="CommonMap">GPS_Common_Map</com.gps.sourceProc.GPS_Source_DBLoader_MF>
<com.gps.sourceProc.GPS_Source_DBLoader_MF intServ="EEMSIIB_GPS_SRC_DBLOAD" env="uat" override="SourceMap">GPS_Source_Map</com.gps.sourceProc.GPS_Source_DBLoader_MF>
<com.gps.sourceProc.GPS_Source_DBLoader_MF intServ="EEMSIIB_GPS_SRC_DBLOAD" env="uat" override="DBLoad_inputQ">EEMSIIB.GPS_SOURCE_DBLOAD_IN</com.gps.sourceProc.GPS_Source_DBLoader_MF>
<com.gps.sourceProc.GPS_Source_DBLoader_MF intServ="EEMSIIB_GPS_SRC_DBLOAD" env="uat" override="IsReady_Queue">EEMSIIB.GPS_ISREADYTOPROCESS_IN</com.gps.sourceProc.GPS_Source_DBLoader_MF>
<com.gps.sourceProc.GPS_Source_DBLoader_MF intServ="EEMSIIB_GPS_SRC_DBLOAD" env="uat" override="brkrList">BKMBRA11</com.gps.sourceProc.GPS_Source_DBLoader_MF>
<com.gps.sourceProc.GPS_Source_DBLoader_MF intServ="EEMSIIB_GPS_SRC_DBLOAD" env="uat" override="brkrCount">1</com.gps.sourceProc.GPS_Source_DBLoader_MF>
<com.gps.sourceProc.GPS_Source_DBLoader_MF intServ="EEMSIIB_GPS_SRC_DBLOAD" env="uat" override="UDP_ApplicationName">GPS_SourceDBLoad_APP</com.gps.sourceProc.GPS_Source_DBLoader_MF>
<com.gps.sourceProc.GPS_Source_DBLoader_MF intServ="EEMSIIB_GPS_SRC_DBLOAD" env="uat" override="GPS_ExceptionHandler.BECode">600</com.gps.sourceProc.GPS_Source_DBLoader_MF>
<com.gps.sourceProc.GPS_Source_DBLoader_MF intServ="EEMSIIB_GPS_SRC_DBLOAD" env="uat" override="GPS_ExceptionHandler.ProjNumber">3</com.gps.sourceProc.GPS_Source_DBLoader_MF>
<com.gps.sourceProc.GPS_Source_DBLoader_MF intServ="EEMSIIB_GPS_SRC_DBLOAD" env="uat" override="GPS_ExceptionHandler_Compute.dataSource">EEMS_DB</com.gps.sourceProc.GPS_Source_DBLoader_MF>
<com.gps.sourceProc.GPS_Source_DBLoader_MF intServ="EEMSIIB_GPS_SRC_DBLOAD" env="uat" override="Error_Queue">EEMSIIB.GPS_ERRORMESSAGE_DATA</com.gps.sourceProc.GPS_Source_DBLoader_MF>
<com.gps.sourceProc.GPS_Source_DBLoader_MF intServ="EEMSIIB_GPS_SRC_DBLOAD" env="uat" override="EEMS_AuditInMessage.queueName">EEMSIIB.GPS_COMMON_AUDITMESSAGE_DATA</com.gps.sourceProc.GPS_Source_DBLoader_MF>
<com.gps.sourceProc.GPS_Source_DBLoader_MF intServ="EEMSIIB_GPS_SRC_DBLOAD" env="uat" override="BATCH_FAIL_MODE">FALSE</com.gps.sourceProc.GPS_Source_DBLoader_MF>
<com.gps.sourceProc.GPS_Source_DBLoader_MF intServ="EEMSIIB_GPS_SRC_DBLOAD" env="uat" override="sleepTime">1000</com.gps.sourceProc.GPS_Source_DBLoader_MF>

<com.gps.sourceProc.GPS_Source_DBLoader_MF intServ="EEMSIIB_GPS_SRC_PRIORITY" env="uat" override="additionalInstances">45</com.gps.sourceProc.GPS_Source_DBLoader_MF>
<com.gps.sourceProc.GPS_Source_DBLoader_MF intServ="EEMSIIB_GPS_SRC_PRIORITY" env="uat" override="DSN">EEMS_DB</com.gps.sourceProc.GPS_Source_DBLoader_MF>
<com.gps.sourceProc.GPS_Source_DBLoader_MF intServ="EEMSIIB_GPS_SRC_PRIORITY" env="uat" override="UDP_SchemaName">ELECELIG</com.gps.sourceProc.GPS_Source_DBLoader_MF>
<com.gps.sourceProc.GPS_Source_DBLoader_MF intServ="EEMSIIB_GPS_SRC_PRIORITY" env="uat" override="CommonMap">GPS_Common_Map</com.gps.sourceProc.GPS_Source_DBLoader_MF>
<com.gps.sourceProc.GPS_Source_DBLoader_MF intServ="EEMSIIB_GPS_SRC_PRIORITY" env="uat" override="SourceMap">GPS_Source_Map</com.gps.sourceProc.GPS_Source_DBLoader_MF>
<com.gps.sourceProc.GPS_Source_DBLoader_MF intServ="EEMSIIB_GPS_SRC_PRIORITY" env="uat" override="DBLoad_inputQ">EEMSIIB.GPS_SOURCE_PRTY_DBLOAD_IN</com.gps.sourceProc.GPS_Source_DBLoader_MF>
<com.gps.sourceProc.GPS_Source_DBLoader_MF intServ="EEMSIIB_GPS_SRC_PRIORITY" env="uat" override="IsReady_Queue">EEMSIIB.GPS_ISREADYTOPROCESS_IN</com.gps.sourceProc.GPS_Source_DBLoader_MF>
<com.gps.sourceProc.GPS_Source_DBLoader_MF intServ="EEMSIIB_GPS_SRC_PRIORITY" env="uat" override="brkrList">BKMBRA11</com.gps.sourceProc.GPS_Source_DBLoader_MF>
<com.gps.sourceProc.GPS_Source_DBLoader_MF intServ="EEMSIIB_GPS_SRC_PRIORITY" env="uat" override="brkrCount">1</com.gps.sourceProc.GPS_Source_DBLoader_MF>
<com.gps.sourceProc.GPS_Source_DBLoader_MF intServ="EEMSIIB_GPS_SRC_PRIORITY" env="uat" override="UDP_ApplicationName">GPS_SourceDBLoad_APP</com.gps.sourceProc.GPS_Source_DBLoader_MF>
<com.gps.sourceProc.GPS_Source_DBLoader_MF intServ="EEMSIIB_GPS_SRC_PRIORITY" env="uat" override="GPS_ExceptionHandler.BECode">600</com.gps.sourceProc.GPS_Source_DBLoader_MF>
<com.gps.sourceProc.GPS_Source_DBLoader_MF intServ="EEMSIIB_GPS_SRC_PRIORITY" env="uat" override="GPS_ExceptionHandler.ProjNumber">3</com.gps.sourceProc.GPS_Source_DBLoader_MF>
<com.gps.sourceProc.GPS_Source_DBLoader_MF intServ="EEMSIIB_GPS_SRC_PRIORITY" env="uat" override="GPS_ExceptionHandler_Compute.dataSource">EEMS_DB</com.gps.sourceProc.GPS_Source_DBLoader_MF>
<com.gps.sourceProc.GPS_Source_DBLoader_MF intServ="EEMSIIB_GPS_SRC_PRIORITY" env="uat" override="Error_Queue">EEMSIIB.GPS_ERRORMESSAGE_DATA</com.gps.sourceProc.GPS_Source_DBLoader_MF>
<com.gps.sourceProc.GPS_Source_DBLoader_MF intServ="EEMSIIB_GPS_SRC_PRIORITY" env="uat" override="EEMS_AuditInMessage.queueName">EEMSIIB.GPS_COMMON_AUDITMESSAGE_DATA</com.gps.sourceProc.GPS_Source_DBLoader_MF>
<com.gps.sourceProc.GPS_Source_DBLoader_MF intServ="EEMSIIB_GPS_SRC_PRIORITY" env="uat" override="BATCH_FAIL_MODE">FALSE</com.gps.sourceProc.GPS_Source_DBLoader_MF>
<com.gps.sourceProc.GPS_Source_DBLoader_MF intServ="EEMSIIB_GPS_SRC_PRIORITY" env="uat" override="sleepTime">1000</com.gps.sourceProc.GPS_Source_DBLoader_MF>

<!-- UAT-Bravo -->
<com.gps.sourceProc.GPS_Source_DBLoader_MF intServ="EEMSIIB_GPS_SRC_DBLOAD" env="uat-bravo" override="additionalInstances">45</com.gps.sourceProc.GPS_Source_DBLoader_MF>
<com.gps.sourceProc.GPS_Source_DBLoader_MF intServ="EEMSIIB_GPS_SRC_DBLOAD" env="uat-bravo" override="DSN">EEMS_DB</com.gps.sourceProc.GPS_Source_DBLoader_MF>
<com.gps.sourceProc.GPS_Source_DBLoader_MF intServ="EEMSIIB_GPS_SRC_DBLOAD" env="uat-bravo" override="UDP_SchemaName">ELECELIG</com.gps.sourceProc.GPS_Source_DBLoader_MF>
<com.gps.sourceProc.GPS_Source_DBLoader_MF intServ="EEMSIIB_GPS_SRC_DBLOAD" env="uat-bravo" override="CommonMap">GPS_Common_Map</com.gps.sourceProc.GPS_Source_DBLoader_MF>
<com.gps.sourceProc.GPS_Source_DBLoader_MF intServ="EEMSIIB_GPS_SRC_DBLOAD" env="uat-bravo" override="SourceMap">GPS_Source_Map</com.gps.sourceProc.GPS_Source_DBLoader_MF>
<com.gps.sourceProc.GPS_Source_DBLoader_MF intServ="EEMSIIB_GPS_SRC_DBLOAD" env="uat-bravo" override="DBLoad_inputQ">EEMSIIB.GPS_SOURCE_DBLOAD_IN</com.gps.sourceProc.GPS_Source_DBLoader_MF>
<com.gps.sourceProc.GPS_Source_DBLoader_MF intServ="EEMSIIB_GPS_SRC_DBLOAD" env="uat-bravo" override="IsReady_Queue">EEMSIIB.GPS_ISREADYTOPROCESS_IN</com.gps.sourceProc.GPS_Source_DBLoader_MF>
<com.gps.sourceProc.GPS_Source_DBLoader_MF intServ="EEMSIIB_GPS_SRC_DBLOAD" env="uat-bravo" override="brkrList">BKMBRB11</com.gps.sourceProc.GPS_Source_DBLoader_MF>
<com.gps.sourceProc.GPS_Source_DBLoader_MF intServ="EEMSIIB_GPS_SRC_DBLOAD" env="uat-bravo" override="brkrCount">1</com.gps.sourceProc.GPS_Source_DBLoader_MF>
<com.gps.sourceProc.GPS_Source_DBLoader_MF intServ="EEMSIIB_GPS_SRC_DBLOAD" env="uat-bravo" override="UDP_ApplicationName">GPS_SourceDBLoad_APP</com.gps.sourceProc.GPS_Source_DBLoader_MF>
<com.gps.sourceProc.GPS_Source_DBLoader_MF intServ="EEMSIIB_GPS_SRC_DBLOAD" env="uat-bravo" override="GPS_ExceptionHandler.BECode">600</com.gps.sourceProc.GPS_Source_DBLoader_MF>
<com.gps.sourceProc.GPS_Source_DBLoader_MF intServ="EEMSIIB_GPS_SRC_DBLOAD" env="uat-bravo" override="GPS_ExceptionHandler.ProjNumber">3</com.gps.sourceProc.GPS_Source_DBLoader_MF>
<com.gps.sourceProc.GPS_Source_DBLoader_MF intServ="EEMSIIB_GPS_SRC_DBLOAD" env="uat-bravo" override="GPS_ExceptionHandler_Compute.dataSource">EEMS_DB</com.gps.sourceProc.GPS_Source_DBLoader_MF>
<com.gps.sourceProc.GPS_Source_DBLoader_MF intServ="EEMSIIB_GPS_SRC_DBLOAD" env="uat-bravo" override="Error_Queue">EEMSIIB.GPS_ERRORMESSAGE_DATA</com.gps.sourceProc.GPS_Source_DBLoader_MF>
<com.gps.sourceProc.GPS_Source_DBLoader_MF intServ="EEMSIIB_GPS_SRC_DBLOAD" env="uat-bravo" override="EEMS_AuditInMessage.queueName">EEMSIIB.GPS_COMMON_AUDITMESSAGE_DATA</com.gps.sourceProc.GPS_Source_DBLoader_MF>
<com.gps.sourceProc.GPS_Source_DBLoader_MF intServ="EEMSIIB_GPS_SRC_DBLOAD" env="uat-bravo" override="BATCH_FAIL_MODE">FALSE</com.gps.sourceProc.GPS_Source_DBLoader_MF>
<com.gps.sourceProc.GPS_Source_DBLoader_MF intServ="EEMSIIB_GPS_SRC_DBLOAD" env="uat-bravo" override="sleepTime">1000</com.gps.sourceProc.GPS_Source_DBLoader_MF>

<com.gps.sourceProc.GPS_Source_DBLoader_MF intServ="EEMSIIB_GPS_SRC_PRIORITY" env="uat-bravo" override="additionalInstances">45</com.gps.sourceProc.GPS_Source_DBLoader_MF>
<com.gps.sourceProc.GPS_Source_DBLoader_MF intServ="EEMSIIB_GPS_SRC_PRIORITY" env="uat-bravo" override="DSN">EEMS_DB</com.gps.sourceProc.GPS_Source_DBLoader_MF>
<com.gps.sourceProc.GPS_Source_DBLoader_MF intServ="EEMSIIB_GPS_SRC_PRIORITY" env="uat-bravo" override="UDP_SchemaName">ELECELIG</com.gps.sourceProc.GPS_Source_DBLoader_MF>
<com.gps.sourceProc.GPS_Source_DBLoader_MF intServ="EEMSIIB_GPS_SRC_PRIORITY" env="uat-bravo" override="CommonMap">GPS_Common_Map</com.gps.sourceProc.GPS_Source_DBLoader_MF>
<com.gps.sourceProc.GPS_Source_DBLoader_MF intServ="EEMSIIB_GPS_SRC_PRIORITY" env="uat-bravo" override="SourceMap">GPS_Source_Map</com.gps.sourceProc.GPS_Source_DBLoader_MF>
<com.gps.sourceProc.GPS_Source_DBLoader_MF intServ="EEMSIIB_GPS_SRC_PRIORITY" env="uat-bravo" override="DBLoad_inputQ">EEMSIIB.GPS_SOURCE_PRTY_DBLOAD_IN</com.gps.sourceProc.GPS_Source_DBLoader_MF>
<com.gps.sourceProc.GPS_Source_DBLoader_MF intServ="EEMSIIB_GPS_SRC_PRIORITY" env="uat-bravo" override="IsReady_Queue">EEMSIIB.GPS_ISREADYTOPROCESS_IN</com.gps.sourceProc.GPS_Source_DBLoader_MF>
<com.gps.sourceProc.GPS_Source_DBLoader_MF intServ="EEMSIIB_GPS_SRC_PRIORITY" env="uat-bravo" override="brkrList">BKMBRB11</com.gps.sourceProc.GPS_Source_DBLoader_MF>
<com.gps.sourceProc.GPS_Source_DBLoader_MF intServ="EEMSIIB_GPS_SRC_PRIORITY" env="uat-bravo" override="brkrCount">1</com.gps.sourceProc.GPS_Source_DBLoader_MF>
<com.gps.sourceProc.GPS_Source_DBLoader_MF intServ="EEMSIIB_GPS_SRC_PRIORITY" env="uat-bravo" override="UDP_ApplicationName">GPS_SourceDBLoad_APP</com.gps.sourceProc.GPS_Source_DBLoader_MF>
<com.gps.sourceProc.GPS_Source_DBLoader_MF intServ="EEMSIIB_GPS_SRC_PRIORITY" env="uat-bravo" override="GPS_ExceptionHandler.BECode">600</com.gps.sourceProc.GPS_Source_DBLoader_MF>
<com.gps.sourceProc.GPS_Source_DBLoader_MF intServ="EEMSIIB_GPS_SRC_PRIORITY" env="uat-bravo" override="GPS_ExceptionHandler.ProjNumber">3</com.gps.sourceProc.GPS_Source_DBLoader_MF>
<com.gps.sourceProc.GPS_Source_DBLoader_MF intServ="EEMSIIB_GPS_SRC_PRIORITY" env="uat-bravo" override="GPS_ExceptionHandler_Compute.dataSource">EEMS_DB</com.gps.sourceProc.GPS_Source_DBLoader_MF>
<com.gps.sourceProc.GPS_Source_DBLoader_MF intServ="EEMSIIB_GPS_SRC_PRIORITY" env="uat-bravo" override="Error_Queue">EEMSIIB.GPS_ERRORMESSAGE_DATA</com.gps.sourceProc.GPS_Source_DBLoader_MF>
<com.gps.sourceProc.GPS_Source_DBLoader_MF intServ="EEMSIIB_GPS_SRC_PRIORITY" env="uat-bravo" override="EEMS_AuditInMessage.queueName">EEMSIIB.GPS_COMMON_AUDITMESSAGE_DATA</com.gps.sourceProc.GPS_Source_DBLoader_MF>
<com.gps.sourceProc.GPS_Source_DBLoader_MF intServ="EEMSIIB_GPS_SRC_PRIORITY" env="uat-bravo" override="BATCH_FAIL_MODE">FALSE</com.gps.sourceProc.GPS_Source_DBLoader_MF>
<com.gps.sourceProc.GPS_Source_DBLoader_MF intServ="EEMSIIB_GPS_SRC_PRIORITY" env="uat-bravo" override="sleepTime">1000</com.gps.sourceProc.GPS_Source_DBLoader_MF>

<!--STAGE-->
<com.gps.sourceProc.GPS_Source_DBLoader_MF intServ="EEMSIIB_GPS_SRC_DBLOAD" env="stage" override="additionalInstances">45</com.gps.sourceProc.GPS_Source_DBLoader_MF>
<com.gps.sourceProc.GPS_Source_DBLoader_MF intServ="EEMSIIB_GPS_SRC_DBLOAD" env="stage" override="DSN">EEMS_DB</com.gps.sourceProc.GPS_Source_DBLoader_MF>
<com.gps.sourceProc.GPS_Source_DBLoader_MF intServ="EEMSIIB_GPS_SRC_DBLOAD" env="stage" override="UDP_SchemaName">ELECELIG</com.gps.sourceProc.GPS_Source_DBLoader_MF>
<com.gps.sourceProc.GPS_Source_DBLoader_MF intServ="EEMSIIB_GPS_SRC_DBLOAD" env="stage" override="CommonMap">GPS_Common_Map</com.gps.sourceProc.GPS_Source_DBLoader_MF>
<com.gps.sourceProc.GPS_Source_DBLoader_MF intServ="EEMSIIB_GPS_SRC_DBLOAD" env="stage" override="SourceMap">GPS_Source_Map</com.gps.sourceProc.GPS_Source_DBLoader_MF>
<com.gps.sourceProc.GPS_Source_DBLoader_MF intServ="EEMSIIB_GPS_SRC_DBLOAD" env="stage" override="DBLoad_inputQ">EEMSIIB.GPS_SOURCE_DBLOAD_IN</com.gps.sourceProc.GPS_Source_DBLoader_MF>
<com.gps.sourceProc.GPS_Source_DBLoader_MF intServ="EEMSIIB_GPS_SRC_DBLOAD" env="stage" override="IsReady_Queue">EEMSIIB.GPS_ISREADYTOPROCESS_IN</com.gps.sourceProc.GPS_Source_DBLoader_MF>
<com.gps.sourceProc.GPS_Source_DBLoader_MF intServ="EEMSIIB_GPS_SRC_DBLOAD" env="stage" override="brkrList">BKMBRM11_BKMBRM12_BKMBRM13</com.gps.sourceProc.GPS_Source_DBLoader_MF>
<com.gps.sourceProc.GPS_Source_DBLoader_MF intServ="EEMSIIB_GPS_SRC_DBLOAD" env="stage" override="brkrCount">3</com.gps.sourceProc.GPS_Source_DBLoader_MF>
<com.gps.sourceProc.GPS_Source_DBLoader_MF intServ="EEMSIIB_GPS_SRC_DBLOAD" env="stage" override="UDP_ApplicationName">GPS_SourceDBLoad_APP</com.gps.sourceProc.GPS_Source_DBLoader_MF>
<com.gps.sourceProc.GPS_Source_DBLoader_MF intServ="EEMSIIB_GPS_SRC_DBLOAD" env="stage" override="GPS_ExceptionHandler.BECode">600</com.gps.sourceProc.GPS_Source_DBLoader_MF>
<com.gps.sourceProc.GPS_Source_DBLoader_MF intServ="EEMSIIB_GPS_SRC_DBLOAD" env="stage" override="GPS_ExceptionHandler.ProjNumber">3</com.gps.sourceProc.GPS_Source_DBLoader_MF>
<com.gps.sourceProc.GPS_Source_DBLoader_MF intServ="EEMSIIB_GPS_SRC_DBLOAD" env="stage" override="GPS_ExceptionHandler_Compute.dataSource">EEMS_DB</com.gps.sourceProc.GPS_Source_DBLoader_MF>
<com.gps.sourceProc.GPS_Source_DBLoader_MF intServ="EEMSIIB_GPS_SRC_DBLOAD" env="stage" override="Error_Queue">EEMSIIB.GPS_ERRORMESSAGE_DATA</com.gps.sourceProc.GPS_Source_DBLoader_MF>
<com.gps.sourceProc.GPS_Source_DBLoader_MF intServ="EEMSIIB_GPS_SRC_DBLOAD" env="stage" override="EEMS_AuditInMessage.queueName">EEMSIIB.GPS_COMMON_AUDITMESSAGE_DATA</com.gps.sourceProc.GPS_Source_DBLoader_MF>
<com.gps.sourceProc.GPS_Source_DBLoader_MF intServ="EEMSIIB_GPS_SRC_DBLOAD" env="stage" override="BATCH_FAIL_MODE">FALSE</com.gps.sourceProc.GPS_Source_DBLoader_MF>
<com.gps.sourceProc.GPS_Source_DBLoader_MF intServ="EEMSIIB_GPS_SRC_DBLOAD" env="stage" override="sleepTime">1000</com.gps.sourceProc.GPS_Source_DBLoader_MF>

<com.gps.sourceProc.GPS_Source_DBLoader_MF intServ="EEMSIIB_GPS_SRC_PRIORITY" env="stage" override="additionalInstances">45</com.gps.sourceProc.GPS_Source_DBLoader_MF>
<com.gps.sourceProc.GPS_Source_DBLoader_MF intServ="EEMSIIB_GPS_SRC_PRIORITY" env="stage" override="DSN">EEMS_DB</com.gps.sourceProc.GPS_Source_DBLoader_MF>
<com.gps.sourceProc.GPS_Source_DBLoader_MF intServ="EEMSIIB_GPS_SRC_PRIORITY" env="stage" override="UDP_SchemaName">ELECELIG</com.gps.sourceProc.GPS_Source_DBLoader_MF>
<com.gps.sourceProc.GPS_Source_DBLoader_MF intServ="EEMSIIB_GPS_SRC_PRIORITY" env="stage" override="CommonMap">GPS_Common_Map</com.gps.sourceProc.GPS_Source_DBLoader_MF>
<com.gps.sourceProc.GPS_Source_DBLoader_MF intServ="EEMSIIB_GPS_SRC_PRIORITY" env="stage" override="SourceMap">GPS_Source_Map</com.gps.sourceProc.GPS_Source_DBLoader_MF>
<com.gps.sourceProc.GPS_Source_DBLoader_MF intServ="EEMSIIB_GPS_SRC_PRIORITY" env="stage" override="DBLoad_inputQ">EEMSIIB.GPS_SOURCE_PRTY_DBLOAD_IN</com.gps.sourceProc.GPS_Source_DBLoader_MF>
<com.gps.sourceProc.GPS_Source_DBLoader_MF intServ="EEMSIIB_GPS_SRC_PRIORITY" env="stage" override="IsReady_Queue">EEMSIIB.GPS_ISREADYTOPROCESS_IN</com.gps.sourceProc.GPS_Source_DBLoader_MF>
<com.gps.sourceProc.GPS_Source_DBLoader_MF intServ="EEMSIIB_GPS_SRC_PRIORITY" env="stage" override="brkrList">BKMBRM11_BKMBRM12_BKMBRM13</com.gps.sourceProc.GPS_Source_DBLoader_MF>
<com.gps.sourceProc.GPS_Source_DBLoader_MF intServ="EEMSIIB_GPS_SRC_PRIORITY" env="stage" override="brkrCount">3</com.gps.sourceProc.GPS_Source_DBLoader_MF>
<com.gps.sourceProc.GPS_Source_DBLoader_MF intServ="EEMSIIB_GPS_SRC_PRIORITY" env="stage" override="UDP_ApplicationName">GPS_SourceDBLoad_APP</com.gps.sourceProc.GPS_Source_DBLoader_MF>
<com.gps.sourceProc.GPS_Source_DBLoader_MF intServ="EEMSIIB_GPS_SRC_PRIORITY" env="stage" override="GPS_ExceptionHandler.BECode">600</com.gps.sourceProc.GPS_Source_DBLoader_MF>
<com.gps.sourceProc.GPS_Source_DBLoader_MF intServ="EEMSIIB_GPS_SRC_PRIORITY" env="stage" override="GPS_ExceptionHandler.ProjNumber">3</com.gps.sourceProc.GPS_Source_DBLoader_MF>
<com.gps.sourceProc.GPS_Source_DBLoader_MF intServ="EEMSIIB_GPS_SRC_PRIORITY" env="stage" override="GPS_ExceptionHandler_Compute.dataSource">EEMS_DB</com.gps.sourceProc.GPS_Source_DBLoader_MF>
<com.gps.sourceProc.GPS_Source_DBLoader_MF intServ="EEMSIIB_GPS_SRC_PRIORITY" env="stage" override="Error_Queue">EEMSIIB.GPS_ERRORMESSAGE_DATA</com.gps.sourceProc.GPS_Source_DBLoader_MF>
<com.gps.sourceProc.GPS_Source_DBLoader_MF intServ="EEMSIIB_GPS_SRC_PRIORITY" env="stage" override="EEMS_AuditInMessage.queueName">EEMSIIB.GPS_COMMON_AUDITMESSAGE_DATA</com.gps.sourceProc.GPS_Source_DBLoader_MF>
<com.gps.sourceProc.GPS_Source_DBLoader_MF intServ="EEMSIIB_GPS_SRC_PRIORITY" env="stage" override="BATCH_FAIL_MODE">FALSE</com.gps.sourceProc.GPS_Source_DBLoader_MF>
<com.gps.sourceProc.GPS_Source_DBLoader_MF intServ="EEMSIIB_GPS_SRC_PRIORITY" env="stage" override="sleepTime">1000</com.gps.sourceProc.GPS_Source_DBLoader_MF>

<!--ADOPT-->
<com.gps.sourceProc.GPS_Source_DBLoader_MF intServ="EEMSIIB_GPS_SRC_DBLOAD" env="adopt" override="additionalInstances">45</com.gps.sourceProc.GPS_Source_DBLoader_MF>
<com.gps.sourceProc.GPS_Source_DBLoader_MF intServ="EEMSIIB_GPS_SRC_DBLOAD" env="adopt" override="DSN">EEMS_DB</com.gps.sourceProc.GPS_Source_DBLoader_MF>
<com.gps.sourceProc.GPS_Source_DBLoader_MF intServ="EEMSIIB_GPS_SRC_DBLOAD" env="adopt" override="UDP_SchemaName">ELECELIG</com.gps.sourceProc.GPS_Source_DBLoader_MF>
<com.gps.sourceProc.GPS_Source_DBLoader_MF intServ="EEMSIIB_GPS_SRC_DBLOAD" env="adopt" override="CommonMap">GPS_Common_Map</com.gps.sourceProc.GPS_Source_DBLoader_MF>
<com.gps.sourceProc.GPS_Source_DBLoader_MF intServ="EEMSIIB_GPS_SRC_DBLOAD" env="adopt" override="SourceMap">GPS_Source_Map</com.gps.sourceProc.GPS_Source_DBLoader_MF>
<com.gps.sourceProc.GPS_Source_DBLoader_MF intServ="EEMSIIB_GPS_SRC_DBLOAD" env="adopt" override="DBLoad_inputQ">EEMSIIB.ADP.GPS_SOURCE_DBLOAD_IN</com.gps.sourceProc.GPS_Source_DBLoader_MF>
<com.gps.sourceProc.GPS_Source_DBLoader_MF intServ="EEMSIIB_GPS_SRC_DBLOAD" env="adopt" override="IsReady_Queue">EEMSIIB.ADP.GPS_ISREADYTOPROCESS_IN</com.gps.sourceProc.GPS_Source_DBLoader_MF>
<com.gps.sourceProc.GPS_Source_DBLoader_MF intServ="EEMSIIB_GPS_SRC_DBLOAD" env="adopt" override="brkrList">BKMBPD07_BKMBPD08</com.gps.sourceProc.GPS_Source_DBLoader_MF>
<com.gps.sourceProc.GPS_Source_DBLoader_MF intServ="EEMSIIB_GPS_SRC_DBLOAD" env="adopt" override="brkrCount">2</com.gps.sourceProc.GPS_Source_DBLoader_MF>
<com.gps.sourceProc.GPS_Source_DBLoader_MF intServ="EEMSIIB_GPS_SRC_DBLOAD" env="adopt" override="UDP_ApplicationName">GPS_SourceDBLoad_APP</com.gps.sourceProc.GPS_Source_DBLoader_MF>
<com.gps.sourceProc.GPS_Source_DBLoader_MF intServ="EEMSIIB_GPS_SRC_DBLOAD" env="adopt" override="GPS_ExceptionHandler.BECode">600</com.gps.sourceProc.GPS_Source_DBLoader_MF>
<com.gps.sourceProc.GPS_Source_DBLoader_MF intServ="EEMSIIB_GPS_SRC_DBLOAD" env="adopt" override="GPS_ExceptionHandler.ProjNumber">3</com.gps.sourceProc.GPS_Source_DBLoader_MF>
<com.gps.sourceProc.GPS_Source_DBLoader_MF intServ="EEMSIIB_GPS_SRC_DBLOAD" env="adopt" override="GPS_ExceptionHandler_Compute.dataSource">EEMS_DB</com.gps.sourceProc.GPS_Source_DBLoader_MF>
<com.gps.sourceProc.GPS_Source_DBLoader_MF intServ="EEMSIIB_GPS_SRC_DBLOAD" env="adopt" override="Error_Queue">EEMSIIB.ADP.GPS_ERRORMESSAGE_DATA</com.gps.sourceProc.GPS_Source_DBLoader_MF>
<com.gps.sourceProc.GPS_Source_DBLoader_MF intServ="EEMSIIB_GPS_SRC_DBLOAD" env="adopt" override="EEMS_AuditInMessage.queueName">EEMSIIB.ADP.GPS_COMMON_AUDITMESSAGE_DATA</com.gps.sourceProc.GPS_Source_DBLoader_MF>
<com.gps.sourceProc.GPS_Source_DBLoader_MF intServ="EEMSIIB_GPS_SRC_DBLOAD" env="adopt" override="BATCH_FAIL_MODE">FALSE</com.gps.sourceProc.GPS_Source_DBLoader_MF>
<com.gps.sourceProc.GPS_Source_DBLoader_MF intServ="EEMSIIB_GPS_SRC_DBLOAD" env="adopt" override="sleepTime">1000</com.gps.sourceProc.GPS_Source_DBLoader_MF>

<com.gps.sourceProc.GPS_Source_DBLoader_MF intServ="EEMSIIB_GPS_SRC_PRIORITY" env="adopt" override="additionalInstances">45</com.gps.sourceProc.GPS_Source_DBLoader_MF>
<com.gps.sourceProc.GPS_Source_DBLoader_MF intServ="EEMSIIB_GPS_SRC_PRIORITY" env="adopt" override="DSN">EEMS_DB</com.gps.sourceProc.GPS_Source_DBLoader_MF>
<com.gps.sourceProc.GPS_Source_DBLoader_MF intServ="EEMSIIB_GPS_SRC_PRIORITY" env="adopt" override="UDP_SchemaName">ELECELIG</com.gps.sourceProc.GPS_Source_DBLoader_MF>
<com.gps.sourceProc.GPS_Source_DBLoader_MF intServ="EEMSIIB_GPS_SRC_PRIORITY" env="adopt" override="CommonMap">GPS_Common_Map</com.gps.sourceProc.GPS_Source_DBLoader_MF>
<com.gps.sourceProc.GPS_Source_DBLoader_MF intServ="EEMSIIB_GPS_SRC_PRIORITY" env="adopt" override="SourceMap">GPS_Source_Map</com.gps.sourceProc.GPS_Source_DBLoader_MF>
<com.gps.sourceProc.GPS_Source_DBLoader_MF intServ="EEMSIIB_GPS_SRC_PRIORITY" env="adopt" override="DBLoad_inputQ">EEMSIIB.ADP.GPS_SOURCE_PRTY_DBLOAD_IN</com.gps.sourceProc.GPS_Source_DBLoader_MF>
<com.gps.sourceProc.GPS_Source_DBLoader_MF intServ="EEMSIIB_GPS_SRC_PRIORITY" env="adopt" override="IsReady_Queue">EEMSIIB.ADP.GPS_ISREADYTOPROCESS_IN</com.gps.sourceProc.GPS_Source_DBLoader_MF>
<com.gps.sourceProc.GPS_Source_DBLoader_MF intServ="EEMSIIB_GPS_SRC_PRIORITY" env="adopt" override="brkrList">BKMBPD07_BKMBPD08</com.gps.sourceProc.GPS_Source_DBLoader_MF>
<com.gps.sourceProc.GPS_Source_DBLoader_MF intServ="EEMSIIB_GPS_SRC_PRIORITY" env="adopt" override="brkrCount">2</com.gps.sourceProc.GPS_Source_DBLoader_MF>
<com.gps.sourceProc.GPS_Source_DBLoader_MF intServ="EEMSIIB_GPS_SRC_PRIORITY" env="adopt" override="UDP_ApplicationName">GPS_SourceDBLoad_APP</com.gps.sourceProc.GPS_Source_DBLoader_MF>
<com.gps.sourceProc.GPS_Source_DBLoader_MF intServ="EEMSIIB_GPS_SRC_PRIORITY" env="adopt" override="GPS_ExceptionHandler.BECode">600</com.gps.sourceProc.GPS_Source_DBLoader_MF>
<com.gps.sourceProc.GPS_Source_DBLoader_MF intServ="EEMSIIB_GPS_SRC_PRIORITY" env="adopt" override="GPS_ExceptionHandler.ProjNumber">3</com.gps.sourceProc.GPS_Source_DBLoader_MF>
<com.gps.sourceProc.GPS_Source_DBLoader_MF intServ="EEMSIIB_GPS_SRC_PRIORITY" env="adopt" override="GPS_ExceptionHandler_Compute.dataSource">EEMS_DB</com.gps.sourceProc.GPS_Source_DBLoader_MF>
<com.gps.sourceProc.GPS_Source_DBLoader_MF intServ="EEMSIIB_GPS_SRC_PRIORITY" env="adopt" override="Error_Queue">EEMSIIB.ADP.GPS_ERRORMESSAGE_DATA</com.gps.sourceProc.GPS_Source_DBLoader_MF>
<com.gps.sourceProc.GPS_Source_DBLoader_MF intServ="EEMSIIB_GPS_SRC_PRIORITY" env="adopt" override="EEMS_AuditInMessage.queueName">EEMSIIB.ADP.GPS_COMMON_AUDITMESSAGE_DATA</com.gps.sourceProc.GPS_Source_DBLoader_MF>
<com.gps.sourceProc.GPS_Source_DBLoader_MF intServ="EEMSIIB_GPS_SRC_PRIORITY" env="adopt" override="BATCH_FAIL_MODE">FALSE</com.gps.sourceProc.GPS_Source_DBLoader_MF>
<com.gps.sourceProc.GPS_Source_DBLoader_MF intServ="EEMSIIB_GPS_SRC_PRIORITY" env="adopt" override="sleepTime">1000</com.gps.sourceProc.GPS_Source_DBLoader_MF>

<!--PROD-->
<com.gps.sourceProc.GPS_Source_DBLoader_MF intServ="EEMSIIB_GPS_SRC_DBLOAD" env="prod" override="additionalInstances">45</com.gps.sourceProc.GPS_Source_DBLoader_MF>
<com.gps.sourceProc.GPS_Source_DBLoader_MF intServ="EEMSIIB_GPS_SRC_DBLOAD" env="prod" override="DSN">EEMS_DB</com.gps.sourceProc.GPS_Source_DBLoader_MF>
<com.gps.sourceProc.GPS_Source_DBLoader_MF intServ="EEMSIIB_GPS_SRC_DBLOAD" env="prod" override="UDP_SchemaName">ELECELIG</com.gps.sourceProc.GPS_Source_DBLoader_MF>
<com.gps.sourceProc.GPS_Source_DBLoader_MF intServ="EEMSIIB_GPS_SRC_DBLOAD" env="prod" override="CommonMap">GPS_Common_Map</com.gps.sourceProc.GPS_Source_DBLoader_MF>
<com.gps.sourceProc.GPS_Source_DBLoader_MF intServ="EEMSIIB_GPS_SRC_DBLOAD" env="prod" override="SourceMap">GPS_Source_Map</com.gps.sourceProc.GPS_Source_DBLoader_MF>
<com.gps.sourceProc.GPS_Source_DBLoader_MF intServ="EEMSIIB_GPS_SRC_DBLOAD" env="prod" override="DBLoad_inputQ">EEMSIIB.GPS_SOURCE_DBLOAD_IN</com.gps.sourceProc.GPS_Source_DBLoader_MF>
<com.gps.sourceProc.GPS_Source_DBLoader_MF intServ="EEMSIIB_GPS_SRC_DBLOAD" env="prod" override="IsReady_Queue">EEMSIIB.GPS_ISREADYTOPROCESS_IN</com.gps.sourceProc.GPS_Source_DBLoader_MF>
<com.gps.sourceProc.GPS_Source_DBLoader_MF intServ="EEMSIIB_GPS_SRC_DBLOAD" env="prod" override="brkrList">BKMBPD15_BKMBPD16_BKMBPD30_BKMBPD31</com.gps.sourceProc.GPS_Source_DBLoader_MF>
<com.gps.sourceProc.GPS_Source_DBLoader_MF intServ="EEMSIIB_GPS_SRC_DBLOAD" env="prod" override="brkrCount">4</com.gps.sourceProc.GPS_Source_DBLoader_MF>
<com.gps.sourceProc.GPS_Source_DBLoader_MF intServ="EEMSIIB_GPS_SRC_DBLOAD" env="prod" override="UDP_ApplicationName">GPS_SourceDBLoad_APP</com.gps.sourceProc.GPS_Source_DBLoader_MF>
<com.gps.sourceProc.GPS_Source_DBLoader_MF intServ="EEMSIIB_GPS_SRC_DBLOAD" env="prod" override="GPS_ExceptionHandler.BECode">600</com.gps.sourceProc.GPS_Source_DBLoader_MF>
<com.gps.sourceProc.GPS_Source_DBLoader_MF intServ="EEMSIIB_GPS_SRC_DBLOAD" env="prod" override="GPS_ExceptionHandler.ProjNumber">3</com.gps.sourceProc.GPS_Source_DBLoader_MF>
<com.gps.sourceProc.GPS_Source_DBLoader_MF intServ="EEMSIIB_GPS_SRC_DBLOAD" env="prod" override="GPS_ExceptionHandler_Compute.dataSource">EEMS_DB</com.gps.sourceProc.GPS_Source_DBLoader_MF>
<com.gps.sourceProc.GPS_Source_DBLoader_MF intServ="EEMSIIB_GPS_SRC_DBLOAD" env="prod" override="Error_Queue">EEMSIIB.GPS_ERRORMESSAGE_DATA</com.gps.sourceProc.GPS_Source_DBLoader_MF>
<com.gps.sourceProc.GPS_Source_DBLoader_MF intServ="EEMSIIB_GPS_SRC_DBLOAD" env="prod" override="EEMS_AuditInMessage.queueName">EEMSIIB.GPS_COMMON_AUDITMESSAGE_DATA</com.gps.sourceProc.GPS_Source_DBLoader_MF>
<com.gps.sourceProc.GPS_Source_DBLoader_MF intServ="EEMSIIB_GPS_SRC_DBLOAD" env="prod" override="BATCH_FAIL_MODE">FALSE</com.gps.sourceProc.GPS_Source_DBLoader_MF>
<com.gps.sourceProc.GPS_Source_DBLoader_MF intServ="EEMSIIB_GPS_SRC_DBLOAD" env="prod" override="sleepTime">1000</com.gps.sourceProc.GPS_Source_DBLoader_MF>

<com.gps.sourceProc.GPS_Source_DBLoader_MF intServ="EEMSIIB_GPS_SRC_PRIORITY" env="prod" override="additionalInstances">45</com.gps.sourceProc.GPS_Source_DBLoader_MF>
<com.gps.sourceProc.GPS_Source_DBLoader_MF intServ="EEMSIIB_GPS_SRC_PRIORITY" env="prod" override="DSN">EEMS_DB</com.gps.sourceProc.GPS_Source_DBLoader_MF>
<com.gps.sourceProc.GPS_Source_DBLoader_MF intServ="EEMSIIB_GPS_SRC_PRIORITY" env="prod" override="UDP_SchemaName">ELECELIG</com.gps.sourceProc.GPS_Source_DBLoader_MF>
<com.gps.sourceProc.GPS_Source_DBLoader_MF intServ="EEMSIIB_GPS_SRC_PRIORITY" env="prod" override="CommonMap">GPS_Common_Map</com.gps.sourceProc.GPS_Source_DBLoader_MF>
<com.gps.sourceProc.GPS_Source_DBLoader_MF intServ="EEMSIIB_GPS_SRC_PRIORITY" env="prod" override="SourceMap">GPS_Source_Map</com.gps.sourceProc.GPS_Source_DBLoader_MF>
<com.gps.sourceProc.GPS_Source_DBLoader_MF intServ="EEMSIIB_GPS_SRC_PRIORITY" env="prod" override="DBLoad_inputQ">EEMSIIB.GPS_SOURCE_PRTY_DBLOAD_IN</com.gps.sourceProc.GPS_Source_DBLoader_MF>
<com.gps.sourceProc.GPS_Source_DBLoader_MF intServ="EEMSIIB_GPS_SRC_PRIORITY" env="prod" override="IsReady_Queue">EEMSIIB.GPS_ISREADYTOPROCESS_IN</com.gps.sourceProc.GPS_Source_DBLoader_MF>
<com.gps.sourceProc.GPS_Source_DBLoader_MF intServ="EEMSIIB_GPS_SRC_PRIORITY" env="prod" override="brkrList">BKMBPD15_BKMBPD16_BKMBPD30_BKMBPD31</com.gps.sourceProc.GPS_Source_DBLoader_MF>
<com.gps.sourceProc.GPS_Source_DBLoader_MF intServ="EEMSIIB_GPS_SRC_PRIORITY" env="prod" override="brkrCount">4</com.gps.sourceProc.GPS_Source_DBLoader_MF>
<com.gps.sourceProc.GPS_Source_DBLoader_MF intServ="EEMSIIB_GPS_SRC_PRIORITY" env="prod" override="UDP_ApplicationName">GPS_SourceDBLoad_APP</com.gps.sourceProc.GPS_Source_DBLoader_MF>
<com.gps.sourceProc.GPS_Source_DBLoader_MF intServ="EEMSIIB_GPS_SRC_PRIORITY" env="prod" override="GPS_ExceptionHandler.BECode">600</com.gps.sourceProc.GPS_Source_DBLoader_MF>
<com.gps.sourceProc.GPS_Source_DBLoader_MF intServ="EEMSIIB_GPS_SRC_PRIORITY" env="prod" override="GPS_ExceptionHandler.ProjNumber">3</com.gps.sourceProc.GPS_Source_DBLoader_MF>
<com.gps.sourceProc.GPS_Source_DBLoader_MF intServ="EEMSIIB_GPS_SRC_PRIORITY" env="prod" override="GPS_ExceptionHandler_Compute.dataSource">EEMS_DB</com.gps.sourceProc.GPS_Source_DBLoader_MF>
<com.gps.sourceProc.GPS_Source_DBLoader_MF intServ="EEMSIIB_GPS_SRC_PRIORITY" env="prod" override="Error_Queue">EEMSIIB.GPS_ERRORMESSAGE_DATA</com.gps.sourceProc.GPS_Source_DBLoader_MF>
<com.gps.sourceProc.GPS_Source_DBLoader_MF intServ="EEMSIIB_GPS_SRC_PRIORITY" env="prod" override="EEMS_AuditInMessage.queueName">EEMSIIB.GPS_COMMON_AUDITMESSAGE_DATA</com.gps.sourceProc.GPS_Source_DBLoader_MF>
<com.gps.sourceProc.GPS_Source_DBLoader_MF intServ="EEMSIIB_GPS_SRC_PRIORITY" env="prod" override="BATCH_FAIL_MODE">FALSE</com.gps.sourceProc.GPS_Source_DBLoader_MF>
<com.gps.sourceProc.GPS_Source_DBLoader_MF intServ="EEMSIIB_GPS_SRC_PRIORITY" env="prod" override="sleepTime">1000</com.gps.sourceProc.GPS_Source_DBLoader_MF>

</Broker>