<?xml version="1.0" encoding="UTF-8"?>
<Broker>

<!-- DEV -->

<com.prime.inboundProc.PRIME_Inbound_DBLoader_MF intServ="EEMSIIB_PRIME_INBOUND" env="dev" override="additionalInstances">14</com.prime.inboundProc.PRIME_Inbound_DBLoader_MF>
<com.prime.inboundProc.PRIME_Inbound_DBLoader_MF intServ="EEMSIIB_PRIME_INBOUND" env="dev" override="DSN">EEMS_DB</com.prime.inboundProc.PRIME_Inbound_DBLoader_MF>
<com.prime.inboundProc.PRIME_Inbound_DBLoader_MF intServ="EEMSIIB_PRIME_INBOUND" env="dev" override="CommonMap">PRIME_Common_Map</com.prime.inboundProc.PRIME_Inbound_DBLoader_MF>
<com.prime.inboundProc.PRIME_Inbound_DBLoader_MF intServ="EEMSIIB_PRIME_INBOUND" env="dev" override="InboundMap">PRIME_Inbound_Map</com.prime.inboundProc.PRIME_Inbound_DBLoader_MF>
<com.prime.inboundProc.PRIME_Inbound_DBLoader_MF intServ="EEMSIIB_PRIME_INBOUND" env="dev" override="EEMSIIB.PRIME_INBOUND_SMALL_DBLOAD_IN.queueName">EEMSIIB.PRIME_INBOUND_SMALL_DBLOAD_IN</com.prime.inboundProc.PRIME_Inbound_DBLoader_MF>
<com.prime.inboundProc.PRIME_Inbound_DBLoader_MF intServ="EEMSIIB_PRIME_INBOUND" env="dev" override="EEMSIIB.PRIME_INBOUND_SMALL_DBLOAD_IN.additionalInstances">14</com.prime.inboundProc.PRIME_Inbound_DBLoader_MF>
<com.prime.inboundProc.PRIME_Inbound_DBLoader_MF intServ="EEMSIIB_PRIME_INBOUND" env="dev" override="EEMSIIB.PRIME_ISREADYTOPROCESS_IN.queueName">EEMSIIB.PRIME_ISREADYTOPROCESS_IN</com.prime.inboundProc.PRIME_Inbound_DBLoader_MF>
<com.prime.inboundProc.PRIME_Inbound_DBLoader_MF intServ="EEMSIIB_PRIME_INBOUND" env="dev" override="EEMSIIB.ERRORMESSAGE_DATA.queueName">EEMSIIB.PRIME_ERRORMESSAGE_DATA</com.prime.inboundProc.PRIME_Inbound_DBLoader_MF>
<com.prime.inboundProc.PRIME_Inbound_DBLoader_MF intServ="EEMSIIB_PRIME_INBOUND" env="dev" override="PRIME_ExceptionHandler.BECode">800</com.prime.inboundProc.PRIME_Inbound_DBLoader_MF>
<com.prime.inboundProc.PRIME_Inbound_DBLoader_MF intServ="EEMSIIB_PRIME_INBOUND" env="dev" override="PRIME_ExceptionHandler.ProjNumber">3</com.prime.inboundProc.PRIME_Inbound_DBLoader_MF>
<com.prime.inboundProc.PRIME_Inbound_DBLoader_MF intServ="EEMSIIB_PRIME_INBOUND" env="dev" override="PRIME_ExceptionHandler_Compute.dataSource">EEMS_DB</com.prime.inboundProc.PRIME_Inbound_DBLoader_MF>
<com.prime.inboundProc.PRIME_Inbound_DBLoader_MF intServ="EEMSIIB_PRIME_INBOUND" env="dev" override="brkrList">BKMBT11</com.prime.inboundProc.PRIME_Inbound_DBLoader_MF>
<com.prime.inboundProc.PRIME_Inbound_DBLoader_MF intServ="EEMSIIB_PRIME_INBOUND" env="dev" override="brkrCount">1</com.prime.inboundProc.PRIME_Inbound_DBLoader_MF>
<com.prime.inboundProc.PRIME_Inbound_DBLoader_MF intServ="EEMSIIB_PRIME_INBOUND" env="dev" override="UDP_ApplicationName">PRIME_InboundDBLoad_APP</com.prime.inboundProc.PRIME_Inbound_DBLoader_MF>
<com.prime.inboundProc.PRIME_Inbound_DBLoader_MF intServ="EEMSIIB_PRIME_INBOUND" env="dev" override="UDP_SchemaName">ELECELIG</com.prime.inboundProc.PRIME_Inbound_DBLoader_MF>
<com.prime.inboundProc.PRIME_Inbound_DBLoader_MF intServ="EEMSIIB_PRIME_INBOUND" env="dev" override="Common_AuditInMessage_SF.queueName">EEMSIIB.PRIME_COMMON_AUDITMESSAGE_DATA</com.prime.inboundProc.PRIME_Inbound_DBLoader_MF>
<com.prime.inboundProc.PRIME_Inbound_DBLoader_MF intServ="EEMSIIB_PRIME_INBOUND" env="dev" override="BATCH_FAIL_MODE">FALSE</com.prime.inboundProc.PRIME_Inbound_DBLoader_MF>
<com.prime.inboundProc.PRIME_Inbound_DBLoader_MF intServ="EEMSIIB_PRIME_INBOUND" env="dev" override="sleepTime">1000</com.prime.inboundProc.PRIME_Inbound_DBLoader_MF>
<com.prime.inboundProc.PRIME_Inbound_DBLoader_MF intServ="EEMSIIB_PRIME_INBOUND" env="dev" override="AuditQueue">EEMSIIB.PRIME_COMMON_AUDITMESSAGE_DATA</com.prime.inboundProc.PRIME_Inbound_DBLoader_MF>

<!-- SIT -->

<com.prime.inboundProc.PRIME_Inbound_DBLoader_MF intServ="EEMSIIB_PRIME_INBOUND" env="test" override="additionalInstances">14</com.prime.inboundProc.PRIME_Inbound_DBLoader_MF>
<com.prime.inboundProc.PRIME_Inbound_DBLoader_MF intServ="EEMSIIB_PRIME_INBOUND" env="test" override="DSN">EEMS_DB</com.prime.inboundProc.PRIME_Inbound_DBLoader_MF>
<com.prime.inboundProc.PRIME_Inbound_DBLoader_MF intServ="EEMSIIB_PRIME_INBOUND" env="test" override="CommonMap">PRIME_Common_Map</com.prime.inboundProc.PRIME_Inbound_DBLoader_MF>
<com.prime.inboundProc.PRIME_Inbound_DBLoader_MF intServ="EEMSIIB_PRIME_INBOUND" env="test" override="InboundMap">PRIME_Inbound_Map</com.prime.inboundProc.PRIME_Inbound_DBLoader_MF>
<com.prime.inboundProc.PRIME_Inbound_DBLoader_MF intServ="EEMSIIB_PRIME_INBOUND" env="test" override="EEMSIIB.PRIME_INBOUND_SMALL_DBLOAD_IN.queueName">EEMSIIB.PRIME_INBOUND_SMALL_DBLOAD_IN</com.prime.inboundProc.PRIME_Inbound_DBLoader_MF>
<com.prime.inboundProc.PRIME_Inbound_DBLoader_MF intServ="EEMSIIB_PRIME_INBOUND" env="test" override="EEMSIIB.PRIME_INBOUND_SMALL_DBLOAD_IN.additionalInstances">14</com.prime.inboundProc.PRIME_Inbound_DBLoader_MF>
<com.prime.inboundProc.PRIME_Inbound_DBLoader_MF intServ="EEMSIIB_PRIME_INBOUND" env="test" override="EEMSIIB.PRIME_ISREADYTOPROCESS_IN.queueName">EEMSIIB.PRIME_ISREADYTOPROCESS_IN</com.prime.inboundProc.PRIME_Inbound_DBLoader_MF>
<com.prime.inboundProc.PRIME_Inbound_DBLoader_MF intServ="EEMSIIB_PRIME_INBOUND" env="test" override="EEMSIIB.ERRORMESSAGE_DATA.queueName">EEMSIIB.PRIME_ERRORMESSAGE_DATA</com.prime.inboundProc.PRIME_Inbound_DBLoader_MF>
<com.prime.inboundProc.PRIME_Inbound_DBLoader_MF intServ="EEMSIIB_PRIME_INBOUND" env="test" override="PRIME_ExceptionHandler.BECode">800</com.prime.inboundProc.PRIME_Inbound_DBLoader_MF>
<com.prime.inboundProc.PRIME_Inbound_DBLoader_MF intServ="EEMSIIB_PRIME_INBOUND" env="test" override="PRIME_ExceptionHandler.ProjNumber">3</com.prime.inboundProc.PRIME_Inbound_DBLoader_MF>
<com.prime.inboundProc.PRIME_Inbound_DBLoader_MF intServ="EEMSIIB_PRIME_INBOUND" env="test" override="PRIME_ExceptionHandler_Compute.dataSource">EEMS_DB</com.prime.inboundProc.PRIME_Inbound_DBLoader_MF>
<com.prime.inboundProc.PRIME_Inbound_DBLoader_MF intServ="EEMSIIB_PRIME_INBOUND" env="test" override="brkrList">BKMBS11</com.prime.inboundProc.PRIME_Inbound_DBLoader_MF>
<com.prime.inboundProc.PRIME_Inbound_DBLoader_MF intServ="EEMSIIB_PRIME_INBOUND" env="test" override="brkrCount">1</com.prime.inboundProc.PRIME_Inbound_DBLoader_MF>
<com.prime.inboundProc.PRIME_Inbound_DBLoader_MF intServ="EEMSIIB_PRIME_INBOUND" env="test" override="UDP_ApplicationName">PRIME_InboundDBLoad_APP</com.prime.inboundProc.PRIME_Inbound_DBLoader_MF>
<com.prime.inboundProc.PRIME_Inbound_DBLoader_MF intServ="EEMSIIB_PRIME_INBOUND" env="test" override="UDP_SchemaName">ELECELIG</com.prime.inboundProc.PRIME_Inbound_DBLoader_MF>
<com.prime.inboundProc.PRIME_Inbound_DBLoader_MF intServ="EEMSIIB_PRIME_INBOUND" env="test" override="Common_AuditInMessage_SF.queueName">EEMSIIB.PRIME_COMMON_AUDITMESSAGE_DATA</com.prime.inboundProc.PRIME_Inbound_DBLoader_MF>
<com.prime.inboundProc.PRIME_Inbound_DBLoader_MF intServ="EEMSIIB_PRIME_INBOUND" env="test" override="BATCH_FAIL_MODE">FALSE</com.prime.inboundProc.PRIME_Inbound_DBLoader_MF>
<com.prime.inboundProc.PRIME_Inbound_DBLoader_MF intServ="EEMSIIB_PRIME_INBOUND" env="test" override="sleepTime">1000</com.prime.inboundProc.PRIME_Inbound_DBLoader_MF>
<com.prime.inboundProc.PRIME_Inbound_DBLoader_MF intServ="EEMSIIB_PRIME_INBOUND" env="test" override="AuditQueue">EEMSIIB.PRIME_COMMON_AUDITMESSAGE_DATA</com.prime.inboundProc.PRIME_Inbound_DBLoader_MF>

<!-- SIT-Bravo -->

<com.prime.inboundProc.PRIME_Inbound_DBLoader_MF intServ="EEMSIIB_PRIME_INBOUND" env="test2" override="additionalInstances">14</com.prime.inboundProc.PRIME_Inbound_DBLoader_MF>
<com.prime.inboundProc.PRIME_Inbound_DBLoader_MF intServ="EEMSIIB_PRIME_INBOUND" env="test2" override="DSN">EEMS_DB</com.prime.inboundProc.PRIME_Inbound_DBLoader_MF>
<com.prime.inboundProc.PRIME_Inbound_DBLoader_MF intServ="EEMSIIB_PRIME_INBOUND" env="test2" override="CommonMap">PRIME_Common_Map</com.prime.inboundProc.PRIME_Inbound_DBLoader_MF>
<com.prime.inboundProc.PRIME_Inbound_DBLoader_MF intServ="EEMSIIB_PRIME_INBOUND" env="test2" override="InboundMap">PRIME_Inbound_Map</com.prime.inboundProc.PRIME_Inbound_DBLoader_MF>
<com.prime.inboundProc.PRIME_Inbound_DBLoader_MF intServ="EEMSIIB_PRIME_INBOUND" env="test2" override="EEMSIIB.PRIME_INBOUND_DBLOAD_IN.queueName">EEMSIIB.PRIME_INBOUND_SMALL_DBLOAD_IN</com.prime.inboundProc.PRIME_Inbound_DBLoader_MF>
<com.prime.inboundProc.PRIME_Inbound_DBLoader_MF intServ="EEMSIIB_PRIME_INBOUND" env="test2" override="EEMSIIB.PRIME_INBOUND_SMALL_DBLOAD_IN.additionalInstances">14</com.prime.inboundProc.PRIME_Inbound_DBLoader_MF>
<com.prime.inboundProc.PRIME_Inbound_DBLoader_MF intServ="EEMSIIB_PRIME_INBOUND" env="test2" override="EEMSIIB.PRIME_ISREADYTOPROCESS_IN.queueName">EEMSIIB.PRIME_ISREADYTOPROCESS_IN</com.prime.inboundProc.PRIME_Inbound_DBLoader_MF>
<com.prime.inboundProc.PRIME_Inbound_DBLoader_MF intServ="EEMSIIB_PRIME_INBOUND" env="test2" override="EEMSIIB.ERRORMESSAGE_DATA.queueName">EEMSIIB.PRIME_ERRORMESSAGE_DATA</com.prime.inboundProc.PRIME_Inbound_DBLoader_MF>
<com.prime.inboundProc.PRIME_Inbound_DBLoader_MF intServ="EEMSIIB_PRIME_INBOUND" env="test2" override="PRIME_ExceptionHandler.BECode">800</com.prime.inboundProc.PRIME_Inbound_DBLoader_MF>
<com.prime.inboundProc.PRIME_Inbound_DBLoader_MF intServ="EEMSIIB_PRIME_INBOUND" env="test2" override="PRIME_ExceptionHandler.ProjNumber">3</com.prime.inboundProc.PRIME_Inbound_DBLoader_MF>
<com.prime.inboundProc.PRIME_Inbound_DBLoader_MF intServ="EEMSIIB_PRIME_INBOUND" env="test2" override="PRIME_ExceptionHandler_Compute.dataSource">EEMS_DB</com.prime.inboundProc.PRIME_Inbound_DBLoader_MF>
<com.prime.inboundProc.PRIME_Inbound_DBLoader_MF intServ="EEMSIIB_PRIME_INBOUND" env="test2" override="brkrList">BKMBS12</com.prime.inboundProc.PRIME_Inbound_DBLoader_MF>
<com.prime.inboundProc.PRIME_Inbound_DBLoader_MF intServ="EEMSIIB_PRIME_INBOUND" env="test2" override="brkrCount">1</com.prime.inboundProc.PRIME_Inbound_DBLoader_MF>
<com.prime.inboundProc.PRIME_Inbound_DBLoader_MF intServ="EEMSIIB_PRIME_INBOUND" env="test2" override="UDP_ApplicationName">PRIME_InboundDBLoad_APP</com.prime.inboundProc.PRIME_Inbound_DBLoader_MF>
<com.prime.inboundProc.PRIME_Inbound_DBLoader_MF intServ="EEMSIIB_PRIME_INBOUND" env="test2" override="UDP_SchemaName">ELECELIG</com.prime.inboundProc.PRIME_Inbound_DBLoader_MF>
<com.prime.inboundProc.PRIME_Inbound_DBLoader_MF intServ="EEMSIIB_PRIME_INBOUND" env="test2" override="Common_AuditInMessage_SF.queueName">EEMSIIB.PRIME_COMMON_AUDITMESSAGE_DATA</com.prime.inboundProc.PRIME_Inbound_DBLoader_MF>
<com.prime.inboundProc.PRIME_Inbound_DBLoader_MF intServ="EEMSIIB_PRIME_INBOUND" env="test2" override="BATCH_FAIL_MODE">FALSE</com.prime.inboundProc.PRIME_Inbound_DBLoader_MF>
<com.prime.inboundProc.PRIME_Inbound_DBLoader_MF intServ="EEMSIIB_PRIME_INBOUND" env="test2" override="sleepTime">1000</com.prime.inboundProc.PRIME_Inbound_DBLoader_MF>
<com.prime.inboundProc.PRIME_Inbound_DBLoader_MF intServ="EEMSIIB_PRIME_INBOUND" env="test2" override="AuditQueue">EEMSIIB.PRIME_COMMON_AUDITMESSAGE_DATA</com.prime.inboundProc.PRIME_Inbound_DBLoader_MF>
<!-- UAT -->

<com.prime.inboundProc.PRIME_Inbound_DBLoader_MF intServ="EEMSIIB_PRIME_INBOUND" env="uat" override="additionalInstances">14</com.prime.inboundProc.PRIME_Inbound_DBLoader_MF>
<com.prime.inboundProc.PRIME_Inbound_DBLoader_MF intServ="EEMSIIB_PRIME_INBOUND" env="uat" override="DSN">EEMS_DB</com.prime.inboundProc.PRIME_Inbound_DBLoader_MF>
<com.prime.inboundProc.PRIME_Inbound_DBLoader_MF intServ="EEMSIIB_PRIME_INBOUND" env="uat" override="CommonMap">PRIME_Common_Map</com.prime.inboundProc.PRIME_Inbound_DBLoader_MF>
<com.prime.inboundProc.PRIME_Inbound_DBLoader_MF intServ="EEMSIIB_PRIME_INBOUND" env="uat" override="InboundMap">PRIME_Inbound_Map</com.prime.inboundProc.PRIME_Inbound_DBLoader_MF>
<com.prime.inboundProc.PRIME_Inbound_DBLoader_MF intServ="EEMSIIB_PRIME_INBOUND" env="uat" override="EEMSIIB.PRIME_INBOUND_SMALL_DBLOAD_IN.queueName">EEMSIIB.PRIME_INBOUND_SMALL_DBLOAD_IN</com.prime.inboundProc.PRIME_Inbound_DBLoader_MF>
<com.prime.inboundProc.PRIME_Inbound_DBLoader_MF intServ="EEMSIIB_PRIME_INBOUND" env="uat" override="EEMSIIB.PRIME_INBOUND_SMALL_DBLOAD_IN.additionalInstances">14</com.prime.inboundProc.PRIME_Inbound_DBLoader_MF>
<com.prime.inboundProc.PRIME_Inbound_DBLoader_MF intServ="EEMSIIB_PRIME_INBOUND" env="uat" override="EEMSIIB.PRIME_ISREADYTOPROCESS_IN.queueName">EEMSIIB.PRIME_ISREADYTOPROCESS_IN</com.prime.inboundProc.PRIME_Inbound_DBLoader_MF>
<com.prime.inboundProc.PRIME_Inbound_DBLoader_MF intServ="EEMSIIB_PRIME_INBOUND" env="uat" override="EEMSIIB.ERRORMESSAGE_DATA.queueName">EEMSIIB.PRIME_ERRORMESSAGE_DATA</com.prime.inboundProc.PRIME_Inbound_DBLoader_MF>
<com.prime.inboundProc.PRIME_Inbound_DBLoader_MF intServ="EEMSIIB_PRIME_INBOUND" env="uat" override="PRIME_ExceptionHandler.BECode">800</com.prime.inboundProc.PRIME_Inbound_DBLoader_MF>
<com.prime.inboundProc.PRIME_Inbound_DBLoader_MF intServ="EEMSIIB_PRIME_INBOUND" env="uat" override="PRIME_ExceptionHandler.ProjNumber">3</com.prime.inboundProc.PRIME_Inbound_DBLoader_MF>
<com.prime.inboundProc.PRIME_Inbound_DBLoader_MF intServ="EEMSIIB_PRIME_INBOUND" env="uat" override="PRIME_ExceptionHandler_Compute.dataSource">EEMS_DB</com.prime.inboundProc.PRIME_Inbound_DBLoader_MF>
<com.prime.inboundProc.PRIME_Inbound_DBLoader_MF intServ="EEMSIIB_PRIME_INBOUND" env="uat" override="brkrList">BKMBRA11</com.prime.inboundProc.PRIME_Inbound_DBLoader_MF>
<com.prime.inboundProc.PRIME_Inbound_DBLoader_MF intServ="EEMSIIB_PRIME_INBOUND" env="uat" override="brkrCount">1</com.prime.inboundProc.PRIME_Inbound_DBLoader_MF>
<com.prime.inboundProc.PRIME_Inbound_DBLoader_MF intServ="EEMSIIB_PRIME_INBOUND" env="uat" override="UDP_ApplicationName">PRIME_InboundDBLoad_APP</com.prime.inboundProc.PRIME_Inbound_DBLoader_MF>
<com.prime.inboundProc.PRIME_Inbound_DBLoader_MF intServ="EEMSIIB_PRIME_INBOUND" env="uat" override="UDP_SchemaName">ELECELIG</com.prime.inboundProc.PRIME_Inbound_DBLoader_MF>
<com.prime.inboundProc.PRIME_Inbound_DBLoader_MF intServ="EEMSIIB_PRIME_INBOUND" env="uat" override="Common_AuditInMessage_SF.queueName">EEMSIIB.PRIME_COMMON_AUDITMESSAGE_DATA</com.prime.inboundProc.PRIME_Inbound_DBLoader_MF>
<com.prime.inboundProc.PRIME_Inbound_DBLoader_MF intServ="EEMSIIB_PRIME_INBOUND" env="uat" override="BATCH_FAIL_MODE">FALSE</com.prime.inboundProc.PRIME_Inbound_DBLoader_MF>
<com.prime.inboundProc.PRIME_Inbound_DBLoader_MF intServ="EEMSIIB_PRIME_INBOUND" env="uat" override="sleepTime">1000</com.prime.inboundProc.PRIME_Inbound_DBLoader_MF>
<com.prime.inboundProc.PRIME_Inbound_DBLoader_MF intServ="EEMSIIB_PRIME_INBOUND" env="uat" override="AuditQueue">EEMSIIB.PRIME_COMMON_AUDITMESSAGE_DATA</com.prime.inboundProc.PRIME_Inbound_DBLoader_MF>


<!-- UAT  Bravo -->

<com.prime.inboundProc.PRIME_Inbound_DBLoader_MF intServ="EEMSIIB_PRIME_INBOUND" env="uat-bravo" override="additionalInstances">14</com.prime.inboundProc.PRIME_Inbound_DBLoader_MF>
<com.prime.inboundProc.PRIME_Inbound_DBLoader_MF intServ="EEMSIIB_PRIME_INBOUND" env="uat-bravo" override="DSN">EEMS_DB</com.prime.inboundProc.PRIME_Inbound_DBLoader_MF>
<com.prime.inboundProc.PRIME_Inbound_DBLoader_MF intServ="EEMSIIB_PRIME_INBOUND" env="uat-bravo" override="CommonMap">PRIME_Common_Map</com.prime.inboundProc.PRIME_Inbound_DBLoader_MF>
<com.prime.inboundProc.PRIME_Inbound_DBLoader_MF intServ="EEMSIIB_PRIME_INBOUND" env="uat-bravo" override="InboundMap">PRIME_Inbound_Map</com.prime.inboundProc.PRIME_Inbound_DBLoader_MF>
<com.prime.inboundProc.PRIME_Inbound_DBLoader_MF intServ="EEMSIIB_PRIME_INBOUND" env="uat-bravo" override="EEMSIIB.PRIME_INBOUND_SMALL_DBLOAD_IN.queueName">EEMSIIB.PRIME_INBOUND_SMALL_DBLOAD_IN</com.prime.inboundProc.PRIME_Inbound_DBLoader_MF>
<com.prime.inboundProc.PRIME_Inbound_DBLoader_MF intServ="EEMSIIB_PRIME_INBOUND" env="uat-bravo" override="EEMSIIB.PRIME_INBOUND_SMALL_DBLOAD_IN.additionalInstances">14</com.prime.inboundProc.PRIME_Inbound_DBLoader_MF>
<com.prime.inboundProc.PRIME_Inbound_DBLoader_MF intServ="EEMSIIB_PRIME_INBOUND" env="uat-bravo" override="EEMSIIB.PRIME_ISREADYTOPROCESS_IN.queueName">EEMSIIB.PRIME_ISREADYTOPROCESS_IN</com.prime.inboundProc.PRIME_Inbound_DBLoader_MF>
<com.prime.inboundProc.PRIME_Inbound_DBLoader_MF intServ="EEMSIIB_PRIME_INBOUND" env="uat-bravo" override="EEMSIIB.ERRORMESSAGE_DATA.queueName">EEMSIIB.PRIME_ERRORMESSAGE_DATA</com.prime.inboundProc.PRIME_Inbound_DBLoader_MF>
<com.prime.inboundProc.PRIME_Inbound_DBLoader_MF intServ="EEMSIIB_PRIME_INBOUND" env="uat-bravo" override="PRIME_ExceptionHandler.BECode">800</com.prime.inboundProc.PRIME_Inbound_DBLoader_MF>
<com.prime.inboundProc.PRIME_Inbound_DBLoader_MF intServ="EEMSIIB_PRIME_INBOUND" env="uat-bravo" override="PRIME_ExceptionHandler.ProjNumber">3</com.prime.inboundProc.PRIME_Inbound_DBLoader_MF>
<com.prime.inboundProc.PRIME_Inbound_DBLoader_MF intServ="EEMSIIB_PRIME_INBOUND" env="uat-bravo" override="PRIME_ExceptionHandler_Compute.dataSource">EEMS_DB</com.prime.inboundProc.PRIME_Inbound_DBLoader_MF>
<com.prime.inboundProc.PRIME_Inbound_DBLoader_MF intServ="EEMSIIB_PRIME_INBOUND" env="uat-bravo" override="brkrList">BKMBRB11</com.prime.inboundProc.PRIME_Inbound_DBLoader_MF>
<com.prime.inboundProc.PRIME_Inbound_DBLoader_MF intServ="EEMSIIB_PRIME_INBOUND" env="uat-bravo" override="brkrCount">1</com.prime.inboundProc.PRIME_Inbound_DBLoader_MF>
<com.prime.inboundProc.PRIME_Inbound_DBLoader_MF intServ="EEMSIIB_PRIME_INBOUND" env="uat-bravo" override="UDP_ApplicationName">PRIME_InboundDBLoad_APP</com.prime.inboundProc.PRIME_Inbound_DBLoader_MF>
<com.prime.inboundProc.PRIME_Inbound_DBLoader_MF intServ="EEMSIIB_PRIME_INBOUND" env="uat-bravo" override="UDP_SchemaName">ELECELIG</com.prime.inboundProc.PRIME_Inbound_DBLoader_MF>
<com.prime.inboundProc.PRIME_Inbound_DBLoader_MF intServ="EEMSIIB_PRIME_INBOUND" env="uat-bravo" override="Common_AuditInMessage_SF.queueName">EEMSIIB.PRIME_COMMON_AUDITMESSAGE_DATA</com.prime.inboundProc.PRIME_Inbound_DBLoader_MF>
<com.prime.inboundProc.PRIME_Inbound_DBLoader_MF intServ="EEMSIIB_PRIME_INBOUND" env="uat-bravo" override="BATCH_FAIL_MODE">FALSE</com.prime.inboundProc.PRIME_Inbound_DBLoader_MF>
<com.prime.inboundProc.PRIME_Inbound_DBLoader_MF intServ="EEMSIIB_PRIME_INBOUND" env="uat-bravo" override="sleepTime">1000</com.prime.inboundProc.PRIME_Inbound_DBLoader_MF>
<com.prime.inboundProc.PRIME_Inbound_DBLoader_MF intServ="EEMSIIB_PRIME_INBOUND" env="uat-bravo" override="AuditQueue">EEMSIIB.PRIME_COMMON_AUDITMESSAGE_DATA</com.prime.inboundProc.PRIME_Inbound_DBLoader_MF>

<!--      STAGE      -->

<com.prime.inboundProc.PRIME_Inbound_DBLoader_MF intServ="EEMSIIB_PRIME_APPS" env="stage" override="additionalInstances">14</com.prime.inboundProc.PRIME_Inbound_DBLoader_MF>
<com.prime.inboundProc.PRIME_Inbound_DBLoader_MF intServ="EEMSIIB_PRIME_APPS" env="stage" override="DSN">EEMS_DB</com.prime.inboundProc.PRIME_Inbound_DBLoader_MF>
<com.prime.inboundProc.PRIME_Inbound_DBLoader_MF intServ="EEMSIIB_PRIME_APPS" env="stage" override="CommonMap">PRIME_Common_Map</com.prime.inboundProc.PRIME_Inbound_DBLoader_MF>
<com.prime.inboundProc.PRIME_Inbound_DBLoader_MF intServ="EEMSIIB_PRIME_APPS" env="stage" override="InboundMap">PRIME_Inbound_Map</com.prime.inboundProc.PRIME_Inbound_DBLoader_MF>
<com.prime.inboundProc.PRIME_Inbound_DBLoader_MF intServ="EEMSIIB_PRIME_APPS" env="stage" override="EEMSIIB.PRIME_INBOUND_SMALL_DBLOAD_IN.queueName">EEMSIIB.PRIME_INBOUND_SMALL_DBLOAD_IN</com.prime.inboundProc.PRIME_Inbound_DBLoader_MF>
<com.prime.inboundProc.PRIME_Inbound_DBLoader_MF intServ="EEMSIIB_PRIME_APPS" env="stage" override="EEMSIIB.PRIME_INBOUND_SMALL_DBLOAD_IN.additionalInstances">14</com.prime.inboundProc.PRIME_Inbound_DBLoader_MF>
<com.prime.inboundProc.PRIME_Inbound_DBLoader_MF intServ="EEMSIIB_PRIME_APPS" env="stage" override="EEMSIIB.PRIME_ISREADYTOPROCESS_IN.queueName">EEMSIIB.PRIME_ISREADYTOPROCESS_IN</com.prime.inboundProc.PRIME_Inbound_DBLoader_MF>
<com.prime.inboundProc.PRIME_Inbound_DBLoader_MF intServ="EEMSIIB_PRIME_APPS" env="stage" override="EEMSIIB.ERRORMESSAGE_DATA.queueName">EEMSIIB.PRIME_ERRORMESSAGE_DATA</com.prime.inboundProc.PRIME_Inbound_DBLoader_MF>
<com.prime.inboundProc.PRIME_Inbound_DBLoader_MF intServ="EEMSIIB_PRIME_APPS" env="stage" override="PRIME_ExceptionHandler.BECode">800</com.prime.inboundProc.PRIME_Inbound_DBLoader_MF>
<com.prime.inboundProc.PRIME_Inbound_DBLoader_MF intServ="EEMSIIB_PRIME_APPS" env="stage" override="PRIME_ExceptionHandler.ProjNumber">3</com.prime.inboundProc.PRIME_Inbound_DBLoader_MF>
<com.prime.inboundProc.PRIME_Inbound_DBLoader_MF intServ="EEMSIIB_PRIME_APPS" env="stage" override="PRIME_ExceptionHandler_Compute.dataSource">EEMS_DB</com.prime.inboundProc.PRIME_Inbound_DBLoader_MF>
<com.prime.inboundProc.PRIME_Inbound_DBLoader_MF intServ="EEMSIIB_PRIME_APPS" env="stage" override="brkrList">BKMBRM11_BKMBRM12_BKMBRM13</com.prime.inboundProc.PRIME_Inbound_DBLoader_MF>
<com.prime.inboundProc.PRIME_Inbound_DBLoader_MF intServ="EEMSIIB_PRIME_APPS" env="stage" override="brkrCount">3</com.prime.inboundProc.PRIME_Inbound_DBLoader_MF>
<com.prime.inboundProc.PRIME_Inbound_DBLoader_MF intServ="EEMSIIB_PRIME_APPS" env="stage" override="UDP_ApplicationName">PRIME_InboundDBLoad_APP</com.prime.inboundProc.PRIME_Inbound_DBLoader_MF>
<com.prime.inboundProc.PRIME_Inbound_DBLoader_MF intServ="EEMSIIB_PRIME_APPS" env="stage" override="UDP_SchemaName">ELECELIG</com.prime.inboundProc.PRIME_Inbound_DBLoader_MF>
<com.prime.inboundProc.PRIME_Inbound_DBLoader_MF intServ="EEMSIIB_PRIME_APPS" env="stage" override="Common_AuditInMessage_SF.queueName">EEMSIIB.PRIME_COMMON_AUDITMESSAGE_DATA</com.prime.inboundProc.PRIME_Inbound_DBLoader_MF>
<com.prime.inboundProc.PRIME_Inbound_DBLoader_MF intServ="EEMSIIB_PRIME_APPS" env="stage" override="BATCH_FAIL_MODE">FALSE</com.prime.inboundProc.PRIME_Inbound_DBLoader_MF>
<com.prime.inboundProc.PRIME_Inbound_DBLoader_MF intServ="EEMSIIB_PRIME_APPS" env="stage" override="sleepTime">1000</com.prime.inboundProc.PRIME_Inbound_DBLoader_MF>
<com.prime.inboundProc.PRIME_Inbound_DBLoader_MF intServ="EEMSIIB_PRIME_APPS" env="stage" override="AuditQueue">EEMSIIB.PRIME_COMMON_AUDITMESSAGE_DATA</com.prime.inboundProc.PRIME_Inbound_DBLoader_MF>

<!-- ADOPTION  -->

<com.prime.inboundProc.PRIME_Inbound_DBLoader_MF intServ="EEMSIIB_PRIME_APPS" env="adopt" override="additionalInstances">14</com.prime.inboundProc.PRIME_Inbound_DBLoader_MF>
<com.prime.inboundProc.PRIME_Inbound_DBLoader_MF intServ="EEMSIIB_PRIME_APPS" env="adopt" override="DSN">EEMS_DB</com.prime.inboundProc.PRIME_Inbound_DBLoader_MF>
<com.prime.inboundProc.PRIME_Inbound_DBLoader_MF intServ="EEMSIIB_PRIME_APPS" env="adopt" override="CommonMap">PRIME_Common_Map</com.prime.inboundProc.PRIME_Inbound_DBLoader_MF>
<com.prime.inboundProc.PRIME_Inbound_DBLoader_MF intServ="EEMSIIB_PRIME_APPS" env="adopt" override="InboundMap">PRIME_Inbound_Map</com.prime.inboundProc.PRIME_Inbound_DBLoader_MF>
<com.prime.inboundProc.PRIME_Inbound_DBLoader_MF intServ="EEMSIIB_PRIME_APPS" env="adopt" override="EEMSIIB.PRIME_INBOUND_SMALL_DBLOAD_IN.queueName">EEMSIIB.ADP.PRIME_INBOUND_SMALL_DBLOAD_IN</com.prime.inboundProc.PRIME_Inbound_DBLoader_MF>
<com.prime.inboundProc.PRIME_Inbound_DBLoader_MF intServ="EEMSIIB_PRIME_APPS" env="adopt" override="EEMSIIB.PRIME_INBOUND_SMALL_DBLOAD_IN.additionalInstances">14</com.prime.inboundProc.PRIME_Inbound_DBLoader_MF>
<com.prime.inboundProc.PRIME_Inbound_DBLoader_MF intServ="EEMSIIB_PRIME_APPS" env="adopt" override="EEMSIIB.PRIME_ISREADYTOPROCESS_IN.queueName">EEMSIIB.ADP.PRIME_ISREADYTOPROCESS_IN</com.prime.inboundProc.PRIME_Inbound_DBLoader_MF>
<com.prime.inboundProc.PRIME_Inbound_DBLoader_MF intServ="EEMSIIB_PRIME_APPS" env="adopt" override="EEMSIIB.ERRORMESSAGE_DATA.queueName">EEMSIIB.ADP.PRIME_ERRORMESSAGE_DATA</com.prime.inboundProc.PRIME_Inbound_DBLoader_MF>
<com.prime.inboundProc.PRIME_Inbound_DBLoader_MF intServ="EEMSIIB_PRIME_APPS" env="adopt" override="PRIME_ExceptionHandler.BECode">800</com.prime.inboundProc.PRIME_Inbound_DBLoader_MF>
<com.prime.inboundProc.PRIME_Inbound_DBLoader_MF intServ="EEMSIIB_PRIME_APPS" env="adopt" override="PRIME_ExceptionHandler.ProjNumber">3</com.prime.inboundProc.PRIME_Inbound_DBLoader_MF>
<com.prime.inboundProc.PRIME_Inbound_DBLoader_MF intServ="EEMSIIB_PRIME_APPS" env="adopt" override="PRIME_ExceptionHandler_Compute.dataSource">EEMS_DB</com.prime.inboundProc.PRIME_Inbound_DBLoader_MF>
<com.prime.inboundProc.PRIME_Inbound_DBLoader_MF intServ="EEMSIIB_PRIME_APPS" env="adopt" override="brkrList">BKMBPD07_BKMBPD08</com.prime.inboundProc.PRIME_Inbound_DBLoader_MF>
<com.prime.inboundProc.PRIME_Inbound_DBLoader_MF intServ="EEMSIIB_PRIME_APPS" env="adopt" override="brkrCount">2</com.prime.inboundProc.PRIME_Inbound_DBLoader_MF>
<com.prime.inboundProc.PRIME_Inbound_DBLoader_MF intServ="EEMSIIB_PRIME_APPS" env="adopt" override="UDP_ApplicationName">PRIME_InboundDBLoad_APP</com.prime.inboundProc.PRIME_Inbound_DBLoader_MF>
<com.prime.inboundProc.PRIME_Inbound_DBLoader_MF intServ="EEMSIIB_PRIME_APPS" env="adopt" override="UDP_SchemaName">ELECELIG</com.prime.inboundProc.PRIME_Inbound_DBLoader_MF>
<com.prime.inboundProc.PRIME_Inbound_DBLoader_MF intServ="EEMSIIB_PRIME_APPS" env="adopt" override="EEMS_AuditInMessage.queueName">EEMSIIB.ADP.PRIME_COMMON_AUDITMESSAGE_DATA</com.prime.inboundProc.PRIME_Inbound_DBLoader_MF>
<com.prime.inboundProc.PRIME_Inbound_DBLoader_MF intServ="EEMSIIB_PRIME_APPS" env="adopt" override="BATCH_FAIL_MODE">FALSE</com.prime.inboundProc.PRIME_Inbound_DBLoader_MF>
<com.prime.inboundProc.PRIME_Inbound_DBLoader_MF intServ="EEMSIIB_PRIME_APPS" env="adopt" override="sleepTime">1000</com.prime.inboundProc.PRIME_Inbound_DBLoader_MF>
<com.prime.inboundProc.PRIME_Inbound_DBLoader_MF intServ="EEMSIIB_PRIME_APPS" env="adopt" override="AuditQueue">EEMSIIB.ADP.PRIME_COMMON_AUDITMESSAGE_DATA</com.prime.inboundProc.PRIME_Inbound_DBLoader_MF>

<!--  PRODUCTION -->

<com.prime.inboundProc.PRIME_Inbound_DBLoader_MF intServ="EEMSIIB_PRIME_APPS" env="prod" override="additionalInstances">14</com.prime.inboundProc.PRIME_Inbound_DBLoader_MF>
<com.prime.inboundProc.PRIME_Inbound_DBLoader_MF intServ="EEMSIIB_PRIME_APPS" env="prod" override="DSN">EEMS_DB</com.prime.inboundProc.PRIME_Inbound_DBLoader_MF>
<com.prime.inboundProc.PRIME_Inbound_DBLoader_MF intServ="EEMSIIB_PRIME_APPS" env="prod" override="CommonMap">PRIME_Common_Map</com.prime.inboundProc.PRIME_Inbound_DBLoader_MF>
<com.prime.inboundProc.PRIME_Inbound_DBLoader_MF intServ="EEMSIIB_PRIME_APPS" env="prod" override="InboundMap">PRIME_Inbound_Map</com.prime.inboundProc.PRIME_Inbound_DBLoader_MF>
<com.prime.inboundProc.PRIME_Inbound_DBLoader_MF intServ="EEMSIIB_PRIME_APPS" env="prod" override="EEMSIIB.PRIME_INBOUND_SMALL_DBLOAD_IN.queueName">EEMSIIB.PRIME_INBOUND_SMALL_DBLOAD_IN</com.prime.inboundProc.PRIME_Inbound_DBLoader_MF>
<com.prime.inboundProc.PRIME_Inbound_DBLoader_MF intServ="EEMSIIB_PRIME_APPS" env="prod" override="EEMSIIB.PRIME_INBOUND_SMALL_DBLOAD_IN.additionalInstances">14</com.prime.inboundProc.PRIME_Inbound_DBLoader_MF>
<com.prime.inboundProc.PRIME_Inbound_DBLoader_MF intServ="EEMSIIB_PRIME_APPS" env="prod" override="EEMSIIB.PRIME_ISREADYTOPROCESS_IN.queueName">EEMSIIB.PRIME_ISREADYTOPROCESS_IN</com.prime.inboundProc.PRIME_Inbound_DBLoader_MF>
<com.prime.inboundProc.PRIME_Inbound_DBLoader_MF intServ="EEMSIIB_PRIME_APPS" env="prod" override="EEMSIIB.ERRORMESSAGE_DATA.queueName">EEMSIIB.PRIME_ERRORMESSAGE_DATA</com.prime.inboundProc.PRIME_Inbound_DBLoader_MF>
<com.prime.inboundProc.PRIME_Inbound_DBLoader_MF intServ="EEMSIIB_PRIME_APPS" env="prod" override="PRIME_ExceptionHandler.BECode">800</com.prime.inboundProc.PRIME_Inbound_DBLoader_MF>
<com.prime.inboundProc.PRIME_Inbound_DBLoader_MF intServ="EEMSIIB_PRIME_APPS" env="prod" override="PRIME_ExceptionHandler.ProjNumber">3</com.prime.inboundProc.PRIME_Inbound_DBLoader_MF>
<com.prime.inboundProc.PRIME_Inbound_DBLoader_MF intServ="EEMSIIB_PRIME_APPS" env="prod" override="PRIME_ExceptionHandler_Compute.dataSource">EEMS_DB</com.prime.inboundProc.PRIME_Inbound_DBLoader_MF>
<com.prime.inboundProc.PRIME_Inbound_DBLoader_MF intServ="EEMSIIB_PRIME_APPS" env="prod" override="brkrList">BKMBPD15_BKMBPD16_BKMBPD30_BKMBPD31</com.prime.inboundProc.PRIME_Inbound_DBLoader_MF>
<com.prime.inboundProc.PRIME_Inbound_DBLoader_MF intServ="EEMSIIB_PRIME_APPS" env="prod" override="brkrCount">4</com.prime.inboundProc.PRIME_Inbound_DBLoader_MF>
<com.prime.inboundProc.PRIME_Inbound_DBLoader_MF intServ="EEMSIIB_PRIME_APPS" env="prod" override="UDP_ApplicationName">PRIME_InboundDBLoad_APP</com.prime.inboundProc.PRIME_Inbound_DBLoader_MF>
<com.prime.inboundProc.PRIME_Inbound_DBLoader_MF intServ="EEMSIIB_PRIME_APPS" env="prod" override="UDP_SchemaName">ELECELIG</com.prime.inboundProc.PRIME_Inbound_DBLoader_MF>
<com.prime.inboundProc.PRIME_Inbound_DBLoader_MF intServ="EEMSIIB_PRIME_APPS" env="prod" override="Common_AuditInMessage_SF.queueName">EEMSIIB.PRIME_COMMON_AUDITMESSAGE_DATA</com.prime.inboundProc.PRIME_Inbound_DBLoader_MF>
<com.prime.inboundProc.PRIME_Inbound_DBLoader_MF intServ="EEMSIIB_PRIME_APPS" env="prod" override="BATCH_FAIL_MODE">FALSE</com.prime.inboundProc.PRIME_Inbound_DBLoader_MF>
<com.prime.inboundProc.PRIME_Inbound_DBLoader_MF intServ="EEMSIIB_PRIME_APPS" env="prod" override="sleepTime">1000</com.prime.inboundProc.PRIME_Inbound_DBLoader_MF>
<com.prime.inboundProc.PRIME_Inbound_DBLoader_MF intServ="EEMSIIB_PRIME_APPS" env="prod" override="AuditQueue">EEMSIIB.PRIME_COMMON_AUDITMESSAGE_DATA</com.prime.inboundProc.PRIME_Inbound_DBLoader_MF>

</Broker>
