<?xml version="1.0" encoding="UTF-8"?>
<Broker>

	<!--DEV-->
	<com.eems.globalcache.EEMS_GlobalCacheAccess_Flow intServ="EEMSIIB_GPSCSP_COMMON_CONFIG" env="dev" override="EEMS_ReadINB_xml.inputDirectory">/eems/iib/common/globalcache</com.eems.globalcache.EEMS_GlobalCacheAccess_Flow>
	<com.eems.globalcache.EEMS_GlobalCacheAccess_Flow intServ="EEMSIIB_GPSCSP_COMMON_CONFIG" env="dev" override="EEMS_ReadINB_xml.filenamePattern">GPSCSPCache*.xml</com.eems.globalcache.EEMS_GlobalCacheAccess_Flow>
	<com.eems.globalcache.EEMS_GlobalCacheAccess_Flow intServ="EEMSIIB_GPSCSP_COMMON_CONFIG" env="dev" override="Common_AuditInMessage_SF.queueName">EEMSIIB.GPSCSP_COMMON_AUDITMESSAGE_DATA</com.eems.globalcache.EEMS_GlobalCacheAccess_Flow>

	<com.eems.globalcache.EEMS_GlobalCacheAccess_Flow intServ="EEMSIIB_COMMON_APPLICATIONS" env="dev" override="EEMS_ReadINB_xml.inputDirectory">/eems/iib/common/globalcache</com.eems.globalcache.EEMS_GlobalCacheAccess_Flow>
	<com.eems.globalcache.EEMS_GlobalCacheAccess_Flow intServ="EEMSIIB_COMMON_APPLICATIONS" env="dev" override="EEMS_ReadINB_xml.filenamePattern">CDBCache*.xml</com.eems.globalcache.EEMS_GlobalCacheAccess_Flow>
	<com.eems.globalcache.EEMS_GlobalCacheAccess_Flow intServ="EEMSIIB_COMMON_APPLICATIONS" env="dev" override="Common_AuditInMessage_SF.queueName">EEMSIIB.COMMON_AUDITMESSAGE_DATA</com.eems.globalcache.EEMS_GlobalCacheAccess_Flow>

	<com.eems.globalcache.EEMS_GlobalCacheAccess_Flow intServ="EEMSIIB_GPS_COMMON_CONFIG" env="dev" override="EEMS_ReadINB_xml.inputDirectory">/eems/iib/common/globalcache</com.eems.globalcache.EEMS_GlobalCacheAccess_Flow>
	<com.eems.globalcache.EEMS_GlobalCacheAccess_Flow intServ="EEMSIIB_GPS_COMMON_CONFIG" env="dev" override="EEMS_ReadINB_xml.filenamePattern">GPSCache*.xml</com.eems.globalcache.EEMS_GlobalCacheAccess_Flow>
	<com.eems.globalcache.EEMS_GlobalCacheAccess_Flow intServ="EEMSIIB_GPS_COMMON_CONFIG" env="dev" override="Common_AuditInMessage_SF.queueName">EEMSIIB.GPS_COMMON_AUDITMESSAGE_DATA</com.eems.globalcache.EEMS_GlobalCacheAccess_Flow>

	<com.eems.globalcache.EEMS_GlobalCacheAccess_Flow intServ="EEMSIIB_PRIME_COMMON_CONFIG" env="dev" override="EEMS_ReadINB_xml.inputDirectory">/eems/iib/common/globalcache</com.eems.globalcache.EEMS_GlobalCacheAccess_Flow>
	<com.eems.globalcache.EEMS_GlobalCacheAccess_Flow intServ="EEMSIIB_PRIME_COMMON_CONFIG" env="dev" override="EEMS_ReadINB_xml.filenamePattern">PRIMECache*.xml</com.eems.globalcache.EEMS_GlobalCacheAccess_Flow>
	<com.eems.globalcache.EEMS_GlobalCacheAccess_Flow intServ="EEMSIIB_PRIME_COMMON_CONFIG" env="dev" override="Common_AuditInMessage_SF.queueName">EEMSIIB.PRIME_COMMON_AUDITMESSAGE_DATA</com.eems.globalcache.EEMS_GlobalCacheAccess_Flow>

	<!--SIT -->

	<com.eems.globalcache.EEMS_GlobalCacheAccess_Flow intServ="EEMSIIB_GPSCSP_COMMON_CONFIG" env="test" override="EEMS_ReadINB_xml.inputDirectory">/eems/iib/common/globalcache</com.eems.globalcache.EEMS_GlobalCacheAccess_Flow>
	<com.eems.globalcache.EEMS_GlobalCacheAccess_Flow intServ="EEMSIIB_GPSCSP_COMMON_CONFIG" env="test" override="EEMS_ReadINB_xml.filenamePattern">GPSCSPCache*.xml</com.eems.globalcache.EEMS_GlobalCacheAccess_Flow>
	<com.eems.globalcache.EEMS_GlobalCacheAccess_Flow intServ="EEMSIIB_GPSCSP_COMMON_CONFIG" env="test" override="Common_AuditInMessage_SF.queueName">EEMSIIB.GPSCSP_COMMON_AUDITMESSAGE_DATA</com.eems.globalcache.EEMS_GlobalCacheAccess_Flow>

	<com.eems.globalcache.EEMS_GlobalCacheAccess_Flow intServ="EEMSIIB_COMMON_APPLICATIONS" env="test" override="EEMS_ReadINB_xml.inputDirectory">/eems/iib/common/globalcache</com.eems.globalcache.EEMS_GlobalCacheAccess_Flow>
	<com.eems.globalcache.EEMS_GlobalCacheAccess_Flow intServ="EEMSIIB_COMMON_APPLICATIONS" env="test" override="EEMS_ReadINB_xml.filenamePattern">CDBCache*.xml</com.eems.globalcache.EEMS_GlobalCacheAccess_Flow>
	<com.eems.globalcache.EEMS_GlobalCacheAccess_Flow intServ="EEMSIIB_COMMON_APPLICATIONS" env="test" override="Common_AuditInMessage_SF.queueName">EEMSIIB.COMMON_AUDITMESSAGE_DATA</com.eems.globalcache.EEMS_GlobalCacheAccess_Flow>

	<com.eems.globalcache.EEMS_GlobalCacheAccess_Flow intServ="EEMSIIB_GPS_COMMON_CONFIG" env="test" override="EEMS_ReadINB_xml.inputDirectory">/eems/iib/common/globalcache</com.eems.globalcache.EEMS_GlobalCacheAccess_Flow>
	<com.eems.globalcache.EEMS_GlobalCacheAccess_Flow intServ="EEMSIIB_GPS_COMMON_CONFIG" env="test" override="EEMS_ReadINB_xml.filenamePattern">GPSCache*.xml</com.eems.globalcache.EEMS_GlobalCacheAccess_Flow>
	<com.eems.globalcache.EEMS_GlobalCacheAccess_Flow intServ="EEMSIIB_GPS_COMMON_CONFIG" env="test" override="Common_AuditInMessage_SF.queueName">EEMSIIB.GPS_COMMON_AUDITMESSAGE_DATA</com.eems.globalcache.EEMS_GlobalCacheAccess_Flow>

	<com.eems.globalcache.EEMS_GlobalCacheAccess_Flow intServ="EEMSIIB_PRIME_COMMON_CONFIG" env="test" override="EEMS_ReadINB_xml.inputDirectory">/eems/iib/common/globalcache</com.eems.globalcache.EEMS_GlobalCacheAccess_Flow>
	<com.eems.globalcache.EEMS_GlobalCacheAccess_Flow intServ="EEMSIIB_PRIME_COMMON_CONFIG" env="test" override="EEMS_ReadINB_xml.filenamePattern">PRIMECache*.xml</com.eems.globalcache.EEMS_GlobalCacheAccess_Flow>
	<com.eems.globalcache.EEMS_GlobalCacheAccess_Flow intServ="EEMSIIB_PRIME_COMMON_CONFIG" env="test" override="Common_AuditInMessage_SF.queueName">EEMSIIB.PRIME_COMMON_AUDITMESSAGE_DATA</com.eems.globalcache.EEMS_GlobalCacheAccess_Flow>

	<!--SIT Bravo -->

	<com.eems.globalcache.EEMS_GlobalCacheAccess_Flow intServ="EEMSIIB_GPSCSP_COMMON_CONFIG" env="test2" override="EEMS_ReadINB_xml.inputDirectory">/eems/iib/common/globalcache</com.eems.globalcache.EEMS_GlobalCacheAccess_Flow>
	<com.eems.globalcache.EEMS_GlobalCacheAccess_Flow intServ="EEMSIIB_GPSCSP_COMMON_CONFIG" env="test2" override="EEMS_ReadINB_xml.filenamePattern">GPSCSPCache*.xml</com.eems.globalcache.EEMS_GlobalCacheAccess_Flow>
	<com.eems.globalcache.EEMS_GlobalCacheAccess_Flow intServ="EEMSIIB_GPSCSP_COMMON_CONFIG" env="test2" override="Common_AuditInMessage_SF.queueName">EEMSIIB.GPSCSP_COMMON_AUDITMESSAGE_DATA</com.eems.globalcache.EEMS_GlobalCacheAccess_Flow>

	<com.eems.globalcache.EEMS_GlobalCacheAccess_Flow intServ="EEMSIIB_COMMON_APPLICATIONS" env="test2" override="EEMS_ReadINB_xml.inputDirectory">/eems/iib/common/globalcache</com.eems.globalcache.EEMS_GlobalCacheAccess_Flow>
	<com.eems.globalcache.EEMS_GlobalCacheAccess_Flow intServ="EEMSIIB_COMMON_APPLICATIONS" env="test2" override="EEMS_ReadINB_xml.filenamePattern">CDBCache*.xml</com.eems.globalcache.EEMS_GlobalCacheAccess_Flow>
	<com.eems.globalcache.EEMS_GlobalCacheAccess_Flow intServ="EEMSIIB_COMMON_APPLICATIONS" env="test2" override="Common_AuditInMessage_SF.queueName">EEMSIIB.COMMON_AUDITMESSAGE_DATA</com.eems.globalcache.EEMS_GlobalCacheAccess_Flow>

	<com.eems.globalcache.EEMS_GlobalCacheAccess_Flow intServ="EEMSIIB_GPS_COMMON_CONFIG" env="test2" override="EEMS_ReadINB_xml.inputDirectory">/eems/iib/common/globalcache</com.eems.globalcache.EEMS_GlobalCacheAccess_Flow>
	<com.eems.globalcache.EEMS_GlobalCacheAccess_Flow intServ="EEMSIIB_GPS_COMMON_CONFIG" env="test2" override="EEMS_ReadINB_xml.filenamePattern">GPSCache*.xml</com.eems.globalcache.EEMS_GlobalCacheAccess_Flow>
	<com.eems.globalcache.EEMS_GlobalCacheAccess_Flow intServ="EEMSIIB_GPS_COMMON_CONFIG" env="test2" override="Common_AuditInMessage_SF.queueName">EEMSIIB.GPS_COMMON_AUDITMESSAGE_DATA</com.eems.globalcache.EEMS_GlobalCacheAccess_Flow>

	<com.eems.globalcache.EEMS_GlobalCacheAccess_Flow intServ="EEMSIIB_PRIME_COMMON_CONFIG" env="test2" override="EEMS_ReadINB_xml.inputDirectory">/eems/iib/common/globalcache</com.eems.globalcache.EEMS_GlobalCacheAccess_Flow>
	<com.eems.globalcache.EEMS_GlobalCacheAccess_Flow intServ="EEMSIIB_PRIME_COMMON_CONFIG" env="test2" override="EEMS_ReadINB_xml.filenamePattern">PRIMECache*.xml</com.eems.globalcache.EEMS_GlobalCacheAccess_Flow>
	<com.eems.globalcache.EEMS_GlobalCacheAccess_Flow intServ="EEMSIIB_PRIME_COMMON_CONFIG" env="test2" override="Common_AuditInMessage_SF.queueName">EEMSIIB.PRIME_COMMON_AUDITMESSAGE_DATA</com.eems.globalcache.EEMS_GlobalCacheAccess_Flow>

	<!--SIT Charlie -->

	<com.eems.globalcache.EEMS_GlobalCacheAccess_Flow intServ="EEMSIIB_GPSCSP_COMMON" env="test-charlie" override="EEMS_ReadINB_xml.inputDirectory">/eems/iib/common/globalcache</com.eems.globalcache.EEMS_GlobalCacheAccess_Flow>
	<com.eems.globalcache.EEMS_GlobalCacheAccess_Flow intServ="EEMSIIB_GPSCSP_COMMON" env="test-charlie" override="EEMS_ReadINB_xml.filenamePattern">Cache*.xml</com.eems.globalcache.EEMS_GlobalCacheAccess_Flow>
	<com.eems.globalcache.EEMS_GlobalCacheAccess_Flow intServ="EEMSIIB_GPSCSP_COMMON" env="test-charlie" override="Common_AuditInMessage_SF.queueName">EEMSIIB.GPSCSP_COMMON_AUDITMESSAGE_DATA</com.eems.globalcache.EEMS_GlobalCacheAccess_Flow>

	<com.eems.globalcache.EEMS_GlobalCacheAccess_Flow intServ="EEMSIIB_COMMON_APPLICATIONS" env="test-charlie" override="EEMS_ReadINB_xml.inputDirectory">/eems/iib/common/globalcache</com.eems.globalcache.EEMS_GlobalCacheAccess_Flow>
	<com.eems.globalcache.EEMS_GlobalCacheAccess_Flow intServ="EEMSIIB_COMMON_APPLICATIONS" env="test-charlie" override="EEMS_ReadINB_xml.filenamePattern">CDBCache*.xml</com.eems.globalcache.EEMS_GlobalCacheAccess_Flow>
	<com.eems.globalcache.EEMS_GlobalCacheAccess_Flow intServ="EEMSIIB_COMMON_APPLICATIONS" env="test-charlie" override="Common_AuditInMessage_SF.queueName">EEMSIIB.COMMON_AUDITMESSAGE_DATA</com.eems.globalcache.EEMS_GlobalCacheAccess_Flow>

	<!--UAT -->


	<com.eems.globalcache.EEMS_GlobalCacheAccess_Flow intServ="EEMSIIB_GPSCSP_COMMON_CONFIG" env="uat" override="EEMS_ReadINB_xml.inputDirectory">/eems/iib/common/globalcache</com.eems.globalcache.EEMS_GlobalCacheAccess_Flow>
	<com.eems.globalcache.EEMS_GlobalCacheAccess_Flow intServ="EEMSIIB_GPSCSP_COMMON_CONFIG" env="uat" override="EEMS_ReadINB_xml.filenamePattern">GPSCSPCache*.xml</com.eems.globalcache.EEMS_GlobalCacheAccess_Flow>
	<com.eems.globalcache.EEMS_GlobalCacheAccess_Flow intServ="EEMSIIB_GPSCSP_COMMON_CONFIG" env="uat" override="Common_AuditInMessage_SF.queueName">EEMSIIB.GPSCSP_COMMON_AUDITMESSAGE_DATA</com.eems.globalcache.EEMS_GlobalCacheAccess_Flow>

	<com.eems.globalcache.EEMS_GlobalCacheAccess_Flow intServ="EEMSIIB_COMMON_APPLICATIONS" env="uat" override="EEMS_ReadINB_xml.inputDirectory">/eems/iib/common/globalcache</com.eems.globalcache.EEMS_GlobalCacheAccess_Flow>
	<com.eems.globalcache.EEMS_GlobalCacheAccess_Flow intServ="EEMSIIB_COMMON_APPLICATIONS" env="uat" override="EEMS_ReadINB_xml.filenamePattern">CDBCache*.xml</com.eems.globalcache.EEMS_GlobalCacheAccess_Flow>
	<com.eems.globalcache.EEMS_GlobalCacheAccess_Flow intServ="EEMSIIB_COMMON_APPLICATIONS" env="uat" override="Common_AuditInMessage_SF.queueName">EEMSIIB.COMMON_AUDITMESSAGE_DATA</com.eems.globalcache.EEMS_GlobalCacheAccess_Flow>

	<com.eems.globalcache.EEMS_GlobalCacheAccess_Flow intServ="EEMSIIB_GPS_COMMON_CONFIG" env="uat" override="EEMS_ReadINB_xml.inputDirectory">/eems/iib/common/globalcache</com.eems.globalcache.EEMS_GlobalCacheAccess_Flow>
	<com.eems.globalcache.EEMS_GlobalCacheAccess_Flow intServ="EEMSIIB_GPS_COMMON_CONFIG" env="uat" override="EEMS_ReadINB_xml.filenamePattern">GPSCache*.xml</com.eems.globalcache.EEMS_GlobalCacheAccess_Flow>
	<com.eems.globalcache.EEMS_GlobalCacheAccess_Flow intServ="EEMSIIB_GPS_COMMON_CONFIG" env="uat" override="Common_AuditInMessage_SF.queueName">EEMSIIB.GPS_COMMON_AUDITMESSAGE_DATA</com.eems.globalcache.EEMS_GlobalCacheAccess_Flow>

	<com.eems.globalcache.EEMS_GlobalCacheAccess_Flow intServ="EEMSIIB_PRIME_COMMON_CONFIG" env="uat" override="EEMS_ReadINB_xml.inputDirectory">/eems/iib/common/globalcache</com.eems.globalcache.EEMS_GlobalCacheAccess_Flow>
	<com.eems.globalcache.EEMS_GlobalCacheAccess_Flow intServ="EEMSIIB_PRIME_COMMON_CONFIG" env="uat" override="EEMS_ReadINB_xml.filenamePattern">PRIMECache*.xml</com.eems.globalcache.EEMS_GlobalCacheAccess_Flow>
	<com.eems.globalcache.EEMS_GlobalCacheAccess_Flow intServ="EEMSIIB_PRIME_COMMON_CONFIG" env="uat" override="Common_AuditInMessage_SF.queueName">EEMSIIB.PRIME_COMMON_AUDITMESSAGE_DATA</com.eems.globalcache.EEMS_GlobalCacheAccess_Flow>

	<!--UAT Bravo -->


	<com.eems.globalcache.EEMS_GlobalCacheAccess_Flow intServ="EEMSIIB_GPSCSP_COMMON_CONFIG" env="uat-bravo" override="EEMS_ReadINB_xml.inputDirectory">/eems/iib/common/globalcache</com.eems.globalcache.EEMS_GlobalCacheAccess_Flow>
	<com.eems.globalcache.EEMS_GlobalCacheAccess_Flow intServ="EEMSIIB_GPSCSP_COMMON_CONFIG" env="uat-bravo" override="EEMS_ReadINB_xml.filenamePattern">GPSCSPCache*.xml</com.eems.globalcache.EEMS_GlobalCacheAccess_Flow>
	<com.eems.globalcache.EEMS_GlobalCacheAccess_Flow intServ="EEMSIIB_GPSCSP_COMMON_CONFIG" env="uat-bravo" override="Common_AuditInMessage_SF.queueName">EEMSIIB.GPSCSP_COMMON_AUDITMESSAGE_DATA</com.eems.globalcache.EEMS_GlobalCacheAccess_Flow>

	<com.eems.globalcache.EEMS_GlobalCacheAccess_Flow intServ="EEMSIIB_COMMON_APPLICATIONS" env="uat-bravo" override="EEMS_ReadINB_xml.inputDirectory">/eems/iib/common/globalcache</com.eems.globalcache.EEMS_GlobalCacheAccess_Flow>
	<com.eems.globalcache.EEMS_GlobalCacheAccess_Flow intServ="EEMSIIB_COMMON_APPLICATIONS" env="uat-bravo" override="EEMS_ReadINB_xml.filenamePattern">CDBCache*.xml</com.eems.globalcache.EEMS_GlobalCacheAccess_Flow>
	<com.eems.globalcache.EEMS_GlobalCacheAccess_Flow intServ="EEMSIIB_COMMON_APPLICATIONS" env="uat-bravo" override="Common_AuditInMessage_SF.queueName">EEMSIIB.COMMON_AUDITMESSAGE_DATA</com.eems.globalcache.EEMS_GlobalCacheAccess_Flow>

	<com.eems.globalcache.EEMS_GlobalCacheAccess_Flow intServ="EEMSIIB_GPS_COMMON_CONFIG" env="uat-bravo" override="EEMS_ReadINB_xml.inputDirectory">/eems/iib/common/globalcache</com.eems.globalcache.EEMS_GlobalCacheAccess_Flow>
	<com.eems.globalcache.EEMS_GlobalCacheAccess_Flow intServ="EEMSIIB_GPS_COMMON_CONFIG" env="uat-bravo" override="EEMS_ReadINB_xml.filenamePattern">GPSCache*.xml</com.eems.globalcache.EEMS_GlobalCacheAccess_Flow>
	<com.eems.globalcache.EEMS_GlobalCacheAccess_Flow intServ="EEMSIIB_GPS_COMMON_CONFIG" env="uat-bravo" override="Common_AuditInMessage_SF.queueName">EEMSIIB.GPS_COMMON_AUDITMESSAGE_DATA</com.eems.globalcache.EEMS_GlobalCacheAccess_Flow>

	<com.eems.globalcache.EEMS_GlobalCacheAccess_Flow intServ="EEMSIIB_PRIME_COMMON_CONFIG" env="uat-bravo" override="EEMS_ReadINB_xml.inputDirectory">/eems/iib/common/globalcache</com.eems.globalcache.EEMS_GlobalCacheAccess_Flow>
	<com.eems.globalcache.EEMS_GlobalCacheAccess_Flow intServ="EEMSIIB_PRIME_COMMON_CONFIG" env="uat-bravo" override="EEMS_ReadINB_xml.filenamePattern">PRIMECache*.xml</com.eems.globalcache.EEMS_GlobalCacheAccess_Flow>
	<com.eems.globalcache.EEMS_GlobalCacheAccess_Flow intServ="EEMSIIB_PRIME_COMMON_CONFIG" env="uat-bravo" override="Common_AuditInMessage_SF.queueName">EEMSIIB.PRIME_COMMON_AUDITMESSAGE_DATA</com.eems.globalcache.EEMS_GlobalCacheAccess_Flow>

	<!--UAT Charlie -->


	<com.eems.globalcache.EEMS_GlobalCacheAccess_Flow intServ="EEMSIIB_GPSCSP_COMMON_CONFIG" env="uat-charlie" override="EEMS_ReadINB_xml.inputDirectory">/eems/iib/common/globalcache</com.eems.globalcache.EEMS_GlobalCacheAccess_Flow>
	<com.eems.globalcache.EEMS_GlobalCacheAccess_Flow intServ="EEMSIIB_GPSCSP_COMMON_CONFIG" env="uat-charlie" override="EEMS_ReadINB_xml.filenamePattern">GPSCSPCache*.xml</com.eems.globalcache.EEMS_GlobalCacheAccess_Flow>
	<com.eems.globalcache.EEMS_GlobalCacheAccess_Flow intServ="EEMSIIB_GPSCSP_COMMON_CONFIG" env="uat-charlie" override="Common_AuditInMessage_SF.queueName">EEMSIIB.GPSCSP_COMMON_AUDITMESSAGE_DATA</com.eems.globalcache.EEMS_GlobalCacheAccess_Flow>

	<com.eems.globalcache.EEMS_GlobalCacheAccess_Flow intServ="EEMSIIB_COMMON_APPLICATIONS" env="uat-charlie" override="EEMS_ReadINB_xml.inputDirectory">/eems/iib/common/globalcache</com.eems.globalcache.EEMS_GlobalCacheAccess_Flow>
	<com.eems.globalcache.EEMS_GlobalCacheAccess_Flow intServ="EEMSIIB_COMMON_APPLICATIONS" env="uat-charlie" override="EEMS_ReadINB_xml.filenamePattern">CDBCache*.xml</com.eems.globalcache.EEMS_GlobalCacheAccess_Flow>
	<com.eems.globalcache.EEMS_GlobalCacheAccess_Flow intServ="EEMSIIB_COMMON_APPLICATIONS" env="uat-charlie" override="Common_AuditInMessage_SF.queueName">EEMSIIB.COMMON_AUDITMESSAGE_DATA</com.eems.globalcache.EEMS_GlobalCacheAccess_Flow>

	<com.eems.globalcache.EEMS_GlobalCacheAccess_Flow intServ="EEMSIIB_GPSCSP_COMMON" env="uat-charlie" override="EEMS_ReadINB_xml.inputDirectory">/eems/iib/common/globalcache</com.eems.globalcache.EEMS_GlobalCacheAccess_Flow>
	<com.eems.globalcache.EEMS_GlobalCacheAccess_Flow intServ="EEMSIIB_GPSCSP_COMMON" env="uat-charlie" override="EEMS_ReadINB_xml.filenamePattern">GPSCache*.xml</com.eems.globalcache.EEMS_GlobalCacheAccess_Flow>
	<com.eems.globalcache.EEMS_GlobalCacheAccess_Flow intServ="EEMSIIB_GPSCSP_COMMON" env="uat-charlie" override="Common_AuditInMessage_SF.queueName">EEMSIIB.GPS_COMMON_AUDITMESSAGE_DATA</com.eems.globalcache.EEMS_GlobalCacheAccess_Flow>


	<!--Stage -->


	<com.eems.globalcache.EEMS_GlobalCacheAccess_Flow intServ="EEMSIIB_GPSCSP_COMMON_CONFIG" env="stage" override="EEMS_ReadINB_xml.inputDirectory">/eems/iib/common/globalcache</com.eems.globalcache.EEMS_GlobalCacheAccess_Flow>
	<com.eems.globalcache.EEMS_GlobalCacheAccess_Flow intServ="EEMSIIB_GPSCSP_COMMON_CONFIG" env="stage" override="EEMS_ReadINB_xml.filenamePattern">GPSCSPCache*.xml</com.eems.globalcache.EEMS_GlobalCacheAccess_Flow>
	<com.eems.globalcache.EEMS_GlobalCacheAccess_Flow intServ="EEMSIIB_GPSCSP_COMMON_CONFIG" env="stage" override="Common_AuditInMessage_SF.queueName">EEMSIIB.GPSCSP_COMMON_AUDITMESSAGE_DATA</com.eems.globalcache.EEMS_GlobalCacheAccess_Flow>

	<com.eems.globalcache.EEMS_GlobalCacheAccess_Flow intServ="EEMSIIB_COMMON_APPLICATIONS" env="stage" override="EEMS_ReadINB_xml.inputDirectory">/eems/iib/common/globalcache</com.eems.globalcache.EEMS_GlobalCacheAccess_Flow>
	<com.eems.globalcache.EEMS_GlobalCacheAccess_Flow intServ="EEMSIIB_COMMON_APPLICATIONS" env="stage" override="EEMS_ReadINB_xml.filenamePattern">CDBCache*.xml</com.eems.globalcache.EEMS_GlobalCacheAccess_Flow>
	<com.eems.globalcache.EEMS_GlobalCacheAccess_Flow intServ="EEMSIIB_COMMON_APPLICATIONS" env="stage" override="Common_AuditInMessage_SF.queueName">EEMSIIB.COMMON_AUDITMESSAGE_DATA</com.eems.globalcache.EEMS_GlobalCacheAccess_Flow>

	<com.eems.globalcache.EEMS_GlobalCacheAccess_Flow intServ="EEMSIIB_GPS_COMMON_CONFIG" env="stage" override="EEMS_ReadINB_xml.inputDirectory">/eems/iib/common/globalcache</com.eems.globalcache.EEMS_GlobalCacheAccess_Flow>
	<com.eems.globalcache.EEMS_GlobalCacheAccess_Flow intServ="EEMSIIB_GPS_COMMON_CONFIG" env="stage" override="EEMS_ReadINB_xml.filenamePattern">GPSCache*.xml</com.eems.globalcache.EEMS_GlobalCacheAccess_Flow>
	<com.eems.globalcache.EEMS_GlobalCacheAccess_Flow intServ="EEMSIIB_GPS_COMMON_CONFIG" env="stage" override="Common_AuditInMessage_SF.queueName">EEMSIIB.GPS_COMMON_AUDITMESSAGE_DATA</com.eems.globalcache.EEMS_GlobalCacheAccess_Flow>

	<com.eems.globalcache.EEMS_GlobalCacheAccess_Flow intServ="EEMSIIB_PRIME_COMMON_APPLICATIONS" env="stage" override="EEMS_ReadINB_xml.inputDirectory">/eems/iib/common/globalcache</com.eems.globalcache.EEMS_GlobalCacheAccess_Flow>
	<com.eems.globalcache.EEMS_GlobalCacheAccess_Flow intServ="EEMSIIB_PRIME_COMMON_APPLICATIONS" env="stage" override="EEMS_ReadINB_xml.filenamePattern">PRIMECache*.xml</com.eems.globalcache.EEMS_GlobalCacheAccess_Flow>
	<com.eems.globalcache.EEMS_GlobalCacheAccess_Flow intServ="EEMSIIB_PRIME_COMMON_APPLICATIONS" env="stage" override="Common_AuditInMessage_SF.queueName">EEMSIIB.PRIME_COMMON_AUDITMESSAGE_DATA</com.eems.globalcache.EEMS_GlobalCacheAccess_Flow>

	<!--Adopt -->

	<com.eems.globalcache.EEMS_GlobalCacheAccess_Flow intServ="EEMSIIB_GPSCSP_COMMON_CONFIG" env="adopt" override="EEMS_ReadINB_xml.inputDirectory">/eems/iib/common/globalcache</com.eems.globalcache.EEMS_GlobalCacheAccess_Flow>
	<com.eems.globalcache.EEMS_GlobalCacheAccess_Flow intServ="EEMSIIB_GPSCSP_COMMON_CONFIG" env="adopt" override="EEMS_ReadINB_xml.filenamePattern">GPSCSPCache*.xml</com.eems.globalcache.EEMS_GlobalCacheAccess_Flow>
	<com.eems.globalcache.EEMS_GlobalCacheAccess_Flow intServ="EEMSIIB_GPSCSP_COMMON_CONFIG" env="adopt" override="Common_AuditInMessage_SF.queueName">EEMSIIB.ADP.GPSCSP_COMMON_AUDITMESSAGE_DATA</com.eems.globalcache.EEMS_GlobalCacheAccess_Flow>

	<com.eems.globalcache.EEMS_GlobalCacheAccess_Flow intServ="EEMSIIB_COMMON_APPLICATIONS" env="adopt" override="EEMS_ReadINB_xml.inputDirectory">/eems/iib/common/globalcache</com.eems.globalcache.EEMS_GlobalCacheAccess_Flow>
	<com.eems.globalcache.EEMS_GlobalCacheAccess_Flow intServ="EEMSIIB_COMMON_APPLICATIONS" env="adopt" override="EEMS_ReadINB_xml.filenamePattern">CDBCache*.xml</com.eems.globalcache.EEMS_GlobalCacheAccess_Flow>
	<com.eems.globalcache.EEMS_GlobalCacheAccess_Flow intServ="EEMSIIB_COMMON_APPLICATIONS" env="adopt" override="Common_AuditInMessage_SF.queueName">EEMSIIB.ADP.COMMON_AUDITMESSAGE_DATA</com.eems.globalcache.EEMS_GlobalCacheAccess_Flow>

	<com.eems.globalcache.EEMS_GlobalCacheAccess_Flow intServ="EEMSIIB_GPS_COMMON_CONFIG" env="adopt" override="EEMS_ReadINB_xml.inputDirectory">/eems/iib/common/globalcache</com.eems.globalcache.EEMS_GlobalCacheAccess_Flow>
	<com.eems.globalcache.EEMS_GlobalCacheAccess_Flow intServ="EEMSIIB_GPS_COMMON_CONFIG" env="adopt" override="EEMS_ReadINB_xml.filenamePattern">GPSCache*.xml</com.eems.globalcache.EEMS_GlobalCacheAccess_Flow>
	<com.eems.globalcache.EEMS_GlobalCacheAccess_Flow intServ="EEMSIIB_GPS_COMMON_CONFIG" env="adopt" override="Common_AuditInMessage_SF.queueName">EEMSIIB.ADP.GPS_COMMON_AUDITMESSAGE_DATA</com.eems.globalcache.EEMS_GlobalCacheAccess_Flow>

	<com.eems.globalcache.EEMS_GlobalCacheAccess_Flow intServ="EEMSIIB_PRIME_COMMON_APPLICATIONS" env="adopt" override="EEMS_ReadINB_xml.inputDirectory">/eems/iib/common/globalcache</com.eems.globalcache.EEMS_GlobalCacheAccess_Flow>
	<com.eems.globalcache.EEMS_GlobalCacheAccess_Flow intServ="EEMSIIB_PRIME_COMMON_APPLICATIONS" env="adopt" override="EEMS_ReadINB_xml.filenamePattern">PRIMECache*.xml</com.eems.globalcache.EEMS_GlobalCacheAccess_Flow>
	<com.eems.globalcache.EEMS_GlobalCacheAccess_Flow intServ="EEMSIIB_PRIME_COMMON_APPLICATIONS" env="adopt" override="Common_AuditInMessage_SF.queueName">EEMSIIB.ADP.PRIME_COMMON_AUDITMESSAGE_DATA</com.eems.globalcache.EEMS_GlobalCacheAccess_Flow>

	<!--Prod -->


	<com.eems.globalcache.EEMS_GlobalCacheAccess_Flow intServ="EEMSIIB_GPSCSP_COMMON_CONFIG" env="prod" override="EEMS_ReadINB_xml.inputDirectory">/eems/iib/common/globalcache</com.eems.globalcache.EEMS_GlobalCacheAccess_Flow>
	<com.eems.globalcache.EEMS_GlobalCacheAccess_Flow intServ="EEMSIIB_GPSCSP_COMMON_CONFIG" env="prod" override="EEMS_ReadINB_xml.filenamePattern">GPSCSPCache*.xml</com.eems.globalcache.EEMS_GlobalCacheAccess_Flow>
	<com.eems.globalcache.EEMS_GlobalCacheAccess_Flow intServ="EEMSIIB_GPSCSP_COMMON_CONFIG" env="prod" override="Common_AuditInMessage_SF.queueName">EEMSIIB.GPSCSP_COMMON_AUDITMESSAGE_DATA</com.eems.globalcache.EEMS_GlobalCacheAccess_Flow>

	<com.eems.globalcache.EEMS_GlobalCacheAccess_Flow intServ="EEMSIIB_COMMON_APPLICATIONS" env="prod" override="EEMS_ReadINB_xml.inputDirectory">/eems/iib/common/globalcache</com.eems.globalcache.EEMS_GlobalCacheAccess_Flow>
	<com.eems.globalcache.EEMS_GlobalCacheAccess_Flow intServ="EEMSIIB_COMMON_APPLICATIONS" env="prod" override="EEMS_ReadINB_xml.filenamePattern">CDBCache*.xml</com.eems.globalcache.EEMS_GlobalCacheAccess_Flow>
	<com.eems.globalcache.EEMS_GlobalCacheAccess_Flow intServ="EEMSIIB_COMMON_APPLICATIONS" env="prod" override="Common_AuditInMessage_SF.queueName">EEMSIIB.COMMON_AUDITMESSAGE_DATA</com.eems.globalcache.EEMS_GlobalCacheAccess_Flow>

	<com.eems.globalcache.EEMS_GlobalCacheAccess_Flow intServ="EEMSIIB_GPS_COMMON_CONFIG" env="prod" override="EEMS_ReadINB_xml.inputDirectory">/eems/iib/common/globalcache</com.eems.globalcache.EEMS_GlobalCacheAccess_Flow>
	<com.eems.globalcache.EEMS_GlobalCacheAccess_Flow intServ="EEMSIIB_GPS_COMMON_CONFIG" env="prod" override="EEMS_ReadINB_xml.filenamePattern">GPSCache*.xml</com.eems.globalcache.EEMS_GlobalCacheAccess_Flow>
	<com.eems.globalcache.EEMS_GlobalCacheAccess_Flow intServ="EEMSIIB_GPS_COMMON_CONFIG" env="prod" override="Common_AuditInMessage_SF.queueName">EEMSIIB.GPS_COMMON_AUDITMESSAGE_DATA</com.eems.globalcache.EEMS_GlobalCacheAccess_Flow>

	<com.eems.globalcache.EEMS_GlobalCacheAccess_Flow intServ="EEMSIIB_PRIME_COMMON_APPLICATIONS" env="prod" override="EEMS_ReadINB_xml.inputDirectory">/eems/iib/common/globalcache</com.eems.globalcache.EEMS_GlobalCacheAccess_Flow>
	<com.eems.globalcache.EEMS_GlobalCacheAccess_Flow intServ="EEMSIIB_PRIME_COMMON_APPLICATIONS" env="prod" override="EEMS_ReadINB_xml.filenamePattern">PRIMECache*.xml</com.eems.globalcache.EEMS_GlobalCacheAccess_Flow>
	<com.eems.globalcache.EEMS_GlobalCacheAccess_Flow intServ="EEMSIIB_PRIME_COMMON_APPLICATIONS" env="prod" override="Common_AuditInMessage_SF.queueName">EEMSIIB.PRIME_COMMON_AUDITMESSAGE_DATA</com.eems.globalcache.EEMS_GlobalCacheAccess_Flow>

</Broker>
