<?xml version="1.0" encoding="UTF-8" ?>
<Broker>
<!-- DEV -->
<com.prime.ws.PRIME_GetMemberListRequest_MF intServ="EEMSIIB_PRIME_SOURCE_WS" env="dev" override="additionalInstances">0</com.prime.ws.PRIME_GetMemberListRequest_MF>
<com.prime.ws.PRIME_GetMemberListRequest_MF intServ="EEMSIIB_PRIME_SOURCE_WS" env="dev" override="BrkConfigKey">BRK_CONFIG</com.prime.ws.PRIME_GetMemberListRequest_MF>
<com.prime.ws.PRIME_GetMemberListRequest_MF intServ="EEMSIIB_PRIME_SOURCE_WS" env="dev" override="SchemaName">ELECELIG</com.prime.ws.PRIME_GetMemberListRequest_MF>
<com.prime.ws.PRIME_GetMemberListRequest_MF intServ="EEMSIIB_PRIME_SOURCE_WS" env="dev" override="GlobalCacheMap">PRIME_Common_Map</com.prime.ws.PRIME_GetMemberListRequest_MF>
<com.prime.ws.PRIME_GetMemberListRequest_MF intServ="EEMSIIB_PRIME_SOURCE_WS" env="dev" override="RetryNoOfTimes">3</com.prime.ws.PRIME_GetMemberListRequest_MF>
<com.prime.ws.PRIME_GetMemberListRequest_MF intServ="EEMSIIB_PRIME_SOURCE_WS" env="dev" override="sleepInterval">5000</com.prime.ws.PRIME_GetMemberListRequest_MF>
<com.prime.ws.PRIME_GetMemberListRequest_MF intServ="EEMSIIB_PRIME_SOURCE_WS" env="dev" override="AuditQName">EEMSIIB.PRIME_COMMON_AUDITMESSAGE_DATA</com.prime.ws.PRIME_GetMemberListRequest_MF>
<com.prime.ws.PRIME_GetMemberListRequest_MF intServ="EEMSIIB_PRIME_SOURCE_WS" env="dev" override="BECode">800</com.prime.ws.PRIME_GetMemberListRequest_MF>
<com.prime.ws.PRIME_GetMemberListRequest_MF intServ="EEMSIIB_PRIME_SOURCE_WS" env="dev" override="ProjNumber">3</com.prime.ws.PRIME_GetMemberListRequest_MF>
<com.prime.ws.PRIME_GetMemberListRequest_MF intServ="EEMSIIB_PRIME_SOURCE_WS" env="dev" override="EEMSIIB.PRIME_ERRORMESSAGE_DATA.queueName">EEMSIIB.PRIME_ERRORMESSAGE_DATA</com.prime.ws.PRIME_GetMemberListRequest_MF>
<com.prime.ws.PRIME_GetMemberListRequest_MF intServ="EEMSIIB_PRIME_SOURCE_WS" env="dev" override="includeApplicationData">true</com.prime.ws.PRIME_GetMemberListRequest_MF>
<com.prime.ws.PRIME_GetMemberListRequest_MF intServ="EEMSIIB_PRIME_SOURCE_WS" env="dev" override="EMLinQueueName">EEMSIIB.PRIME_EML_REQ_IN</com.prime.ws.PRIME_GetMemberListRequest_MF>
<com.prime.ws.PRIME_GetMemberListRequest_MF intServ="EEMSIIB_PRIME_SOURCE_WS" env="dev" override="EMLDBLoadQueuename">EEMSIIB.PRIME_SOURCE_SMALL_DBLOAD_IN</com.prime.ws.PRIME_GetMemberListRequest_MF>
<com.prime.ws.PRIME_GetMemberListRequest_MF intServ="EEMSIIB_PRIME_SOURCE_WS" env="dev" override="ErrorQueueName">EEMSIIB.PRIME_ERRORMESSAGE_DATA</com.prime.ws.PRIME_GetMemberListRequest_MF>
<com.prime.ws.PRIME_GetMemberListRequest_MF intServ="EEMSIIB_PRIME_SOURCE_WS" env="dev" override="brkrList">BKMBT11</com.prime.ws.PRIME_GetMemberListRequest_MF>
<com.prime.ws.PRIME_GetMemberListRequest_MF intServ="EEMSIIB_PRIME_SOURCE_WS" env="dev" override="WebServiceURL">http://upaadwsg4.uhc.com/memberenrollmentservice/api/Enrollee</com.prime.ws.PRIME_GetMemberListRequest_MF>

<!-- SIT -->
<com.prime.ws.PRIME_GetMemberListRequest_MF intServ="EEMSIIB_PRIME_SOURCE_WS" env="test" override="additionalInstances">0</com.prime.ws.PRIME_GetMemberListRequest_MF>
<com.prime.ws.PRIME_GetMemberListRequest_MF intServ="EEMSIIB_PRIME_SOURCE_WS" env="test" override="BrkConfigKey">BRK_CONFIG</com.prime.ws.PRIME_GetMemberListRequest_MF>
<com.prime.ws.PRIME_GetMemberListRequest_MF intServ="EEMSIIB_PRIME_SOURCE_WS" env="test" override="SchemaName">ELECELIG</com.prime.ws.PRIME_GetMemberListRequest_MF>
<com.prime.ws.PRIME_GetMemberListRequest_MF intServ="EEMSIIB_PRIME_SOURCE_WS" env="test" override="GlobalCacheMap">PRIME_Common_Map</com.prime.ws.PRIME_GetMemberListRequest_MF>
<com.prime.ws.PRIME_GetMemberListRequest_MF intServ="EEMSIIB_PRIME_SOURCE_WS" env="test" override="RetryNoOfTimes">3</com.prime.ws.PRIME_GetMemberListRequest_MF>
<com.prime.ws.PRIME_GetMemberListRequest_MF intServ="EEMSIIB_PRIME_SOURCE_WS" env="test" override="sleepInterval">5000</com.prime.ws.PRIME_GetMemberListRequest_MF>
<com.prime.ws.PRIME_GetMemberListRequest_MF intServ="EEMSIIB_PRIME_SOURCE_WS" env="test" override="AuditQName.queueName">EEMSIIB.PRIME_COMMON_AUDITMESSAGE_DATA</com.prime.ws.PRIME_GetMemberListRequest_MF>
<com.prime.ws.PRIME_GetMemberListRequest_MF intServ="EEMSIIB_PRIME_SOURCE_WS" env="test" override="BECode">800</com.prime.ws.PRIME_GetMemberListRequest_MF>
<com.prime.ws.PRIME_GetMemberListRequest_MF intServ="EEMSIIB_PRIME_SOURCE_WS" env="test" override="ProjNumber">3</com.prime.ws.PRIME_GetMemberListRequest_MF>
<com.prime.ws.PRIME_GetMemberListRequest_MF intServ="EEMSIIB_PRIME_SOURCE_WS" env="test" override="EEMSIIB.PRIME_ERRORMESSAGE_DATA.queueName">EEMSIIB.PRIME_ERRORMESSAGE_DATA</com.prime.ws.PRIME_GetMemberListRequest_MF>
<com.prime.ws.PRIME_GetMemberListRequest_MF intServ="EEMSIIB_PRIME_SOURCE_WS" env="test" override="includeApplicationData">true</com.prime.ws.PRIME_GetMemberListRequest_MF>
<com.prime.ws.PRIME_GetMemberListRequest_MF intServ="EEMSIIB_PRIME_SOURCE_WS" env="test" override="EMLinQueueName.queueName">EEMSIIB.PRIME_EML_REQ_IN</com.prime.ws.PRIME_GetMemberListRequest_MF>
<com.prime.ws.PRIME_GetMemberListRequest_MF intServ="EEMSIIB_PRIME_SOURCE_WS" env="test" override="EMLDBLoadQueuename.queueName">EEMSIIB.PRIME_SOURCE_SMALL_DBLOAD_IN</com.prime.ws.PRIME_GetMemberListRequest_MF>
<com.prime.ws.PRIME_GetMemberListRequest_MF intServ="EEMSIIB_PRIME_SOURCE_WS" env="test" override="ErrorQueueName.queueName">EEMSIIB.PRIME_ERRORMESSAGE_DATA</com.prime.ws.PRIME_GetMemberListRequest_MF>
<com.prime.ws.PRIME_GetMemberListRequest_MF intServ="EEMSIIB_PRIME_SOURCE_WS" env="test" override="brkrList">BKMBS11</com.prime.ws.PRIME_GetMemberListRequest_MF>
<com.prime.ws.PRIME_GetMemberListRequest_MF intServ="EEMSIIB_PRIME_SOURCE_WS" env="test" override="SSL_Protocol">TLSv1.2</com.prime.ws.PRIME_GetMemberListRequest_MF>
<com.prime.ws.PRIME_GetMemberListRequest_MF intServ="EEMSIIB_PRIME_SOURCE_WS" env="test" override="WebServiceURL">https://trustbroker-stg-svcs.optum.com:8443/api/dev4/PRI/memberenrollmentservice/enrollee</com.prime.ws.PRIME_GetMemberListRequest_MF>
<com.prime.ws.PRIME_GetMemberListRequest_MF intServ="EEMSIIB_PRIME_SOURCE_WS" env="test" override="URL">https://trustbroker-stg-svcs.optum.com:8443/api/dev4/PRI/memberenrollmentservice/enrollee</com.prime.ws.PRIME_GetMemberListRequest_MF>
<com.prime.ws.PRIME_GetMemberListRequest_MF intServ="EEMSIIB_PRIME_SOURCE_WS" env="test" override="GMLResponse_MF_Compute.dataSource">EEMS_DB</com.prime.ws.PRIME_GetMemberListRequest_MF>
<com.prime.ws.PRIME_GetMemberListRequest_MF intServ="EEMSIIB_PRIME_SOURCE_WS" env="test" override="MemberInq_ProcessException.dataSource">EEMS_DB</com.prime.ws.PRIME_GetMemberListRequest_MF>
<com.prime.ws.PRIME_GetMemberListRequest_MF intServ="EEMSIIB_PRIME_SOURCE_WS" env="test" override="EEMSIIB.PRIME_ISREADYTOPROCESS_IN.queueName">EEMSIIB.PRIME_ISREADYTOPROCESS_IN</com.prime.ws.PRIME_GetMemberListRequest_MF>
<com.prime.ws.PRIME_GetMemberListRequest_MF intServ="EEMSIIB_PRIME_SOURCE_WS" env="test" override="Compute.dataSource">EEMS_DB</com.prime.ws.PRIME_GetMemberListRequest_MF>

<!-- SIT-Bravo -->
<com.prime.ws.PRIME_GetMemberListRequest_MF intServ="EEMSIIB_PRIME_SOURCE_WS" env="test2" override="additionalInstances">10</com.prime.ws.PRIME_GetMemberListRequest_MF>
<com.prime.ws.PRIME_GetMemberListRequest_MF intServ="EEMSIIB_PRIME_SOURCE_WS" env="test2" override="BrkConfigKey">BRK_CONFIG</com.prime.ws.PRIME_GetMemberListRequest_MF>
<com.prime.ws.PRIME_GetMemberListRequest_MF intServ="EEMSIIB_PRIME_SOURCE_WS" env="test2" override="SchemaName">ELECELIG</com.prime.ws.PRIME_GetMemberListRequest_MF>
<com.prime.ws.PRIME_GetMemberListRequest_MF intServ="EEMSIIB_PRIME_SOURCE_WS" env="test2" override="GlobalCacheMap">PRIME_Common_Map</com.prime.ws.PRIME_GetMemberListRequest_MF>
<com.prime.ws.PRIME_GetMemberListRequest_MF intServ="EEMSIIB_PRIME_SOURCE_WS" env="test2" override="RetryNoOfTimes">3</com.prime.ws.PRIME_GetMemberListRequest_MF>
<com.prime.ws.PRIME_GetMemberListRequest_MF intServ="EEMSIIB_PRIME_SOURCE_WS" env="test2" override="sleepInterval">5000</com.prime.ws.PRIME_GetMemberListRequest_MF>
<com.prime.ws.PRIME_GetMemberListRequest_MF intServ="EEMSIIB_PRIME_SOURCE_WS" env="test2" override="AuditQName">EEMSIIB.PRIME_COMMON_AUDITMESSAGE_DATA</com.prime.ws.PRIME_GetMemberListRequest_MF>
<com.prime.ws.PRIME_GetMemberListRequest_MF intServ="EEMSIIB_PRIME_SOURCE_WS" env="test2" override="BECode">800</com.prime.ws.PRIME_GetMemberListRequest_MF>
<com.prime.ws.PRIME_GetMemberListRequest_MF intServ="EEMSIIB_PRIME_SOURCE_WS" env="test2" override="ProjNumber">3</com.prime.ws.PRIME_GetMemberListRequest_MF>
<com.prime.ws.PRIME_GetMemberListRequest_MF intServ="EEMSIIB_PRIME_SOURCE_WS" env="test2" override="EEMSIIB.PRIME_ERRORMESSAGE_DATA.queueName">EEMSIIB.PRIME_ERRORMESSAGE_DATA</com.prime.ws.PRIME_GetMemberListRequest_MF>
<com.prime.ws.PRIME_GetMemberListRequest_MF intServ="EEMSIIB_PRIME_SOURCE_WS" env="test2" override="includeApplicationData">true</com.prime.ws.PRIME_GetMemberListRequest_MF>
<com.prime.ws.PRIME_GetMemberListRequest_MF intServ="EEMSIIB_PRIME_SOURCE_WS" env="test2" override="EMLinQueueName">EEMSIIB.PRIME_EML_REQ_IN</com.prime.ws.PRIME_GetMemberListRequest_MF>
<com.prime.ws.PRIME_GetMemberListRequest_MF intServ="EEMSIIB_PRIME_SOURCE_WS" env="test2" override="EMLDBLoadQueuename">EEMSIIB.PRIME_SOURCE_SMALL_DBLOAD_IN</com.prime.ws.PRIME_GetMemberListRequest_MF>
<com.prime.ws.PRIME_GetMemberListRequest_MF intServ="EEMSIIB_PRIME_SOURCE_WS" env="test2" override="ErrorQueueName">EEMSIIB.PRIME_ERRORMESSAGE_DATA</com.prime.ws.PRIME_GetMemberListRequest_MF>
<com.prime.ws.PRIME_GetMemberListRequest_MF intServ="EEMSIIB_PRIME_SOURCE_WS" env="test2" override="brkrList">BKMBS12</com.prime.ws.PRIME_GetMemberListRequest_MF>
<com.prime.ws.PRIME_GetMemberListRequest_MF intServ="EEMSIIB_PRIME_SOURCE_WS" env="test2" override="WebServiceURL">https://trustbroker-stg-svcs.optum.com:8443/api/dev4/PRI/memberenrollmentservice/enrollee</com.prime.ws.PRIME_GetMemberListRequest_MF>
<com.prime.ws.PRIME_GetMemberListRequest_MF intServ="EEMSIIB_PRIME_SOURCE_WS" env="test2" override="SSL_Protocol">TLSv1.2</com.prime.ws.PRIME_GetMemberListRequest_MF>
<com.prime.ws.PRIME_GetMemberListRequest_MF intServ="EEMSIIB_PRIME_SOURCE_WS" env="test2" override="URL">https://trustbroker-stg-svcs.optum.com:8443/api/dev4/PRI/memberenrollmentservice/enrollee</com.prime.ws.PRIME_GetMemberListRequest_MF>
<com.prime.ws.PRIME_GetMemberListRequest_MF intServ="EEMSIIB_PRIME_SOURCE_WS" env="test2" override="EEMSIIB.PRIME_ISREADYTOPROCESS_IN.queueName">EEMSIIB.PRIME_ISREADYTOPROCESS_IN</com.prime.ws.PRIME_GetMemberListRequest_MF>

<!-- UAT -->
<com.prime.ws.PRIME_GetMemberListRequest_MF intServ="EEMSIIB_PRIME_SOURCE_WS" env="uat" override="additionalInstances">0</com.prime.ws.PRIME_GetMemberListRequest_MF>
<com.prime.ws.PRIME_GetMemberListRequest_MF intServ="EEMSIIB_PRIME_SOURCE_WS" env="uat" override="BrkConfigKey">BRK_CONFIG</com.prime.ws.PRIME_GetMemberListRequest_MF>
<com.prime.ws.PRIME_GetMemberListRequest_MF intServ="EEMSIIB_PRIME_SOURCE_WS" env="uat" override="SchemaName">ELECELIG</com.prime.ws.PRIME_GetMemberListRequest_MF>
<com.prime.ws.PRIME_GetMemberListRequest_MF intServ="EEMSIIB_PRIME_SOURCE_WS" env="uat" override="GlobalCacheMap">PRIME_Common_Map</com.prime.ws.PRIME_GetMemberListRequest_MF>
<com.prime.ws.PRIME_GetMemberListRequest_MF intServ="EEMSIIB_PRIME_SOURCE_WS" env="uat" override="RetryNoOfTimes">3</com.prime.ws.PRIME_GetMemberListRequest_MF>
<com.prime.ws.PRIME_GetMemberListRequest_MF intServ="EEMSIIB_PRIME_SOURCE_WS" env="uat" override="sleepInterval">5000</com.prime.ws.PRIME_GetMemberListRequest_MF>
<com.prime.ws.PRIME_GetMemberListRequest_MF intServ="EEMSIIB_PRIME_SOURCE_WS" env="uat" override="AuditQName.queueName">EEMSIIB.PRIME_COMMON_AUDITMESSAGE_DATA</com.prime.ws.PRIME_GetMemberListRequest_MF>
<com.prime.ws.PRIME_GetMemberListRequest_MF intServ="EEMSIIB_PRIME_SOURCE_WS" env="uat" override="BECode">800</com.prime.ws.PRIME_GetMemberListRequest_MF>
<com.prime.ws.PRIME_GetMemberListRequest_MF intServ="EEMSIIB_PRIME_SOURCE_WS" env="uat" override="ProjNumber">3</com.prime.ws.PRIME_GetMemberListRequest_MF>
<com.prime.ws.PRIME_GetMemberListRequest_MF intServ="EEMSIIB_PRIME_SOURCE_WS" env="uat" override="EEMSIIB.PRIME_ERRORMESSAGE_DATA.queueName">EEMSIIB.PRIME_ERRORMESSAGE_DATA</com.prime.ws.PRIME_GetMemberListRequest_MF>
<com.prime.ws.PRIME_GetMemberListRequest_MF intServ="EEMSIIB_PRIME_SOURCE_WS" env="uat" override="includeApplicationData">true</com.prime.ws.PRIME_GetMemberListRequest_MF>
<com.prime.ws.PRIME_GetMemberListRequest_MF intServ="EEMSIIB_PRIME_SOURCE_WS" env="uat" override="EMLinQueueName.queueName">EEMSIIB.PRIME_EML_REQ_IN</com.prime.ws.PRIME_GetMemberListRequest_MF>
<com.prime.ws.PRIME_GetMemberListRequest_MF intServ="EEMSIIB_PRIME_SOURCE_WS" env="uat" override="EMLDBLoadQueuename.queueName">EEMSIIB.PRIME_SOURCE_SMALL_DBLOAD_IN</com.prime.ws.PRIME_GetMemberListRequest_MF>
<com.prime.ws.PRIME_GetMemberListRequest_MF intServ="EEMSIIB_PRIME_SOURCE_WS" env="uat" override="ErrorQueueName.queueName">EEMSIIB.PRIME_ERRORMESSAGE_DATA</com.prime.ws.PRIME_GetMemberListRequest_MF>
<com.prime.ws.PRIME_GetMemberListRequest_MF intServ="EEMSIIB_PRIME_SOURCE_WS" env="uat" override="brkrList">BKMBRA11</com.prime.ws.PRIME_GetMemberListRequest_MF>
<com.prime.ws.PRIME_GetMemberListRequest_MF intServ="EEMSIIB_PRIME_SOURCE_WS" env="uat" override="SSL_Protocol">TLSv1.2</com.prime.ws.PRIME_GetMemberListRequest_MF>
<com.prime.ws.PRIME_GetMemberListRequest_MF intServ="EEMSIIB_PRIME_SOURCE_WS" env="uat" override="WebServiceURL">https://trustbroker-stg-svcs.optum.com:8443/api/stage7/PRI/memberenrollmentservice/enrollee</com.prime.ws.PRIME_GetMemberListRequest_MF>
<com.prime.ws.PRIME_GetMemberListRequest_MF intServ="EEMSIIB_PRIME_SOURCE_WS" env="uat" override="URL">https://trustbroker-stg-svcs.optum.com:8443/api/stage7/PRI/memberenrollmentservice/enrollee</com.prime.ws.PRIME_GetMemberListRequest_MF>
<com.prime.ws.PRIME_GetMemberListRequest_MF intServ="EEMSIIB_PRIME_SOURCE_WS" env="uat" override="GMLResponse_MF_Compute.dataSource">EEMS_DB</com.prime.ws.PRIME_GetMemberListRequest_MF>
<com.prime.ws.PRIME_GetMemberListRequest_MF intServ="EEMSIIB_PRIME_SOURCE_WS" env="uat" override="MemberInq_ProcessException.dataSource">EEMS_DB</com.prime.ws.PRIME_GetMemberListRequest_MF>
<com.prime.ws.PRIME_GetMemberListRequest_MF intServ="EEMSIIB_PRIME_SOURCE_WS" env="uat" override="EEMSIIB.PRIME_ISREADYTOPROCESS_IN.queueName">EEMSIIB.PRIME_ISREADYTOPROCESS_IN</com.prime.ws.PRIME_GetMemberListRequest_MF>
<com.prime.ws.PRIME_GetMemberListRequest_MF intServ="EEMSIIB_PRIME_SOURCE_WS" env="uat" override="Compute.dataSource">EEMS_DB</com.prime.ws.PRIME_GetMemberListRequest_MF>

<!-- uat-bravo -->
<com.prime.ws.PRIME_GetMemberListRequest_MF intServ="EEMSIIB_PRIME_SOURCE_WS" env="uat-bravo" override="additionalInstances">0</com.prime.ws.PRIME_GetMemberListRequest_MF>
<com.prime.ws.PRIME_GetMemberListRequest_MF intServ="EEMSIIB_PRIME_SOURCE_WS" env="uat-bravo" override="BrkConfigKey">BRK_CONFIG</com.prime.ws.PRIME_GetMemberListRequest_MF>
<com.prime.ws.PRIME_GetMemberListRequest_MF intServ="EEMSIIB_PRIME_SOURCE_WS" env="uat-bravo" override="SchemaName">ELECELIG</com.prime.ws.PRIME_GetMemberListRequest_MF>
<com.prime.ws.PRIME_GetMemberListRequest_MF intServ="EEMSIIB_PRIME_SOURCE_WS" env="uat-bravo" override="GlobalCacheMap">PRIME_Common_Map</com.prime.ws.PRIME_GetMemberListRequest_MF>
<com.prime.ws.PRIME_GetMemberListRequest_MF intServ="EEMSIIB_PRIME_SOURCE_WS" env="uat-bravo" override="RetryNoOfTimes">3</com.prime.ws.PRIME_GetMemberListRequest_MF>
<com.prime.ws.PRIME_GetMemberListRequest_MF intServ="EEMSIIB_PRIME_SOURCE_WS" env="uat-bravo" override="sleepInterval">5000</com.prime.ws.PRIME_GetMemberListRequest_MF>
<com.prime.ws.PRIME_GetMemberListRequest_MF intServ="EEMSIIB_PRIME_SOURCE_WS" env="uat-bravo" override="AuditQName">EEMSIIB.PRIME_COMMON_AUDITMESSAGE_DATA</com.prime.ws.PRIME_GetMemberListRequest_MF>
<com.prime.ws.PRIME_GetMemberListRequest_MF intServ="EEMSIIB_PRIME_SOURCE_WS" env="uat-bravo" override="BECode">800</com.prime.ws.PRIME_GetMemberListRequest_MF>
<com.prime.ws.PRIME_GetMemberListRequest_MF intServ="EEMSIIB_PRIME_SOURCE_WS" env="uat-bravo" override="ProjNumber">3</com.prime.ws.PRIME_GetMemberListRequest_MF>
<com.prime.ws.PRIME_GetMemberListRequest_MF intServ="EEMSIIB_PRIME_SOURCE_WS" env="uat-bravo" override="EEMSIIB.PRIME_ERRORMESSAGE_DATA.queueName">EEMSIIB.PRIME_ERRORMESSAGE_DATA</com.prime.ws.PRIME_GetMemberListRequest_MF>
<com.prime.ws.PRIME_GetMemberListRequest_MF intServ="EEMSIIB_PRIME_SOURCE_WS" env="uat-bravo" override="includeApplicationData">true</com.prime.ws.PRIME_GetMemberListRequest_MF>
<com.prime.ws.PRIME_GetMemberListRequest_MF intServ="EEMSIIB_PRIME_SOURCE_WS" env="uat-bravo" override="EMLinQueueName">EEMSIIB.PRIME_EML_REQ_IN</com.prime.ws.PRIME_GetMemberListRequest_MF>
<com.prime.ws.PRIME_GetMemberListRequest_MF intServ="EEMSIIB_PRIME_SOURCE_WS" env="uat-bravo" override="EMLDBLoadQueuename">EEMSIIB.PRIME_SOURCE_SMALL_DBLOAD_IN</com.prime.ws.PRIME_GetMemberListRequest_MF>
<com.prime.ws.PRIME_GetMemberListRequest_MF intServ="EEMSIIB_PRIME_SOURCE_WS" env="uat-bravo" override="ErrorQueueName">EEMSIIB.PRIME_ERRORMESSAGE_DATA</com.prime.ws.PRIME_GetMemberListRequest_MF>
<com.prime.ws.PRIME_GetMemberListRequest_MF intServ="EEMSIIB_PRIME_SOURCE_WS" env="uat-bravo" override="brkrList">BKMBRB11</com.prime.ws.PRIME_GetMemberListRequest_MF>
<com.prime.ws.PRIME_GetMemberListRequest_MF intServ="EEMSIIB_PRIME_SOURCE_WS" env="uat-bravo" override="SSL_Protocol">TLSv1.2</com.prime.ws.PRIME_GetMemberListRequest_MF>
<com.prime.ws.PRIME_GetMemberListRequest_MF intServ="EEMSIIB_PRIME_SOURCE_WS" env="uat-bravo" override="WebServiceURL">https://trustbroker-stg-svcs.optum.com:8443/api/testA/PRI/memberenrollmentservice/enrollee</com.prime.ws.PRIME_GetMemberListRequest_MF>
<com.prime.ws.PRIME_GetMemberListRequest_MF intServ="EEMSIIB_PRIME_SOURCE_WS" env="uat-bravo" override="URL">https://trustbroker-stg-svcs.optum.com:8443/api/testA/PRI/memberenrollmentservice/enrollee</com.prime.ws.PRIME_GetMemberListRequest_MF>
<com.prime.ws.PRIME_GetMemberListRequest_MF intServ="EEMSIIB_PRIME_SOURCE_WS" env="uat-bravo" override="GMLResponse_MF_Compute.dataSource">EEMS_DB</com.prime.ws.PRIME_GetMemberListRequest_MF>
<com.prime.ws.PRIME_GetMemberListRequest_MF intServ="EEMSIIB_PRIME_SOURCE_WS" env="uat-bravo" override="MemberInq_ProcessException.dataSource">EEMS_DB</com.prime.ws.PRIME_GetMemberListRequest_MF>
<com.prime.ws.PRIME_GetMemberListRequest_MF intServ="EEMSIIB_PRIME_SOURCE_WS" env="uat-bravo" override="EEMSIIB.PRIME_ISREADYTOPROCESS_IN.queueName">EEMSIIB.PRIME_ISREADYTOPROCESS_IN</com.prime.ws.PRIME_GetMemberListRequest_MF>
<com.prime.ws.PRIME_GetMemberListRequest_MF intServ="EEMSIIB_PRIME_SOURCE_WS" env="uat-bravo" override="Compute.dataSource">EEMS_DB</com.prime.ws.PRIME_GetMemberListRequest_MF>

<!-- STAGE -->
<com.prime.ws.PRIME_GetMemberListRequest_MF intServ="EEMSIIB_PRIME_APPS" env="stage" override="additionalInstances">0</com.prime.ws.PRIME_GetMemberListRequest_MF>
<com.prime.ws.PRIME_GetMemberListRequest_MF intServ="EEMSIIB_PRIME_APPS" env="stage" override="BrkConfigKey">BRK_CONFIG</com.prime.ws.PRIME_GetMemberListRequest_MF>
<com.prime.ws.PRIME_GetMemberListRequest_MF intServ="EEMSIIB_PRIME_APPS" env="stage" override="SchemaName">ELECELIG</com.prime.ws.PRIME_GetMemberListRequest_MF>
<com.prime.ws.PRIME_GetMemberListRequest_MF intServ="EEMSIIB_PRIME_APPS" env="stage" override="GlobalCacheMap">PRIME_Common_Map</com.prime.ws.PRIME_GetMemberListRequest_MF>
<com.prime.ws.PRIME_GetMemberListRequest_MF intServ="EEMSIIB_PRIME_APPS" env="stage" override="RetryNoOfTimes">3</com.prime.ws.PRIME_GetMemberListRequest_MF>
<com.prime.ws.PRIME_GetMemberListRequest_MF intServ="EEMSIIB_PRIME_APPS" env="stage" override="sleepInterval">5000</com.prime.ws.PRIME_GetMemberListRequest_MF>
<com.prime.ws.PRIME_GetMemberListRequest_MF intServ="EEMSIIB_PRIME_APPS" env="stage" override="AuditQName">EEMSIIB.PRIME_COMMON_AUDITMESSAGE_DATA</com.prime.ws.PRIME_GetMemberListRequest_MF>
<com.prime.ws.PRIME_GetMemberListRequest_MF intServ="EEMSIIB_PRIME_APPS" env="stage" override="BECode">800</com.prime.ws.PRIME_GetMemberListRequest_MF>
<com.prime.ws.PRIME_GetMemberListRequest_MF intServ="EEMSIIB_PRIME_APPS" env="stage" override="ProjNumber">3</com.prime.ws.PRIME_GetMemberListRequest_MF>
<com.prime.ws.PRIME_GetMemberListRequest_MF intServ="EEMSIIB_PRIME_APPS" env="stage" override="EEMSIIB.PRIME_ERRORMESSAGE_DATA.queueName">EEMSIIB.PRIME_ERRORMESSAGE_DATA</com.prime.ws.PRIME_GetMemberListRequest_MF>
<com.prime.ws.PRIME_GetMemberListRequest_MF intServ="EEMSIIB_PRIME_APPS" env="stage" override="includeApplicationData">true</com.prime.ws.PRIME_GetMemberListRequest_MF>
<com.prime.ws.PRIME_GetMemberListRequest_MF intServ="EEMSIIB_PRIME_APPS" env="stage" override="EMLinQueueName">EEMSIIB.PRIME_EML_REQ_IN</com.prime.ws.PRIME_GetMemberListRequest_MF>
<com.prime.ws.PRIME_GetMemberListRequest_MF intServ="EEMSIIB_PRIME_APPS" env="stage" override="EMLDBLoadQueuename">EEMSIIB.PRIME_SOURCE_SMALL_DBLOAD_IN</com.prime.ws.PRIME_GetMemberListRequest_MF>
<com.prime.ws.PRIME_GetMemberListRequest_MF intServ="EEMSIIB_PRIME_APPS" env="stage" override="ErrorQueueName">EEMSIIB.PRIME_ERRORMESSAGE_DATA</com.prime.ws.PRIME_GetMemberListRequest_MF>
<com.prime.ws.PRIME_GetMemberListRequest_MF intServ="EEMSIIB_PRIME_APPS" env="stage" override="brkrList">BKMBRM11_BKMBRM12_BKMBRM13</com.prime.ws.PRIME_GetMemberListRequest_MF>
<com.prime.ws.PRIME_GetMemberListRequest_MF intServ="EEMSIIB_PRIME_APPS" env="stage" override="SSL_Protocol">TLSv1.2</com.prime.ws.PRIME_GetMemberListRequest_MF>
<com.prime.ws.PRIME_GetMemberListRequest_MF intServ="EEMSIIB_PRIME_APPS" env="stage" override="WebServiceURL">https://trustbroker-stg-svcs.optum.com:8443/api/stageC/PRI/memberenrollmentservice/enrollee</com.prime.ws.PRIME_GetMemberListRequest_MF>
<com.prime.ws.PRIME_GetMemberListRequest_MF intServ="EEMSIIB_PRIME_APPS" env="stage" override="URL">https://trustbroker-stg-svcs.optum.com:8443/api/stageC/PRI/memberenrollmentservice/enrollee</com.prime.ws.PRIME_GetMemberListRequest_MF>
<com.prime.ws.PRIME_GetMemberListRequest_MF intServ="EEMSIIB_PRIME_APPS" env="stage" override="GMLResponse_MF_Compute.dataSource">EEMS_DB</com.prime.ws.PRIME_GetMemberListRequest_MF>
<com.prime.ws.PRIME_GetMemberListRequest_MF intServ="EEMSIIB_PRIME_APPS" env="stage" override="MemberInq_ProcessException.dataSource">EEMS_DB</com.prime.ws.PRIME_GetMemberListRequest_MF>
<com.prime.ws.PRIME_GetMemberListRequest_MF intServ="EEMSIIB_PRIME_APPS" env="stage" override="EEMSIIB.PRIME_ISREADYTOPROCESS_IN.queueName">EEMSIIB.PRIME_ISREADYTOPROCESS_IN</com.prime.ws.PRIME_GetMemberListRequest_MF>
<com.prime.ws.PRIME_GetMemberListRequest_MF intServ="EEMSIIB_PRIME_APPS" env="stage" override="Compute.dataSource">EEMS_DB</com.prime.ws.PRIME_GetMemberListRequest_MF>

<!-- ADOPT -->
<com.prime.ws.PRIME_GetMemberListRequest_MF intServ="EEMSIIB_PRIME_APPS" env="adopt" override="additionalInstances">0</com.prime.ws.PRIME_GetMemberListRequest_MF>
<com.prime.ws.PRIME_GetMemberListRequest_MF intServ="EEMSIIB_PRIME_APPS" env="adopt" override="BrkConfigKey">BRK_CONFIG</com.prime.ws.PRIME_GetMemberListRequest_MF>
<com.prime.ws.PRIME_GetMemberListRequest_MF intServ="EEMSIIB_PRIME_APPS" env="adopt" override="SchemaName">ELECELIG</com.prime.ws.PRIME_GetMemberListRequest_MF>
<com.prime.ws.PRIME_GetMemberListRequest_MF intServ="EEMSIIB_PRIME_APPS" env="adopt" override="GlobalCacheMap">PRIME_Common_Map</com.prime.ws.PRIME_GetMemberListRequest_MF>
<com.prime.ws.PRIME_GetMemberListRequest_MF intServ="EEMSIIB_PRIME_APPS" env="adopt" override="RetryNoOfTimes">3</com.prime.ws.PRIME_GetMemberListRequest_MF>
<com.prime.ws.PRIME_GetMemberListRequest_MF intServ="EEMSIIB_PRIME_APPS" env="adopt" override="sleepInterval">5000</com.prime.ws.PRIME_GetMemberListRequest_MF>
<com.prime.ws.PRIME_GetMemberListRequest_MF intServ="EEMSIIB_PRIME_APPS" env="adopt" override="AuditQName">EEMSIIB.ADP.PRIME_COMMON_AUDITMESSAGE_DATA</com.prime.ws.PRIME_GetMemberListRequest_MF>
<com.prime.ws.PRIME_GetMemberListRequest_MF intServ="EEMSIIB_PRIME_APPS" env="adopt" override="BECode">800</com.prime.ws.PRIME_GetMemberListRequest_MF>
<com.prime.ws.PRIME_GetMemberListRequest_MF intServ="EEMSIIB_PRIME_APPS" env="adopt" override="ProjNumber">3</com.prime.ws.PRIME_GetMemberListRequest_MF>
<com.prime.ws.PRIME_GetMemberListRequest_MF intServ="EEMSIIB_PRIME_APPS" env="adopt" override="EEMSIIB.PRIME_ERRORMESSAGE_DATA.queueName">EEMSIIB.ADP.PRIME_ERRORMESSAGE_DATA</com.prime.ws.PRIME_GetMemberListRequest_MF>
<com.prime.ws.PRIME_GetMemberListRequest_MF intServ="EEMSIIB_PRIME_APPS" env="adopt" override="includeApplicationData">true</com.prime.ws.PRIME_GetMemberListRequest_MF>
<com.prime.ws.PRIME_GetMemberListRequest_MF intServ="EEMSIIB_PRIME_APPS" env="adopt" override="EMLinQueueName">EEMSIIB.ADP.PRIME_EML_REQ_IN</com.prime.ws.PRIME_GetMemberListRequest_MF>
<com.prime.ws.PRIME_GetMemberListRequest_MF intServ="EEMSIIB_PRIME_APPS" env="adopt" override="EMLDBLoadQueuename">EEMSIIB.ADP.PRIME_SOURCE_SMALL_DBLOAD_IN</com.prime.ws.PRIME_GetMemberListRequest_MF>
<com.prime.ws.PRIME_GetMemberListRequest_MF intServ="EEMSIIB_PRIME_APPS" env="adopt" override="ErrorQueueName">EEMSIIB.ADP.PRIME_ERRORMESSAGE_DATA</com.prime.ws.PRIME_GetMemberListRequest_MF>
<com.prime.ws.PRIME_GetMemberListRequest_MF intServ="EEMSIIB_PRIME_APPS" env="adopt" override="brkrList">BKMBPD07_BKMBPD08</com.prime.ws.PRIME_GetMemberListRequest_MF>
<com.prime.ws.PRIME_GetMemberListRequest_MF intServ="EEMSIIB_PRIME_APPS" env="adopt" override="WebServiceURL">https://trustbroker-stg-svcs.optum.com:8443/api/test6/PRI/memberenrollmentservice/enrollee</com.prime.ws.PRIME_GetMemberListRequest_MF>
<com.prime.ws.PRIME_GetMemberListRequest_MF intServ="EEMSIIB_PRIME_APPS" env="adopt" override="SSL_Protocol">TLSv1.2</com.prime.ws.PRIME_GetMemberListRequest_MF>
<com.prime.ws.PRIME_GetMemberListRequest_MF intServ="EEMSIIB_PRIME_APPS" env="adopt" override="URL">https://trustbroker-stg-svcs.optum.com:8443/api/test6/PRI/memberenrollmentservice/enrollee</com.prime.ws.PRIME_GetMemberListRequest_MF>
<com.prime.ws.PRIME_GetMemberListRequest_MF intServ="EEMSIIB_PRIME_APPS" env="adopt" override="EEMSIIB.PRIME_ISREADYTOPROCESS_IN.queueName">EEMSIIB.ADP.PRIME_ISREADYTOPROCESS_IN</com.prime.ws.PRIME_GetMemberListRequest_MF>
<com.prime.ws.PRIME_GetMemberListRequest_MF intServ="EEMSIIB_PRIME_APPS" env="adopt" override="GMLResponse_MF_Compute.dataSource">EEMS_DB</com.prime.ws.PRIME_GetMemberListRequest_MF>
<com.prime.ws.PRIME_GetMemberListRequest_MF intServ="EEMSIIB_PRIME_APPS" env="adopt" override="MemberInq_ProcessException.dataSource">EEMS_DB</com.prime.ws.PRIME_GetMemberListRequest_MF>
<com.prime.ws.PRIME_GetMemberListRequest_MF intServ="EEMSIIB_PRIME_APPS" env="adopt" override="Compute.dataSource">EEMS_DB</com.prime.ws.PRIME_GetMemberListRequest_MF>

<!-- PROD -->
<com.prime.ws.PRIME_GetMemberListRequest_MF intServ="EEMSIIB_PRIME_APPS" env="prod" override="additionalInstances">0</com.prime.ws.PRIME_GetMemberListRequest_MF>
<com.prime.ws.PRIME_GetMemberListRequest_MF intServ="EEMSIIB_PRIME_APPS" env="prod" override="BrkConfigKey">BRK_CONFIG</com.prime.ws.PRIME_GetMemberListRequest_MF>
<com.prime.ws.PRIME_GetMemberListRequest_MF intServ="EEMSIIB_PRIME_APPS" env="prod" override="SchemaName">ELECELIG</com.prime.ws.PRIME_GetMemberListRequest_MF>
<com.prime.ws.PRIME_GetMemberListRequest_MF intServ="EEMSIIB_PRIME_APPS" env="prod" override="GlobalCacheMap">PRIME_Common_Map</com.prime.ws.PRIME_GetMemberListRequest_MF>
<com.prime.ws.PRIME_GetMemberListRequest_MF intServ="EEMSIIB_PRIME_APPS" env="prod" override="RetryNoOfTimes">3</com.prime.ws.PRIME_GetMemberListRequest_MF>
<com.prime.ws.PRIME_GetMemberListRequest_MF intServ="EEMSIIB_PRIME_APPS" env="prod" override="sleepInterval">5000</com.prime.ws.PRIME_GetMemberListRequest_MF>
<com.prime.ws.PRIME_GetMemberListRequest_MF intServ="EEMSIIB_PRIME_APPS" env="prod" override="AuditQName">EEMSIIB.PRIME_COMMON_AUDITMESSAGE_DATA</com.prime.ws.PRIME_GetMemberListRequest_MF>
<com.prime.ws.PRIME_GetMemberListRequest_MF intServ="EEMSIIB_PRIME_APPS" env="prod" override="BECode">800</com.prime.ws.PRIME_GetMemberListRequest_MF>
<com.prime.ws.PRIME_GetMemberListRequest_MF intServ="EEMSIIB_PRIME_APPS" env="prod" override="ProjNumber">3</com.prime.ws.PRIME_GetMemberListRequest_MF>
<com.prime.ws.PRIME_GetMemberListRequest_MF intServ="EEMSIIB_PRIME_APPS" env="prod" override="EEMSIIB.PRIME_ERRORMESSAGE_DATA.queueName">EEMSIIB.PRIME_ERRORMESSAGE_DATA</com.prime.ws.PRIME_GetMemberListRequest_MF>
<com.prime.ws.PRIME_GetMemberListRequest_MF intServ="EEMSIIB_PRIME_APPS" env="prod" override="includeApplicationData">true</com.prime.ws.PRIME_GetMemberListRequest_MF>
<com.prime.ws.PRIME_GetMemberListRequest_MF intServ="EEMSIIB_PRIME_APPS" env="prod" override="EMLinQueueName">EEMSIIB.PRIME_EML_REQ_IN</com.prime.ws.PRIME_GetMemberListRequest_MF>
<com.prime.ws.PRIME_GetMemberListRequest_MF intServ="EEMSIIB_PRIME_APPS" env="prod" override="EMLDBLoadQueuename">EEMSIIB.PRIME_SOURCE_SMALL_DBLOAD_IN</com.prime.ws.PRIME_GetMemberListRequest_MF>
<com.prime.ws.PRIME_GetMemberListRequest_MF intServ="EEMSIIB_PRIME_APPS" env="prod" override="ErrorQueueName">EEMSIIB.PRIME_ERRORMESSAGE_DATA</com.prime.ws.PRIME_GetMemberListRequest_MF>
<com.prime.ws.PRIME_GetMemberListRequest_MF intServ="EEMSIIB_PRIME_APPS" env="prod" override="brkrList">BKMBPD15_BKMBPD16_BKMBPD30_BKMBPD31</com.prime.ws.PRIME_GetMemberListRequest_MF>
<com.prime.ws.PRIME_GetMemberListRequest_MF intServ="EEMSIIB_PRIME_APPS" env="prod" override="WebServiceURL">https://trustbroker-svcs.optum.com:8443/api/PRI/memberenrollmentservice/enrollee</com.prime.ws.PRIME_GetMemberListRequest_MF>
<com.prime.ws.PRIME_GetMemberListRequest_MF intServ="EEMSIIB_PRIME_APPS" env="prod" override="SSL_Protocol">TLSv1.2</com.prime.ws.PRIME_GetMemberListRequest_MF>
<com.prime.ws.PRIME_GetMemberListRequest_MF intServ="EEMSIIB_PRIME_APPS" env="prod" override="URL">https://trustbroker-svcs.optum.com:8443/api/PRI/memberenrollmentservice/enrollee</com.prime.ws.PRIME_GetMemberListRequest_MF>
<com.prime.ws.PRIME_GetMemberListRequest_MF intServ="EEMSIIB_PRIME_APPS" env="prod" override="EEMSIIB.PRIME_ISREADYTOPROCESS_IN.queueName">EEMSIIB.PRIME_ISREADYTOPROCESS_IN</com.prime.ws.PRIME_GetMemberListRequest_MF>
<com.prime.ws.PRIME_GetMemberListRequest_MF intServ="EEMSIIB_PRIME_APPS" env="prod" override="GMLResponse_MF_Compute.dataSource">EEMS_DB</com.prime.ws.PRIME_GetMemberListRequest_MF>
<com.prime.ws.PRIME_GetMemberListRequest_MF intServ="EEMSIIB_PRIME_APPS" env="prod" override="MemberInq_ProcessException.dataSource">EEMS_DB</com.prime.ws.PRIME_GetMemberListRequest_MF>
<com.prime.ws.PRIME_GetMemberListRequest_MF intServ="EEMSIIB_PRIME_APPS" env="prod" override="Compute.dataSource">EEMS_DB</com.prime.ws.PRIME_GetMemberListRequest_MF>
</Broker>
