{
  "swagger" : "2.0",
  "info" : {
    "title" : "TDS_Details",
    "version" : "1.0.0",
    "description" : "TDS_Details"
  },
  "paths" : {
    "/getTDSDetails" : {
      "get" : {
        "operationId" : "getTDSDetails",
        "responses" : {
          "200" : {
            "description" : "The operation was successful.",
            "schema" : {
              "type" : "string"
            }
          }
        },
        "produces" : [ "application/json" ],
        "description" : "Retrieve getTDSDetails",
        "parameters" : [ {
          "name" : "source",
          "in" : "query",
          "type" : "string"
        }, {
          "name" : "username",
          "in" : "query",
          "type" : "string"
        }, {
          "name" : "accountNr",
          "in" : "query",
          "type" : "string"
        }, {
          "name" : "password",
          "in" : "query",
          "type" : "string"
        } ]
      }
    }
  },
  "basePath" : "/tds_details/v1"
}