<?xml version="1.0" encoding="UTF-8" ?> 
<Broker>

<!-- DEV -->
<com.eems.be128.exchangefileproc.EEMS_ExchangeFileProcessing intServ="EEMSIIB_COMMON_APPLICATIONS" env="dev" override="additionalInstances">0</com.eems.be128.exchangefileproc.EEMS_ExchangeFileProcessing>
<com.eems.be128.exchangefileproc.EEMS_ExchangeFileProcessing intServ="EEMSIIB_COMMON_APPLICATIONS" env="dev" override="ReportLocation">/eems/iib/be128/exchange/ExchangesReport/FileStatusTracker/</com.eems.be128.exchangefileproc.EEMS_ExchangeFileProcessing>
<com.eems.be128.exchangefileproc.EEMS_ExchangeFileProcessing intServ="EEMSIIB_COMMON_APPLICATIONS" env="dev" override="reportOutFileDir">/eems/iib/be128/exchange/ExchangesReport/</com.eems.be128.exchangefileproc.EEMS_ExchangeFileProcessing>
<com.eems.be128.exchangefileproc.EEMS_ExchangeFileProcessing intServ="EEMSIIB_COMMON_APPLICATIONS" env="dev" override="iib_Dashboard_Report">/iib/scripts/Exchange/iib_Dashboard_Report.ksh</com.eems.be128.exchangefileproc.EEMS_ExchangeFileProcessing>
<com.eems.be128.exchangefileproc.EEMS_ExchangeFileProcessing intServ="EEMSIIB_COMMON_APPLICATIONS" env="dev" override="fileReportPropFile">/iib/scripts/Exchange/uhg-exchange-file-dashboard-reporting.properties</com.eems.be128.exchangefileproc.EEMS_ExchangeFileProcessing>
<com.eems.be128.exchangefileproc.EEMS_ExchangeFileProcessing intServ="EEMSIIB_COMMON_APPLICATIONS" env="dev" override="BECode">128</com.eems.be128.exchangefileproc.EEMS_ExchangeFileProcessing>
<com.eems.be128.exchangefileproc.EEMS_ExchangeFileProcessing intServ="EEMSIIB_COMMON_APPLICATIONS" env="dev" override="queueName">EEMSIIB.EEMS_NOTIFY_CMPL_IN</com.eems.be128.exchangefileproc.EEMS_ExchangeFileProcessing>
<com.eems.be128.exchangefileproc.EEMS_ExchangeFileProcessing intServ="EEMSIIB_COMMON_APPLICATIONS" env="dev" override="ProjNumber">1</com.eems.be128.exchangefileproc.EEMS_ExchangeFileProcessing>
<com.eems.be128.exchangefileproc.EEMS_ExchangeFileProcessing intServ="EEMSIIB_COMMON_APPLICATIONS" env="dev" override="queueName1">EEMSIIB.ERRORMESSAGE_DATA</com.eems.be128.exchangefileproc.EEMS_ExchangeFileProcessing>
<com.eems.be128.exchangefileproc.EEMS_ExchangeFileProcessing intServ="EEMSIIB_COMMON_APPLICATIONS" env="dev" override="IIBENV">assemblytest</com.eems.be128.exchangefileproc.EEMS_ExchangeFileProcessing>
<com.eems.be128.exchangefileproc.EEMS_ExchangeFileProcessing intServ="EEMSIIB_COMMON_APPLICATIONS" env="dev" override="timeoutInSeconds">300</com.eems.be128.exchangefileproc.EEMS_ExchangeFileProcessing>
<com.eems.be128.exchangefileproc.EEMS_ExchangeFileProcessing intServ="EEMSIIB_COMMON_APPLICATIONS" env="dev" override="BrkConfigKey">BRK_CONFIG</com.eems.be128.exchangefileproc.EEMS_ExchangeFileProcessing>
<com.eems.be128.exchangefileproc.EEMS_ExchangeFileProcessing intServ="EEMSIIB_COMMON_APPLICATIONS" env="dev" override="varGCMapName">BE128_Common_Map</com.eems.be128.exchangefileproc.EEMS_ExchangeFileProcessing>
<com.eems.be128.exchangefileproc.EEMS_ExchangeFileProcessing intServ="EEMSIIB_COMMON_APPLICATIONS" env="dev" override="schemaName">ELECELIG</com.eems.be128.exchangefileproc.EEMS_ExchangeFileProcessing>
<com.eems.be128.exchangefileproc.EEMS_ExchangeFileProcessing intServ="EEMSIIB_COMMON_APPLICATIONS" env="dev" override="Common_AuditInMessage_SF.queueName">EEMSIIB.COMMON_AUDITMESSAGE_DATA</com.eems.be128.exchangefileproc.EEMS_ExchangeFileProcessing>

<!-- SIT -->
<com.eems.be128.exchangefileproc.EEMS_ExchangeFileProcessing intServ="EEMSIIB_COMMON_APPLICATIONS" env="test" override="additionalInstances">0</com.eems.be128.exchangefileproc.EEMS_ExchangeFileProcessing>
<com.eems.be128.exchangefileproc.EEMS_ExchangeFileProcessing intServ="EEMSIIB_COMMON_APPLICATIONS" env="test" override="ReportLocation">/eems/iib/be128/exchange/ExchangesReport/FileStatusTracker/</com.eems.be128.exchangefileproc.EEMS_ExchangeFileProcessing>
<com.eems.be128.exchangefileproc.EEMS_ExchangeFileProcessing intServ="EEMSIIB_COMMON_APPLICATIONS" env="test" override="reportOutFileDir">/eems/iib/be128/exchange/ExchangesReport/</com.eems.be128.exchangefileproc.EEMS_ExchangeFileProcessing>
<com.eems.be128.exchangefileproc.EEMS_ExchangeFileProcessing intServ="EEMSIIB_COMMON_APPLICATIONS" env="test" override="iib_Dashboard_Report">/iib/scripts/Exchange/iib_Dashboard_Report.ksh</com.eems.be128.exchangefileproc.EEMS_ExchangeFileProcessing>
<com.eems.be128.exchangefileproc.EEMS_ExchangeFileProcessing intServ="EEMSIIB_COMMON_APPLICATIONS" env="test" override="fileReportPropFile">/iib/scripts/Exchange/uhg-exchange-file-dashboard-reporting.properties</com.eems.be128.exchangefileproc.EEMS_ExchangeFileProcessing>
<com.eems.be128.exchangefileproc.EEMS_ExchangeFileProcessing intServ="EEMSIIB_COMMON_APPLICATIONS" env="test" override="BECode">128</com.eems.be128.exchangefileproc.EEMS_ExchangeFileProcessing>
<com.eems.be128.exchangefileproc.EEMS_ExchangeFileProcessing intServ="EEMSIIB_COMMON_APPLICATIONS" env="test" override="queueName">EEMSIIB.EEMS_NOTIFY_CMPL_IN</com.eems.be128.exchangefileproc.EEMS_ExchangeFileProcessing>
<com.eems.be128.exchangefileproc.EEMS_ExchangeFileProcessing intServ="EEMSIIB_COMMON_APPLICATIONS" env="test" override="ProjNumber">1</com.eems.be128.exchangefileproc.EEMS_ExchangeFileProcessing>
<com.eems.be128.exchangefileproc.EEMS_ExchangeFileProcessing intServ="EEMSIIB_COMMON_APPLICATIONS" env="test" override="queueName1">EEMSIIB.ERRORMESSAGE_DATA</com.eems.be128.exchangefileproc.EEMS_ExchangeFileProcessing>
<com.eems.be128.exchangefileproc.EEMS_ExchangeFileProcessing intServ="EEMSIIB_COMMON_APPLICATIONS" env="test" override="IIBENV">systemtest</com.eems.be128.exchangefileproc.EEMS_ExchangeFileProcessing>
<com.eems.be128.exchangefileproc.EEMS_ExchangeFileProcessing intServ="EEMSIIB_COMMON_APPLICATIONS" env="test" override="timeoutInSeconds">300</com.eems.be128.exchangefileproc.EEMS_ExchangeFileProcessing>
<com.eems.be128.exchangefileproc.EEMS_ExchangeFileProcessing intServ="EEMSIIB_COMMON_APPLICATIONS" env="test" override="BrkConfigKey">BRK_CONFIG</com.eems.be128.exchangefileproc.EEMS_ExchangeFileProcessing>
<com.eems.be128.exchangefileproc.EEMS_ExchangeFileProcessing intServ="EEMSIIB_COMMON_APPLICATIONS" env="test" override="varGCMapName">BE128_Common_Map</com.eems.be128.exchangefileproc.EEMS_ExchangeFileProcessing>
<com.eems.be128.exchangefileproc.EEMS_ExchangeFileProcessing intServ="EEMSIIB_COMMON_APPLICATIONS" env="test" override="schemaName">ELECELIG</com.eems.be128.exchangefileproc.EEMS_ExchangeFileProcessing>
<com.eems.be128.exchangefileproc.EEMS_ExchangeFileProcessing intServ="EEMSIIB_COMMON_APPLICATIONS" env="test" override="Common_AuditInMessage_SF.queueName">EEMSIIB.COMMON_AUDITMESSAGE_DATA</com.eems.be128.exchangefileproc.EEMS_ExchangeFileProcessing>

<!-- SIT Bravo-->
<com.eems.be128.exchangefileproc.EEMS_ExchangeFileProcessing intServ="EEMSIIB_COMMON_APPLICATIONS" env="test2" override="additionalInstances">0</com.eems.be128.exchangefileproc.EEMS_ExchangeFileProcessing>
<com.eems.be128.exchangefileproc.EEMS_ExchangeFileProcessing intServ="EEMSIIB_COMMON_APPLICATIONS" env="test2" override="ReportLocation">/eems/iib/be128/exchange/ExchangesReport/FileStatusTracker/</com.eems.be128.exchangefileproc.EEMS_ExchangeFileProcessing>
<com.eems.be128.exchangefileproc.EEMS_ExchangeFileProcessing intServ="EEMSIIB_COMMON_APPLICATIONS" env="test2" override="reportOutFileDir">/eems/iib/be128/exchange/ExchangesReport/</com.eems.be128.exchangefileproc.EEMS_ExchangeFileProcessing>
<com.eems.be128.exchangefileproc.EEMS_ExchangeFileProcessing intServ="EEMSIIB_COMMON_APPLICATIONS" env="test2" override="iib_Dashboard_Report">/iib/scripts/Exchange/iib_Dashboard_Report.ksh</com.eems.be128.exchangefileproc.EEMS_ExchangeFileProcessing>
<com.eems.be128.exchangefileproc.EEMS_ExchangeFileProcessing intServ="EEMSIIB_COMMON_APPLICATIONS" env="test2" override="fileReportPropFile">/iib/scripts/Exchange/uhg-exchange-file-dashboard-reporting.properties</com.eems.be128.exchangefileproc.EEMS_ExchangeFileProcessing>
<com.eems.be128.exchangefileproc.EEMS_ExchangeFileProcessing intServ="EEMSIIB_COMMON_APPLICATIONS" env="test2" override="BECode">128</com.eems.be128.exchangefileproc.EEMS_ExchangeFileProcessing>
<com.eems.be128.exchangefileproc.EEMS_ExchangeFileProcessing intServ="EEMSIIB_COMMON_APPLICATIONS" env="test2" override="queueName">EEMSIIB.EEMS_NOTIFY_CMPL_IN</com.eems.be128.exchangefileproc.EEMS_ExchangeFileProcessing>
<com.eems.be128.exchangefileproc.EEMS_ExchangeFileProcessing intServ="EEMSIIB_COMMON_APPLICATIONS" env="test2" override="ProjNumber">1</com.eems.be128.exchangefileproc.EEMS_ExchangeFileProcessing>
<com.eems.be128.exchangefileproc.EEMS_ExchangeFileProcessing intServ="EEMSIIB_COMMON_APPLICATIONS" env="test2" override="queueName1">EEMSIIB.ERRORMESSAGE_DATA</com.eems.be128.exchangefileproc.EEMS_ExchangeFileProcessing>
<com.eems.be128.exchangefileproc.EEMS_ExchangeFileProcessing intServ="EEMSIIB_COMMON_APPLICATIONS" env="test2" override="IIBENV">systemtest2</com.eems.be128.exchangefileproc.EEMS_ExchangeFileProcessing>
<com.eems.be128.exchangefileproc.EEMS_ExchangeFileProcessing intServ="EEMSIIB_COMMON_APPLICATIONS" env="test2" override="timeoutInSeconds">300</com.eems.be128.exchangefileproc.EEMS_ExchangeFileProcessing>
<com.eems.be128.exchangefileproc.EEMS_ExchangeFileProcessing intServ="EEMSIIB_COMMON_APPLICATIONS" env="test2" override="BrkConfigKey">BRK_CONFIG</com.eems.be128.exchangefileproc.EEMS_ExchangeFileProcessing>
<com.eems.be128.exchangefileproc.EEMS_ExchangeFileProcessing intServ="EEMSIIB_COMMON_APPLICATIONS" env="test2" override="varGCMapName">BE128_Common_Map</com.eems.be128.exchangefileproc.EEMS_ExchangeFileProcessing>
<com.eems.be128.exchangefileproc.EEMS_ExchangeFileProcessing intServ="EEMSIIB_COMMON_APPLICATIONS" env="test2" override="schemaName">ELECELIG</com.eems.be128.exchangefileproc.EEMS_ExchangeFileProcessing>
<com.eems.be128.exchangefileproc.EEMS_ExchangeFileProcessing intServ="EEMSIIB_COMMON_APPLICATIONS" env="test2" override="Common_AuditInMessage_SF.queueName">EEMSIIB.COMMON_AUDITMESSAGE_DATA</com.eems.be128.exchangefileproc.EEMS_ExchangeFileProcessing>

<!-- UAT -->
<com.eems.be128.exchangefileproc.EEMS_ExchangeFileProcessing intServ="EEMSIIB_COMMON_APPLICATIONS" env="uat" override="additionalInstances">0</com.eems.be128.exchangefileproc.EEMS_ExchangeFileProcessing>
<com.eems.be128.exchangefileproc.EEMS_ExchangeFileProcessing intServ="EEMSIIB_COMMON_APPLICATIONS" env="uat" override="ReportLocation">/eems/iib/be128/exchange/ExchangesReport/FileStatusTracker/</com.eems.be128.exchangefileproc.EEMS_ExchangeFileProcessing>
<com.eems.be128.exchangefileproc.EEMS_ExchangeFileProcessing intServ="EEMSIIB_COMMON_APPLICATIONS" env="uat" override="reportOutFileDir">/eems/iib/be128/exchange/ExchangesReport/</com.eems.be128.exchangefileproc.EEMS_ExchangeFileProcessing>
<com.eems.be128.exchangefileproc.EEMS_ExchangeFileProcessing intServ="EEMSIIB_COMMON_APPLICATIONS" env="uat" override="iib_Dashboard_Report">/iib/scripts/Exchange/iib_Dashboard_Report.ksh</com.eems.be128.exchangefileproc.EEMS_ExchangeFileProcessing>
<com.eems.be128.exchangefileproc.EEMS_ExchangeFileProcessing intServ="EEMSIIB_COMMON_APPLICATIONS" env="uat" override="fileReportPropFile">/iib/scripts/Exchange/uhg-exchange-file-dashboard-reporting.properties</com.eems.be128.exchangefileproc.EEMS_ExchangeFileProcessing>
<com.eems.be128.exchangefileproc.EEMS_ExchangeFileProcessing intServ="EEMSIIB_COMMON_APPLICATIONS" env="uat" override="BECode">128</com.eems.be128.exchangefileproc.EEMS_ExchangeFileProcessing>
<com.eems.be128.exchangefileproc.EEMS_ExchangeFileProcessing intServ="EEMSIIB_COMMON_APPLICATIONS" env="uat" override="queueName">EEMSIIB.EEMS_NOTIFY_CMPL_IN</com.eems.be128.exchangefileproc.EEMS_ExchangeFileProcessing>
<com.eems.be128.exchangefileproc.EEMS_ExchangeFileProcessing intServ="EEMSIIB_COMMON_APPLICATIONS" env="uat" override="ProjNumber">1</com.eems.be128.exchangefileproc.EEMS_ExchangeFileProcessing>
<com.eems.be128.exchangefileproc.EEMS_ExchangeFileProcessing intServ="EEMSIIB_COMMON_APPLICATIONS" env="uat" override="queueName1">EEMSIIB.ERRORMESSAGE_DATA</com.eems.be128.exchangefileproc.EEMS_ExchangeFileProcessing>
<com.eems.be128.exchangefileproc.EEMS_ExchangeFileProcessing intServ="EEMSIIB_COMMON_APPLICATIONS" env="uat" override="IIBENV">breakfix</com.eems.be128.exchangefileproc.EEMS_ExchangeFileProcessing>
<com.eems.be128.exchangefileproc.EEMS_ExchangeFileProcessing intServ="EEMSIIB_COMMON_APPLICATIONS" env="uat" override="timeoutInSeconds">300</com.eems.be128.exchangefileproc.EEMS_ExchangeFileProcessing>
<com.eems.be128.exchangefileproc.EEMS_ExchangeFileProcessing intServ="EEMSIIB_COMMON_APPLICATIONS" env="uat" override="BrkConfigKey">BRK_CONFIG</com.eems.be128.exchangefileproc.EEMS_ExchangeFileProcessing>
<com.eems.be128.exchangefileproc.EEMS_ExchangeFileProcessing intServ="EEMSIIB_COMMON_APPLICATIONS" env="uat" override="varGCMapName">BE128_Common_Map</com.eems.be128.exchangefileproc.EEMS_ExchangeFileProcessing>
<com.eems.be128.exchangefileproc.EEMS_ExchangeFileProcessing intServ="EEMSIIB_COMMON_APPLICATIONS" env="uat" override="schemaName">ELECELIG</com.eems.be128.exchangefileproc.EEMS_ExchangeFileProcessing>
<com.eems.be128.exchangefileproc.EEMS_ExchangeFileProcessing intServ="EEMSIIB_COMMON_APPLICATIONS" env="uat" override="Common_AuditInMessage_SF.queueName">EEMSIIB.COMMON_AUDITMESSAGE_DATA</com.eems.be128.exchangefileproc.EEMS_ExchangeFileProcessing>

<!-- UAT Bravo -->
<com.eems.be128.exchangefileproc.EEMS_ExchangeFileProcessing intServ="EEMSIIB_COMMON_APPLICATIONS" env="uat-bravo" override="additionalInstances">0</com.eems.be128.exchangefileproc.EEMS_ExchangeFileProcessing>
<com.eems.be128.exchangefileproc.EEMS_ExchangeFileProcessing intServ="EEMSIIB_COMMON_APPLICATIONS" env="uat-bravo" override="ReportLocation">/eems/iib/be128/exchange/ExchangesReport/FileStatusTracker/</com.eems.be128.exchangefileproc.EEMS_ExchangeFileProcessing>
<com.eems.be128.exchangefileproc.EEMS_ExchangeFileProcessing intServ="EEMSIIB_COMMON_APPLICATIONS" env="uat-bravo" override="reportOutFileDir">/eems/iib/be128/exchange/ExchangesReport/</com.eems.be128.exchangefileproc.EEMS_ExchangeFileProcessing>
<com.eems.be128.exchangefileproc.EEMS_ExchangeFileProcessing intServ="EEMSIIB_COMMON_APPLICATIONS" env="uat-bravo" override="iib_Dashboard_Report">/iib/scripts/Exchange/iib_Dashboard_Report.ksh</com.eems.be128.exchangefileproc.EEMS_ExchangeFileProcessing>
<com.eems.be128.exchangefileproc.EEMS_ExchangeFileProcessing intServ="EEMSIIB_COMMON_APPLICATIONS" env="uat-bravo" override="fileReportPropFile">/iib/scripts/Exchange/uhg-exchange-file-dashboard-reporting.properties</com.eems.be128.exchangefileproc.EEMS_ExchangeFileProcessing>
<com.eems.be128.exchangefileproc.EEMS_ExchangeFileProcessing intServ="EEMSIIB_COMMON_APPLICATIONS" env="uat-bravo" override="BECode">128</com.eems.be128.exchangefileproc.EEMS_ExchangeFileProcessing>
<com.eems.be128.exchangefileproc.EEMS_ExchangeFileProcessing intServ="EEMSIIB_COMMON_APPLICATIONS" env="uat-bravo" override="queueName">EEMSIIB.EEMS_NOTIFY_CMPL_IN</com.eems.be128.exchangefileproc.EEMS_ExchangeFileProcessing>
<com.eems.be128.exchangefileproc.EEMS_ExchangeFileProcessing intServ="EEMSIIB_COMMON_APPLICATIONS" env="uat-bravo" override="ProjNumber">1</com.eems.be128.exchangefileproc.EEMS_ExchangeFileProcessing>
<com.eems.be128.exchangefileproc.EEMS_ExchangeFileProcessing intServ="EEMSIIB_COMMON_APPLICATIONS" env="uat-bravo" override="queueName1">EEMSIIB.ERRORMESSAGE_DATA</com.eems.be128.exchangefileproc.EEMS_ExchangeFileProcessing>
<com.eems.be128.exchangefileproc.EEMS_ExchangeFileProcessing intServ="EEMSIIB_COMMON_APPLICATIONS" env="uat-bravo" override="IIBENV">performance</com.eems.be128.exchangefileproc.EEMS_ExchangeFileProcessing>
<com.eems.be128.exchangefileproc.EEMS_ExchangeFileProcessing intServ="EEMSIIB_COMMON_APPLICATIONS" env="uat-bravo" override="timeoutInSeconds">300</com.eems.be128.exchangefileproc.EEMS_ExchangeFileProcessing>
<com.eems.be128.exchangefileproc.EEMS_ExchangeFileProcessing intServ="EEMSIIB_COMMON_APPLICATIONS" env="uat-bravo" override="BrkConfigKey">BRK_CONFIG</com.eems.be128.exchangefileproc.EEMS_ExchangeFileProcessing>
<com.eems.be128.exchangefileproc.EEMS_ExchangeFileProcessing intServ="EEMSIIB_COMMON_APPLICATIONS" env="uat-bravo" override="varGCMapName">BE128_Common_Map</com.eems.be128.exchangefileproc.EEMS_ExchangeFileProcessing>
<com.eems.be128.exchangefileproc.EEMS_ExchangeFileProcessing intServ="EEMSIIB_COMMON_APPLICATIONS" env="uat-bravo" override="schemaName">ELECELIG</com.eems.be128.exchangefileproc.EEMS_ExchangeFileProcessing>
<com.eems.be128.exchangefileproc.EEMS_ExchangeFileProcessing intServ="EEMSIIB_COMMON_APPLICATIONS" env="uat-bravo" override="Common_AuditInMessage_SF.queueName">EEMSIIB.COMMON_AUDITMESSAGE_DATA</com.eems.be128.exchangefileproc.EEMS_ExchangeFileProcessing>

<!-- STAGE -->
<com.eems.be128.exchangefileproc.EEMS_ExchangeFileProcessing intServ="EEMSIIB_COMMON_APPLICATIONS" env="stage" override="additionalInstances">0</com.eems.be128.exchangefileproc.EEMS_ExchangeFileProcessing>
<com.eems.be128.exchangefileproc.EEMS_ExchangeFileProcessing intServ="EEMSIIB_COMMON_APPLICATIONS" env="stage" override="ReportLocation">/eems/iib/be128/exchange/ExchangesReport/FileStatusTracker/</com.eems.be128.exchangefileproc.EEMS_ExchangeFileProcessing>
<com.eems.be128.exchangefileproc.EEMS_ExchangeFileProcessing intServ="EEMSIIB_COMMON_APPLICATIONS" env="stage" override="reportOutFileDir">/eems/iib/be128/exchange/ExchangesReport/</com.eems.be128.exchangefileproc.EEMS_ExchangeFileProcessing>
<com.eems.be128.exchangefileproc.EEMS_ExchangeFileProcessing intServ="EEMSIIB_COMMON_APPLICATIONS" env="stage" override="iib_Dashboard_Report">/scripts/Exchange/iib_Dashboard_Report.ksh</com.eems.be128.exchangefileproc.EEMS_ExchangeFileProcessing>
<com.eems.be128.exchangefileproc.EEMS_ExchangeFileProcessing intServ="EEMSIIB_COMMON_APPLICATIONS" env="stage" override="fileReportPropFile">/scripts/Exchange/uhg-exchange-file-dashboard-reporting.properties</com.eems.be128.exchangefileproc.EEMS_ExchangeFileProcessing>
<com.eems.be128.exchangefileproc.EEMS_ExchangeFileProcessing intServ="EEMSIIB_COMMON_APPLICATIONS" env="stage" override="BECode">128</com.eems.be128.exchangefileproc.EEMS_ExchangeFileProcessing>
<com.eems.be128.exchangefileproc.EEMS_ExchangeFileProcessing intServ="EEMSIIB_COMMON_APPLICATIONS" env="stage" override="queueName">EEMSIIB.EEMS_NOTIFY_CMPL_IN</com.eems.be128.exchangefileproc.EEMS_ExchangeFileProcessing>
<com.eems.be128.exchangefileproc.EEMS_ExchangeFileProcessing intServ="EEMSIIB_COMMON_APPLICATIONS" env="stage" override="ProjNumber">1</com.eems.be128.exchangefileproc.EEMS_ExchangeFileProcessing>
<com.eems.be128.exchangefileproc.EEMS_ExchangeFileProcessing intServ="EEMSIIB_COMMON_APPLICATIONS" env="stage" override="queueName1">EEMSIIB.ERRORMESSAGE_DATA</com.eems.be128.exchangefileproc.EEMS_ExchangeFileProcessing>
<com.eems.be128.exchangefileproc.EEMS_ExchangeFileProcessing intServ="EEMSIIB_COMMON_APPLICATIONS" env="stage" override="IIBENV">performance</com.eems.be128.exchangefileproc.EEMS_ExchangeFileProcessing>
<com.eems.be128.exchangefileproc.EEMS_ExchangeFileProcessing intServ="EEMSIIB_COMMON_APPLICATIONS" env="stage" override="timeoutInSeconds">300</com.eems.be128.exchangefileproc.EEMS_ExchangeFileProcessing>
<com.eems.be128.exchangefileproc.EEMS_ExchangeFileProcessing intServ="EEMSIIB_COMMON_APPLICATIONS" env="stage" override="BrkConfigKey">BRK_CONFIG</com.eems.be128.exchangefileproc.EEMS_ExchangeFileProcessing>
<com.eems.be128.exchangefileproc.EEMS_ExchangeFileProcessing intServ="EEMSIIB_COMMON_APPLICATIONS" env="stage" override="varGCMapName">BE128_Common_Map</com.eems.be128.exchangefileproc.EEMS_ExchangeFileProcessing>
<com.eems.be128.exchangefileproc.EEMS_ExchangeFileProcessing intServ="EEMSIIB_COMMON_APPLICATIONS" env="stage" override="schemaName">ELECELIG</com.eems.be128.exchangefileproc.EEMS_ExchangeFileProcessing>
<com.eems.be128.exchangefileproc.EEMS_ExchangeFileProcessing intServ="EEMSIIB_COMMON_APPLICATIONS" env="stage" override="Common_AuditInMessage_SF.queueName">EEMSIIB.COMMON_AUDITMESSAGE_DATA</com.eems.be128.exchangefileproc.EEMS_ExchangeFileProcessing>

<!-- adopt -->
<com.eems.be128.exchangefileproc.EEMS_ExchangeFileProcessing intServ="EEMSIIB_COMMON_APPLICATIONS" env="adopt" override="additionalInstances">0</com.eems.be128.exchangefileproc.EEMS_ExchangeFileProcessing>
<com.eems.be128.exchangefileproc.EEMS_ExchangeFileProcessing intServ="EEMSIIB_COMMON_APPLICATIONS" env="adopt" override="ReportLocation">/eems/iib/be128/exchange/ExchangesReport/FileStatusTracker/</com.eems.be128.exchangefileproc.EEMS_ExchangeFileProcessing>
<com.eems.be128.exchangefileproc.EEMS_ExchangeFileProcessing intServ="EEMSIIB_COMMON_APPLICATIONS" env="adopt" override="reportOutFileDir">/eems/iib/be128/exchange/ExchangesReport/</com.eems.be128.exchangefileproc.EEMS_ExchangeFileProcessing>
<com.eems.be128.exchangefileproc.EEMS_ExchangeFileProcessing intServ="EEMSIIB_COMMON_APPLICATIONS" env="adopt" override="iib_Dashboard_Report">/iib/scripts/Exchange/iib_Dashboard_Report.ksh</com.eems.be128.exchangefileproc.EEMS_ExchangeFileProcessing>
<com.eems.be128.exchangefileproc.EEMS_ExchangeFileProcessing intServ="EEMSIIB_COMMON_APPLICATIONS" env="adopt" override="fileReportPropFile">/iib/scripts/Exchange/uhg-exchange-file-dashboard-reporting.properties</com.eems.be128.exchangefileproc.EEMS_ExchangeFileProcessing>
<com.eems.be128.exchangefileproc.EEMS_ExchangeFileProcessing intServ="EEMSIIB_COMMON_APPLICATIONS" env="adopt" override="BECode">128</com.eems.be128.exchangefileproc.EEMS_ExchangeFileProcessing>
<com.eems.be128.exchangefileproc.EEMS_ExchangeFileProcessing intServ="EEMSIIB_COMMON_APPLICATIONS" env="adopt" override="queueName">EEMSIIB.ADP.EEMS_NOTIFY_CMPL_IN</com.eems.be128.exchangefileproc.EEMS_ExchangeFileProcessing>
<com.eems.be128.exchangefileproc.EEMS_ExchangeFileProcessing intServ="EEMSIIB_COMMON_APPLICATIONS" env="adopt" override="ProjNumber">1</com.eems.be128.exchangefileproc.EEMS_ExchangeFileProcessing>
<com.eems.be128.exchangefileproc.EEMS_ExchangeFileProcessing intServ="EEMSIIB_COMMON_APPLICATIONS" env="adopt" override="queueName1">EEMSIIB.ADP.ERRORMESSAGE_DATA</com.eems.be128.exchangefileproc.EEMS_ExchangeFileProcessing>
<com.eems.be128.exchangefileproc.EEMS_ExchangeFileProcessing intServ="EEMSIIB_COMMON_APPLICATIONS" env="adopt" override="IIBENV">adoption</com.eems.be128.exchangefileproc.EEMS_ExchangeFileProcessing>
<com.eems.be128.exchangefileproc.EEMS_ExchangeFileProcessing intServ="EEMSIIB_COMMON_APPLICATIONS" env="adopt" override="timeoutInSeconds">300</com.eems.be128.exchangefileproc.EEMS_ExchangeFileProcessing>
<com.eems.be128.exchangefileproc.EEMS_ExchangeFileProcessing intServ="EEMSIIB_COMMON_APPLICATIONS" env="adopt" override="BrkConfigKey">BRK_CONFIG</com.eems.be128.exchangefileproc.EEMS_ExchangeFileProcessing>
<com.eems.be128.exchangefileproc.EEMS_ExchangeFileProcessing intServ="EEMSIIB_COMMON_APPLICATIONS" env="adopt" override="varGCMapName">BE128_Common_Map</com.eems.be128.exchangefileproc.EEMS_ExchangeFileProcessing>
<com.eems.be128.exchangefileproc.EEMS_ExchangeFileProcessing intServ="EEMSIIB_COMMON_APPLICATIONS" env="adopt" override="schemaName">ELECELIG</com.eems.be128.exchangefileproc.EEMS_ExchangeFileProcessing>
<com.eems.be128.exchangefileproc.EEMS_ExchangeFileProcessing intServ="EEMSIIB_COMMON_APPLICATIONS" env="adopt" override="Common_AuditInMessage_SF.queueName">EEMSIIB.ADP.COMMON_AUDITMESSAGE_DATA</com.eems.be128.exchangefileproc.EEMS_ExchangeFileProcessing>

<!-- prod -->
<com.eems.be128.exchangefileproc.EEMS_ExchangeFileProcessing intServ="EEMSIIB_COMMON_APPLICATIONS" env="prod" override="additionalInstances">0</com.eems.be128.exchangefileproc.EEMS_ExchangeFileProcessing>
<com.eems.be128.exchangefileproc.EEMS_ExchangeFileProcessing intServ="EEMSIIB_COMMON_APPLICATIONS" env="prod" override="ReportLocation">/eems/iib/be128/exchange/ExchangesReport/FileStatusTracker/</com.eems.be128.exchangefileproc.EEMS_ExchangeFileProcessing>
<com.eems.be128.exchangefileproc.EEMS_ExchangeFileProcessing intServ="EEMSIIB_COMMON_APPLICATIONS" env="prod" override="reportOutFileDir">/eems/iib/be128/exchange/ExchangesReport/</com.eems.be128.exchangefileproc.EEMS_ExchangeFileProcessing>
<com.eems.be128.exchangefileproc.EEMS_ExchangeFileProcessing intServ="EEMSIIB_COMMON_APPLICATIONS" env="prod" override="iib_Dashboard_Report">/iib/scripts/Exchange/iib_Dashboard_Report.ksh</com.eems.be128.exchangefileproc.EEMS_ExchangeFileProcessing>
<com.eems.be128.exchangefileproc.EEMS_ExchangeFileProcessing intServ="EEMSIIB_COMMON_APPLICATIONS" env="prod" override="fileReportPropFile">/iib/scripts/Exchange/uhg-exchange-file-dashboard-reporting.properties</com.eems.be128.exchangefileproc.EEMS_ExchangeFileProcessing>
<com.eems.be128.exchangefileproc.EEMS_ExchangeFileProcessing intServ="EEMSIIB_COMMON_APPLICATIONS" env="prod" override="BECode">128</com.eems.be128.exchangefileproc.EEMS_ExchangeFileProcessing>
<com.eems.be128.exchangefileproc.EEMS_ExchangeFileProcessing intServ="EEMSIIB_COMMON_APPLICATIONS" env="prod" override="queueName">EEMSIIB.EEMS_NOTIFY_CMPL_IN</com.eems.be128.exchangefileproc.EEMS_ExchangeFileProcessing>
<com.eems.be128.exchangefileproc.EEMS_ExchangeFileProcessing intServ="EEMSIIB_COMMON_APPLICATIONS" env="prod" override="ProjNumber">1</com.eems.be128.exchangefileproc.EEMS_ExchangeFileProcessing>
<com.eems.be128.exchangefileproc.EEMS_ExchangeFileProcessing intServ="EEMSIIB_COMMON_APPLICATIONS" env="prod" override="queueName1">EEMSIIB.ERRORMESSAGE_DATA</com.eems.be128.exchangefileproc.EEMS_ExchangeFileProcessing>
<com.eems.be128.exchangefileproc.EEMS_ExchangeFileProcessing intServ="EEMSIIB_COMMON_APPLICATIONS" env="prod" override="IIBENV">production</com.eems.be128.exchangefileproc.EEMS_ExchangeFileProcessing>
<com.eems.be128.exchangefileproc.EEMS_ExchangeFileProcessing intServ="EEMSIIB_COMMON_APPLICATIONS" env="prod" override="timeoutInSeconds">300</com.eems.be128.exchangefileproc.EEMS_ExchangeFileProcessing>
<com.eems.be128.exchangefileproc.EEMS_ExchangeFileProcessing intServ="EEMSIIB_COMMON_APPLICATIONS" env="prod" override="BrkConfigKey">BRK_CONFIG</com.eems.be128.exchangefileproc.EEMS_ExchangeFileProcessing>
<com.eems.be128.exchangefileproc.EEMS_ExchangeFileProcessing intServ="EEMSIIB_COMMON_APPLICATIONS" env="prod" override="varGCMapName">BE128_Common_Map</com.eems.be128.exchangefileproc.EEMS_ExchangeFileProcessing>
<com.eems.be128.exchangefileproc.EEMS_ExchangeFileProcessing intServ="EEMSIIB_COMMON_APPLICATIONS" env="prod" override="schemaName">ELECELIG</com.eems.be128.exchangefileproc.EEMS_ExchangeFileProcessing>
<com.eems.be128.exchangefileproc.EEMS_ExchangeFileProcessing intServ="EEMSIIB_COMMON_APPLICATIONS" env="prod" override="Common_AuditInMessage_SF.queueName">EEMSIIB.COMMON_AUDITMESSAGE_DATA</com.eems.be128.exchangefileproc.EEMS_ExchangeFileProcessing>

</Broker>