<?xml version="1.0" encoding="UTF-8" ?>
<Broker>
<!--DEV-->

<com.prime.updatesource.PRIME_Update_WS_Transformation_MF intServ="EEMSIIB_PRIME_SOURCE_UPDATE" env="dev" override="additionalInstances">9</com.prime.updatesource.PRIME_Update_WS_Transformation_MF>
<com.prime.updatesource.PRIME_Update_WS_Transformation_MF intServ="EEMSIIB_PRIME_SOURCE_UPDATE" env="dev" override="BrkConfigKey_Trans">BRK_CONFIG</com.prime.updatesource.PRIME_Update_WS_Transformation_MF>
<com.prime.updatesource.PRIME_Update_WS_Transformation_MF intServ="EEMSIIB_PRIME_SOURCE_UPDATE" env="dev" override="SchemaName_Trans">ELECELIG</com.prime.updatesource.PRIME_Update_WS_Transformation_MF>
<com.prime.updatesource.PRIME_Update_WS_Transformation_MF intServ="EEMSIIB_PRIME_SOURCE_UPDATE" env="dev" override="varGCMapName_Trans">PRIME_Common_Map</com.prime.updatesource.PRIME_Update_WS_Transformation_MF>
<com.prime.updatesource.PRIME_Update_WS_Transformation_MF intServ="EEMSIIB_PRIME_SOURCE_UPDATE" env="dev" override="AuditQName">EEMSIIB.PRIME_COMMON_AUDITMESSAGE_DATA</com.prime.updatesource.PRIME_Update_WS_Transformation_MF>
<com.prime.updatesource.PRIME_Update_WS_Transformation_MF intServ="EEMSIIB_PRIME_SOURCE_UPDATE" env="dev" override="BECode">800</com.prime.updatesource.PRIME_Update_WS_Transformation_MF>
<com.prime.updatesource.PRIME_Update_WS_Transformation_MF intServ="EEMSIIB_PRIME_SOURCE_UPDATE" env="dev" override="ProjNumber">2</com.prime.updatesource.PRIME_Update_WS_Transformation_MF>
<com.prime.updatesource.PRIME_Update_WS_Transformation_MF intServ="EEMSIIB_PRIME_SOURCE_UPDATE" env="dev" override="Prime_Update_Transformation.dataSource">EEMS_DB</com.prime.updatesource.PRIME_Update_WS_Transformation_MF>
<com.prime.updatesource.PRIME_Update_WS_Transformation_MF intServ="EEMSIIB_PRIME_SOURCE_UPDATE" env="dev" override="EEMSIIB.PRIME_UPDATE_REQUEST_DATA.queueName">EEMSIIB.PRIME_EEU_WS_REQ</com.prime.updatesource.PRIME_Update_WS_Transformation_MF>
<com.prime.updatesource.PRIME_Update_WS_Transformation_MF intServ="EEMSIIB_PRIME_SOURCE_UPDATE" env="dev" override="EEMSIIB.PRIME_ERRORMESSAGE_DATA.queueName">EEMSIIB.PRIME_ERRORMESSAGE_DATA</com.prime.updatesource.PRIME_Update_WS_Transformation_MF>
<com.prime.updatesource.PRIME_Update_WS_Transformation_MF intServ="EEMSIIB_PRIME_SOURCE_UPDATE" env="dev" override="Prime_Update_Fail.dataSource">EEMS_DB</com.prime.updatesource.PRIME_Update_WS_Transformation_MF>
<com.prime.updatesource.PRIME_Update_WS_Transformation_MF intServ="EEMSIIB_PRIME_SOURCE_UPDATE" env="dev" override="EEMSIIB.EEMS_PRIME_GW_IIB_EEU_REQ.queueName">EEMSIIB.EEMS_PRIME_GW_IIB_EEU_REQ</com.prime.updatesource.PRIME_Update_WS_Transformation_MF>
<com.prime.updatesource.PRIME_Update_WS_Request_MF intServ="EEMSIIB_PRIME_SOURCE_UPDATE" env="dev" override="additionalInstances">9</com.prime.updatesource.PRIME_Update_WS_Request_MF>
<com.prime.updatesource.PRIME_Update_WS_Request_MF intServ="EEMSIIB_PRIME_SOURCE_UPDATE" env="dev" override="BrkConfigKey_ReqResp">BRK_CONFIG</com.prime.updatesource.PRIME_Update_WS_Request_MF>
<com.prime.updatesource.PRIME_Update_WS_Request_MF intServ="EEMSIIB_PRIME_SOURCE_UPDATE" env="dev" override="SchemaName_ReqResp">ELECELIG</com.prime.updatesource.PRIME_Update_WS_Request_MF>
<com.prime.updatesource.PRIME_Update_WS_Request_MF intServ="EEMSIIB_PRIME_SOURCE_UPDATE" env="dev" override="varGCMapName_ReqResp">PRIME_Common_Map</com.prime.updatesource.PRIME_Update_WS_Request_MF>
<com.prime.updatesource.PRIME_Update_WS_Request_MF intServ="EEMSIIB_PRIME_SOURCE_UPDATE" env="dev" override="AuditQName">EEMSIIB.PRIME_COMMON_AUDITMESSAGE_DATA</com.prime.updatesource.PRIME_Update_WS_Request_MF>
<com.prime.updatesource.PRIME_Update_WS_Request_MF intServ="EEMSIIB_PRIME_SOURCE_UPDATE" env="dev" override="BECode">800</com.prime.updatesource.PRIME_Update_WS_Request_MF>
<com.prime.updatesource.PRIME_Update_WS_Request_MF intServ="EEMSIIB_PRIME_SOURCE_UPDATE" env="dev" override="ProjNumber">2</com.prime.updatesource.PRIME_Update_WS_Request_MF>
<com.prime.updatesource.PRIME_Update_WS_Request_MF intServ="EEMSIIB_PRIME_SOURCE_UPDATE" env="dev" override="RetryNumberOfTimes">3</com.prime.updatesource.PRIME_Update_WS_Request_MF>
<com.prime.updatesource.PRIME_Update_WS_Request_MF intServ="EEMSIIB_PRIME_SOURCE_UPDATE" env="dev" override="SleepInterval">5000</com.prime.updatesource.PRIME_Update_WS_Request_MF>
<com.prime.updatesource.PRIME_Update_WS_Request_MF intServ="EEMSIIB_PRIME_SOURCE_UPDATE" env="dev" override="SSL_Protocol">TLSv1.2</com.prime.updatesource.PRIME_Update_WS_Request_MF>
<com.prime.updatesource.PRIME_Update_WS_Request_MF intServ="EEMSIIB_PRIME_SOURCE_UPDATE" env="dev" override="EEMSIIB.PRIME_UPDATE_REQUEST_DATA.queueName">EEMSIIB.PRIME_EEU_WS_REQ</com.prime.updatesource.PRIME_Update_WS_Request_MF>
<com.prime.updatesource.PRIME_Update_WS_Request_MF intServ="EEMSIIB_PRIME_SOURCE_UPDATE" env="dev" override="EEMSIIB.PRIME_MEM_UPDATE_RESP.queueName">EEMSIIB.PRIME_MEM_UPDATE_RESP</com.prime.updatesource.PRIME_Update_WS_Request_MF>
<com.prime.updatesource.PRIME_Update_WS_Request_MF intServ="EEMSIIB_PRIME_SOURCE_UPDATE" env="dev" override="EEMSIIB.PRIME_ERRORMESSAGE_DATA.queueName">EEMSIIB.PRIME_ERRORMESSAGE_DATA</com.prime.updatesource.PRIME_Update_WS_Request_MF>
<com.prime.updatesource.PRIME_Update_WS_Request_MF intServ="EEMSIIB_PRIME_SOURCE_UPDATE" env="dev" override="PRIME_CreateWSRequest.dataSource">EEMS_DB</com.prime.updatesource.PRIME_Update_WS_Request_MF>
<com.prime.updatesource.PRIME_Update_WS_Request_MF intServ="EEMSIIB_PRIME_SOURCE_UPDATE" env="dev" override="PRIME_ProcessResponse.dataSource">EEMS_DB</com.prime.updatesource.PRIME_Update_WS_Request_MF>
<com.prime.updatesource.PRIME_Update_WS_Request_MF intServ="EEMSIIB_PRIME_SOURCE_UPDATE" env="dev" override="PRIME_ProcessException.dataSource">EEMS_DB</com.prime.updatesource.PRIME_Update_WS_Request_MF>
<com.prime.updatesource.PRIME_Update_WS_Request_MF intServ="EEMSIIB_PRIME_SOURCE_UPDATE" env="dev" override="PRIME_WS_Retry.dataSource">EEMS_DB</com.prime.updatesource.PRIME_Update_WS_Request_MF>
<com.prime.updatesource.PRIME_Update_WS_Request_MF intServ="EEMSIIB_PRIME_SOURCE_UPDATE" env="dev" override="updateMember.URLSpecifier">https://trustbroker-stg-svcs.optum.com:8443/api/dev4/PRI/memberenrollmentservice/enrollee</com.prime.updatesource.PRIME_Update_WS_Request_MF>

<!--SIT-->
<com.prime.updatesource.PRIME_Update_WS_Transformation_MF intServ="EEMSIIB_PRIME_SOURCE_UPDATE" env="test" override="additionalInstances">9</com.prime.updatesource.PRIME_Update_WS_Transformation_MF>
<com.prime.updatesource.PRIME_Update_WS_Transformation_MF intServ="EEMSIIB_PRIME_SOURCE_UPDATE" env="test" override="BrkConfigKey_Trans">BRK_CONFIG</com.prime.updatesource.PRIME_Update_WS_Transformation_MF>
<com.prime.updatesource.PRIME_Update_WS_Transformation_MF intServ="EEMSIIB_PRIME_SOURCE_UPDATE" env="test" override="SchemaName_Trans">ELECELIG</com.prime.updatesource.PRIME_Update_WS_Transformation_MF>
<com.prime.updatesource.PRIME_Update_WS_Transformation_MF intServ="EEMSIIB_PRIME_SOURCE_UPDATE" env="test" override="varGCMapName_Trans">PRIME_Common_Map</com.prime.updatesource.PRIME_Update_WS_Transformation_MF>
<com.prime.updatesource.PRIME_Update_WS_Transformation_MF intServ="EEMSIIB_PRIME_SOURCE_UPDATE" env="test" override="AuditQName">EEMSIIB.PRIME_COMMON_AUDITMESSAGE_DATA</com.prime.updatesource.PRIME_Update_WS_Transformation_MF>
<com.prime.updatesource.PRIME_Update_WS_Transformation_MF intServ="EEMSIIB_PRIME_SOURCE_UPDATE" env="test" override="BECode">800</com.prime.updatesource.PRIME_Update_WS_Transformation_MF>
<com.prime.updatesource.PRIME_Update_WS_Transformation_MF intServ="EEMSIIB_PRIME_SOURCE_UPDATE" env="test" override="ProjNumber">2</com.prime.updatesource.PRIME_Update_WS_Transformation_MF>
<com.prime.updatesource.PRIME_Update_WS_Transformation_MF intServ="EEMSIIB_PRIME_SOURCE_UPDATE" env="test" override="Prime_Update_Transformation.dataSource">EEMS_DB</com.prime.updatesource.PRIME_Update_WS_Transformation_MF>
<com.prime.updatesource.PRIME_Update_WS_Transformation_MF intServ="EEMSIIB_PRIME_SOURCE_UPDATE" env="test" override="EEMSIIB.PRIME_UPDATE_REQUEST_DATA.queueName">EEMSIIB.PRIME_EEU_WS_REQ</com.prime.updatesource.PRIME_Update_WS_Transformation_MF>
<com.prime.updatesource.PRIME_Update_WS_Transformation_MF intServ="EEMSIIB_PRIME_SOURCE_UPDATE" env="test" override="EEMSIIB.PRIME_ERRORMESSAGE_DATA.queueName">EEMSIIB.PRIME_ERRORMESSAGE_DATA</com.prime.updatesource.PRIME_Update_WS_Transformation_MF>
<com.prime.updatesource.PRIME_Update_WS_Transformation_MF intServ="EEMSIIB_PRIME_SOURCE_UPDATE" env="test" override="Prime_Update_Fail.dataSource">EEMS_DB</com.prime.updatesource.PRIME_Update_WS_Transformation_MF>
<com.prime.updatesource.PRIME_Update_WS_Transformation_MF intServ="EEMSIIB_PRIME_SOURCE_UPDATE" env="test" override="EEMSIIB.EEMS_PRIME_GW_IIB_EEU_REQ.queueName">EEMSIIB.EEMS_PRIME_GW_IIB_EEU_REQ</com.prime.updatesource.PRIME_Update_WS_Transformation_MF>
<com.prime.updatesource.PRIME_Update_WS_Request_MF intServ="EEMSIIB_PRIME_SOURCE_UPDATE" env="test" override="additionalInstances">9</com.prime.updatesource.PRIME_Update_WS_Request_MF>
<com.prime.updatesource.PRIME_Update_WS_Request_MF intServ="EEMSIIB_PRIME_SOURCE_UPDATE" env="test" override="BrkConfigKey_ReqResp">BRK_CONFIG</com.prime.updatesource.PRIME_Update_WS_Request_MF>
<com.prime.updatesource.PRIME_Update_WS_Request_MF intServ="EEMSIIB_PRIME_SOURCE_UPDATE" env="test" override="SchemaName_ReqResp">ELECELIG</com.prime.updatesource.PRIME_Update_WS_Request_MF>
<com.prime.updatesource.PRIME_Update_WS_Request_MF intServ="EEMSIIB_PRIME_SOURCE_UPDATE" env="test" override="varGCMapName_ReqResp">PRIME_Common_Map</com.prime.updatesource.PRIME_Update_WS_Request_MF>
<com.prime.updatesource.PRIME_Update_WS_Request_MF intServ="EEMSIIB_PRIME_SOURCE_UPDATE" env="test" override="AuditQName">EEMSIIB.PRIME_COMMON_AUDITMESSAGE_DATA</com.prime.updatesource.PRIME_Update_WS_Request_MF>
<com.prime.updatesource.PRIME_Update_WS_Request_MF intServ="EEMSIIB_PRIME_SOURCE_UPDATE" env="test" override="BECode">800</com.prime.updatesource.PRIME_Update_WS_Request_MF>
<com.prime.updatesource.PRIME_Update_WS_Request_MF intServ="EEMSIIB_PRIME_SOURCE_UPDATE" env="test" override="ProjNumber">2</com.prime.updatesource.PRIME_Update_WS_Request_MF>
<com.prime.updatesource.PRIME_Update_WS_Request_MF intServ="EEMSIIB_PRIME_SOURCE_UPDATE" env="test" override="RetryNumberOfTimes">3</com.prime.updatesource.PRIME_Update_WS_Request_MF>
<com.prime.updatesource.PRIME_Update_WS_Request_MF intServ="EEMSIIB_PRIME_SOURCE_UPDATE" env="test" override="SleepInterval">5000</com.prime.updatesource.PRIME_Update_WS_Request_MF>
<com.prime.updatesource.PRIME_Update_WS_Request_MF intServ="EEMSIIB_PRIME_SOURCE_UPDATE" env="test" override="SSL_Protocol">TLSv1.2</com.prime.updatesource.PRIME_Update_WS_Request_MF>
<com.prime.updatesource.PRIME_Update_WS_Request_MF intServ="EEMSIIB_PRIME_SOURCE_UPDATE" env="test" override="EEMSIIB.PRIME_UPDATE_REQUEST_DATA.queueName">EEMSIIB.PRIME_EEU_WS_REQ</com.prime.updatesource.PRIME_Update_WS_Request_MF>
<com.prime.updatesource.PRIME_Update_WS_Request_MF intServ="EEMSIIB_PRIME_SOURCE_UPDATE" env="test" override="EEMSIIB.PRIME_MEM_UPDATE_RESP.queueName">EEMSIIB.PRIME_MEM_UPDATE_RESP</com.prime.updatesource.PRIME_Update_WS_Request_MF>
<com.prime.updatesource.PRIME_Update_WS_Request_MF intServ="EEMSIIB_PRIME_SOURCE_UPDATE" env="test" override="EEMSIIB.PRIME_ERRORMESSAGE_DATA.queueName">EEMSIIB.PRIME_ERRORMESSAGE_DATA</com.prime.updatesource.PRIME_Update_WS_Request_MF>
<com.prime.updatesource.PRIME_Update_WS_Request_MF intServ="EEMSIIB_PRIME_SOURCE_UPDATE" env="test" override="PRIME_CreateWSRequest.dataSource">EEMS_DB</com.prime.updatesource.PRIME_Update_WS_Request_MF>
<com.prime.updatesource.PRIME_Update_WS_Request_MF intServ="EEMSIIB_PRIME_SOURCE_UPDATE" env="test" override="PRIME_ProcessResponse.dataSource">EEMS_DB</com.prime.updatesource.PRIME_Update_WS_Request_MF>
<com.prime.updatesource.PRIME_Update_WS_Request_MF intServ="EEMSIIB_PRIME_SOURCE_UPDATE" env="test" override="PRIME_ProcessException.dataSource">EEMS_DB</com.prime.updatesource.PRIME_Update_WS_Request_MF>
<com.prime.updatesource.PRIME_Update_WS_Request_MF intServ="EEMSIIB_PRIME_SOURCE_UPDATE" env="test" override="PRIME_WS_Retry.dataSource">EEMS_DB</com.prime.updatesource.PRIME_Update_WS_Request_MF>
<com.prime.updatesource.PRIME_Update_WS_Request_MF intServ="EEMSIIB_PRIME_SOURCE_UPDATE" env="test" override="updateMember.URLSpecifier">https://trustbroker-stg-svcs.optum.com:8443/api/dev4/PRI/memberenrollmentservice/enrollee</com.prime.updatesource.PRIME_Update_WS_Request_MF>


<!--SIT Bravo-->
<com.prime.updatesource.PRIME_Update_WS_Transformation_MF intServ="EEMSIIB_PRIME_SOURCE_UPDATE" env="test2" override="additionalInstances">9</com.prime.updatesource.PRIME_Update_WS_Transformation_MF>
<com.prime.updatesource.PRIME_Update_WS_Transformation_MF intServ="EEMSIIB_PRIME_SOURCE_UPDATE" env="test2" override="BrkConfigKey_Trans">BRK_CONFIG</com.prime.updatesource.PRIME_Update_WS_Transformation_MF>
<com.prime.updatesource.PRIME_Update_WS_Transformation_MF intServ="EEMSIIB_PRIME_SOURCE_UPDATE" env="test2" override="SchemaName_Trans">ELECELIG</com.prime.updatesource.PRIME_Update_WS_Transformation_MF>
<com.prime.updatesource.PRIME_Update_WS_Transformation_MF intServ="EEMSIIB_PRIME_SOURCE_UPDATE" env="test2" override="varGCMapName_Trans">PRIME_Common_Map</com.prime.updatesource.PRIME_Update_WS_Transformation_MF>
<com.prime.updatesource.PRIME_Update_WS_Transformation_MF intServ="EEMSIIB_PRIME_SOURCE_UPDATE" env="test2" override="AuditQName">EEMSIIB.PRIME_COMMON_AUDITMESSAGE_DATA</com.prime.updatesource.PRIME_Update_WS_Transformation_MF>
<com.prime.updatesource.PRIME_Update_WS_Transformation_MF intServ="EEMSIIB_PRIME_SOURCE_UPDATE" env="test2" override="BECode">800</com.prime.updatesource.PRIME_Update_WS_Transformation_MF>
<com.prime.updatesource.PRIME_Update_WS_Transformation_MF intServ="EEMSIIB_PRIME_SOURCE_UPDATE" env="test2" override="ProjNumber">2</com.prime.updatesource.PRIME_Update_WS_Transformation_MF>
<com.prime.updatesource.PRIME_Update_WS_Transformation_MF intServ="EEMSIIB_PRIME_SOURCE_UPDATE" env="test2" override="Prime_Update_Transformation.dataSource">EEMS_DB</com.prime.updatesource.PRIME_Update_WS_Transformation_MF>
<com.prime.updatesource.PRIME_Update_WS_Transformation_MF intServ="EEMSIIB_PRIME_SOURCE_UPDATE" env="test2" override="EEMSIIB.PRIME_UPDATE_REQUEST_DATA.queueName">EEMSIIB.STB.PRIME_EEU_WS_REQ</com.prime.updatesource.PRIME_Update_WS_Transformation_MF>
<com.prime.updatesource.PRIME_Update_WS_Transformation_MF intServ="EEMSIIB_PRIME_SOURCE_UPDATE" env="test2" override="EEMSIIB.PRIME_ERRORMESSAGE_DATA.queueName">EEMSIIB.PRIME_ERRORMESSAGE_DATA</com.prime.updatesource.PRIME_Update_WS_Transformation_MF>
<com.prime.updatesource.PRIME_Update_WS_Transformation_MF intServ="EEMSIIB_PRIME_SOURCE_UPDATE" env="test2" override="Prime_Update_Fail.dataSource">EEMS_DB</com.prime.updatesource.PRIME_Update_WS_Transformation_MF>
<com.prime.updatesource.PRIME_Update_WS_Transformation_MF intServ="EEMSIIB_PRIME_SOURCE_UPDATE" env="test2" override="EEMSIIB.EEMS_PRIME_GW_IIB_EEU_REQ.queueName">EEMSIIB.EEMS_PRIME_GW_IIB_EEU_REQ</com.prime.updatesource.PRIME_Update_WS_Transformation_MF>
<com.prime.updatesource.PRIME_Update_WS_Request_MF intServ="EEMSIIB_PRIME_SOURCE_UPDATE" env="test2" override="additionalInstances">9</com.prime.updatesource.PRIME_Update_WS_Request_MF>
<com.prime.updatesource.PRIME_Update_WS_Request_MF intServ="EEMSIIB_PRIME_SOURCE_UPDATE" env="test2" override="BrkConfigKey_ReqResp">BRK_CONFIG</com.prime.updatesource.PRIME_Update_WS_Request_MF>
<com.prime.updatesource.PRIME_Update_WS_Request_MF intServ="EEMSIIB_PRIME_SOURCE_UPDATE" env="test2" override="SchemaName_ReqResp">ELECELIG</com.prime.updatesource.PRIME_Update_WS_Request_MF>
<com.prime.updatesource.PRIME_Update_WS_Request_MF intServ="EEMSIIB_PRIME_SOURCE_UPDATE" env="test2" override="varGCMapName_ReqResp">PRIME_Common_Map</com.prime.updatesource.PRIME_Update_WS_Request_MF>
<com.prime.updatesource.PRIME_Update_WS_Request_MF intServ="EEMSIIB_PRIME_SOURCE_UPDATE" env="test2" override="AuditQName">EEMSIIB.PRIME_COMMON_AUDITMESSAGE_DATA</com.prime.updatesource.PRIME_Update_WS_Request_MF>
<com.prime.updatesource.PRIME_Update_WS_Request_MF intServ="EEMSIIB_PRIME_SOURCE_UPDATE" env="test2" override="BECode">800</com.prime.updatesource.PRIME_Update_WS_Request_MF>
<com.prime.updatesource.PRIME_Update_WS_Request_MF intServ="EEMSIIB_PRIME_SOURCE_UPDATE" env="test2" override="ProjNumber">2</com.prime.updatesource.PRIME_Update_WS_Request_MF>
<com.prime.updatesource.PRIME_Update_WS_Request_MF intServ="EEMSIIB_PRIME_SOURCE_UPDATE" env="test2" override="RetryNumberOfTimes">3</com.prime.updatesource.PRIME_Update_WS_Request_MF>
<com.prime.updatesource.PRIME_Update_WS_Request_MF intServ="EEMSIIB_PRIME_SOURCE_UPDATE" env="test2" override="SleepInterval">5000</com.prime.updatesource.PRIME_Update_WS_Request_MF>
<com.prime.updatesource.PRIME_Update_WS_Request_MF intServ="EEMSIIB_PRIME_SOURCE_UPDATE" env="test2" override="SSL_Protocol">TLSv1.2</com.prime.updatesource.PRIME_Update_WS_Request_MF>
<com.prime.updatesource.PRIME_Update_WS_Request_MF intServ="EEMSIIB_PRIME_SOURCE_UPDATE" env="test2" override="EEMSIIB.PRIME_UPDATE_REQUEST_DATA.queueName">EEMSIIB.STB.PRIME_EEU_WS_REQ</com.prime.updatesource.PRIME_Update_WS_Request_MF>
<com.prime.updatesource.PRIME_Update_WS_Request_MF intServ="EEMSIIB_PRIME_SOURCE_UPDATE" env="test2" override="EEMSIIB.PRIME_MEM_UPDATE_RESP.queueName">EEMSIIB.PRIME_MEM_UPDATE_RESP</com.prime.updatesource.PRIME_Update_WS_Request_MF>
<com.prime.updatesource.PRIME_Update_WS_Request_MF intServ="EEMSIIB_PRIME_SOURCE_UPDATE" env="test2" override="EEMSIIB.PRIME_ERRORMESSAGE_DATA.queueName">EEMSIIB.PRIME_ERRORMESSAGE_DATA</com.prime.updatesource.PRIME_Update_WS_Request_MF>
<com.prime.updatesource.PRIME_Update_WS_Request_MF intServ="EEMSIIB_PRIME_SOURCE_UPDATE" env="test2" override="PRIME_CreateWSRequest.dataSource">EEMS_DB</com.prime.updatesource.PRIME_Update_WS_Request_MF>
<com.prime.updatesource.PRIME_Update_WS_Request_MF intServ="EEMSIIB_PRIME_SOURCE_UPDATE" env="test2" override="PRIME_ProcessResponse.dataSource">EEMS_DB</com.prime.updatesource.PRIME_Update_WS_Request_MF>
<com.prime.updatesource.PRIME_Update_WS_Request_MF intServ="EEMSIIB_PRIME_SOURCE_UPDATE" env="test2" override="PRIME_ProcessException.dataSource">EEMS_DB</com.prime.updatesource.PRIME_Update_WS_Request_MF>
<com.prime.updatesource.PRIME_Update_WS_Request_MF intServ="EEMSIIB_PRIME_SOURCE_UPDATE" env="test2" override="PRIME_WS_Retry.dataSource">EEMS_DB</com.prime.updatesource.PRIME_Update_WS_Request_MF>
<com.prime.updatesource.PRIME_Update_WS_Request_MF intServ="EEMSIIB_PRIME_SOURCE_UPDATE" env="test2" override="updateMember.URLSpecifier">https://trustbroker-stg-svcs.optum.com:8443/api/dev4/PRI/memberenrollmentservice/enrollee</com.prime.updatesource.PRIME_Update_WS_Request_MF>



<!--SIT Charlie-->
<com.prime.updatesource.PRIME_Update_WS_Transformation_MF intServ="EEMSIIB_PRIME_SOURCE_UPDATE" env="test-charlie" override="additionalInstances">9</com.prime.updatesource.PRIME_Update_WS_Transformation_MF>
<com.prime.updatesource.PRIME_Update_WS_Transformation_MF intServ="EEMSIIB_PRIME_SOURCE_UPDATE" env="test-charlie" override="BrkConfigKey_Trans">BRK_CONFIG</com.prime.updatesource.PRIME_Update_WS_Transformation_MF>
<com.prime.updatesource.PRIME_Update_WS_Transformation_MF intServ="EEMSIIB_PRIME_SOURCE_UPDATE" env="test-charlie" override="SchemaName_Trans">ELECELIG</com.prime.updatesource.PRIME_Update_WS_Transformation_MF>
<com.prime.updatesource.PRIME_Update_WS_Transformation_MF intServ="EEMSIIB_PRIME_SOURCE_UPDATE" env="test-charlie" override="varGCMapName_Trans">PRIME_Common_Map</com.prime.updatesource.PRIME_Update_WS_Transformation_MF>
<com.prime.updatesource.PRIME_Update_WS_Transformation_MF intServ="EEMSIIB_PRIME_SOURCE_UPDATE" env="test-charlie" override="AuditQName">EEMSIIB.PRIME_COMMON_AUDITMESSAGE_DATA</com.prime.updatesource.PRIME_Update_WS_Transformation_MF>
<com.prime.updatesource.PRIME_Update_WS_Transformation_MF intServ="EEMSIIB_PRIME_SOURCE_UPDATE" env="test-charlie" override="BECode">800</com.prime.updatesource.PRIME_Update_WS_Transformation_MF>
<com.prime.updatesource.PRIME_Update_WS_Transformation_MF intServ="EEMSIIB_PRIME_SOURCE_UPDATE" env="test-charlie" override="ProjNumber">2</com.prime.updatesource.PRIME_Update_WS_Transformation_MF>
<com.prime.updatesource.PRIME_Update_WS_Transformation_MF intServ="EEMSIIB_PRIME_SOURCE_UPDATE" env="test-charlie" override="Prime_Update_Transformation.dataSource">EEMS_DB</com.prime.updatesource.PRIME_Update_WS_Transformation_MF>
<com.prime.updatesource.PRIME_Update_WS_Transformation_MF intServ="EEMSIIB_PRIME_SOURCE_UPDATE" env="test-charlie" override="EEMSIIB.PRIME_UPDATE_REQUEST_DATA.queueName">EEMSIIB.STB.PRIME_EEU_WS_REQ</com.prime.updatesource.PRIME_Update_WS_Transformation_MF>
<com.prime.updatesource.PRIME_Update_WS_Transformation_MF intServ="EEMSIIB_PRIME_SOURCE_UPDATE" env="test-charlie" override="EEMSIIB.PRIME_ERRORMESSAGE_DATA.queueName">EEMSIIB.PRIME_ERRORMESSAGE_DATA</com.prime.updatesource.PRIME_Update_WS_Transformation_MF>
<com.prime.updatesource.PRIME_Update_WS_Transformation_MF intServ="EEMSIIB_PRIME_SOURCE_UPDATE" env="test-charlie" override="Prime_Update_Fail.dataSource">EEMS_DB</com.prime.updatesource.PRIME_Update_WS_Transformation_MF>
<com.prime.updatesource.PRIME_Update_WS_Transformation_MF intServ="EEMSIIB_PRIME_SOURCE_UPDATE" env="test-charlie" override="EEMSIIB.EEMS_PRIME_GW_IIB_EEU_REQ.queueName">EEMSIIB.EEMS_PRIME_GW_IIB_EEU_REQ</com.prime.updatesource.PRIME_Update_WS_Transformation_MF>
<com.prime.updatesource.PRIME_Update_WS_Request_MF intServ="EEMSIIB_PRIME_SOURCE_UPDATE" env="test-charlie" override="additionalInstances">9</com.prime.updatesource.PRIME_Update_WS_Request_MF>
<com.prime.updatesource.PRIME_Update_WS_Request_MF intServ="EEMSIIB_PRIME_SOURCE_UPDATE" env="test-charlie" override="BrkConfigKey_ReqResp">BRK_CONFIG</com.prime.updatesource.PRIME_Update_WS_Request_MF>
<com.prime.updatesource.PRIME_Update_WS_Request_MF intServ="EEMSIIB_PRIME_SOURCE_UPDATE" env="test-charlie" override="SchemaName_ReqResp">ELECELIG</com.prime.updatesource.PRIME_Update_WS_Request_MF>
<com.prime.updatesource.PRIME_Update_WS_Request_MF intServ="EEMSIIB_PRIME_SOURCE_UPDATE" env="test-charlie" override="varGCMapName_ReqResp">PRIME_Common_Map</com.prime.updatesource.PRIME_Update_WS_Request_MF>
<com.prime.updatesource.PRIME_Update_WS_Request_MF intServ="EEMSIIB_PRIME_SOURCE_UPDATE" env="test-charlie" override="AuditQName">EEMSIIB.PRIME_COMMON_AUDITMESSAGE_DATA</com.prime.updatesource.PRIME_Update_WS_Request_MF>
<com.prime.updatesource.PRIME_Update_WS_Request_MF intServ="EEMSIIB_PRIME_SOURCE_UPDATE" env="test-charlie" override="BECode">800</com.prime.updatesource.PRIME_Update_WS_Request_MF>
<com.prime.updatesource.PRIME_Update_WS_Request_MF intServ="EEMSIIB_PRIME_SOURCE_UPDATE" env="test-charlie" override="ProjNumber">2</com.prime.updatesource.PRIME_Update_WS_Request_MF>
<com.prime.updatesource.PRIME_Update_WS_Request_MF intServ="EEMSIIB_PRIME_SOURCE_UPDATE" env="test-charlie" override="RetryNumberOfTimes">3</com.prime.updatesource.PRIME_Update_WS_Request_MF>
<com.prime.updatesource.PRIME_Update_WS_Request_MF intServ="EEMSIIB_PRIME_SOURCE_UPDATE" env="test-charlie" override="SleepInterval">5000</com.prime.updatesource.PRIME_Update_WS_Request_MF>
<com.prime.updatesource.PRIME_Update_WS_Request_MF intServ="EEMSIIB_PRIME_SOURCE_UPDATE" env="test-charlie" override="SSL_Protocol">TLSv1.2</com.prime.updatesource.PRIME_Update_WS_Request_MF>
<com.prime.updatesource.PRIME_Update_WS_Request_MF intServ="EEMSIIB_PRIME_SOURCE_UPDATE" env="test-charlie" override="EEMSIIB.PRIME_UPDATE_REQUEST_DATA.queueName">EEMSIIB.STB.PRIME_EEU_WS_REQ</com.prime.updatesource.PRIME_Update_WS_Request_MF>
<com.prime.updatesource.PRIME_Update_WS_Request_MF intServ="EEMSIIB_PRIME_SOURCE_UPDATE" env="test-charlie" override="EEMSIIB.PRIME_MEM_UPDATE_RESP.queueName">EEMSIIB.PRIME_MEM_UPDATE_RESP</com.prime.updatesource.PRIME_Update_WS_Request_MF>
<com.prime.updatesource.PRIME_Update_WS_Request_MF intServ="EEMSIIB_PRIME_SOURCE_UPDATE" env="test-charlie" override="EEMSIIB.PRIME_ERRORMESSAGE_DATA.queueName">EEMSIIB.PRIME_ERRORMESSAGE_DATA</com.prime.updatesource.PRIME_Update_WS_Request_MF>
<com.prime.updatesource.PRIME_Update_WS_Request_MF intServ="EEMSIIB_PRIME_SOURCE_UPDATE" env="test-charlie" override="PRIME_CreateWSRequest.dataSource">EEMS_DB</com.prime.updatesource.PRIME_Update_WS_Request_MF>
<com.prime.updatesource.PRIME_Update_WS_Request_MF intServ="EEMSIIB_PRIME_SOURCE_UPDATE" env="test-charlie" override="PRIME_ProcessResponse.dataSource">EEMS_DB</com.prime.updatesource.PRIME_Update_WS_Request_MF>
<com.prime.updatesource.PRIME_Update_WS_Request_MF intServ="EEMSIIB_PRIME_SOURCE_UPDATE" env="test-charlie" override="PRIME_ProcessException.dataSource">EEMS_DB</com.prime.updatesource.PRIME_Update_WS_Request_MF>
<com.prime.updatesource.PRIME_Update_WS_Request_MF intServ="EEMSIIB_PRIME_SOURCE_UPDATE" env="test-charlie" override="PRIME_WS_Retry.dataSource">EEMS_DB</com.prime.updatesource.PRIME_Update_WS_Request_MF>
<com.prime.updatesource.PRIME_Update_WS_Request_MF intServ="EEMSIIB_PRIME_SOURCE_UPDATE" env="test-charlie" override="updateMember.URLSpecifier">https://trustbroker-stg-svcs.optum.com:8443/api/dev4/PRI/memberenrollmentservice/enrollee</com.prime.updatesource.PRIME_Update_WS_Request_MF>

<!--UAT-->


<com.prime.updatesource.PRIME_Update_WS_Transformation_MF intServ="EEMSIIB_PRIME_SOURCE_UPDATE" env="uat" override="additionalInstances">9</com.prime.updatesource.PRIME_Update_WS_Transformation_MF>
<com.prime.updatesource.PRIME_Update_WS_Transformation_MF intServ="EEMSIIB_PRIME_SOURCE_UPDATE" env="uat" override="BrkConfigKey_Trans">BRK_CONFIG</com.prime.updatesource.PRIME_Update_WS_Transformation_MF>
<com.prime.updatesource.PRIME_Update_WS_Transformation_MF intServ="EEMSIIB_PRIME_SOURCE_UPDATE" env="uat" override="SchemaName_Trans">ELECELIG</com.prime.updatesource.PRIME_Update_WS_Transformation_MF>
<com.prime.updatesource.PRIME_Update_WS_Transformation_MF intServ="EEMSIIB_PRIME_SOURCE_UPDATE" env="uat" override="varGCMapName_Trans">PRIME_Common_Map</com.prime.updatesource.PRIME_Update_WS_Transformation_MF>
<com.prime.updatesource.PRIME_Update_WS_Transformation_MF intServ="EEMSIIB_PRIME_SOURCE_UPDATE" env="uat" override="AuditQName">EEMSIIB.PRIME_COMMON_AUDITMESSAGE_DATA</com.prime.updatesource.PRIME_Update_WS_Transformation_MF>
<com.prime.updatesource.PRIME_Update_WS_Transformation_MF intServ="EEMSIIB_PRIME_SOURCE_UPDATE" env="uat" override="BECode">800</com.prime.updatesource.PRIME_Update_WS_Transformation_MF>
<com.prime.updatesource.PRIME_Update_WS_Transformation_MF intServ="EEMSIIB_PRIME_SOURCE_UPDATE" env="uat" override="ProjNumber">2</com.prime.updatesource.PRIME_Update_WS_Transformation_MF>
<com.prime.updatesource.PRIME_Update_WS_Transformation_MF intServ="EEMSIIB_PRIME_SOURCE_UPDATE" env="uat" override="Prime_Update_Transformation.dataSource">EEMS_DB</com.prime.updatesource.PRIME_Update_WS_Transformation_MF>
<com.prime.updatesource.PRIME_Update_WS_Transformation_MF intServ="EEMSIIB_PRIME_SOURCE_UPDATE" env="uat" override="EEMSIIB.PRIME_UPDATE_REQUEST_DATA.queueName">EEMSIIB.PRIME_EEU_WS_REQ</com.prime.updatesource.PRIME_Update_WS_Transformation_MF>
<com.prime.updatesource.PRIME_Update_WS_Transformation_MF intServ="EEMSIIB_PRIME_SOURCE_UPDATE" env="uat" override="EEMSIIB.PRIME_ERRORMESSAGE_DATA.queueName">EEMSIIB.PRIME_ERRORMESSAGE_DATA</com.prime.updatesource.PRIME_Update_WS_Transformation_MF>
<com.prime.updatesource.PRIME_Update_WS_Transformation_MF intServ="EEMSIIB_PRIME_SOURCE_UPDATE" env="uat" override="Prime_Update_Fail.dataSource">EEMS_DB</com.prime.updatesource.PRIME_Update_WS_Transformation_MF>
<com.prime.updatesource.PRIME_Update_WS_Transformation_MF intServ="EEMSIIB_PRIME_SOURCE_UPDATE" env="uat" override="EEMSIIB.EEMS_PRIME_GW_IIB_EEU_REQ.queueName">EEMSIIB.EEMS_PRIME_GW_IIB_EEU_REQ</com.prime.updatesource.PRIME_Update_WS_Transformation_MF>
<com.prime.updatesource.PRIME_Update_WS_Request_MF intServ="EEMSIIB_PRIME_SOURCE_UPDATE" env="uat" override="additionalInstances">9</com.prime.updatesource.PRIME_Update_WS_Request_MF>
<com.prime.updatesource.PRIME_Update_WS_Request_MF intServ="EEMSIIB_PRIME_SOURCE_UPDATE" env="uat" override="BrkConfigKey_ReqResp">BRK_CONFIG</com.prime.updatesource.PRIME_Update_WS_Request_MF>
<com.prime.updatesource.PRIME_Update_WS_Request_MF intServ="EEMSIIB_PRIME_SOURCE_UPDATE" env="uat" override="SchemaName_ReqResp">ELECELIG</com.prime.updatesource.PRIME_Update_WS_Request_MF>
<com.prime.updatesource.PRIME_Update_WS_Request_MF intServ="EEMSIIB_PRIME_SOURCE_UPDATE" env="uat" override="varGCMapName_ReqResp">PRIME_Common_Map</com.prime.updatesource.PRIME_Update_WS_Request_MF>
<com.prime.updatesource.PRIME_Update_WS_Request_MF intServ="EEMSIIB_PRIME_SOURCE_UPDATE" env="uat" override="AuditQName">EEMSIIB.PRIME_COMMON_AUDITMESSAGE_DATA</com.prime.updatesource.PRIME_Update_WS_Request_MF>
<com.prime.updatesource.PRIME_Update_WS_Request_MF intServ="EEMSIIB_PRIME_SOURCE_UPDATE" env="uat" override="BECode">800</com.prime.updatesource.PRIME_Update_WS_Request_MF>
<com.prime.updatesource.PRIME_Update_WS_Request_MF intServ="EEMSIIB_PRIME_SOURCE_UPDATE" env="uat" override="ProjNumber">2</com.prime.updatesource.PRIME_Update_WS_Request_MF>
<com.prime.updatesource.PRIME_Update_WS_Request_MF intServ="EEMSIIB_PRIME_SOURCE_UPDATE" env="uat" override="RetryNumberOfTimes">3</com.prime.updatesource.PRIME_Update_WS_Request_MF>
<com.prime.updatesource.PRIME_Update_WS_Request_MF intServ="EEMSIIB_PRIME_SOURCE_UPDATE" env="uat" override="SleepInterval">5000</com.prime.updatesource.PRIME_Update_WS_Request_MF>
<com.prime.updatesource.PRIME_Update_WS_Request_MF intServ="EEMSIIB_PRIME_SOURCE_UPDATE" env="uat" override="SSL_Protocol">TLSv1.2</com.prime.updatesource.PRIME_Update_WS_Request_MF>
<com.prime.updatesource.PRIME_Update_WS_Request_MF intServ="EEMSIIB_PRIME_SOURCE_UPDATE" env="uat" override="EEMSIIB.PRIME_UPDATE_REQUEST_DATA.queueName">EEMSIIB.PRIME_EEU_WS_REQ</com.prime.updatesource.PRIME_Update_WS_Request_MF>
<com.prime.updatesource.PRIME_Update_WS_Request_MF intServ="EEMSIIB_PRIME_SOURCE_UPDATE" env="uat" override="EEMSIIB.PRIME_MEM_UPDATE_RESP.queueName">EEMSIIB.EEMS_PRIME_MEM_UPDATE_RESP</com.prime.updatesource.PRIME_Update_WS_Request_MF>
<com.prime.updatesource.PRIME_Update_WS_Request_MF intServ="EEMSIIB_PRIME_SOURCE_UPDATE" env="uat" override="EEMSIIB.PRIME_ERRORMESSAGE_DATA.queueName">EEMSIIB.PRIME_ERRORMESSAGE_DATA</com.prime.updatesource.PRIME_Update_WS_Request_MF>
<com.prime.updatesource.PRIME_Update_WS_Request_MF intServ="EEMSIIB_PRIME_SOURCE_UPDATE" env="uat" override="PRIME_CreateWSRequest.dataSource">EEMS_DB</com.prime.updatesource.PRIME_Update_WS_Request_MF>
<com.prime.updatesource.PRIME_Update_WS_Request_MF intServ="EEMSIIB_PRIME_SOURCE_UPDATE" env="uat" override="PRIME_ProcessResponse.dataSource">EEMS_DB</com.prime.updatesource.PRIME_Update_WS_Request_MF>
<com.prime.updatesource.PRIME_Update_WS_Request_MF intServ="EEMSIIB_PRIME_SOURCE_UPDATE" env="uat" override="PRIME_ProcessException.dataSource">EEMS_DB</com.prime.updatesource.PRIME_Update_WS_Request_MF>
<com.prime.updatesource.PRIME_Update_WS_Request_MF intServ="EEMSIIB_PRIME_SOURCE_UPDATE" env="uat" override="PRIME_WS_Retry.dataSource">EEMS_DB</com.prime.updatesource.PRIME_Update_WS_Request_MF>
<com.prime.updatesource.PRIME_Update_WS_Request_MF intServ="EEMSIIB_PRIME_SOURCE_UPDATE" env="uat" override="updateMember.URLSpecifier">https://trustbroker-stg-svcs.optum.com:8443/api/stage7/PRI/memberenrollmentservice/enrollee</com.prime.updatesource.PRIME_Update_WS_Request_MF>


<!--UAT Bravo-->
<com.prime.updatesource.PRIME_Update_WS_Transformation_MF intServ="EEMSIIB_PRIME_SOURCE_UPDATE" env="uat-bravo" override="additionalInstances">9</com.prime.updatesource.PRIME_Update_WS_Transformation_MF>
<com.prime.updatesource.PRIME_Update_WS_Transformation_MF intServ="EEMSIIB_PRIME_SOURCE_UPDATE" env="uat-bravo" override="BrkConfigKey_Trans">BRK_CONFIG</com.prime.updatesource.PRIME_Update_WS_Transformation_MF>
<com.prime.updatesource.PRIME_Update_WS_Transformation_MF intServ="EEMSIIB_PRIME_SOURCE_UPDATE" env="uat-bravo" override="SchemaName_Trans">ELECELIG</com.prime.updatesource.PRIME_Update_WS_Transformation_MF>
<com.prime.updatesource.PRIME_Update_WS_Transformation_MF intServ="EEMSIIB_PRIME_SOURCE_UPDATE" env="uat-bravo" override="varGCMapName_Trans">PRIME_Common_Map</com.prime.updatesource.PRIME_Update_WS_Transformation_MF>
<com.prime.updatesource.PRIME_Update_WS_Transformation_MF intServ="EEMSIIB_PRIME_SOURCE_UPDATE" env="uat-bravo" override="AuditQName">EEMSIIB.PRIME_COMMON_AUDITMESSAGE_DATA</com.prime.updatesource.PRIME_Update_WS_Transformation_MF>
<com.prime.updatesource.PRIME_Update_WS_Transformation_MF intServ="EEMSIIB_PRIME_SOURCE_UPDATE" env="uat-bravo" override="BECode">800</com.prime.updatesource.PRIME_Update_WS_Transformation_MF>
<com.prime.updatesource.PRIME_Update_WS_Transformation_MF intServ="EEMSIIB_PRIME_SOURCE_UPDATE" env="uat-bravo" override="ProjNumber">2</com.prime.updatesource.PRIME_Update_WS_Transformation_MF>
<com.prime.updatesource.PRIME_Update_WS_Transformation_MF intServ="EEMSIIB_PRIME_SOURCE_UPDATE" env="uat-bravo" override="Prime_Update_Transformation.dataSource">EEMS_DB</com.prime.updatesource.PRIME_Update_WS_Transformation_MF>
<com.prime.updatesource.PRIME_Update_WS_Transformation_MF intServ="EEMSIIB_PRIME_SOURCE_UPDATE" env="uat-bravo" override="EEMSIIB.PRIME_UPDATE_REQUEST_DATA.queueName">EEMSIIB.PRIME_EEU_WS_REQ</com.prime.updatesource.PRIME_Update_WS_Transformation_MF>
<com.prime.updatesource.PRIME_Update_WS_Transformation_MF intServ="EEMSIIB_PRIME_SOURCE_UPDATE" env="uat-bravo" override="EEMSIIB.PRIME_ERRORMESSAGE_DATA.queueName">EEMSIIB.PRIME_ERRORMESSAGE_DATA</com.prime.updatesource.PRIME_Update_WS_Transformation_MF>
<com.prime.updatesource.PRIME_Update_WS_Transformation_MF intServ="EEMSIIB_PRIME_SOURCE_UPDATE" env="uat-bravo" override="Prime_Update_Fail.dataSource">EEMS_DB</com.prime.updatesource.PRIME_Update_WS_Transformation_MF>
<com.prime.updatesource.PRIME_Update_WS_Transformation_MF intServ="EEMSIIB_PRIME_SOURCE_UPDATE" env="uat-bravo" override="EEMSIIB.EEMS_PRIME_GW_IIB_EEU_REQ.queueName">EEMSIIB.EEMS_PRIME_GW_IIB_EEU_REQ</com.prime.updatesource.PRIME_Update_WS_Transformation_MF>
<com.prime.updatesource.PRIME_Update_WS_Request_MF intServ="EEMSIIB_PRIME_SOURCE_UPDATE" env="uat-bravo" override="additionalInstances">9</com.prime.updatesource.PRIME_Update_WS_Request_MF>
<com.prime.updatesource.PRIME_Update_WS_Request_MF intServ="EEMSIIB_PRIME_SOURCE_UPDATE" env="uat-bravo" override="BrkConfigKey_ReqResp">BRK_CONFIG</com.prime.updatesource.PRIME_Update_WS_Request_MF>
<com.prime.updatesource.PRIME_Update_WS_Request_MF intServ="EEMSIIB_PRIME_SOURCE_UPDATE" env="uat-bravo" override="SchemaName_ReqResp">ELECELIG</com.prime.updatesource.PRIME_Update_WS_Request_MF>
<com.prime.updatesource.PRIME_Update_WS_Request_MF intServ="EEMSIIB_PRIME_SOURCE_UPDATE" env="uat-bravo" override="varGCMapName_ReqResp">PRIME_Common_Map</com.prime.updatesource.PRIME_Update_WS_Request_MF>
<com.prime.updatesource.PRIME_Update_WS_Request_MF intServ="EEMSIIB_PRIME_SOURCE_UPDATE" env="uat-bravo" override="AuditQName">EEMSIIB.PRIME_COMMON_AUDITMESSAGE_DATA</com.prime.updatesource.PRIME_Update_WS_Request_MF>
<com.prime.updatesource.PRIME_Update_WS_Request_MF intServ="EEMSIIB_PRIME_SOURCE_UPDATE" env="uat-bravo" override="BECode">800</com.prime.updatesource.PRIME_Update_WS_Request_MF>
<com.prime.updatesource.PRIME_Update_WS_Request_MF intServ="EEMSIIB_PRIME_SOURCE_UPDATE" env="uat-bravo" override="ProjNumber">2</com.prime.updatesource.PRIME_Update_WS_Request_MF>
<com.prime.updatesource.PRIME_Update_WS_Request_MF intServ="EEMSIIB_PRIME_SOURCE_UPDATE" env="uat-bravo" override="RetryNumberOfTimes">3</com.prime.updatesource.PRIME_Update_WS_Request_MF>
<com.prime.updatesource.PRIME_Update_WS_Request_MF intServ="EEMSIIB_PRIME_SOURCE_UPDATE" env="uat-bravo" override="SleepInterval">5000</com.prime.updatesource.PRIME_Update_WS_Request_MF>
<com.prime.updatesource.PRIME_Update_WS_Request_MF intServ="EEMSIIB_PRIME_SOURCE_UPDATE" env="uat-bravo" override="SSL_Protocol">TLSv1.2</com.prime.updatesource.PRIME_Update_WS_Request_MF>
<com.prime.updatesource.PRIME_Update_WS_Request_MF intServ="EEMSIIB_PRIME_SOURCE_UPDATE" env="uat-bravo" override="EEMSIIB.PRIME_UPDATE_REQUEST_DATA.queueName">EEMSIIB.PRIME_EEU_WS_REQ</com.prime.updatesource.PRIME_Update_WS_Request_MF>
<com.prime.updatesource.PRIME_Update_WS_Request_MF intServ="EEMSIIB_PRIME_SOURCE_UPDATE" env="uat-bravo" override="EEMSIIB.PRIME_MEM_UPDATE_RESP.queueName">EEMSIIB.EEMS_PRIME_MEM_UPDATE_RESP</com.prime.updatesource.PRIME_Update_WS_Request_MF>
<com.prime.updatesource.PRIME_Update_WS_Request_MF intServ="EEMSIIB_PRIME_SOURCE_UPDATE" env="uat-bravo" override="EEMSIIB.PRIME_ERRORMESSAGE_DATA.queueName">EEMSIIB.PRIME_ERRORMESSAGE_DATA</com.prime.updatesource.PRIME_Update_WS_Request_MF>
<com.prime.updatesource.PRIME_Update_WS_Request_MF intServ="EEMSIIB_PRIME_SOURCE_UPDATE" env="uat-bravo" override="PRIME_CreateWSRequest.dataSource">EEMS_DB</com.prime.updatesource.PRIME_Update_WS_Request_MF>
<com.prime.updatesource.PRIME_Update_WS_Request_MF intServ="EEMSIIB_PRIME_SOURCE_UPDATE" env="uat-bravo" override="PRIME_ProcessResponse.dataSource">EEMS_DB</com.prime.updatesource.PRIME_Update_WS_Request_MF>
<com.prime.updatesource.PRIME_Update_WS_Request_MF intServ="EEMSIIB_PRIME_SOURCE_UPDATE" env="uat-bravo" override="PRIME_ProcessException.dataSource">EEMS_DB</com.prime.updatesource.PRIME_Update_WS_Request_MF>
<com.prime.updatesource.PRIME_Update_WS_Request_MF intServ="EEMSIIB_PRIME_SOURCE_UPDATE" env="uat-bravo" override="PRIME_WS_Retry.dataSource">EEMS_DB</com.prime.updatesource.PRIME_Update_WS_Request_MF>
<com.prime.updatesource.PRIME_Update_WS_Request_MF intServ="EEMSIIB_PRIME_SOURCE_UPDATE" env="uat-bravo" override="updateMember.URLSpecifier">https://trustbroker-stg-svcs.optum.com:8443/api/testA/PRI/memberenrollmentservice/enrollee</com.prime.updatesource.PRIME_Update_WS_Request_MF>


<!--UAT Charlie-->

<com.prime.updatesource.PRIME_Update_WS_Transformation_MF intServ="EEMSIIB_PRIME_SOURCE_UPDATE" env="uat-charlie" override="additionalInstances">9</com.prime.updatesource.PRIME_Update_WS_Transformation_MF>
<com.prime.updatesource.PRIME_Update_WS_Transformation_MF intServ="EEMSIIB_PRIME_SOURCE_UPDATE" env="uat-charlie" override="BrkConfigKey_Trans">BRK_CONFIG</com.prime.updatesource.PRIME_Update_WS_Transformation_MF>
<com.prime.updatesource.PRIME_Update_WS_Transformation_MF intServ="EEMSIIB_PRIME_SOURCE_UPDATE" env="uat-charlie" override="SchemaName_Trans">ELECELIG</com.prime.updatesource.PRIME_Update_WS_Transformation_MF>
<com.prime.updatesource.PRIME_Update_WS_Transformation_MF intServ="EEMSIIB_PRIME_SOURCE_UPDATE" env="uat-charlie" override="varGCMapName_Trans">PRIME_Common_Map</com.prime.updatesource.PRIME_Update_WS_Transformation_MF>
<com.prime.updatesource.PRIME_Update_WS_Transformation_MF intServ="EEMSIIB_PRIME_SOURCE_UPDATE" env="uat-charlie" override="AuditQName">EEMSIIB.PRIME_COMMON_AUDITMESSAGE_DATA</com.prime.updatesource.PRIME_Update_WS_Transformation_MF>
<com.prime.updatesource.PRIME_Update_WS_Transformation_MF intServ="EEMSIIB_PRIME_SOURCE_UPDATE" env="uat-charlie" override="BECode">800</com.prime.updatesource.PRIME_Update_WS_Transformation_MF>
<com.prime.updatesource.PRIME_Update_WS_Transformation_MF intServ="EEMSIIB_PRIME_SOURCE_UPDATE" env="uat-charlie" override="ProjNumber">2</com.prime.updatesource.PRIME_Update_WS_Transformation_MF>
<com.prime.updatesource.PRIME_Update_WS_Transformation_MF intServ="EEMSIIB_PRIME_SOURCE_UPDATE" env="uat-charlie" override="Prime_Update_Transformation.dataSource">EEMS_DB</com.prime.updatesource.PRIME_Update_WS_Transformation_MF>
<com.prime.updatesource.PRIME_Update_WS_Transformation_MF intServ="EEMSIIB_PRIME_SOURCE_UPDATE" env="uat-charlie" override="EEMSIIB.PRIME_UPDATE_REQUEST_DATA.queueName">EEMSIIB.PRIME_EEU_WS_REQ</com.prime.updatesource.PRIME_Update_WS_Transformation_MF>
<com.prime.updatesource.PRIME_Update_WS_Transformation_MF intServ="EEMSIIB_PRIME_SOURCE_UPDATE" env="uat-charlie" override="EEMSIIB.PRIME_ERRORMESSAGE_DATA.queueName">EEMSIIB.PRIME_ERRORMESSAGE_DATA</com.prime.updatesource.PRIME_Update_WS_Transformation_MF>
<com.prime.updatesource.PRIME_Update_WS_Transformation_MF intServ="EEMSIIB_PRIME_SOURCE_UPDATE" env="uat-charlie" override="Prime_Update_Fail.dataSource">EEMS_DB</com.prime.updatesource.PRIME_Update_WS_Transformation_MF>
<com.prime.updatesource.PRIME_Update_WS_Transformation_MF intServ="EEMSIIB_PRIME_SOURCE_UPDATE" env="uat-charlie" override="EEMSIIB.EEMS_PRIME_GW_IIB_EEU_REQ.queueName">EEMSIIB.EEMS_PRIME_GW_IIB_EEU_REQ</com.prime.updatesource.PRIME_Update_WS_Transformation_MF>
<com.prime.updatesource.PRIME_Update_WS_Request_MF intServ="EEMSIIB_PRIME_SOURCE_UPDATE" env="uat-charlie" override="additionalInstances">9</com.prime.updatesource.PRIME_Update_WS_Request_MF>
<com.prime.updatesource.PRIME_Update_WS_Request_MF intServ="EEMSIIB_PRIME_SOURCE_UPDATE" env="uat-charlie" override="BrkConfigKey_ReqResp">BRK_CONFIG</com.prime.updatesource.PRIME_Update_WS_Request_MF>
<com.prime.updatesource.PRIME_Update_WS_Request_MF intServ="EEMSIIB_PRIME_SOURCE_UPDATE" env="uat-charlie" override="SchemaName_ReqResp">ELECELIG</com.prime.updatesource.PRIME_Update_WS_Request_MF>
<com.prime.updatesource.PRIME_Update_WS_Request_MF intServ="EEMSIIB_PRIME_SOURCE_UPDATE" env="uat-charlie" override="varGCMapName_ReqResp">PRIME_Common_Map</com.prime.updatesource.PRIME_Update_WS_Request_MF>
<com.prime.updatesource.PRIME_Update_WS_Request_MF intServ="EEMSIIB_PRIME_SOURCE_UPDATE" env="uat-charlie" override="AuditQName">EEMSIIB.PRIME_COMMON_AUDITMESSAGE_DATA</com.prime.updatesource.PRIME_Update_WS_Request_MF>
<com.prime.updatesource.PRIME_Update_WS_Request_MF intServ="EEMSIIB_PRIME_SOURCE_UPDATE" env="uat-charlie" override="BECode">800</com.prime.updatesource.PRIME_Update_WS_Request_MF>
<com.prime.updatesource.PRIME_Update_WS_Request_MF intServ="EEMSIIB_PRIME_SOURCE_UPDATE" env="uat-charlie" override="ProjNumber">2</com.prime.updatesource.PRIME_Update_WS_Request_MF>
<com.prime.updatesource.PRIME_Update_WS_Request_MF intServ="EEMSIIB_PRIME_SOURCE_UPDATE" env="uat-charlie" override="RetryNumberOfTimes">3</com.prime.updatesource.PRIME_Update_WS_Request_MF>
<com.prime.updatesource.PRIME_Update_WS_Request_MF intServ="EEMSIIB_PRIME_SOURCE_UPDATE" env="uat-charlie" override="SleepInterval">5000</com.prime.updatesource.PRIME_Update_WS_Request_MF>
<com.prime.updatesource.PRIME_Update_WS_Request_MF intServ="EEMSIIB_PRIME_SOURCE_UPDATE" env="uat-charlie" override="SSL_Protocol">TLSv1.2</com.prime.updatesource.PRIME_Update_WS_Request_MF>
<com.prime.updatesource.PRIME_Update_WS_Request_MF intServ="EEMSIIB_PRIME_SOURCE_UPDATE" env="uat-charlie" override="EEMSIIB.PRIME_UPDATE_REQUEST_DATA.queueName">EEMSIIB.PRIME_EEU_WS_REQ</com.prime.updatesource.PRIME_Update_WS_Request_MF>
<com.prime.updatesource.PRIME_Update_WS_Request_MF intServ="EEMSIIB_PRIME_SOURCE_UPDATE" env="uat-charlie" override="EEMSIIB.PRIME_MEM_UPDATE_RESP.queueName">EEMSIIB.PRIME_MEM_UPDATE_RESP</com.prime.updatesource.PRIME_Update_WS_Request_MF>
<com.prime.updatesource.PRIME_Update_WS_Request_MF intServ="EEMSIIB_PRIME_SOURCE_UPDATE" env="uat-charlie" override="EEMSIIB.PRIME_ERRORMESSAGE_DATA.queueName">EEMSIIB.PRIME_ERRORMESSAGE_DATA</com.prime.updatesource.PRIME_Update_WS_Request_MF>
<com.prime.updatesource.PRIME_Update_WS_Request_MF intServ="EEMSIIB_PRIME_SOURCE_UPDATE" env="uat-charlie" override="PRIME_CreateWSRequest.dataSource">EEMS_DB</com.prime.updatesource.PRIME_Update_WS_Request_MF>
<com.prime.updatesource.PRIME_Update_WS_Request_MF intServ="EEMSIIB_PRIME_SOURCE_UPDATE" env="uat-charlie" override="PRIME_ProcessResponse.dataSource">EEMS_DB</com.prime.updatesource.PRIME_Update_WS_Request_MF>
<com.prime.updatesource.PRIME_Update_WS_Request_MF intServ="EEMSIIB_PRIME_SOURCE_UPDATE" env="uat-charlie" override="PRIME_ProcessException.dataSource">EEMS_DB</com.prime.updatesource.PRIME_Update_WS_Request_MF>
<com.prime.updatesource.PRIME_Update_WS_Request_MF intServ="EEMSIIB_PRIME_SOURCE_UPDATE" env="uat-charlie" override="PRIME_WS_Retry.dataSource">EEMS_DB</com.prime.updatesource.PRIME_Update_WS_Request_MF>
<com.prime.updatesource.PRIME_Update_WS_Request_MF intServ="EEMSIIB_PRIME_SOURCE_UPDATE" env="uat-charlie" override="updateMember.URLSpecifier">https://trustbroker-stg-svcs.optum.com:8443/api/stageC/PRI/memberenrollmentservice/enrollee</com.prime.updatesource.PRIME_Update_WS_Request_MF>

<!--STAGE-->

<com.prime.updatesource.PRIME_Update_WS_Transformation_MF intServ="EEMSIIB_PRIME_APPS" env="stage" override="additionalInstances">0</com.prime.updatesource.PRIME_Update_WS_Transformation_MF>
<com.prime.updatesource.PRIME_Update_WS_Transformation_MF intServ="EEMSIIB_PRIME_APPS" env="stage" override="BrkConfigKey_Trans">BRK_CONFIG</com.prime.updatesource.PRIME_Update_WS_Transformation_MF>
<com.prime.updatesource.PRIME_Update_WS_Transformation_MF intServ="EEMSIIB_PRIME_APPS" env="stage" override="SchemaName_Trans">ELECELIG</com.prime.updatesource.PRIME_Update_WS_Transformation_MF>
<com.prime.updatesource.PRIME_Update_WS_Transformation_MF intServ="EEMSIIB_PRIME_APPS" env="stage" override="varGCMapName_Trans">PRIME_Common_Map</com.prime.updatesource.PRIME_Update_WS_Transformation_MF>
<com.prime.updatesource.PRIME_Update_WS_Transformation_MF intServ="EEMSIIB_PRIME_APPS" env="stage" override="AuditQName">EEMSIIB.PRIME_COMMON_AUDITMESSAGE_DATA</com.prime.updatesource.PRIME_Update_WS_Transformation_MF>
<com.prime.updatesource.PRIME_Update_WS_Transformation_MF intServ="EEMSIIB_PRIME_APPS" env="stage" override="BECode">800</com.prime.updatesource.PRIME_Update_WS_Transformation_MF>
<com.prime.updatesource.PRIME_Update_WS_Transformation_MF intServ="EEMSIIB_PRIME_APPS" env="stage" override="ProjNumber">2</com.prime.updatesource.PRIME_Update_WS_Transformation_MF>
<com.prime.updatesource.PRIME_Update_WS_Transformation_MF intServ="EEMSIIB_PRIME_APPS" env="stage" override="Prime_Update_Transformation.dataSource">EEMS_DB</com.prime.updatesource.PRIME_Update_WS_Transformation_MF>
<com.prime.updatesource.PRIME_Update_WS_Transformation_MF intServ="EEMSIIB_PRIME_APPS" env="stage" override="EEMSIIB.PRIME_UPDATE_REQUEST_DATA.queueName">EEMSIIB.PRIME_EEU_WS_REQ</com.prime.updatesource.PRIME_Update_WS_Transformation_MF>
<com.prime.updatesource.PRIME_Update_WS_Transformation_MF intServ="EEMSIIB_PRIME_APPS" env="stage" override="EEMSIIB.PRIME_ERRORMESSAGE_DATA.queueName">EEMSIIB.PRIME_ERRORMESSAGE_DATA</com.prime.updatesource.PRIME_Update_WS_Transformation_MF>
<com.prime.updatesource.PRIME_Update_WS_Transformation_MF intServ="EEMSIIB_PRIME_APPS" env="stage" override="Prime_Update_Fail.dataSource">EEMS_DB</com.prime.updatesource.PRIME_Update_WS_Transformation_MF>
<com.prime.updatesource.PRIME_Update_WS_Transformation_MF intServ="EEMSIIB_PRIME_APPS" env="stage" override="EEMSIIB.EEMS_PRIME_GW_IIB_EEU_REQ.queueName">EEMSIIB.EEMS_PRIME_GW_IIB_EEU_REQ</com.prime.updatesource.PRIME_Update_WS_Transformation_MF>
<com.prime.updatesource.PRIME_Update_WS_Request_MF intServ="EEMSIIB_PRIME_APPS" env="stage" override="additionalInstances">0</com.prime.updatesource.PRIME_Update_WS_Request_MF>
<com.prime.updatesource.PRIME_Update_WS_Request_MF intServ="EEMSIIB_PRIME_APPS" env="stage" override="BrkConfigKey_ReqResp">BRK_CONFIG</com.prime.updatesource.PRIME_Update_WS_Request_MF>
<com.prime.updatesource.PRIME_Update_WS_Request_MF intServ="EEMSIIB_PRIME_APPS" env="stage" override="SchemaName_ReqResp">ELECELIG</com.prime.updatesource.PRIME_Update_WS_Request_MF>
<com.prime.updatesource.PRIME_Update_WS_Request_MF intServ="EEMSIIB_PRIME_APPS" env="stage" override="varGCMapName_ReqResp">PRIME_Common_Map</com.prime.updatesource.PRIME_Update_WS_Request_MF>
<com.prime.updatesource.PRIME_Update_WS_Request_MF intServ="EEMSIIB_PRIME_APPS" env="stage" override="AuditQName">EEMSIIB.PRIME_COMMON_AUDITMESSAGE_DATA</com.prime.updatesource.PRIME_Update_WS_Request_MF>
<com.prime.updatesource.PRIME_Update_WS_Request_MF intServ="EEMSIIB_PRIME_APPS" env="stage" override="BECode">800</com.prime.updatesource.PRIME_Update_WS_Request_MF>
<com.prime.updatesource.PRIME_Update_WS_Request_MF intServ="EEMSIIB_PRIME_APPS" env="stage" override="ProjNumber">2</com.prime.updatesource.PRIME_Update_WS_Request_MF>
<com.prime.updatesource.PRIME_Update_WS_Request_MF intServ="EEMSIIB_PRIME_APPS" env="stage" override="RetryNumberOfTimes">3</com.prime.updatesource.PRIME_Update_WS_Request_MF>
<com.prime.updatesource.PRIME_Update_WS_Request_MF intServ="EEMSIIB_PRIME_APPS" env="stage" override="SleepInterval">5000</com.prime.updatesource.PRIME_Update_WS_Request_MF>
<com.prime.updatesource.PRIME_Update_WS_Request_MF intServ="EEMSIIB_PRIME_APPS" env="stage" override="SSL_Protocol">TLSv1.2</com.prime.updatesource.PRIME_Update_WS_Request_MF>
<com.prime.updatesource.PRIME_Update_WS_Request_MF intServ="EEMSIIB_PRIME_APPS" env="stage" override="EEMSIIB.PRIME_UPDATE_REQUEST_DATA.queueName">EEMSIIB.PRIME_EEU_WS_REQ</com.prime.updatesource.PRIME_Update_WS_Request_MF>
<com.prime.updatesource.PRIME_Update_WS_Request_MF intServ="EEMSIIB_PRIME_APPS" env="stage" override="EEMSIIB.PRIME_MEM_UPDATE_RESP.queueName">EEMSIIB.EEMS_PRIME_MEM_UPDATE_RESP</com.prime.updatesource.PRIME_Update_WS_Request_MF>
<com.prime.updatesource.PRIME_Update_WS_Request_MF intServ="EEMSIIB_PRIME_APPS" env="stage" override="EEMSIIB.PRIME_ERRORMESSAGE_DATA.queueName">EEMSIIB.PRIME_ERRORMESSAGE_DATA</com.prime.updatesource.PRIME_Update_WS_Request_MF>
<com.prime.updatesource.PRIME_Update_WS_Request_MF intServ="EEMSIIB_PRIME_APPS" env="stage" override="PRIME_CreateWSRequest.dataSource">EEMS_DB</com.prime.updatesource.PRIME_Update_WS_Request_MF>
<com.prime.updatesource.PRIME_Update_WS_Request_MF intServ="EEMSIIB_PRIME_APPS" env="stage" override="PRIME_ProcessResponse.dataSource">EEMS_DB</com.prime.updatesource.PRIME_Update_WS_Request_MF>
<com.prime.updatesource.PRIME_Update_WS_Request_MF intServ="EEMSIIB_PRIME_APPS" env="stage" override="PRIME_ProcessException.dataSource">EEMS_DB</com.prime.updatesource.PRIME_Update_WS_Request_MF>
<com.prime.updatesource.PRIME_Update_WS_Request_MF intServ="EEMSIIB_PRIME_APPS" env="stage" override="PRIME_WS_Retry.dataSource">EEMS_DB</com.prime.updatesource.PRIME_Update_WS_Request_MF>
<com.prime.updatesource.PRIME_Update_WS_Request_MF intServ="EEMSIIB_PRIME_APPS" env="stage" override="updateMember.URLSpecifier">https://trustbroker-stg-svcs.optum.com:8443/api/stageC/PRI/memberenrollmentservice/enrollee</com.prime.updatesource.PRIME_Update_WS_Request_MF>

<!--ADOPT-->
<com.prime.updatesource.PRIME_Update_WS_Transformation_MF intServ="EEMSIIB_PRIME_APPS" env="adopt" override="additionalInstances">0</com.prime.updatesource.PRIME_Update_WS_Transformation_MF>
<com.prime.updatesource.PRIME_Update_WS_Transformation_MF intServ="EEMSIIB_PRIME_APPS" env="adopt" override="BrkConfigKey_Trans">BRK_CONFIG</com.prime.updatesource.PRIME_Update_WS_Transformation_MF>
<com.prime.updatesource.PRIME_Update_WS_Transformation_MF intServ="EEMSIIB_PRIME_APPS" env="adopt" override="SchemaName_Trans">ELECELIG</com.prime.updatesource.PRIME_Update_WS_Transformation_MF>
<com.prime.updatesource.PRIME_Update_WS_Transformation_MF intServ="EEMSIIB_PRIME_APPS" env="adopt" override="varGCMapName_Trans">PRIME_Common_Map</com.prime.updatesource.PRIME_Update_WS_Transformation_MF>
<com.prime.updatesource.PRIME_Update_WS_Transformation_MF intServ="EEMSIIB_PRIME_APPS" env="adopt" override="AuditQName">EEMSIIB.ADP.PRIME_COMMON_AUDITMESSAGE_DATA</com.prime.updatesource.PRIME_Update_WS_Transformation_MF>
<com.prime.updatesource.PRIME_Update_WS_Transformation_MF intServ="EEMSIIB_PRIME_APPS" env="adopt" override="BECode">800</com.prime.updatesource.PRIME_Update_WS_Transformation_MF>
<com.prime.updatesource.PRIME_Update_WS_Transformation_MF intServ="EEMSIIB_PRIME_APPS" env="adopt" override="ProjNumber">2</com.prime.updatesource.PRIME_Update_WS_Transformation_MF>
<com.prime.updatesource.PRIME_Update_WS_Transformation_MF intServ="EEMSIIB_PRIME_APPS" env="adopt" override="Prime_Update_Transformation.dataSource">EEMS_DB</com.prime.updatesource.PRIME_Update_WS_Transformation_MF>
<com.prime.updatesource.PRIME_Update_WS_Transformation_MF intServ="EEMSIIB_PRIME_APPS" env="adopt" override="EEMSIIB.PRIME_UPDATE_REQUEST_DATA.queueName">EEMSIIB.ADP.PRIME_EEU_WS_REQ</com.prime.updatesource.PRIME_Update_WS_Transformation_MF>
<com.prime.updatesource.PRIME_Update_WS_Transformation_MF intServ="EEMSIIB_PRIME_APPS" env="adopt" override="EEMSIIB.PRIME_ERRORMESSAGE_DATA.queueName">EEMSIIB.ADP.PRIME_ERRORMESSAGE_DATA</com.prime.updatesource.PRIME_Update_WS_Transformation_MF>
<com.prime.updatesource.PRIME_Update_WS_Transformation_MF intServ="EEMSIIB_PRIME_APPS" env="adopt" override="Prime_Update_Fail.dataSource">EEMS_DB</com.prime.updatesource.PRIME_Update_WS_Transformation_MF>
<com.prime.updatesource.PRIME_Update_WS_Transformation_MF intServ="EEMSIIB_PRIME_APPS" env="adopt" override="EEMSIIB.EEMS_PRIME_GW_IIB_EEU_REQ.queueName">EEMS.ADP.EEMSIIB_PRIME_GW_MEM_UPDATE_REQ</com.prime.updatesource.PRIME_Update_WS_Transformation_MF>
<com.prime.updatesource.PRIME_Update_WS_Request_MF intServ="EEMSIIB_PRIME_APPS" env="adopt" override="additionalInstances">0</com.prime.updatesource.PRIME_Update_WS_Request_MF>
<com.prime.updatesource.PRIME_Update_WS_Request_MF intServ="EEMSIIB_PRIME_APPS" env="adopt" override="BrkConfigKey_ReqResp">BRK_CONFIG</com.prime.updatesource.PRIME_Update_WS_Request_MF>
<com.prime.updatesource.PRIME_Update_WS_Request_MF intServ="EEMSIIB_PRIME_APPS" env="adopt" override="SchemaName_ReqResp">ELECELIG</com.prime.updatesource.PRIME_Update_WS_Request_MF>
<com.prime.updatesource.PRIME_Update_WS_Request_MF intServ="EEMSIIB_PRIME_APPS" env="adopt" override="varGCMapName_ReqResp">PRIME_Common_Map</com.prime.updatesource.PRIME_Update_WS_Request_MF>
<com.prime.updatesource.PRIME_Update_WS_Request_MF intServ="EEMSIIB_PRIME_APPS" env="adopt" override="AuditQName">EEMSIIB.ADP.PRIME_COMMON_AUDITMESSAGE_DATA</com.prime.updatesource.PRIME_Update_WS_Request_MF>
<com.prime.updatesource.PRIME_Update_WS_Request_MF intServ="EEMSIIB_PRIME_APPS" env="adopt" override="BECode">800</com.prime.updatesource.PRIME_Update_WS_Request_MF>
<com.prime.updatesource.PRIME_Update_WS_Request_MF intServ="EEMSIIB_PRIME_APPS" env="adopt" override="ProjNumber">2</com.prime.updatesource.PRIME_Update_WS_Request_MF>
<com.prime.updatesource.PRIME_Update_WS_Request_MF intServ="EEMSIIB_PRIME_APPS" env="adopt" override="RetryNumberOfTimes">3</com.prime.updatesource.PRIME_Update_WS_Request_MF>
<com.prime.updatesource.PRIME_Update_WS_Request_MF intServ="EEMSIIB_PRIME_APPS" env="adopt" override="SleepInterval">5000</com.prime.updatesource.PRIME_Update_WS_Request_MF>
<com.prime.updatesource.PRIME_Update_WS_Request_MF intServ="EEMSIIB_PRIME_APPS" env="adopt" override="SSL_Protocol">TLSv1.2</com.prime.updatesource.PRIME_Update_WS_Request_MF>
<com.prime.updatesource.PRIME_Update_WS_Request_MF intServ="EEMSIIB_PRIME_APPS" env="adopt" override="EEMSIIB.PRIME_UPDATE_REQUEST_DATA.queueName">EEMSIIB.ADP.PRIME_EEU_WS_REQ</com.prime.updatesource.PRIME_Update_WS_Request_MF>
<com.prime.updatesource.PRIME_Update_WS_Request_MF intServ="EEMSIIB_PRIME_APPS" env="adopt" override="EEMSIIB.PRIME_MEM_UPDATE_RESP.queueName">EEMSIIB.ADP.EEMS_PRIME_MEM_UPDATE_RESP</com.prime.updatesource.PRIME_Update_WS_Request_MF>
<com.prime.updatesource.PRIME_Update_WS_Request_MF intServ="EEMSIIB_PRIME_APPS" env="adopt" override="EEMSIIB.PRIME_ERRORMESSAGE_DATA.queueName">EEMSIIB.ADP.PRIME_ERRORMESSAGE_DATA</com.prime.updatesource.PRIME_Update_WS_Request_MF>
<com.prime.updatesource.PRIME_Update_WS_Request_MF intServ="EEMSIIB_PRIME_APPS" env="adopt" override="PRIME_CreateWSRequest.dataSource">EEMS_DB</com.prime.updatesource.PRIME_Update_WS_Request_MF>
<com.prime.updatesource.PRIME_Update_WS_Request_MF intServ="EEMSIIB_PRIME_APPS" env="adopt" override="PRIME_ProcessResponse.dataSource">EEMS_DB</com.prime.updatesource.PRIME_Update_WS_Request_MF>
<com.prime.updatesource.PRIME_Update_WS_Request_MF intServ="EEMSIIB_PRIME_APPS" env="adopt" override="PRIME_ProcessException.dataSource">EEMS_DB</com.prime.updatesource.PRIME_Update_WS_Request_MF>
<com.prime.updatesource.PRIME_Update_WS_Request_MF intServ="EEMSIIB_PRIME_APPS" env="adopt" override="PRIME_WS_Retry.dataSource">EEMS_DB</com.prime.updatesource.PRIME_Update_WS_Request_MF>
<com.prime.updatesource.PRIME_Update_WS_Request_MF intServ="EEMSIIB_PRIME_APPS" env="adopt" override="updateMember.URLSpecifier">https://trustbroker-stg-svcs.optum.com:8443/api/test6/PRI/memberenrollmentservice/enrollee</com.prime.updatesource.PRIME_Update_WS_Request_MF>

<!--PROD-->

<com.prime.updatesource.PRIME_Update_WS_Transformation_MF intServ="EEMSIIB_PRIME_APPS" env="prod" override="additionalInstances">0</com.prime.updatesource.PRIME_Update_WS_Transformation_MF>
<com.prime.updatesource.PRIME_Update_WS_Transformation_MF intServ="EEMSIIB_PRIME_APPS" env="prod" override="BrkConfigKey_Trans">BRK_CONFIG</com.prime.updatesource.PRIME_Update_WS_Transformation_MF>
<com.prime.updatesource.PRIME_Update_WS_Transformation_MF intServ="EEMSIIB_PRIME_APPS" env="prod" override="SchemaName_Trans">ELECELIG</com.prime.updatesource.PRIME_Update_WS_Transformation_MF>
<com.prime.updatesource.PRIME_Update_WS_Transformation_MF intServ="EEMSIIB_PRIME_APPS" env="prod" override="varGCMapName_Trans">PRIME_Common_Map</com.prime.updatesource.PRIME_Update_WS_Transformation_MF>
<com.prime.updatesource.PRIME_Update_WS_Transformation_MF intServ="EEMSIIB_PRIME_APPS" env="prod" override="AuditQName">EEMSIIB.PRIME_COMMON_AUDITMESSAGE_DATA</com.prime.updatesource.PRIME_Update_WS_Transformation_MF>
<com.prime.updatesource.PRIME_Update_WS_Transformation_MF intServ="EEMSIIB_PRIME_APPS" env="prod" override="BECode">800</com.prime.updatesource.PRIME_Update_WS_Transformation_MF>
<com.prime.updatesource.PRIME_Update_WS_Transformation_MF intServ="EEMSIIB_PRIME_APPS" env="prod" override="ProjNumber">2</com.prime.updatesource.PRIME_Update_WS_Transformation_MF>
<com.prime.updatesource.PRIME_Update_WS_Transformation_MF intServ="EEMSIIB_PRIME_APPS" env="prod" override="Prime_Update_Transformation.dataSource">EEMS_DB</com.prime.updatesource.PRIME_Update_WS_Transformation_MF>
<com.prime.updatesource.PRIME_Update_WS_Transformation_MF intServ="EEMSIIB_PRIME_APPS" env="prod" override="EEMSIIB.PRIME_UPDATE_REQUEST_DATA.queueName">EEMSIIB.PRIME_EEU_WS_REQ</com.prime.updatesource.PRIME_Update_WS_Transformation_MF>
<com.prime.updatesource.PRIME_Update_WS_Transformation_MF intServ="EEMSIIB_PRIME_APPS" env="prod" override="EEMSIIB.PRIME_ERRORMESSAGE_DATA.queueName">EEMSIIB.PRIME_ERRORMESSAGE_DATA</com.prime.updatesource.PRIME_Update_WS_Transformation_MF>
<com.prime.updatesource.PRIME_Update_WS_Transformation_MF intServ="EEMSIIB_PRIME_APPS" env="prod" override="Prime_Update_Fail.dataSource">EEMS_DB</com.prime.updatesource.PRIME_Update_WS_Transformation_MF>
<com.prime.updatesource.PRIME_Update_WS_Transformation_MF intServ="EEMSIIB_PRIME_APPS" env="prod" override="EEMSIIB.EEMS_PRIME_GW_IIB_EEU_REQ.queueName">EEMSIIB.EEMS_PRIME_GW_IIB_EEU_REQ</com.prime.updatesource.PRIME_Update_WS_Transformation_MF>
<com.prime.updatesource.PRIME_Update_WS_Request_MF intServ="EEMSIIB_PRIME_APPS" env="prod" override="additionalInstances">0</com.prime.updatesource.PRIME_Update_WS_Request_MF>
<com.prime.updatesource.PRIME_Update_WS_Request_MF intServ="EEMSIIB_PRIME_APPS" env="prod" override="BrkConfigKey_ReqResp">BRK_CONFIG</com.prime.updatesource.PRIME_Update_WS_Request_MF>
<com.prime.updatesource.PRIME_Update_WS_Request_MF intServ="EEMSIIB_PRIME_APPS" env="prod" override="SchemaName_ReqResp">ELECELIG</com.prime.updatesource.PRIME_Update_WS_Request_MF>
<com.prime.updatesource.PRIME_Update_WS_Request_MF intServ="EEMSIIB_PRIME_APPS" env="prod" override="varGCMapName_ReqResp">PRIME_Common_Map</com.prime.updatesource.PRIME_Update_WS_Request_MF>
<com.prime.updatesource.PRIME_Update_WS_Request_MF intServ="EEMSIIB_PRIME_APPS" env="prod" override="AuditQName">EEMSIIB.PRIME_COMMON_AUDITMESSAGE_DATA</com.prime.updatesource.PRIME_Update_WS_Request_MF>
<com.prime.updatesource.PRIME_Update_WS_Request_MF intServ="EEMSIIB_PRIME_APPS" env="prod" override="BECode">800</com.prime.updatesource.PRIME_Update_WS_Request_MF>
<com.prime.updatesource.PRIME_Update_WS_Request_MF intServ="EEMSIIB_PRIME_APPS" env="prod" override="ProjNumber">2</com.prime.updatesource.PRIME_Update_WS_Request_MF>
<com.prime.updatesource.PRIME_Update_WS_Request_MF intServ="EEMSIIB_PRIME_APPS" env="prod" override="RetryNumberOfTimes">3</com.prime.updatesource.PRIME_Update_WS_Request_MF>
<com.prime.updatesource.PRIME_Update_WS_Request_MF intServ="EEMSIIB_PRIME_APPS" env="prod" override="SleepInterval">5000</com.prime.updatesource.PRIME_Update_WS_Request_MF>
<com.prime.updatesource.PRIME_Update_WS_Request_MF intServ="EEMSIIB_PRIME_APPS" env="prod" override="SSL_Protocol">TLSv1.2</com.prime.updatesource.PRIME_Update_WS_Request_MF>
<com.prime.updatesource.PRIME_Update_WS_Request_MF intServ="EEMSIIB_PRIME_APPS" env="prod" override="EEMSIIB.PRIME_UPDATE_REQUEST_DATA.queueName">EEMSIIB.PRIME_EEU_WS_REQ</com.prime.updatesource.PRIME_Update_WS_Request_MF>
<com.prime.updatesource.PRIME_Update_WS_Request_MF intServ="EEMSIIB_PRIME_APPS" env="prod" override="EEMSIIB.PRIME_MEM_UPDATE_RESP.queueName">EEMSIIB.EEMS_PRIME_MEM_UPDATE_RESP</com.prime.updatesource.PRIME_Update_WS_Request_MF>
<com.prime.updatesource.PRIME_Update_WS_Request_MF intServ="EEMSIIB_PRIME_APPS" env="prod" override="EEMSIIB.PRIME_ERRORMESSAGE_DATA.queueName">EEMSIIB.PRIME_ERRORMESSAGE_DATA</com.prime.updatesource.PRIME_Update_WS_Request_MF>
<com.prime.updatesource.PRIME_Update_WS_Request_MF intServ="EEMSIIB_PRIME_APPS" env="prod" override="PRIME_CreateWSRequest.dataSource">EEMS_DB</com.prime.updatesource.PRIME_Update_WS_Request_MF>
<com.prime.updatesource.PRIME_Update_WS_Request_MF intServ="EEMSIIB_PRIME_APPS" env="prod" override="PRIME_ProcessResponse.dataSource">EEMS_DB</com.prime.updatesource.PRIME_Update_WS_Request_MF>
<com.prime.updatesource.PRIME_Update_WS_Request_MF intServ="EEMSIIB_PRIME_APPS" env="prod" override="PRIME_ProcessException.dataSource">EEMS_DB</com.prime.updatesource.PRIME_Update_WS_Request_MF>
<com.prime.updatesource.PRIME_Update_WS_Request_MF intServ="EEMSIIB_PRIME_APPS" env="prod" override="PRIME_WS_Retry.dataSource">EEMS_DB</com.prime.updatesource.PRIME_Update_WS_Request_MF>
<com.prime.updatesource.PRIME_Update_WS_Request_MF intServ="EEMSIIB_PRIME_APPS" env="prod" override="updateMember.URLSpecifier">https://trustbroker-svcs.optum.com:8443/api/PRI/memberenrollmentservice/enrollee</com.prime.updatesource.PRIME_Update_WS_Request_MF>

</Broker>
