<?xml version="1.0" encoding="UTF-8"?> 
<Broker>

<!-- DEV -->
	
<com.gps.inboundProc.GPS_Inbound_DBLoader_MF intServ="EEMSIIB_GPS_INB_DBLOAD" env="dev" override="additionalInstances">14</com.gps.inboundProc.GPS_Inbound_DBLoader_MF>
<com.gps.inboundProc.GPS_Inbound_DBLoader_MF intServ="EEMSIIB_GPS_INB_DBLOAD" env="dev" override="DSN">EEMS_DB</com.gps.inboundProc.GPS_Inbound_DBLoader_MF>
<com.gps.inboundProc.GPS_Inbound_DBLoader_MF intServ="EEMSIIB_GPS_INB_DBLOAD" env="dev" override="CommonMap">GPS_Common_Map</com.gps.inboundProc.GPS_Inbound_DBLoader_MF>
<com.gps.inboundProc.GPS_Inbound_DBLoader_MF intServ="EEMSIIB_GPS_INB_DBLOAD" env="dev" override="InboundMap">GPS_Inbound_Map</com.gps.inboundProc.GPS_Inbound_DBLoader_MF>
<com.gps.inboundProc.GPS_Inbound_DBLoader_MF intServ="EEMSIIB_GPS_INB_DBLOAD" env="dev" override="EEMSIIB.GPS_INBOUND_DBLOAD_IN.queueName">EEMSIIB.GPS_INBOUND_DBLOAD_IN</com.gps.inboundProc.GPS_Inbound_DBLoader_MF>
<com.gps.inboundProc.GPS_Inbound_DBLoader_MF intServ="EEMSIIB_GPS_INB_DBLOAD" env="dev" override="EEMSIIB.GPS_INBOUND_DBLOAD_IN.additionalInstances">14</com.gps.inboundProc.GPS_Inbound_DBLoader_MF>
<com.gps.inboundProc.GPS_Inbound_DBLoader_MF intServ="EEMSIIB_GPS_INB_DBLOAD" env="dev" override="EEMSIIB.GPS_ISREADYTOPROCESS_IN.queueName">EEMSIIB.GPS_ISREADYTOPROCESS_IN</com.gps.inboundProc.GPS_Inbound_DBLoader_MF>
<com.gps.inboundProc.GPS_Inbound_DBLoader_MF intServ="EEMSIIB_GPS_INB_DBLOAD" env="dev" override="EEMSIIB.ERRORMESSAGE_DATA.queueName">EEMSIIB.GPS_ERRORMESSAGE_DATA</com.gps.inboundProc.GPS_Inbound_DBLoader_MF>
<com.gps.inboundProc.GPS_Inbound_DBLoader_MF intServ="EEMSIIB_GPS_INB_DBLOAD" env="dev" override="GPS_ExceptionHandler.BECode">600</com.gps.inboundProc.GPS_Inbound_DBLoader_MF>
<com.gps.inboundProc.GPS_Inbound_DBLoader_MF intServ="EEMSIIB_GPS_INB_DBLOAD" env="dev" override="GPS_ExceptionHandler.ProjNumber">3</com.gps.inboundProc.GPS_Inbound_DBLoader_MF>
<com.gps.inboundProc.GPS_Inbound_DBLoader_MF intServ="EEMSIIB_GPS_INB_DBLOAD" env="dev" override="GPS_ExceptionHandler_Compute.dataSource">EEMS_DB</com.gps.inboundProc.GPS_Inbound_DBLoader_MF>
<com.gps.inboundProc.GPS_Inbound_DBLoader_MF intServ="EEMSIIB_GPS_INB_DBLOAD" env="dev" override="brkrList">BKMBT11</com.gps.inboundProc.GPS_Inbound_DBLoader_MF>
<com.gps.inboundProc.GPS_Inbound_DBLoader_MF intServ="EEMSIIB_GPS_INB_DBLOAD" env="dev" override="brkrCount">1</com.gps.inboundProc.GPS_Inbound_DBLoader_MF>
<com.gps.inboundProc.GPS_Inbound_DBLoader_MF intServ="EEMSIIB_GPS_INB_DBLOAD" env="dev" override="UDP_ApplicationName">GPS_InboundDBLoad_APP</com.gps.inboundProc.GPS_Inbound_DBLoader_MF>
<com.gps.inboundProc.GPS_Inbound_DBLoader_MF intServ="EEMSIIB_GPS_INB_DBLOAD" env="dev" override="UDP_SchemaName">ELECELIG</com.gps.inboundProc.GPS_Inbound_DBLoader_MF>
<com.gps.inboundProc.GPS_Inbound_DBLoader_MF intServ="EEMSIIB_GPS_INB_DBLOAD" env="dev" override="Common_AuditInMessage_SF.queueName">EEMSIIB.GPS_COMMON_AUDITMESSAGE_DATA</com.gps.inboundProc.GPS_Inbound_DBLoader_MF>
<com.gps.inboundProc.GPS_Inbound_DBLoader_MF intServ="EEMSIIB_GPS_INB_DBLOAD" env="dev" override="BATCH_FAIL_MODE">FALSE</com.gps.inboundProc.GPS_Inbound_DBLoader_MF>
<com.gps.inboundProc.GPS_Inbound_DBLoader_MF intServ="EEMSIIB_GPS_INB_DBLOAD" env="dev" override="sleepTime">1000</com.gps.inboundProc.GPS_Inbound_DBLoader_MF>

<com.gps.inboundProc.GPS_Inbound_DBLoader_MF intServ="EEMSIIB_GPS_INB_PRIORITY" env="dev" override="additionalInstances">14</com.gps.inboundProc.GPS_Inbound_DBLoader_MF>
<com.gps.inboundProc.GPS_Inbound_DBLoader_MF intServ="EEMSIIB_GPS_INB_PRIORITY" env="dev" override="DSN">EEMS_DB</com.gps.inboundProc.GPS_Inbound_DBLoader_MF>
<com.gps.inboundProc.GPS_Inbound_DBLoader_MF intServ="EEMSIIB_GPS_INB_PRIORITY" env="dev" override="CommonMap">GPS_Common_Map</com.gps.inboundProc.GPS_Inbound_DBLoader_MF>
<com.gps.inboundProc.GPS_Inbound_DBLoader_MF intServ="EEMSIIB_GPS_INB_PRIORITY" env="dev" override="InboundMap">GPS_Inbound_Map</com.gps.inboundProc.GPS_Inbound_DBLoader_MF>
<com.gps.inboundProc.GPS_Inbound_DBLoader_MF intServ="EEMSIIB_GPS_INB_PRIORITY" env="dev" override="EEMSIIB.GPS_INBOUND_DBLOAD_IN.queueName">EEMSIIB.GPS_INBOUND_PRTY_DBLOAD_IN</com.gps.inboundProc.GPS_Inbound_DBLoader_MF>
<com.gps.inboundProc.GPS_Inbound_DBLoader_MF intServ="EEMSIIB_GPS_INB_PRIORITY" env="dev" override="EEMSIIB.GPS_INBOUND_DBLOAD_IN.additionalInstances">14</com.gps.inboundProc.GPS_Inbound_DBLoader_MF>
<com.gps.inboundProc.GPS_Inbound_DBLoader_MF intServ="EEMSIIB_GPS_INB_PRIORITY" env="dev" override="EEMSIIB.GPS_ISREADYTOPROCESS_IN.queueName">EEMSIIB.GPS_ISREADYTOPROCESS_IN</com.gps.inboundProc.GPS_Inbound_DBLoader_MF>
<com.gps.inboundProc.GPS_Inbound_DBLoader_MF intServ="EEMSIIB_GPS_INB_PRIORITY" env="dev" override="EEMSIIB.ERRORMESSAGE_DATA.queueName">EEMSIIB.GPS_ERRORMESSAGE_DATA</com.gps.inboundProc.GPS_Inbound_DBLoader_MF>
<com.gps.inboundProc.GPS_Inbound_DBLoader_MF intServ="EEMSIIB_GPS_INB_PRIORITY" env="dev" override="GPS_ExceptionHandler.BECode">600</com.gps.inboundProc.GPS_Inbound_DBLoader_MF>
<com.gps.inboundProc.GPS_Inbound_DBLoader_MF intServ="EEMSIIB_GPS_INB_PRIORITY" env="dev" override="GPS_ExceptionHandler.ProjNumber">3</com.gps.inboundProc.GPS_Inbound_DBLoader_MF>
<com.gps.inboundProc.GPS_Inbound_DBLoader_MF intServ="EEMSIIB_GPS_INB_PRIORITY" env="dev" override="GPS_ExceptionHandler_Compute.dataSource">EEMS_DB</com.gps.inboundProc.GPS_Inbound_DBLoader_MF>
<com.gps.inboundProc.GPS_Inbound_DBLoader_MF intServ="EEMSIIB_GPS_INB_PRIORITY" env="dev" override="brkrList">BKMBT11</com.gps.inboundProc.GPS_Inbound_DBLoader_MF>
<com.gps.inboundProc.GPS_Inbound_DBLoader_MF intServ="EEMSIIB_GPS_INB_PRIORITY" env="dev" override="brkrCount">1</com.gps.inboundProc.GPS_Inbound_DBLoader_MF>
<com.gps.inboundProc.GPS_Inbound_DBLoader_MF intServ="EEMSIIB_GPS_INB_PRIORITY" env="dev" override="UDP_ApplicationName">GPS_InboundDBLoad_APP</com.gps.inboundProc.GPS_Inbound_DBLoader_MF>
<com.gps.inboundProc.GPS_Inbound_DBLoader_MF intServ="EEMSIIB_GPS_INB_PRIORITY" env="dev" override="UDP_SchemaName">ELECELIG</com.gps.inboundProc.GPS_Inbound_DBLoader_MF>
<com.gps.inboundProc.GPS_Inbound_DBLoader_MF intServ="EEMSIIB_GPS_INB_PRIORITY" env="dev" override="Common_AuditInMessage_SF.queueName">EEMSIIB.GPS_COMMON_AUDITMESSAGE_DATA</com.gps.inboundProc.GPS_Inbound_DBLoader_MF>
<com.gps.inboundProc.GPS_Inbound_DBLoader_MF intServ="EEMSIIB_GPS_INB_PRIORITY" env="dev" override="BATCH_FAIL_MODE">FALSE</com.gps.inboundProc.GPS_Inbound_DBLoader_MF>
<com.gps.inboundProc.GPS_Inbound_DBLoader_MF intServ="EEMSIIB_GPS_INB_PRIORITY" env="dev" override="sleepTime">1000</com.gps.inboundProc.GPS_Inbound_DBLoader_MF>

<!-- SIT -->

<com.gps.inboundProc.GPS_Inbound_DBLoader_MF intServ="EEMSIIB_GPS_INB_DBLOAD" env="test" override="additionalInstances">14</com.gps.inboundProc.GPS_Inbound_DBLoader_MF>
<com.gps.inboundProc.GPS_Inbound_DBLoader_MF intServ="EEMSIIB_GPS_INB_DBLOAD" env="test" override="DSN">EEMS_DB</com.gps.inboundProc.GPS_Inbound_DBLoader_MF>
<com.gps.inboundProc.GPS_Inbound_DBLoader_MF intServ="EEMSIIB_GPS_INB_DBLOAD" env="test" override="CommonMap">GPS_Common_Map</com.gps.inboundProc.GPS_Inbound_DBLoader_MF>
<com.gps.inboundProc.GPS_Inbound_DBLoader_MF intServ="EEMSIIB_GPS_INB_DBLOAD" env="test" override="InboundMap">GPS_Inbound_Map</com.gps.inboundProc.GPS_Inbound_DBLoader_MF>
<com.gps.inboundProc.GPS_Inbound_DBLoader_MF intServ="EEMSIIB_GPS_INB_DBLOAD" env="test" override="EEMSIIB.GPS_INBOUND_DBLOAD_IN.queueName">EEMSIIB.GPS_INBOUND_DBLOAD_IN</com.gps.inboundProc.GPS_Inbound_DBLoader_MF>
<com.gps.inboundProc.GPS_Inbound_DBLoader_MF intServ="EEMSIIB_GPS_INB_DBLOAD" env="test" override="EEMSIIB.GPS_INBOUND_DBLOAD_IN.additionalInstances">14</com.gps.inboundProc.GPS_Inbound_DBLoader_MF>
<com.gps.inboundProc.GPS_Inbound_DBLoader_MF intServ="EEMSIIB_GPS_INB_DBLOAD" env="test" override="EEMSIIB.GPS_ISREADYTOPROCESS_IN.queueName">EEMSIIB.GPS_ISREADYTOPROCESS_IN</com.gps.inboundProc.GPS_Inbound_DBLoader_MF>
<com.gps.inboundProc.GPS_Inbound_DBLoader_MF intServ="EEMSIIB_GPS_INB_DBLOAD" env="test" override="EEMSIIB.ERRORMESSAGE_DATA.queueName">EEMSIIB.GPS_ERRORMESSAGE_DATA</com.gps.inboundProc.GPS_Inbound_DBLoader_MF>
<com.gps.inboundProc.GPS_Inbound_DBLoader_MF intServ="EEMSIIB_GPS_INB_DBLOAD" env="test" override="GPS_ExceptionHandler.BECode">600</com.gps.inboundProc.GPS_Inbound_DBLoader_MF>
<com.gps.inboundProc.GPS_Inbound_DBLoader_MF intServ="EEMSIIB_GPS_INB_DBLOAD" env="test" override="GPS_ExceptionHandler.ProjNumber">3</com.gps.inboundProc.GPS_Inbound_DBLoader_MF>
<com.gps.inboundProc.GPS_Inbound_DBLoader_MF intServ="EEMSIIB_GPS_INB_DBLOAD" env="test" override="GPS_ExceptionHandler_Compute.dataSource">EEMS_DB</com.gps.inboundProc.GPS_Inbound_DBLoader_MF>
<com.gps.inboundProc.GPS_Inbound_DBLoader_MF intServ="EEMSIIB_GPS_INB_DBLOAD" env="test" override="brkrList">BKMBS11</com.gps.inboundProc.GPS_Inbound_DBLoader_MF>
<com.gps.inboundProc.GPS_Inbound_DBLoader_MF intServ="EEMSIIB_GPS_INB_DBLOAD" env="test" override="brkrCount">1</com.gps.inboundProc.GPS_Inbound_DBLoader_MF>
<com.gps.inboundProc.GPS_Inbound_DBLoader_MF intServ="EEMSIIB_GPS_INB_DBLOAD" env="test" override="UDP_ApplicationName">GPS_InboundDBLoad_APP</com.gps.inboundProc.GPS_Inbound_DBLoader_MF>
<com.gps.inboundProc.GPS_Inbound_DBLoader_MF intServ="EEMSIIB_GPS_INB_DBLOAD" env="test" override="UDP_SchemaName">ELECELIG</com.gps.inboundProc.GPS_Inbound_DBLoader_MF>
<com.gps.inboundProc.GPS_Inbound_DBLoader_MF intServ="EEMSIIB_GPS_INB_DBLOAD" env="test" override="Common_AuditInMessage_SF.queueName">EEMSIIB.GPS_COMMON_AUDITMESSAGE_DATA</com.gps.inboundProc.GPS_Inbound_DBLoader_MF>
<com.gps.inboundProc.GPS_Inbound_DBLoader_MF intServ="EEMSIIB_GPS_INB_DBLOAD" env="test" override="BATCH_FAIL_MODE">FALSE</com.gps.inboundProc.GPS_Inbound_DBLoader_MF>
<com.gps.inboundProc.GPS_Inbound_DBLoader_MF intServ="EEMSIIB_GPS_INB_DBLOAD" env="test" override="sleepTime">1000</com.gps.inboundProc.GPS_Inbound_DBLoader_MF>

<com.gps.inboundProc.GPS_Inbound_DBLoader_MF intServ="EEMSIIB_GPS_INB_PRIORITY" env="test" override="additionalInstances">14</com.gps.inboundProc.GPS_Inbound_DBLoader_MF>
<com.gps.inboundProc.GPS_Inbound_DBLoader_MF intServ="EEMSIIB_GPS_INB_PRIORITY" env="test" override="DSN">EEMS_DB</com.gps.inboundProc.GPS_Inbound_DBLoader_MF>
<com.gps.inboundProc.GPS_Inbound_DBLoader_MF intServ="EEMSIIB_GPS_INB_PRIORITY" env="test" override="CommonMap">GPS_Common_Map</com.gps.inboundProc.GPS_Inbound_DBLoader_MF>
<com.gps.inboundProc.GPS_Inbound_DBLoader_MF intServ="EEMSIIB_GPS_INB_PRIORITY" env="test" override="InboundMap">GPS_Inbound_Map</com.gps.inboundProc.GPS_Inbound_DBLoader_MF>
<com.gps.inboundProc.GPS_Inbound_DBLoader_MF intServ="EEMSIIB_GPS_INB_PRIORITY" env="test" override="EEMSIIB.GPS_INBOUND_DBLOAD_IN.queueName">EEMSIIB.GPS_INBOUND_PRTY_DBLOAD_IN</com.gps.inboundProc.GPS_Inbound_DBLoader_MF>
<com.gps.inboundProc.GPS_Inbound_DBLoader_MF intServ="EEMSIIB_GPS_INB_PRIORITY" env="test" override="EEMSIIB.GPS_INBOUND_DBLOAD_IN.additionalInstances">14</com.gps.inboundProc.GPS_Inbound_DBLoader_MF>
<com.gps.inboundProc.GPS_Inbound_DBLoader_MF intServ="EEMSIIB_GPS_INB_PRIORITY" env="test" override="EEMSIIB.GPS_ISREADYTOPROCESS_IN.queueName">EEMSIIB.GPS_ISREADYTOPROCESS_IN</com.gps.inboundProc.GPS_Inbound_DBLoader_MF>
<com.gps.inboundProc.GPS_Inbound_DBLoader_MF intServ="EEMSIIB_GPS_INB_PRIORITY" env="test" override="EEMSIIB.ERRORMESSAGE_DATA.queueName">EEMSIIB.GPS_ERRORMESSAGE_DATA</com.gps.inboundProc.GPS_Inbound_DBLoader_MF>
<com.gps.inboundProc.GPS_Inbound_DBLoader_MF intServ="EEMSIIB_GPS_INB_PRIORITY" env="test" override="GPS_ExceptionHandler.BECode">600</com.gps.inboundProc.GPS_Inbound_DBLoader_MF>
<com.gps.inboundProc.GPS_Inbound_DBLoader_MF intServ="EEMSIIB_GPS_INB_PRIORITY" env="test" override="GPS_ExceptionHandler.ProjNumber">3</com.gps.inboundProc.GPS_Inbound_DBLoader_MF>
<com.gps.inboundProc.GPS_Inbound_DBLoader_MF intServ="EEMSIIB_GPS_INB_PRIORITY" env="test" override="GPS_ExceptionHandler_Compute.dataSource">EEMS_DB</com.gps.inboundProc.GPS_Inbound_DBLoader_MF>
<com.gps.inboundProc.GPS_Inbound_DBLoader_MF intServ="EEMSIIB_GPS_INB_PRIORITY" env="test" override="brkrList">BKMBS11</com.gps.inboundProc.GPS_Inbound_DBLoader_MF>
<com.gps.inboundProc.GPS_Inbound_DBLoader_MF intServ="EEMSIIB_GPS_INB_PRIORITY" env="test" override="brkrCount">1</com.gps.inboundProc.GPS_Inbound_DBLoader_MF>
<com.gps.inboundProc.GPS_Inbound_DBLoader_MF intServ="EEMSIIB_GPS_INB_PRIORITY" env="test" override="UDP_ApplicationName">GPS_InboundDBLoad_APP</com.gps.inboundProc.GPS_Inbound_DBLoader_MF>
<com.gps.inboundProc.GPS_Inbound_DBLoader_MF intServ="EEMSIIB_GPS_INB_PRIORITY" env="test" override="UDP_SchemaName">ELECELIG</com.gps.inboundProc.GPS_Inbound_DBLoader_MF>
<com.gps.inboundProc.GPS_Inbound_DBLoader_MF intServ="EEMSIIB_GPS_INB_PRIORITY" env="test" override="Common_AuditInMessage_SF.queueName">EEMSIIB.GPS_COMMON_AUDITMESSAGE_DATA</com.gps.inboundProc.GPS_Inbound_DBLoader_MF>
<com.gps.inboundProc.GPS_Inbound_DBLoader_MF intServ="EEMSIIB_GPS_INB_PRIORITY" env="test" override="BATCH_FAIL_MODE">FALSE</com.gps.inboundProc.GPS_Inbound_DBLoader_MF>
<com.gps.inboundProc.GPS_Inbound_DBLoader_MF intServ="EEMSIIB_GPS_INB_PRIORITY" env="test" override="sleepTime">1000</com.gps.inboundProc.GPS_Inbound_DBLoader_MF>

<!-- SIT-Bravo -->

<com.gps.inboundProc.GPS_Inbound_DBLoader_MF intServ="EEMSIIB_GPS_INB_DBLOAD" env="test2" override="additionalInstances">14</com.gps.inboundProc.GPS_Inbound_DBLoader_MF>
<com.gps.inboundProc.GPS_Inbound_DBLoader_MF intServ="EEMSIIB_GPS_INB_DBLOAD" env="test2" override="DSN">EEMS_DB</com.gps.inboundProc.GPS_Inbound_DBLoader_MF>
<com.gps.inboundProc.GPS_Inbound_DBLoader_MF intServ="EEMSIIB_GPS_INB_DBLOAD" env="test2" override="CommonMap">GPS_Common_Map</com.gps.inboundProc.GPS_Inbound_DBLoader_MF>
<com.gps.inboundProc.GPS_Inbound_DBLoader_MF intServ="EEMSIIB_GPS_INB_DBLOAD" env="test2" override="InboundMap">GPS_Inbound_Map</com.gps.inboundProc.GPS_Inbound_DBLoader_MF>
<com.gps.inboundProc.GPS_Inbound_DBLoader_MF intServ="EEMSIIB_GPS_INB_DBLOAD" env="test2" override="EEMSIIB.GPS_INBOUND_DBLOAD_IN.queueName">EEMSIIB.GPS_INBOUND_DBLOAD_IN</com.gps.inboundProc.GPS_Inbound_DBLoader_MF>
<com.gps.inboundProc.GPS_Inbound_DBLoader_MF intServ="EEMSIIB_GPS_INB_DBLOAD" env="test2" override="EEMSIIB.GPS_INBOUND_DBLOAD_IN.additionalInstances">14</com.gps.inboundProc.GPS_Inbound_DBLoader_MF>
<com.gps.inboundProc.GPS_Inbound_DBLoader_MF intServ="EEMSIIB_GPS_INB_DBLOAD" env="test2" override="EEMSIIB.GPS_ISREADYTOPROCESS_IN.queueName">EEMSIIB.GPS_ISREADYTOPROCESS_IN</com.gps.inboundProc.GPS_Inbound_DBLoader_MF>
<com.gps.inboundProc.GPS_Inbound_DBLoader_MF intServ="EEMSIIB_GPS_INB_DBLOAD" env="test2" override="EEMSIIB.ERRORMESSAGE_DATA.queueName">EEMSIIB.GPS_ERRORMESSAGE_DATA</com.gps.inboundProc.GPS_Inbound_DBLoader_MF>
<com.gps.inboundProc.GPS_Inbound_DBLoader_MF intServ="EEMSIIB_GPS_INB_DBLOAD" env="test2" override="GPS_ExceptionHandler.BECode">600</com.gps.inboundProc.GPS_Inbound_DBLoader_MF>
<com.gps.inboundProc.GPS_Inbound_DBLoader_MF intServ="EEMSIIB_GPS_INB_DBLOAD" env="test2" override="GPS_ExceptionHandler.ProjNumber">3</com.gps.inboundProc.GPS_Inbound_DBLoader_MF>
<com.gps.inboundProc.GPS_Inbound_DBLoader_MF intServ="EEMSIIB_GPS_INB_DBLOAD" env="test2" override="GPS_ExceptionHandler_Compute.dataSource">EEMS_DB</com.gps.inboundProc.GPS_Inbound_DBLoader_MF>
<com.gps.inboundProc.GPS_Inbound_DBLoader_MF intServ="EEMSIIB_GPS_INB_DBLOAD" env="test2" override="brkrList">BKMBS12</com.gps.inboundProc.GPS_Inbound_DBLoader_MF>
<com.gps.inboundProc.GPS_Inbound_DBLoader_MF intServ="EEMSIIB_GPS_INB_DBLOAD" env="test2" override="brkrCount">1</com.gps.inboundProc.GPS_Inbound_DBLoader_MF>
<com.gps.inboundProc.GPS_Inbound_DBLoader_MF intServ="EEMSIIB_GPS_INB_DBLOAD" env="test2" override="UDP_ApplicationName">GPS_InboundDBLoad_APP</com.gps.inboundProc.GPS_Inbound_DBLoader_MF>
<com.gps.inboundProc.GPS_Inbound_DBLoader_MF intServ="EEMSIIB_GPS_INB_DBLOAD" env="test2" override="UDP_SchemaName">ELECELIG</com.gps.inboundProc.GPS_Inbound_DBLoader_MF>
<com.gps.inboundProc.GPS_Inbound_DBLoader_MF intServ="EEMSIIB_GPS_INB_DBLOAD" env="test2" override="Common_AuditInMessage_SF.queueName">EEMSIIB.GPS_COMMON_AUDITMESSAGE_DATA</com.gps.inboundProc.GPS_Inbound_DBLoader_MF>
<com.gps.inboundProc.GPS_Inbound_DBLoader_MF intServ="EEMSIIB_GPS_INB_DBLOAD" env="test2" override="BATCH_FAIL_MODE">FALSE</com.gps.inboundProc.GPS_Inbound_DBLoader_MF>
<com.gps.inboundProc.GPS_Inbound_DBLoader_MF intServ="EEMSIIB_GPS_INB_DBLOAD" env="test2" override="sleepTime">1000</com.gps.inboundProc.GPS_Inbound_DBLoader_MF>

<com.gps.inboundProc.GPS_Inbound_DBLoader_MF intServ="EEMSIIB_GPS_INB_PRIORITY" env="test2" override="additionalInstances">14</com.gps.inboundProc.GPS_Inbound_DBLoader_MF>
<com.gps.inboundProc.GPS_Inbound_DBLoader_MF intServ="EEMSIIB_GPS_INB_PRIORITY" env="test2" override="DSN">EEMS_DB</com.gps.inboundProc.GPS_Inbound_DBLoader_MF>
<com.gps.inboundProc.GPS_Inbound_DBLoader_MF intServ="EEMSIIB_GPS_INB_PRIORITY" env="test2" override="CommonMap">GPS_Common_Map</com.gps.inboundProc.GPS_Inbound_DBLoader_MF>
<com.gps.inboundProc.GPS_Inbound_DBLoader_MF intServ="EEMSIIB_GPS_INB_PRIORITY" env="test2" override="InboundMap">GPS_Inbound_Map</com.gps.inboundProc.GPS_Inbound_DBLoader_MF>
<com.gps.inboundProc.GPS_Inbound_DBLoader_MF intServ="EEMSIIB_GPS_INB_PRIORITY" env="test2" override="EEMSIIB.GPS_INBOUND_DBLOAD_IN.queueName">EEMSIIB.GPS_INBOUND_PRTY_DBLOAD_IN</com.gps.inboundProc.GPS_Inbound_DBLoader_MF>
<com.gps.inboundProc.GPS_Inbound_DBLoader_MF intServ="EEMSIIB_GPS_INB_PRIORITY" env="test2" override="EEMSIIB.GPS_INBOUND_DBLOAD_IN.additionalInstances">14</com.gps.inboundProc.GPS_Inbound_DBLoader_MF>
<com.gps.inboundProc.GPS_Inbound_DBLoader_MF intServ="EEMSIIB_GPS_INB_PRIORITY" env="test2" override="EEMSIIB.GPS_ISREADYTOPROCESS_IN.queueName">EEMSIIB.GPS_ISREADYTOPROCESS_IN</com.gps.inboundProc.GPS_Inbound_DBLoader_MF>
<com.gps.inboundProc.GPS_Inbound_DBLoader_MF intServ="EEMSIIB_GPS_INB_PRIORITY" env="test2" override="EEMSIIB.ERRORMESSAGE_DATA.queueName">EEMSIIB.GPS_ERRORMESSAGE_DATA</com.gps.inboundProc.GPS_Inbound_DBLoader_MF>
<com.gps.inboundProc.GPS_Inbound_DBLoader_MF intServ="EEMSIIB_GPS_INB_PRIORITY" env="test2" override="GPS_ExceptionHandler.BECode">600</com.gps.inboundProc.GPS_Inbound_DBLoader_MF>
<com.gps.inboundProc.GPS_Inbound_DBLoader_MF intServ="EEMSIIB_GPS_INB_PRIORITY" env="test2" override="GPS_ExceptionHandler.ProjNumber">3</com.gps.inboundProc.GPS_Inbound_DBLoader_MF>
<com.gps.inboundProc.GPS_Inbound_DBLoader_MF intServ="EEMSIIB_GPS_INB_PRIORITY" env="test2" override="GPS_ExceptionHandler_Compute.dataSource">EEMS_DB</com.gps.inboundProc.GPS_Inbound_DBLoader_MF>
<com.gps.inboundProc.GPS_Inbound_DBLoader_MF intServ="EEMSIIB_GPS_INB_PRIORITY" env="test2" override="brkrList">BKMBS12</com.gps.inboundProc.GPS_Inbound_DBLoader_MF>
<com.gps.inboundProc.GPS_Inbound_DBLoader_MF intServ="EEMSIIB_GPS_INB_PRIORITY" env="test2" override="brkrCount">1</com.gps.inboundProc.GPS_Inbound_DBLoader_MF>
<com.gps.inboundProc.GPS_Inbound_DBLoader_MF intServ="EEMSIIB_GPS_INB_PRIORITY" env="test2" override="UDP_ApplicationName">GPS_InboundDBLoad_APP</com.gps.inboundProc.GPS_Inbound_DBLoader_MF>
<com.gps.inboundProc.GPS_Inbound_DBLoader_MF intServ="EEMSIIB_GPS_INB_PRIORITY" env="test2" override="UDP_SchemaName">ELECELIG</com.gps.inboundProc.GPS_Inbound_DBLoader_MF>
<com.gps.inboundProc.GPS_Inbound_DBLoader_MF intServ="EEMSIIB_GPS_INB_PRIORITY" env="test2" override="Common_AuditInMessage_SF.queueName">EEMSIIB.GPS_COMMON_AUDITMESSAGE_DATA</com.gps.inboundProc.GPS_Inbound_DBLoader_MF>
<com.gps.inboundProc.GPS_Inbound_DBLoader_MF intServ="EEMSIIB_GPS_INB_PRIORITY" env="test2" override="BATCH_FAIL_MODE">FALSE</com.gps.inboundProc.GPS_Inbound_DBLoader_MF>
<com.gps.inboundProc.GPS_Inbound_DBLoader_MF intServ="EEMSIIB_GPS_INB_PRIORITY" env="test2" override="sleepTime">1000</com.gps.inboundProc.GPS_Inbound_DBLoader_MF>

<!-- UAT -->

<com.gps.inboundProc.GPS_Inbound_DBLoader_MF intServ="EEMSIIB_GPS_INB_DBLOAD" env="uat" override="additionalInstances">14</com.gps.inboundProc.GPS_Inbound_DBLoader_MF>
<com.gps.inboundProc.GPS_Inbound_DBLoader_MF intServ="EEMSIIB_GPS_INB_DBLOAD" env="uat" override="DSN">EEMS_DB</com.gps.inboundProc.GPS_Inbound_DBLoader_MF>
<com.gps.inboundProc.GPS_Inbound_DBLoader_MF intServ="EEMSIIB_GPS_INB_DBLOAD" env="uat" override="CommonMap">GPS_Common_Map</com.gps.inboundProc.GPS_Inbound_DBLoader_MF>
<com.gps.inboundProc.GPS_Inbound_DBLoader_MF intServ="EEMSIIB_GPS_INB_DBLOAD" env="uat" override="InboundMap">GPS_Inbound_Map</com.gps.inboundProc.GPS_Inbound_DBLoader_MF>
<com.gps.inboundProc.GPS_Inbound_DBLoader_MF intServ="EEMSIIB_GPS_INB_DBLOAD" env="uat" override="EEMSIIB.GPS_INBOUND_DBLOAD_IN.queueName">EEMSIIB.GPS_INBOUND_DBLOAD_IN</com.gps.inboundProc.GPS_Inbound_DBLoader_MF>
<com.gps.inboundProc.GPS_Inbound_DBLoader_MF intServ="EEMSIIB_GPS_INB_DBLOAD" env="uat" override="EEMSIIB.GPS_INBOUND_DBLOAD_IN.additionalInstances">14</com.gps.inboundProc.GPS_Inbound_DBLoader_MF>
<com.gps.inboundProc.GPS_Inbound_DBLoader_MF intServ="EEMSIIB_GPS_INB_DBLOAD" env="uat" override="EEMSIIB.GPS_ISREADYTOPROCESS_IN.queueName">EEMSIIB.GPS_ISREADYTOPROCESS_IN</com.gps.inboundProc.GPS_Inbound_DBLoader_MF>
<com.gps.inboundProc.GPS_Inbound_DBLoader_MF intServ="EEMSIIB_GPS_INB_DBLOAD" env="uat" override="EEMSIIB.ERRORMESSAGE_DATA.queueName">EEMSIIB.GPS_ERRORMESSAGE_DATA</com.gps.inboundProc.GPS_Inbound_DBLoader_MF>
<com.gps.inboundProc.GPS_Inbound_DBLoader_MF intServ="EEMSIIB_GPS_INB_DBLOAD" env="uat" override="GPS_ExceptionHandler.BECode">600</com.gps.inboundProc.GPS_Inbound_DBLoader_MF>
<com.gps.inboundProc.GPS_Inbound_DBLoader_MF intServ="EEMSIIB_GPS_INB_DBLOAD" env="uat" override="GPS_ExceptionHandler.ProjNumber">3</com.gps.inboundProc.GPS_Inbound_DBLoader_MF>
<com.gps.inboundProc.GPS_Inbound_DBLoader_MF intServ="EEMSIIB_GPS_INB_DBLOAD" env="uat" override="GPS_ExceptionHandler_Compute.dataSource">EEMS_DB</com.gps.inboundProc.GPS_Inbound_DBLoader_MF>
<com.gps.inboundProc.GPS_Inbound_DBLoader_MF intServ="EEMSIIB_GPS_INB_DBLOAD" env="uat" override="brkrList">BKMBRA11</com.gps.inboundProc.GPS_Inbound_DBLoader_MF>
<com.gps.inboundProc.GPS_Inbound_DBLoader_MF intServ="EEMSIIB_GPS_INB_DBLOAD" env="uat" override="brkrCount">1</com.gps.inboundProc.GPS_Inbound_DBLoader_MF>
<com.gps.inboundProc.GPS_Inbound_DBLoader_MF intServ="EEMSIIB_GPS_INB_DBLOAD" env="uat" override="UDP_ApplicationName">GPS_InboundDBLoad_APP</com.gps.inboundProc.GPS_Inbound_DBLoader_MF>
<com.gps.inboundProc.GPS_Inbound_DBLoader_MF intServ="EEMSIIB_GPS_INB_DBLOAD" env="uat" override="UDP_SchemaName">ELECELIG</com.gps.inboundProc.GPS_Inbound_DBLoader_MF>
<com.gps.inboundProc.GPS_Inbound_DBLoader_MF intServ="EEMSIIB_GPS_INB_DBLOAD" env="uat" override="Common_AuditInMessage_SF.queueName">EEMSIIB.GPS_COMMON_AUDITMESSAGE_DATA</com.gps.inboundProc.GPS_Inbound_DBLoader_MF>
<com.gps.inboundProc.GPS_Inbound_DBLoader_MF intServ="EEMSIIB_GPS_INB_DBLOAD" env="uat" override="BATCH_FAIL_MODE">FALSE</com.gps.inboundProc.GPS_Inbound_DBLoader_MF>
<com.gps.inboundProc.GPS_Inbound_DBLoader_MF intServ="EEMSIIB_GPS_INB_DBLOAD" env="uat" override="sleepTime">1000</com.gps.inboundProc.GPS_Inbound_DBLoader_MF>

<com.gps.inboundProc.GPS_Inbound_DBLoader_MF intServ="EEMSIIB_GPS_INB_PRIORITY" env="uat" override="additionalInstances">14</com.gps.inboundProc.GPS_Inbound_DBLoader_MF>
<com.gps.inboundProc.GPS_Inbound_DBLoader_MF intServ="EEMSIIB_GPS_INB_PRIORITY" env="uat" override="DSN">EEMS_DB</com.gps.inboundProc.GPS_Inbound_DBLoader_MF>
<com.gps.inboundProc.GPS_Inbound_DBLoader_MF intServ="EEMSIIB_GPS_INB_PRIORITY" env="uat" override="CommonMap">GPS_Common_Map</com.gps.inboundProc.GPS_Inbound_DBLoader_MF>
<com.gps.inboundProc.GPS_Inbound_DBLoader_MF intServ="EEMSIIB_GPS_INB_PRIORITY" env="uat" override="InboundMap">GPS_Inbound_Map</com.gps.inboundProc.GPS_Inbound_DBLoader_MF>
<com.gps.inboundProc.GPS_Inbound_DBLoader_MF intServ="EEMSIIB_GPS_INB_PRIORITY" env="uat" override="EEMSIIB.GPS_INBOUND_DBLOAD_IN.queueName">EEMSIIB.GPS_INBOUND_PRTY_DBLOAD_IN</com.gps.inboundProc.GPS_Inbound_DBLoader_MF>
<com.gps.inboundProc.GPS_Inbound_DBLoader_MF intServ="EEMSIIB_GPS_INB_PRIORITY" env="uat" override="EEMSIIB.GPS_INBOUND_DBLOAD_IN.additionalInstances">14</com.gps.inboundProc.GPS_Inbound_DBLoader_MF>
<com.gps.inboundProc.GPS_Inbound_DBLoader_MF intServ="EEMSIIB_GPS_INB_PRIORITY" env="uat" override="EEMSIIB.GPS_ISREADYTOPROCESS_IN.queueName">EEMSIIB.GPS_ISREADYTOPROCESS_IN</com.gps.inboundProc.GPS_Inbound_DBLoader_MF>
<com.gps.inboundProc.GPS_Inbound_DBLoader_MF intServ="EEMSIIB_GPS_INB_PRIORITY" env="uat" override="EEMSIIB.ERRORMESSAGE_DATA.queueName">EEMSIIB.GPS_ERRORMESSAGE_DATA</com.gps.inboundProc.GPS_Inbound_DBLoader_MF>
<com.gps.inboundProc.GPS_Inbound_DBLoader_MF intServ="EEMSIIB_GPS_INB_PRIORITY" env="uat" override="GPS_ExceptionHandler.BECode">600</com.gps.inboundProc.GPS_Inbound_DBLoader_MF>
<com.gps.inboundProc.GPS_Inbound_DBLoader_MF intServ="EEMSIIB_GPS_INB_PRIORITY" env="uat" override="GPS_ExceptionHandler.ProjNumber">3</com.gps.inboundProc.GPS_Inbound_DBLoader_MF>
<com.gps.inboundProc.GPS_Inbound_DBLoader_MF intServ="EEMSIIB_GPS_INB_PRIORITY" env="uat" override="GPS_ExceptionHandler_Compute.dataSource">EEMS_DB</com.gps.inboundProc.GPS_Inbound_DBLoader_MF>
<com.gps.inboundProc.GPS_Inbound_DBLoader_MF intServ="EEMSIIB_GPS_INB_PRIORITY" env="uat" override="brkrList">BKMBRA11</com.gps.inboundProc.GPS_Inbound_DBLoader_MF>
<com.gps.inboundProc.GPS_Inbound_DBLoader_MF intServ="EEMSIIB_GPS_INB_PRIORITY" env="uat" override="brkrCount">1</com.gps.inboundProc.GPS_Inbound_DBLoader_MF>
<com.gps.inboundProc.GPS_Inbound_DBLoader_MF intServ="EEMSIIB_GPS_INB_PRIORITY" env="uat" override="UDP_ApplicationName">GPS_InboundDBLoad_APP</com.gps.inboundProc.GPS_Inbound_DBLoader_MF>
<com.gps.inboundProc.GPS_Inbound_DBLoader_MF intServ="EEMSIIB_GPS_INB_PRIORITY" env="uat" override="UDP_SchemaName">ELECELIG</com.gps.inboundProc.GPS_Inbound_DBLoader_MF>
<com.gps.inboundProc.GPS_Inbound_DBLoader_MF intServ="EEMSIIB_GPS_INB_PRIORITY" env="uat" override="Common_AuditInMessage_SF.queueName">EEMSIIB.GPS_COMMON_AUDITMESSAGE_DATA</com.gps.inboundProc.GPS_Inbound_DBLoader_MF>
<com.gps.inboundProc.GPS_Inbound_DBLoader_MF intServ="EEMSIIB_GPS_INB_PRIORITY" env="uat" override="BATCH_FAIL_MODE">FALSE</com.gps.inboundProc.GPS_Inbound_DBLoader_MF>
<com.gps.inboundProc.GPS_Inbound_DBLoader_MF intServ="EEMSIIB_GPS_INB_PRIORITY" env="uat" override="sleepTime">1000</com.gps.inboundProc.GPS_Inbound_DBLoader_MF>

<!-- UAT  Bravo -->

<com.gps.inboundProc.GPS_Inbound_DBLoader_MF intServ="EEMSIIB_GPS_INB_DBLOAD" env="uat-bravo" override="additionalInstances">14</com.gps.inboundProc.GPS_Inbound_DBLoader_MF>
<com.gps.inboundProc.GPS_Inbound_DBLoader_MF intServ="EEMSIIB_GPS_INB_DBLOAD" env="uat-bravo" override="DSN">EEMS_DB</com.gps.inboundProc.GPS_Inbound_DBLoader_MF>
<com.gps.inboundProc.GPS_Inbound_DBLoader_MF intServ="EEMSIIB_GPS_INB_DBLOAD" env="uat-bravo" override="CommonMap">GPS_Common_Map</com.gps.inboundProc.GPS_Inbound_DBLoader_MF>
<com.gps.inboundProc.GPS_Inbound_DBLoader_MF intServ="EEMSIIB_GPS_INB_DBLOAD" env="uat-bravo" override="InboundMap">GPS_Inbound_Map</com.gps.inboundProc.GPS_Inbound_DBLoader_MF>
<com.gps.inboundProc.GPS_Inbound_DBLoader_MF intServ="EEMSIIB_GPS_INB_DBLOAD" env="uat-bravo" override="EEMSIIB.GPS_INBOUND_DBLOAD_IN.queueName">EEMSIIB.GPS_INBOUND_DBLOAD_IN</com.gps.inboundProc.GPS_Inbound_DBLoader_MF>
<com.gps.inboundProc.GPS_Inbound_DBLoader_MF intServ="EEMSIIB_GPS_INB_DBLOAD" env="uat-bravo" override="EEMSIIB.GPS_INBOUND_DBLOAD_IN.additionalInstances">14</com.gps.inboundProc.GPS_Inbound_DBLoader_MF>
<com.gps.inboundProc.GPS_Inbound_DBLoader_MF intServ="EEMSIIB_GPS_INB_DBLOAD" env="uat-bravo" override="EEMSIIB.GPS_ISREADYTOPROCESS_IN.queueName">EEMSIIB.GPS_ISREADYTOPROCESS_IN</com.gps.inboundProc.GPS_Inbound_DBLoader_MF>
<com.gps.inboundProc.GPS_Inbound_DBLoader_MF intServ="EEMSIIB_GPS_INB_DBLOAD" env="uat-bravo" override="EEMSIIB.ERRORMESSAGE_DATA.queueName">EEMSIIB.GPS_ERRORMESSAGE_DATA</com.gps.inboundProc.GPS_Inbound_DBLoader_MF>
<com.gps.inboundProc.GPS_Inbound_DBLoader_MF intServ="EEMSIIB_GPS_INB_DBLOAD" env="uat-bravo" override="GPS_ExceptionHandler.BECode">600</com.gps.inboundProc.GPS_Inbound_DBLoader_MF>
<com.gps.inboundProc.GPS_Inbound_DBLoader_MF intServ="EEMSIIB_GPS_INB_DBLOAD" env="uat-bravo" override="GPS_ExceptionHandler.ProjNumber">3</com.gps.inboundProc.GPS_Inbound_DBLoader_MF>
<com.gps.inboundProc.GPS_Inbound_DBLoader_MF intServ="EEMSIIB_GPS_INB_DBLOAD" env="uat-bravo" override="GPS_ExceptionHandler_Compute.dataSource">EEMS_DB</com.gps.inboundProc.GPS_Inbound_DBLoader_MF>
<com.gps.inboundProc.GPS_Inbound_DBLoader_MF intServ="EEMSIIB_GPS_INB_DBLOAD" env="uat-bravo" override="brkrList">BKMBRB11</com.gps.inboundProc.GPS_Inbound_DBLoader_MF>
<com.gps.inboundProc.GPS_Inbound_DBLoader_MF intServ="EEMSIIB_GPS_INB_DBLOAD" env="uat-bravo" override="brkrCount">1</com.gps.inboundProc.GPS_Inbound_DBLoader_MF>
<com.gps.inboundProc.GPS_Inbound_DBLoader_MF intServ="EEMSIIB_GPS_INB_DBLOAD" env="uat-bravo" override="UDP_ApplicationName">GPS_InboundDBLoad_APP</com.gps.inboundProc.GPS_Inbound_DBLoader_MF>
<com.gps.inboundProc.GPS_Inbound_DBLoader_MF intServ="EEMSIIB_GPS_INB_DBLOAD" env="uat-bravo" override="UDP_SchemaName">ELECELIG</com.gps.inboundProc.GPS_Inbound_DBLoader_MF>
<com.gps.inboundProc.GPS_Inbound_DBLoader_MF intServ="EEMSIIB_GPS_INB_DBLOAD" env="uat-bravo" override="Common_AuditInMessage_SF.queueName">EEMSIIB.GPS_COMMON_AUDITMESSAGE_DATA</com.gps.inboundProc.GPS_Inbound_DBLoader_MF>
<com.gps.inboundProc.GPS_Inbound_DBLoader_MF intServ="EEMSIIB_GPS_INB_DBLOAD" env="uat-bravo" override="BATCH_FAIL_MODE">FALSE</com.gps.inboundProc.GPS_Inbound_DBLoader_MF>
<com.gps.inboundProc.GPS_Inbound_DBLoader_MF intServ="EEMSIIB_GPS_INB_DBLOAD" env="uat-bravo" override="sleepTime">1000</com.gps.inboundProc.GPS_Inbound_DBLoader_MF>

<com.gps.inboundProc.GPS_Inbound_DBLoader_MF intServ="EEMSIIB_GPS_INB_PRIORITY" env="uat-bravo" override="additionalInstances">14</com.gps.inboundProc.GPS_Inbound_DBLoader_MF>
<com.gps.inboundProc.GPS_Inbound_DBLoader_MF intServ="EEMSIIB_GPS_INB_PRIORITY" env="uat-bravo" override="DSN">EEMS_DB</com.gps.inboundProc.GPS_Inbound_DBLoader_MF>
<com.gps.inboundProc.GPS_Inbound_DBLoader_MF intServ="EEMSIIB_GPS_INB_PRIORITY" env="uat-bravo" override="CommonMap">GPS_Common_Map</com.gps.inboundProc.GPS_Inbound_DBLoader_MF>
<com.gps.inboundProc.GPS_Inbound_DBLoader_MF intServ="EEMSIIB_GPS_INB_PRIORITY" env="uat-bravo" override="InboundMap">GPS_Inbound_Map</com.gps.inboundProc.GPS_Inbound_DBLoader_MF>
<com.gps.inboundProc.GPS_Inbound_DBLoader_MF intServ="EEMSIIB_GPS_INB_PRIORITY" env="uat-bravo" override="EEMSIIB.GPS_INBOUND_DBLOAD_IN.queueName">EEMSIIB.GPS_INBOUND_PRTY_DBLOAD_IN</com.gps.inboundProc.GPS_Inbound_DBLoader_MF>
<com.gps.inboundProc.GPS_Inbound_DBLoader_MF intServ="EEMSIIB_GPS_INB_PRIORITY" env="uat-bravo" override="EEMSIIB.GPS_INBOUND_DBLOAD_IN.additionalInstances">14</com.gps.inboundProc.GPS_Inbound_DBLoader_MF>
<com.gps.inboundProc.GPS_Inbound_DBLoader_MF intServ="EEMSIIB_GPS_INB_PRIORITY" env="uat-bravo" override="EEMSIIB.GPS_ISREADYTOPROCESS_IN.queueName">EEMSIIB.GPS_ISREADYTOPROCESS_IN</com.gps.inboundProc.GPS_Inbound_DBLoader_MF>
<com.gps.inboundProc.GPS_Inbound_DBLoader_MF intServ="EEMSIIB_GPS_INB_PRIORITY" env="uat-bravo" override="EEMSIIB.ERRORMESSAGE_DATA.queueName">EEMSIIB.GPS_ERRORMESSAGE_DATA</com.gps.inboundProc.GPS_Inbound_DBLoader_MF>
<com.gps.inboundProc.GPS_Inbound_DBLoader_MF intServ="EEMSIIB_GPS_INB_PRIORITY" env="uat-bravo" override="GPS_ExceptionHandler.BECode">600</com.gps.inboundProc.GPS_Inbound_DBLoader_MF>
<com.gps.inboundProc.GPS_Inbound_DBLoader_MF intServ="EEMSIIB_GPS_INB_PRIORITY" env="uat-bravo" override="GPS_ExceptionHandler.ProjNumber">3</com.gps.inboundProc.GPS_Inbound_DBLoader_MF>
<com.gps.inboundProc.GPS_Inbound_DBLoader_MF intServ="EEMSIIB_GPS_INB_PRIORITY" env="uat-bravo" override="GPS_ExceptionHandler_Compute.dataSource">EEMS_DB</com.gps.inboundProc.GPS_Inbound_DBLoader_MF>
<com.gps.inboundProc.GPS_Inbound_DBLoader_MF intServ="EEMSIIB_GPS_INB_PRIORITY" env="uat-bravo" override="brkrList">BKMBRB11</com.gps.inboundProc.GPS_Inbound_DBLoader_MF>
<com.gps.inboundProc.GPS_Inbound_DBLoader_MF intServ="EEMSIIB_GPS_INB_PRIORITY" env="uat-bravo" override="brkrCount">1</com.gps.inboundProc.GPS_Inbound_DBLoader_MF>
<com.gps.inboundProc.GPS_Inbound_DBLoader_MF intServ="EEMSIIB_GPS_INB_PRIORITY" env="uat-bravo" override="UDP_ApplicationName">GPS_InboundDBLoad_APP</com.gps.inboundProc.GPS_Inbound_DBLoader_MF>
<com.gps.inboundProc.GPS_Inbound_DBLoader_MF intServ="EEMSIIB_GPS_INB_PRIORITY" env="uat-bravo" override="UDP_SchemaName">ELECELIG</com.gps.inboundProc.GPS_Inbound_DBLoader_MF>
<com.gps.inboundProc.GPS_Inbound_DBLoader_MF intServ="EEMSIIB_GPS_INB_PRIORITY" env="uat-bravo" override="Common_AuditInMessage_SF.queueName">EEMSIIB.GPS_COMMON_AUDITMESSAGE_DATA</com.gps.inboundProc.GPS_Inbound_DBLoader_MF>
<com.gps.inboundProc.GPS_Inbound_DBLoader_MF intServ="EEMSIIB_GPS_INB_PRIORITY" env="uat-bravo" override="BATCH_FAIL_MODE">FALSE</com.gps.inboundProc.GPS_Inbound_DBLoader_MF>
<com.gps.inboundProc.GPS_Inbound_DBLoader_MF intServ="EEMSIIB_GPS_INB_PRIORITY" env="uat-bravo" override="sleepTime">1000</com.gps.inboundProc.GPS_Inbound_DBLoader_MF>

<!--      STAGE      -->

<com.gps.inboundProc.GPS_Inbound_DBLoader_MF intServ="EEMSIIB_GPS_INB_DBLOAD" env="stage" override="additionalInstances">14</com.gps.inboundProc.GPS_Inbound_DBLoader_MF>
<com.gps.inboundProc.GPS_Inbound_DBLoader_MF intServ="EEMSIIB_GPS_INB_DBLOAD" env="stage" override="DSN">EEMS_DB</com.gps.inboundProc.GPS_Inbound_DBLoader_MF>
<com.gps.inboundProc.GPS_Inbound_DBLoader_MF intServ="EEMSIIB_GPS_INB_DBLOAD" env="stage" override="CommonMap">GPS_Common_Map</com.gps.inboundProc.GPS_Inbound_DBLoader_MF>
<com.gps.inboundProc.GPS_Inbound_DBLoader_MF intServ="EEMSIIB_GPS_INB_DBLOAD" env="stage" override="InboundMap">GPS_Inbound_Map</com.gps.inboundProc.GPS_Inbound_DBLoader_MF>
<com.gps.inboundProc.GPS_Inbound_DBLoader_MF intServ="EEMSIIB_GPS_INB_DBLOAD" env="stage" override="EEMSIIB.GPS_INBOUND_DBLOAD_IN.queueName">EEMSIIB.GPS_INBOUND_DBLOAD_IN</com.gps.inboundProc.GPS_Inbound_DBLoader_MF>
<com.gps.inboundProc.GPS_Inbound_DBLoader_MF intServ="EEMSIIB_GPS_INB_DBLOAD" env="stage" override="EEMSIIB.GPS_INBOUND_DBLOAD_IN.additionalInstances">14</com.gps.inboundProc.GPS_Inbound_DBLoader_MF>
<com.gps.inboundProc.GPS_Inbound_DBLoader_MF intServ="EEMSIIB_GPS_INB_DBLOAD" env="stage" override="EEMSIIB.GPS_ISREADYTOPROCESS_IN.queueName">EEMSIIB.GPS_ISREADYTOPROCESS_IN</com.gps.inboundProc.GPS_Inbound_DBLoader_MF>
<com.gps.inboundProc.GPS_Inbound_DBLoader_MF intServ="EEMSIIB_GPS_INB_DBLOAD" env="stage" override="EEMSIIB.ERRORMESSAGE_DATA.queueName">EEMSIIB.GPS_ERRORMESSAGE_DATA</com.gps.inboundProc.GPS_Inbound_DBLoader_MF>
<com.gps.inboundProc.GPS_Inbound_DBLoader_MF intServ="EEMSIIB_GPS_INB_DBLOAD" env="stage" override="GPS_ExceptionHandler.BECode">600</com.gps.inboundProc.GPS_Inbound_DBLoader_MF>
<com.gps.inboundProc.GPS_Inbound_DBLoader_MF intServ="EEMSIIB_GPS_INB_DBLOAD" env="stage" override="GPS_ExceptionHandler.ProjNumber">3</com.gps.inboundProc.GPS_Inbound_DBLoader_MF>
<com.gps.inboundProc.GPS_Inbound_DBLoader_MF intServ="EEMSIIB_GPS_INB_DBLOAD" env="stage" override="GPS_ExceptionHandler_Compute.dataSource">EEMS_DB</com.gps.inboundProc.GPS_Inbound_DBLoader_MF>
<com.gps.inboundProc.GPS_Inbound_DBLoader_MF intServ="EEMSIIB_GPS_INB_DBLOAD" env="stage" override="brkrList">BKMBRM11_BKMBRM12_BKMBRM13</com.gps.inboundProc.GPS_Inbound_DBLoader_MF>
<com.gps.inboundProc.GPS_Inbound_DBLoader_MF intServ="EEMSIIB_GPS_INB_DBLOAD" env="stage" override="brkrCount">3</com.gps.inboundProc.GPS_Inbound_DBLoader_MF>
<com.gps.inboundProc.GPS_Inbound_DBLoader_MF intServ="EEMSIIB_GPS_INB_DBLOAD" env="stage" override="UDP_ApplicationName">GPS_InboundDBLoad_APP</com.gps.inboundProc.GPS_Inbound_DBLoader_MF>
<com.gps.inboundProc.GPS_Inbound_DBLoader_MF intServ="EEMSIIB_GPS_INB_DBLOAD" env="stage" override="UDP_SchemaName">ELECELIG</com.gps.inboundProc.GPS_Inbound_DBLoader_MF>
<com.gps.inboundProc.GPS_Inbound_DBLoader_MF intServ="EEMSIIB_GPS_INB_DBLOAD" env="stage" override="Common_AuditInMessage_SF.queueName">EEMSIIB.GPS_COMMON_AUDITMESSAGE_DATA</com.gps.inboundProc.GPS_Inbound_DBLoader_MF>
<com.gps.inboundProc.GPS_Inbound_DBLoader_MF intServ="EEMSIIB_GPS_INB_DBLOAD" env="stage" override="BATCH_FAIL_MODE">FALSE</com.gps.inboundProc.GPS_Inbound_DBLoader_MF>
<com.gps.inboundProc.GPS_Inbound_DBLoader_MF intServ="EEMSIIB_GPS_INB_DBLOAD" env="stage" override="sleepTime">1000</com.gps.inboundProc.GPS_Inbound_DBLoader_MF>

<com.gps.inboundProc.GPS_Inbound_DBLoader_MF intServ="EEMSIIB_GPS_INB_PRIORITY" env="stage" override="additionalInstances">14</com.gps.inboundProc.GPS_Inbound_DBLoader_MF>
<com.gps.inboundProc.GPS_Inbound_DBLoader_MF intServ="EEMSIIB_GPS_INB_PRIORITY" env="stage" override="DSN">EEMS_DB</com.gps.inboundProc.GPS_Inbound_DBLoader_MF>
<com.gps.inboundProc.GPS_Inbound_DBLoader_MF intServ="EEMSIIB_GPS_INB_PRIORITY" env="stage" override="CommonMap">GPS_Common_Map</com.gps.inboundProc.GPS_Inbound_DBLoader_MF>
<com.gps.inboundProc.GPS_Inbound_DBLoader_MF intServ="EEMSIIB_GPS_INB_PRIORITY" env="stage" override="InboundMap">GPS_Inbound_Map</com.gps.inboundProc.GPS_Inbound_DBLoader_MF>
<com.gps.inboundProc.GPS_Inbound_DBLoader_MF intServ="EEMSIIB_GPS_INB_PRIORITY" env="stage" override="EEMSIIB.GPS_INBOUND_DBLOAD_IN.queueName">EEMSIIB.GPS_INBOUND_PRTY_DBLOAD_IN</com.gps.inboundProc.GPS_Inbound_DBLoader_MF>
<com.gps.inboundProc.GPS_Inbound_DBLoader_MF intServ="EEMSIIB_GPS_INB_PRIORITY" env="stage" override="EEMSIIB.GPS_INBOUND_DBLOAD_IN.additionalInstances">14</com.gps.inboundProc.GPS_Inbound_DBLoader_MF>
<com.gps.inboundProc.GPS_Inbound_DBLoader_MF intServ="EEMSIIB_GPS_INB_PRIORITY" env="stage" override="EEMSIIB.GPS_ISREADYTOPROCESS_IN.queueName">EEMSIIB.GPS_ISREADYTOPROCESS_IN</com.gps.inboundProc.GPS_Inbound_DBLoader_MF>
<com.gps.inboundProc.GPS_Inbound_DBLoader_MF intServ="EEMSIIB_GPS_INB_PRIORITY" env="stage" override="EEMSIIB.ERRORMESSAGE_DATA.queueName">EEMSIIB.GPS_ERRORMESSAGE_DATA</com.gps.inboundProc.GPS_Inbound_DBLoader_MF>
<com.gps.inboundProc.GPS_Inbound_DBLoader_MF intServ="EEMSIIB_GPS_INB_PRIORITY" env="stage" override="GPS_ExceptionHandler.BECode">600</com.gps.inboundProc.GPS_Inbound_DBLoader_MF>
<com.gps.inboundProc.GPS_Inbound_DBLoader_MF intServ="EEMSIIB_GPS_INB_PRIORITY" env="stage" override="GPS_ExceptionHandler.ProjNumber">3</com.gps.inboundProc.GPS_Inbound_DBLoader_MF>
<com.gps.inboundProc.GPS_Inbound_DBLoader_MF intServ="EEMSIIB_GPS_INB_PRIORITY" env="stage" override="GPS_ExceptionHandler_Compute.dataSource">EEMS_DB</com.gps.inboundProc.GPS_Inbound_DBLoader_MF>
<com.gps.inboundProc.GPS_Inbound_DBLoader_MF intServ="EEMSIIB_GPS_INB_PRIORITY" env="stage" override="brkrList">BKMBRM11_BKMBRM12_BKMBRM13</com.gps.inboundProc.GPS_Inbound_DBLoader_MF>
<com.gps.inboundProc.GPS_Inbound_DBLoader_MF intServ="EEMSIIB_GPS_INB_PRIORITY" env="stage" override="brkrCount">3</com.gps.inboundProc.GPS_Inbound_DBLoader_MF>
<com.gps.inboundProc.GPS_Inbound_DBLoader_MF intServ="EEMSIIB_GPS_INB_PRIORITY" env="stage" override="UDP_ApplicationName">GPS_InboundDBLoad_APP</com.gps.inboundProc.GPS_Inbound_DBLoader_MF>
<com.gps.inboundProc.GPS_Inbound_DBLoader_MF intServ="EEMSIIB_GPS_INB_PRIORITY" env="stage" override="UDP_SchemaName">ELECELIG</com.gps.inboundProc.GPS_Inbound_DBLoader_MF>
<com.gps.inboundProc.GPS_Inbound_DBLoader_MF intServ="EEMSIIB_GPS_INB_PRIORITY" env="stage" override="Common_AuditInMessage_SF.queueName">EEMSIIB.GPS_COMMON_AUDITMESSAGE_DATA</com.gps.inboundProc.GPS_Inbound_DBLoader_MF>
<com.gps.inboundProc.GPS_Inbound_DBLoader_MF intServ="EEMSIIB_GPS_INB_PRIORITY" env="stage" override="BATCH_FAIL_MODE">FALSE</com.gps.inboundProc.GPS_Inbound_DBLoader_MF>
<com.gps.inboundProc.GPS_Inbound_DBLoader_MF intServ="EEMSIIB_GPS_INB_PRIORITY" env="stage" override="sleepTime">1000</com.gps.inboundProc.GPS_Inbound_DBLoader_MF>


<!-- ADOPTION  -->

<com.gps.inboundProc.GPS_Inbound_DBLoader_MF intServ="EEMSIIB_GPS_INB_DBLOAD" env="adopt" override="additionalInstances">14</com.gps.inboundProc.GPS_Inbound_DBLoader_MF>
<com.gps.inboundProc.GPS_Inbound_DBLoader_MF intServ="EEMSIIB_GPS_INB_DBLOAD" env="adopt" override="DSN">EEMS_DB</com.gps.inboundProc.GPS_Inbound_DBLoader_MF>
<com.gps.inboundProc.GPS_Inbound_DBLoader_MF intServ="EEMSIIB_GPS_INB_DBLOAD" env="adopt" override="CommonMap">GPS_Common_Map</com.gps.inboundProc.GPS_Inbound_DBLoader_MF>
<com.gps.inboundProc.GPS_Inbound_DBLoader_MF intServ="EEMSIIB_GPS_INB_DBLOAD" env="adopt" override="InboundMap">GPS_Inbound_Map</com.gps.inboundProc.GPS_Inbound_DBLoader_MF>
<com.gps.inboundProc.GPS_Inbound_DBLoader_MF intServ="EEMSIIB_GPS_INB_DBLOAD" env="adopt" override="EEMSIIB.GPS_INBOUND_DBLOAD_IN.queueName">EEMSIIB.ADP.GPS_INBOUND_DBLOAD_IN</com.gps.inboundProc.GPS_Inbound_DBLoader_MF>
<com.gps.inboundProc.GPS_Inbound_DBLoader_MF intServ="EEMSIIB_GPS_INB_DBLOAD" env="adopt" override="EEMSIIB.GPS_INBOUND_DBLOAD_IN.additionalInstances">14</com.gps.inboundProc.GPS_Inbound_DBLoader_MF>
<com.gps.inboundProc.GPS_Inbound_DBLoader_MF intServ="EEMSIIB_GPS_INB_DBLOAD" env="adopt" override="EEMSIIB.GPS_ISREADYTOPROCESS_IN.queueName">EEMSIIB.ADP.GPS_ISREADYTOPROCESS_IN</com.gps.inboundProc.GPS_Inbound_DBLoader_MF>
<com.gps.inboundProc.GPS_Inbound_DBLoader_MF intServ="EEMSIIB_GPS_INB_DBLOAD" env="adopt" override="EEMSIIB.ERRORMESSAGE_DATA.queueName">EEMSIIB.ADP.GPS_ERRORMESSAGE_DATA</com.gps.inboundProc.GPS_Inbound_DBLoader_MF>
<com.gps.inboundProc.GPS_Inbound_DBLoader_MF intServ="EEMSIIB_GPS_INB_DBLOAD" env="adopt" override="GPS_ExceptionHandler.BECode">600</com.gps.inboundProc.GPS_Inbound_DBLoader_MF>
<com.gps.inboundProc.GPS_Inbound_DBLoader_MF intServ="EEMSIIB_GPS_INB_DBLOAD" env="adopt" override="GPS_ExceptionHandler.ProjNumber">3</com.gps.inboundProc.GPS_Inbound_DBLoader_MF>
<com.gps.inboundProc.GPS_Inbound_DBLoader_MF intServ="EEMSIIB_GPS_INB_DBLOAD" env="adopt" override="GPS_ExceptionHandler_Compute.dataSource">EEMS_DB</com.gps.inboundProc.GPS_Inbound_DBLoader_MF>
<com.gps.inboundProc.GPS_Inbound_DBLoader_MF intServ="EEMSIIB_GPS_INB_DBLOAD" env="adopt" override="brkrList">BKMBPD07_BKMBPD08</com.gps.inboundProc.GPS_Inbound_DBLoader_MF>
<com.gps.inboundProc.GPS_Inbound_DBLoader_MF intServ="EEMSIIB_GPS_INB_DBLOAD" env="adopt" override="brkrCount">2</com.gps.inboundProc.GPS_Inbound_DBLoader_MF>
<com.gps.inboundProc.GPS_Inbound_DBLoader_MF intServ="EEMSIIB_GPS_INB_DBLOAD" env="adopt" override="UDP_ApplicationName">GPS_InboundDBLoad_APP</com.gps.inboundProc.GPS_Inbound_DBLoader_MF>
<com.gps.inboundProc.GPS_Inbound_DBLoader_MF intServ="EEMSIIB_GPS_INB_DBLOAD" env="adopt" override="UDP_SchemaName">ELECELIG</com.gps.inboundProc.GPS_Inbound_DBLoader_MF>
<com.gps.inboundProc.GPS_Inbound_DBLoader_MF intServ="EEMSIIB_GPS_INB_DBLOAD" env="adopt" override="EEMS_AuditInMessage.queueName">EEMSIIB.ADP.GPS_COMMON_AUDITMESSAGE_DATA</com.gps.inboundProc.GPS_Inbound_DBLoader_MF>
<com.gps.inboundProc.GPS_Inbound_DBLoader_MF intServ="EEMSIIB_GPS_INB_DBLOAD" env="adopt" override="BATCH_FAIL_MODE">FALSE</com.gps.inboundProc.GPS_Inbound_DBLoader_MF>
<com.gps.inboundProc.GPS_Inbound_DBLoader_MF intServ="EEMSIIB_GPS_INB_DBLOAD" env="adopt" override="sleepTime">1000</com.gps.inboundProc.GPS_Inbound_DBLoader_MF>

<com.gps.inboundProc.GPS_Inbound_DBLoader_MF intServ="EEMSIIB_GPS_INB_PRIORITY" env="adopt" override="additionalInstances">14</com.gps.inboundProc.GPS_Inbound_DBLoader_MF>
<com.gps.inboundProc.GPS_Inbound_DBLoader_MF intServ="EEMSIIB_GPS_INB_PRIORITY" env="adopt" override="DSN">EEMS_DB</com.gps.inboundProc.GPS_Inbound_DBLoader_MF>
<com.gps.inboundProc.GPS_Inbound_DBLoader_MF intServ="EEMSIIB_GPS_INB_PRIORITY" env="adopt" override="CommonMap">GPS_Common_Map</com.gps.inboundProc.GPS_Inbound_DBLoader_MF>
<com.gps.inboundProc.GPS_Inbound_DBLoader_MF intServ="EEMSIIB_GPS_INB_PRIORITY" env="adopt" override="InboundMap">GPS_Inbound_Map</com.gps.inboundProc.GPS_Inbound_DBLoader_MF>
<com.gps.inboundProc.GPS_Inbound_DBLoader_MF intServ="EEMSIIB_GPS_INB_PRIORITY" env="adopt" override="EEMSIIB.GPS_INBOUND_DBLOAD_IN.queueName">EEMSIIB.ADP.GPS_INBOUND_PRTY_DBLOAD_IN</com.gps.inboundProc.GPS_Inbound_DBLoader_MF>
<com.gps.inboundProc.GPS_Inbound_DBLoader_MF intServ="EEMSIIB_GPS_INB_PRIORITY" env="adopt" override="EEMSIIB.GPS_INBOUND_DBLOAD_IN.additionalInstances">14</com.gps.inboundProc.GPS_Inbound_DBLoader_MF>
<com.gps.inboundProc.GPS_Inbound_DBLoader_MF intServ="EEMSIIB_GPS_INB_PRIORITY" env="adopt" override="EEMSIIB.GPS_ISREADYTOPROCESS_IN.queueName">EEMSIIB.ADP.GPS_ISREADYTOPROCESS_IN</com.gps.inboundProc.GPS_Inbound_DBLoader_MF>
<com.gps.inboundProc.GPS_Inbound_DBLoader_MF intServ="EEMSIIB_GPS_INB_PRIORITY" env="adopt" override="EEMSIIB.ERRORMESSAGE_DATA.queueName">EEMSIIB.ADP.GPS_ERRORMESSAGE_DATA</com.gps.inboundProc.GPS_Inbound_DBLoader_MF>
<com.gps.inboundProc.GPS_Inbound_DBLoader_MF intServ="EEMSIIB_GPS_INB_PRIORITY" env="adopt" override="GPS_ExceptionHandler.BECode">600</com.gps.inboundProc.GPS_Inbound_DBLoader_MF>
<com.gps.inboundProc.GPS_Inbound_DBLoader_MF intServ="EEMSIIB_GPS_INB_PRIORITY" env="adopt" override="GPS_ExceptionHandler.ProjNumber">3</com.gps.inboundProc.GPS_Inbound_DBLoader_MF>
<com.gps.inboundProc.GPS_Inbound_DBLoader_MF intServ="EEMSIIB_GPS_INB_PRIORITY" env="adopt" override="GPS_ExceptionHandler_Compute.dataSource">EEMS_DB</com.gps.inboundProc.GPS_Inbound_DBLoader_MF>
<com.gps.inboundProc.GPS_Inbound_DBLoader_MF intServ="EEMSIIB_GPS_INB_PRIORITY" env="adopt" override="brkrList">BKMBPD07_BKMBPD08</com.gps.inboundProc.GPS_Inbound_DBLoader_MF>
<com.gps.inboundProc.GPS_Inbound_DBLoader_MF intServ="EEMSIIB_GPS_INB_PRIORITY" env="adopt" override="brkrCount">2</com.gps.inboundProc.GPS_Inbound_DBLoader_MF>
<com.gps.inboundProc.GPS_Inbound_DBLoader_MF intServ="EEMSIIB_GPS_INB_PRIORITY" env="adopt" override="UDP_ApplicationName">GPS_InboundDBLoad_APP</com.gps.inboundProc.GPS_Inbound_DBLoader_MF>
<com.gps.inboundProc.GPS_Inbound_DBLoader_MF intServ="EEMSIIB_GPS_INB_PRIORITY" env="adopt" override="UDP_SchemaName">ELECELIG</com.gps.inboundProc.GPS_Inbound_DBLoader_MF>
<com.gps.inboundProc.GPS_Inbound_DBLoader_MF intServ="EEMSIIB_GPS_INB_PRIORITY" env="adopt" override="EEMS_AuditInMessage.queueName">EEMSIIB.ADP.GPS_COMMON_AUDITMESSAGE_DATA</com.gps.inboundProc.GPS_Inbound_DBLoader_MF>
<com.gps.inboundProc.GPS_Inbound_DBLoader_MF intServ="EEMSIIB_GPS_INB_PRIORITY" env="adopt" override="BATCH_FAIL_MODE">FALSE</com.gps.inboundProc.GPS_Inbound_DBLoader_MF>
<com.gps.inboundProc.GPS_Inbound_DBLoader_MF intServ="EEMSIIB_GPS_INB_PRIORITY" env="adopt" override="sleepTime">1000</com.gps.inboundProc.GPS_Inbound_DBLoader_MF>

<!--  PRODUCTION -->

<com.gps.inboundProc.GPS_Inbound_DBLoader_MF intServ="EEMSIIB_GPS_INB_DBLOAD" env="prod" override="additionalInstances">14</com.gps.inboundProc.GPS_Inbound_DBLoader_MF>
<com.gps.inboundProc.GPS_Inbound_DBLoader_MF intServ="EEMSIIB_GPS_INB_DBLOAD" env="prod" override="DSN">EEMS_DB</com.gps.inboundProc.GPS_Inbound_DBLoader_MF>
<com.gps.inboundProc.GPS_Inbound_DBLoader_MF intServ="EEMSIIB_GPS_INB_DBLOAD" env="prod" override="CommonMap">GPS_Common_Map</com.gps.inboundProc.GPS_Inbound_DBLoader_MF>
<com.gps.inboundProc.GPS_Inbound_DBLoader_MF intServ="EEMSIIB_GPS_INB_DBLOAD" env="prod" override="InboundMap">GPS_Inbound_Map</com.gps.inboundProc.GPS_Inbound_DBLoader_MF>
<com.gps.inboundProc.GPS_Inbound_DBLoader_MF intServ="EEMSIIB_GPS_INB_DBLOAD" env="prod" override="EEMSIIB.GPS_INBOUND_DBLOAD_IN.queueName">EEMSIIB.GPS_INBOUND_DBLOAD_IN</com.gps.inboundProc.GPS_Inbound_DBLoader_MF>
<com.gps.inboundProc.GPS_Inbound_DBLoader_MF intServ="EEMSIIB_GPS_INB_DBLOAD" env="prod" override="EEMSIIB.GPS_INBOUND_DBLOAD_IN.additionalInstances">14</com.gps.inboundProc.GPS_Inbound_DBLoader_MF>
<com.gps.inboundProc.GPS_Inbound_DBLoader_MF intServ="EEMSIIB_GPS_INB_DBLOAD" env="prod" override="EEMSIIB.GPS_ISREADYTOPROCESS_IN.queueName">EEMSIIB.GPS_ISREADYTOPROCESS_IN</com.gps.inboundProc.GPS_Inbound_DBLoader_MF>
<com.gps.inboundProc.GPS_Inbound_DBLoader_MF intServ="EEMSIIB_GPS_INB_DBLOAD" env="prod" override="EEMSIIB.ERRORMESSAGE_DATA.queueName">EEMSIIB.GPS_ERRORMESSAGE_DATA</com.gps.inboundProc.GPS_Inbound_DBLoader_MF>
<com.gps.inboundProc.GPS_Inbound_DBLoader_MF intServ="EEMSIIB_GPS_INB_DBLOAD" env="prod" override="GPS_ExceptionHandler.BECode">600</com.gps.inboundProc.GPS_Inbound_DBLoader_MF>
<com.gps.inboundProc.GPS_Inbound_DBLoader_MF intServ="EEMSIIB_GPS_INB_DBLOAD" env="prod" override="GPS_ExceptionHandler.ProjNumber">3</com.gps.inboundProc.GPS_Inbound_DBLoader_MF>
<com.gps.inboundProc.GPS_Inbound_DBLoader_MF intServ="EEMSIIB_GPS_INB_DBLOAD" env="prod" override="GPS_ExceptionHandler_Compute.dataSource">EEMS_DB</com.gps.inboundProc.GPS_Inbound_DBLoader_MF>
<com.gps.inboundProc.GPS_Inbound_DBLoader_MF intServ="EEMSIIB_GPS_INB_DBLOAD" env="prod" override="brkrList">BKMBPD15_BKMBPD16_BKMBPD30_BKMBPD31</com.gps.inboundProc.GPS_Inbound_DBLoader_MF>
<com.gps.inboundProc.GPS_Inbound_DBLoader_MF intServ="EEMSIIB_GPS_INB_DBLOAD" env="prod" override="brkrCount">4</com.gps.inboundProc.GPS_Inbound_DBLoader_MF>
<com.gps.inboundProc.GPS_Inbound_DBLoader_MF intServ="EEMSIIB_GPS_INB_DBLOAD" env="prod" override="UDP_ApplicationName">GPS_InboundDBLoad_APP</com.gps.inboundProc.GPS_Inbound_DBLoader_MF>
<com.gps.inboundProc.GPS_Inbound_DBLoader_MF intServ="EEMSIIB_GPS_INB_DBLOAD" env="prod" override="UDP_SchemaName">ELECELIG</com.gps.inboundProc.GPS_Inbound_DBLoader_MF>
<com.gps.inboundProc.GPS_Inbound_DBLoader_MF intServ="EEMSIIB_GPS_INB_DBLOAD" env="prod" override="Common_AuditInMessage_SF.queueName">EEMSIIB.GPS_COMMON_AUDITMESSAGE_DATA</com.gps.inboundProc.GPS_Inbound_DBLoader_MF>
<com.gps.inboundProc.GPS_Inbound_DBLoader_MF intServ="EEMSIIB_GPS_INB_DBLOAD" env="prod" override="BATCH_FAIL_MODE">FALSE</com.gps.inboundProc.GPS_Inbound_DBLoader_MF>
<com.gps.inboundProc.GPS_Inbound_DBLoader_MF intServ="EEMSIIB_GPS_INB_DBLOAD" env="prod" override="sleepTime">1000</com.gps.inboundProc.GPS_Inbound_DBLoader_MF>

<com.gps.inboundProc.GPS_Inbound_DBLoader_MF intServ="EEMSIIB_GPS_INB_PRIORITY" env="prod" override="additionalInstances">14</com.gps.inboundProc.GPS_Inbound_DBLoader_MF>
<com.gps.inboundProc.GPS_Inbound_DBLoader_MF intServ="EEMSIIB_GPS_INB_PRIORITY" env="prod" override="DSN">EEMS_DB</com.gps.inboundProc.GPS_Inbound_DBLoader_MF>
<com.gps.inboundProc.GPS_Inbound_DBLoader_MF intServ="EEMSIIB_GPS_INB_PRIORITY" env="prod" override="CommonMap">GPS_Common_Map</com.gps.inboundProc.GPS_Inbound_DBLoader_MF>
<com.gps.inboundProc.GPS_Inbound_DBLoader_MF intServ="EEMSIIB_GPS_INB_PRIORITY" env="prod" override="InboundMap">GPS_Inbound_Map</com.gps.inboundProc.GPS_Inbound_DBLoader_MF>
<com.gps.inboundProc.GPS_Inbound_DBLoader_MF intServ="EEMSIIB_GPS_INB_PRIORITY" env="prod" override="EEMSIIB.GPS_INBOUND_DBLOAD_IN.queueName">EEMSIIB.GPS_INBOUND_PRTY_DBLOAD_IN</com.gps.inboundProc.GPS_Inbound_DBLoader_MF>
<com.gps.inboundProc.GPS_Inbound_DBLoader_MF intServ="EEMSIIB_GPS_INB_PRIORITY" env="prod" override="EEMSIIB.GPS_INBOUND_DBLOAD_IN.additionalInstances">14</com.gps.inboundProc.GPS_Inbound_DBLoader_MF>
<com.gps.inboundProc.GPS_Inbound_DBLoader_MF intServ="EEMSIIB_GPS_INB_PRIORITY" env="prod" override="EEMSIIB.GPS_ISREADYTOPROCESS_IN.queueName">EEMSIIB.GPS_ISREADYTOPROCESS_IN</com.gps.inboundProc.GPS_Inbound_DBLoader_MF>
<com.gps.inboundProc.GPS_Inbound_DBLoader_MF intServ="EEMSIIB_GPS_INB_PRIORITY" env="prod" override="EEMSIIB.ERRORMESSAGE_DATA.queueName">EEMSIIB.GPS_ERRORMESSAGE_DATA</com.gps.inboundProc.GPS_Inbound_DBLoader_MF>
<com.gps.inboundProc.GPS_Inbound_DBLoader_MF intServ="EEMSIIB_GPS_INB_PRIORITY" env="prod" override="GPS_ExceptionHandler.BECode">600</com.gps.inboundProc.GPS_Inbound_DBLoader_MF>
<com.gps.inboundProc.GPS_Inbound_DBLoader_MF intServ="EEMSIIB_GPS_INB_PRIORITY" env="prod" override="GPS_ExceptionHandler.ProjNumber">3</com.gps.inboundProc.GPS_Inbound_DBLoader_MF>
<com.gps.inboundProc.GPS_Inbound_DBLoader_MF intServ="EEMSIIB_GPS_INB_PRIORITY" env="prod" override="GPS_ExceptionHandler_Compute.dataSource">EEMS_DB</com.gps.inboundProc.GPS_Inbound_DBLoader_MF>
<com.gps.inboundProc.GPS_Inbound_DBLoader_MF intServ="EEMSIIB_GPS_INB_PRIORITY" env="prod" override="brkrList">BKMBPD15_BKMBPD16_BKMBPD30_BKMBPD31</com.gps.inboundProc.GPS_Inbound_DBLoader_MF>
<com.gps.inboundProc.GPS_Inbound_DBLoader_MF intServ="EEMSIIB_GPS_INB_PRIORITY" env="prod" override="brkrCount">4</com.gps.inboundProc.GPS_Inbound_DBLoader_MF>
<com.gps.inboundProc.GPS_Inbound_DBLoader_MF intServ="EEMSIIB_GPS_INB_PRIORITY" env="prod" override="UDP_ApplicationName">GPS_InboundDBLoad_APP</com.gps.inboundProc.GPS_Inbound_DBLoader_MF>
<com.gps.inboundProc.GPS_Inbound_DBLoader_MF intServ="EEMSIIB_GPS_INB_PRIORITY" env="prod" override="UDP_SchemaName">ELECELIG</com.gps.inboundProc.GPS_Inbound_DBLoader_MF>
<com.gps.inboundProc.GPS_Inbound_DBLoader_MF intServ="EEMSIIB_GPS_INB_PRIORITY" env="prod" override="Common_AuditInMessage_SF.queueName">EEMSIIB.GPS_COMMON_AUDITMESSAGE_DATA</com.gps.inboundProc.GPS_Inbound_DBLoader_MF>
<com.gps.inboundProc.GPS_Inbound_DBLoader_MF intServ="EEMSIIB_GPS_INB_PRIORITY" env="prod" override="BATCH_FAIL_MODE">FALSE</com.gps.inboundProc.GPS_Inbound_DBLoader_MF>
<com.gps.inboundProc.GPS_Inbound_DBLoader_MF intServ="EEMSIIB_GPS_INB_PRIORITY" env="prod" override="sleepTime">1000</com.gps.inboundProc.GPS_Inbound_DBLoader_MF>

</Broker>